ISO-10303-21;
HEADER;
FILE_DESCRIPTION (( 'STEP AP214' ),
    '1' );
FILE_NAME ('base of robot arm 62126.STEP',
    '2026-08-27T22:09:58',
    ( '' ),
    ( '' ),
    'SwSTEP 2.0',
    'SolidWorks 2026',
    '' );
FILE_SCHEMA (( 'AUTOMOTIVE_DESIGN' ));
ENDSEC;

DATA;
#1 = DIRECTION ( 'NONE',  ( -6.223206182385055573E-17, 1.000000000000000000, -0.000000000000000000 ) ) ;
#2 = EDGE_CURVE ( 'NONE', #1990, #749, #443, .T. ) ;
#3 = EDGE_LOOP ( 'NONE', ( #1135, #2463, #2453, #2746 ) ) ;
#4 = CARTESIAN_POINT ( 'NONE',  ( 1.904301091809827173E-15, -22.40000000000000213, 0.000000000000000000 ) ) ;
#5 = CIRCLE ( 'NONE', #1756, 53.33945959127417780 ) ;
#6 = VECTOR ( 'NONE', #1735, 1000.000000000000000 ) ;
#7 = DIRECTION ( 'NONE',  ( -0.000000000000000000, 1.000000000000000000, -0.000000000000000000 ) ) ;
#8 = VERTEX_POINT ( 'NONE', #835 ) ;
#9 = CIRCLE ( 'NONE', #727, 15.86694255119153851 ) ;
#10 = CARTESIAN_POINT ( 'NONE',  ( 0.000000000000000000, -39.90000000000000568, 0.000000000000000000 ) ) ;
#11 = CIRCLE ( 'NONE', #1083, 21.19999999999999929 ) ;
#12 = VECTOR ( 'NONE', #1907, 1000.000000000000000 ) ;
#13 = FACE_OUTER_BOUND ( 'NONE', #1486, .T. ) ;
#14 = EDGE_CURVE ( 'NONE', #2594, #2211, #530, .T. ) ;
#15 = ORIENTED_EDGE ( 'NONE', *, *, #713, .F. ) ;
#16 = CARTESIAN_POINT ( 'NONE',  ( 68.86773388061018863, -72.99615436277660763, 15.00000000000004086 ) ) ;
#17 = EDGE_CURVE ( 'NONE', #809, #2404, #894, .T. ) ;
#18 = ORIENTED_EDGE ( 'NONE', *, *, #2655, .F. ) ;
#19 = DIRECTION ( 'NONE',  ( 1.000000000000000000, 0.000000000000000000, 1.749901211841862327E-10 ) ) ;
#20 = FACE_OUTER_BOUND ( 'NONE', #2136, .T. ) ;
#21 = ORIENTED_EDGE ( 'NONE', *, *, #2, .F. ) ;
#22 = EDGE_CURVE ( 'NONE', #1394, #1947, #2541, .T. ) ;
#23 = LINE ( 'NONE', #661, #2465 ) ;
#24 = LINE ( 'NONE', #1067, #1355 ) ;
#25 = CARTESIAN_POINT ( 'NONE',  ( 1.406444597219022530E-15, -39.90000000000000568, 0.000000000000000000 ) ) ;
#26 = EDGE_CURVE ( 'NONE', #2755, #2485, #1924, .T. ) ;
#27 = FACE_OUTER_BOUND ( 'NONE', #1054, .T. ) ;
#28 = DIRECTION ( 'NONE',  ( 0.000000000000000000, 0.000000000000000000, -1.000000000000000000 ) ) ;
#29 = ORIENTED_EDGE ( 'NONE', *, *, #471, .F. ) ;
#30 = DIRECTION ( 'NONE',  ( 1.000000000000000000, 0.000000000000000000, -8.773854711499440296E-15 ) ) ;
#31 = APPLICATION_CONTEXT ( 'automotive_design' ) ;
#32 = EDGE_LOOP ( 'NONE', ( #2437, #1348, #1447, #1024 ) ) ;
#33 = CARTESIAN_POINT ( 'NONE',  ( -5.249611015625349270E-10, -100.9000000000000199, -53.33945959100353207 ) ) ;
#34 = ORIENTED_EDGE ( 'NONE', *, *, #1739, .F. ) ;
#35 = CARTESIAN_POINT ( 'NONE',  ( 0.000000000000000000, 8.200000000000001066, 0.000000000000000000 ) ) ;
#36 = DIRECTION ( 'NONE',  ( 0.000000000000000000, 0.000000000000000000, 1.000000000000000000 ) ) ;
#37 = CARTESIAN_POINT ( 'NONE',  ( 94.47144056266678547, -49.90000000000000568, -15.41638038550338585 ) ) ;
#38 = CARTESIAN_POINT ( 'NONE',  ( 90.15158376967683296, -201.6428835118155689, -9.616380385503205730 ) ) ;
#39 = VERTEX_POINT ( 'NONE', #1321 ) ;
#40 = LINE ( 'NONE', #1747, #1801 ) ;
#41 = ORIENTED_EDGE ( 'NONE', *, *, #713, .T. ) ;
#42 = CARTESIAN_POINT ( 'NONE',  ( 52.46544746535646908, -44.89999999999999858, -9.616380385503198625 ) ) ;
#43 = ADVANCED_FACE ( 'NONE', ( #1027 ), #1885, .T. ) ;
#44 = CARTESIAN_POINT ( 'NONE',  ( 67.99129735560519805, -39.90000000000000568, -9.616380385503205730 ) ) ;
#45 = VECTOR ( 'NONE', #957, 1000.000000000000000 ) ;
#46 = ORIENTED_EDGE ( 'NONE', *, *, #678, .T. ) ;
#47 = AXIS2_PLACEMENT_3D ( 'NONE', #2598, #2148, #234 ) ;
#48 = FACE_OUTER_BOUND ( 'NONE', #1861, .T. ) ;
#49 = CARTESIAN_POINT ( 'NONE',  ( -32.55000000102154445, -8.492747858149950702, 4.510281037539683930E-14 ) ) ;
#50 = FACE_OUTER_BOUND ( 'NONE', #1637, .T. ) ;
#51 = DIRECTION ( 'NONE',  ( -6.223206182385055573E-17, 1.000000000000000000, 0.000000000000000000 ) ) ;
#52 = AXIS2_PLACEMENT_3D ( 'NONE', #1711, #220, #2420 ) ;
#53 = VECTOR ( 'NONE', #750, 1000.000000000000000 ) ;
#54 = DIRECTION ( 'NONE',  ( 0.000000000000000000, 0.000000000000000000, -1.000000000000000000 ) ) ;
#55 = DIRECTION ( 'NONE',  ( 1.000000000000000000, -0.000000000000000000, 8.633711214205551007E-15 ) ) ;
#56 = CYLINDRICAL_SURFACE ( 'NONE', #1931, 42.33945959125457392 ) ;
#57 = AXIS2_PLACEMENT_3D ( 'NONE', #148, #1007, #1251 ) ;
#58 = VECTOR ( 'NONE', #1301, 1000.000000000000000 ) ;
#59 = ORIENTED_EDGE ( 'NONE', *, *, #250, .T. ) ;
#60 = CIRCLE ( 'NONE', #2341, 1.600000000000004086 ) ;
#61 = AXIS2_PLACEMENT_3D ( 'NONE', #1960, #1590, #1553 ) ;
#62 = ORIENTED_EDGE ( 'NONE', *, *, #1245, .F. ) ;
#63 = VECTOR ( 'NONE', #418, 1000.000000000000000 ) ;
#64 = CARTESIAN_POINT ( 'NONE',  ( 22.19999999999999929, -21.90000000000000213, 0.000000000000000000 ) ) ;
#65 = VERTEX_POINT ( 'NONE', #757 ) ;
#66 = CYLINDRICAL_SURFACE ( 'NONE', #176, 2.000000000000001776 ) ;
#67 = LINE ( 'NONE', #918, #2461 ) ;
#68 = CARTESIAN_POINT ( 'NONE',  ( 1.904301091784583624E-15, -100.9000000000000199, 0.000000000000000000 ) ) ;
#69 = CARTESIAN_POINT ( 'NONE',  ( 15.86694255119153851, -4.400000000000002132, 0.000000000000000000 ) ) ;
#70 = ORIENTED_EDGE ( 'NONE', *, *, #807, .F. ) ;
#71 = CARTESIAN_POINT ( 'NONE',  ( 114.8387553634337479, -100.9000000000000199, -53.33945959150553051 ) ) ;
#72 = ORIENTED_EDGE ( 'NONE', *, *, #430, .T. ) ;
#73 = CARTESIAN_POINT ( 'NONE',  ( 1.406444597219022530E-15, -44.90000000000001279, 45.33945959101391310 ) ) ;
#74 = ADVANCED_FACE ( 'NONE', ( #694 ), #2245, .F. ) ;
#75 = ORIENTED_EDGE ( 'NONE', *, *, #376, .T. ) ;
#76 = ORIENTED_EDGE ( 'NONE', *, *, #309, .F. ) ;
#77 = DIRECTION ( 'NONE',  ( -0.000000000000000000, -1.000000000000000000, -0.000000000000000000 ) ) ;
#78 = EDGE_LOOP ( 'NONE', ( #574, #85 ) ) ;
#79 = EDGE_CURVE ( 'NONE', #1217, #1137, #759, .T. ) ;
#80 = DIRECTION ( 'NONE',  ( 1.000000000000000000, 8.182657905550977046E-17, 0.000000000000000000 ) ) ;
#81 = ORIENTED_EDGE ( 'NONE', *, *, #223, .T. ) ;
#82 = ADVANCED_FACE ( 'NONE', ( #1332 ), #2259, .F. ) ;
#83 = CYLINDRICAL_SURFACE ( 'NONE', #61, 47.33945959101390599 ) ;
#84 = UNCERTAINTY_MEASURE_WITH_UNIT (LENGTH_MEASURE( 1.000000000000000082E-05 ), #2720, 'distance_accuracy_value', 'NONE');
#85 = ORIENTED_EDGE ( 'NONE', *, *, #788, .T. ) ;
#86 = DIRECTION ( 'NONE',  ( -6.223206182385056805E-17, 1.000000000000000000, 0.000000000000000000 ) ) ;
#87 = ORIENTED_EDGE ( 'NONE', *, *, #434, .F. ) ;
#88 = CARTESIAN_POINT ( 'NONE',  ( 1.362882153942327816E-15, -21.90000000000000213, 0.000000000000000000 ) ) ;
#89 = ORIENTED_EDGE ( 'NONE', *, *, #2008, .T. ) ;
#90 = VECTOR ( 'NONE', #1196, 1000.000000000000000 ) ;
#91 = FACE_BOUND ( 'NONE', #1336, .T. ) ;
#92 = ORIENTED_EDGE ( 'NONE', *, *, #213, .F. ) ;
#93 = DIRECTION ( 'NONE',  ( -3.552713678800500929E-15, 0.000000000000000000, 1.000000000000000000 ) ) ;
#94 = VECTOR ( 'NONE', #917, 1000.000000000000000 ) ;
#95 = ADVANCED_FACE ( 'NONE', ( #1616 ), #2735, .T. ) ;
#96 = CIRCLE ( 'NONE', #1715, 1.600000000000004086 ) ;
#97 =( BOUNDED_CURVE ( )  B_SPLINE_CURVE ( 3, ( #1900, #1011, #182, #1479 ),
 .UNSPECIFIED., .F., .T. ) 
 B_SPLINE_CURVE_WITH_KNOTS ( ( 4, 4 ),
 ( 3.578036210848182019, 3.910339740665352171 ),
 .UNSPECIFIED. ) 
 CURVE ( )  GEOMETRIC_REPRESENTATION_ITEM ( )  RATIONAL_B_SPLINE_CURVE ( ( 1.000000000000000000, 0.9908190140296704307, 0.9908190140296704307, 1.000000000000000000 ) ) 
 REPRESENTATION_ITEM ( '' )  );
#98 = ORIENTED_EDGE ( 'NONE', *, *, #2005, .F. ) ;
#99 = DIRECTION ( 'NONE',  ( 0.000000000000000000, 0.000000000000000000, -1.000000000000000000 ) ) ;
#100 = EDGE_CURVE ( 'NONE', #2236, #719, #2409, .T. ) ;
#101 = CARTESIAN_POINT ( 'NONE',  ( 1.904301091784583624E-15, -14.39999999999999680, 0.000000000000000000 ) ) ;
#102 = EDGE_CURVE ( 'NONE', #506, #664, #2610, .T. ) ;
#103 = EDGE_CURVE ( 'NONE', #719, #360, #67, .T. ) ;
#104 = EDGE_LOOP ( 'NONE', ( #143, #62 ) ) ;
#105 = CARTESIAN_POINT ( 'NONE',  ( 22.54760732179579108, -39.90000000000000568, 48.33945959100353207 ) ) ;
#106 = CARTESIAN_POINT ( 'NONE',  ( 109.8387553634337337, -72.99615436277660763, -14.99999999999995737 ) ) ;
#107 = ORIENTED_EDGE ( 'NONE', *, *, #1111, .T. ) ;
#108 = DIRECTION ( 'NONE',  ( 0.000000000000000000, -1.000000000000000000, 0.000000000000000000 ) ) ;
#109 = EDGE_CURVE ( 'NONE', #1936, #1394, #2470, .T. ) ;
#110 = EDGE_LOOP ( 'NONE', ( #124, #1910, #355, #1926 ) ) ;
#111 = LINE ( 'NONE', #2193, #2372 ) ;
#112 = LINE ( 'NONE', #964, #362 ) ;
#113 = FILL_AREA_STYLE ('',( #2635 ) ) ;
#114 = ORIENTED_EDGE ( 'NONE', *, *, #2155, .F. ) ;
#115 = EDGE_CURVE ( 'NONE', #1731, #1412, #111, .T. ) ;
#116 = DIRECTION ( 'NONE',  ( 6.223206182385055573E-17, -1.000000000000000000, 0.000000000000000000 ) ) ;
#117 = ORIENTED_EDGE ( 'NONE', *, *, #482, .T. ) ;
#118 = DIRECTION ( 'NONE',  ( -1.000000000000000000, 0.000000000000000000, -6.317345713648893103E-17 ) ) ;
#119 = CARTESIAN_POINT ( 'NONE',  ( 90.15158376967683296, -201.6428835118155689, 21.38361961449637505 ) ) ;
#120 = ORIENTED_EDGE ( 'NONE', *, *, #2170, .F. ) ;
#121 = CARTESIAN_POINT ( 'NONE',  ( 1.904301091809826778E-15, -100.9000000000000199, 0.000000000000000000 ) ) ;
#122 = ORIENTED_EDGE ( 'NONE', *, *, #2050, .F. ) ;
#123 = FACE_OUTER_BOUND ( 'NONE', #1615, .T. ) ;
#124 = ORIENTED_EDGE ( 'NONE', *, *, #1400, .T. ) ;
#125 = EDGE_CURVE ( 'NONE', #244, #483, #1968, .T. ) ;
#126 = DIRECTION ( 'NONE',  ( 1.000000000000000000, 0.000000000000000000, 0.000000000000000000 ) ) ;
#127 = LINE ( 'NONE', #2074, #2242 ) ;
#128 = EDGE_LOOP ( 'NONE', ( #1855, #953 ) ) ;
#129 = DIRECTION ( 'NONE',  ( -0.000000000000000000, 1.000000000000000000, -0.000000000000000000 ) ) ;
#130 = VECTOR ( 'NONE', #2483, 1000.000000000000000 ) ;
#131 = EDGE_LOOP ( 'NONE', ( #1369, #241, #956, #1768 ) ) ;
#132 = CARTESIAN_POINT ( 'NONE',  ( 1.406444597219022530E-15, -14.40000000000000391, 0.000000000000000000 ) ) ;
#133 = EDGE_CURVE ( 'NONE', #2522, #565, #2626, .T. ) ;
#134 = VECTOR ( 'NONE', #163, 1000.000000000000000 ) ;
#135 = CIRCLE ( 'NONE', #1886, 21.69999999999999929 ) ;
#136 = ORIENTED_EDGE ( 'NONE', *, *, #2280, .T. ) ;
#137 = LINE ( 'NONE', #2518, #811 ) ;
#138 = VECTOR ( 'NONE', #1236, 1000.000000000000000 ) ;
#139 = CARTESIAN_POINT ( 'NONE',  ( -21.19999999999999929, -13.09274785814995035, 0.000000000000000000 ) ) ;
#140 = EDGE_LOOP ( 'NONE', ( #880, #420, #2310, #205 ) ) ;
#141 = CARTESIAN_POINT ( 'NONE',  ( 8.961416902634484758E-16, -14.40000000000000391, 0.000000000000000000 ) ) ;
#142 = CARTESIAN_POINT ( 'NONE',  ( 48.86551710222045131, -44.90000000000001279, 21.38361961459684935 ) ) ;
#143 = ORIENTED_EDGE ( 'NONE', *, *, #1911, .F. ) ;
#144 = CARTESIAN_POINT ( 'NONE',  ( 63.47144056266680678, -39.90000000000000568, 17.18361961449661734 ) ) ;
#145 = ORIENTED_EDGE ( 'NONE', *, *, #991, .F. ) ;
#146 = CARTESIAN_POINT ( 'NONE',  ( 57.87144056266681247, -201.6428835118155689, -9.616380385503202177 ) ) ;
#147 = ORIENTED_EDGE ( 'NONE', *, *, #173, .F. ) ;
#148 = CARTESIAN_POINT ( 'NONE',  ( -5.249623526600465239E-10, -5.092747858149948570, 4.510281037539683930E-14 ) ) ;
#149 = CARTESIAN_POINT ( 'NONE',  ( 100.2714405626152256, -51.90000000000000568, -21.21638038550273819 ) ) ;
#150 = EDGE_LOOP ( 'NONE', ( #612, #1737 ) ) ;
#151 = LINE ( 'NONE', #844, #63 ) ;
#152 = DIRECTION ( 'NONE',  ( 0.000000000000000000, -1.000000000000000000, 0.000000000000000000 ) ) ;
#153 = EDGE_LOOP ( 'NONE', ( #70, #823, #2019, #2171 ) ) ;
#154 = CARTESIAN_POINT ( 'NONE',  ( -5.249689571940052701E-10, -100.9000000000000199, 48.33945959150561578 ) ) ;
#155 = DIRECTION ( 'NONE',  ( 0.000000000000000000, 0.000000000000000000, 1.000000000000000000 ) ) ;
#156 = ORIENTED_EDGE ( 'NONE', *, *, #14, .F. ) ;
#157 = CARTESIAN_POINT ( 'NONE',  ( 102.2714405626152256, -51.90000000000000568, -23.21638038550273464 ) ) ;
#158 = EDGE_CURVE ( 'NONE', #1194, #607, #256, .T. ) ;
#159 = ORIENTED_EDGE ( 'NONE', *, *, #707, .F. ) ;
#160 = FACE_OUTER_BOUND ( 'NONE', #110, .T. ) ;
#161 = LINE ( 'NONE', #1209, #1841 ) ;
#162 = ORIENTED_EDGE ( 'NONE', *, *, #806, .F. ) ;
#163 = DIRECTION ( 'NONE',  ( -0.000000000000000000, 1.000000000000000000, -0.000000000000000000 ) ) ;
#164 = LINE ( 'NONE', #1025, #2698 ) ;
#165 = CARTESIAN_POINT ( 'NONE',  ( -5.249623215440156519E-10, -5.592747858149948570, 4.510281037539683930E-14 ) ) ;
#166 = ORIENTED_EDGE ( 'NONE', *, *, #1195, .F. ) ;
#167 = ORIENTED_EDGE ( 'NONE', *, *, #1003, .T. ) ;
#168 = CARTESIAN_POINT ( 'NONE',  ( 109.8387553634337337, -100.8999999999999631, 15.00000000000004086 ) ) ;
#169 = ORIENTED_EDGE ( 'NONE', *, *, #189, .F. ) ;
#170 = FACE_OUTER_BOUND ( 'NONE', #2488, .T. ) ;
#171 = VECTOR ( 'NONE', #1522, 1000.000000000000000 ) ;
#172 = VECTOR ( 'NONE', #1134, 1000.000000000000000 ) ;
#173 = EDGE_CURVE ( 'NONE', #506, #2412, #2284, .T. ) ;
#174 = FACE_OUTER_BOUND ( 'NONE', #1542, .T. ) ;
#175 = AXIS2_PLACEMENT_3D ( 'NONE', #1630, #1040, #2743 ) ;
#176 = AXIS2_PLACEMENT_3D ( 'NONE', #2032, #520, #2476 ) ;
#177 = DIRECTION ( 'NONE',  ( 0.000000000000000000, 1.000000000000000000, 0.000000000000000000 ) ) ;
#178 = VERTEX_POINT ( 'NONE', #1821 ) ;
#179 = VECTOR ( 'NONE', #2717, 1000.000000000000000 ) ;
#180 = DIRECTION ( 'NONE',  ( 0.000000000000000000, -0.000000000000000000, 1.000000000000000000 ) ) ;
#181 = AXIS2_PLACEMENT_3D ( 'NONE', #1992, #2642, #717 ) ;
#182 = CARTESIAN_POINT ( 'NONE',  ( 32.81703396731845146, -18.52666941221714580, 42.46612900372274169 ) ) ;
#183 = CARTESIAN_POINT ( 'NONE',  ( 1.406444597219022530E-15, -44.90000000000001279, 0.000000000000000000 ) ) ;
#184 =( NAMED_UNIT ( * ) SI_UNIT ( $, .STERADIAN. ) SOLID_ANGLE_UNIT ( ) );
#185 = CIRCLE ( 'NONE', #2612, 53.33945959100353207 ) ;
#186 = VERTEX_POINT ( 'NONE', #1966 ) ;
#187 = DIRECTION ( 'NONE',  ( -0.9563161610601500495, 0.000000000000000000, 0.2923343977283160977 ) ) ;
#188 = ADVANCED_FACE ( 'NONE', ( #50 ), #905, .F. ) ;
#189 = EDGE_CURVE ( 'NONE', #1432, #1119, #621, .T. ) ;
#190 = CARTESIAN_POINT ( 'NONE',  ( -5.249621410710362846E-10, -8.492747858149948925, 4.510281037539683930E-14 ) ) ;
#191 = ORIENTED_EDGE ( 'NONE', *, *, #2761, .T. ) ;
#192 = DIRECTION ( 'NONE',  ( -6.223206182385055573E-17, 1.000000000000000000, -0.000000000000000000 ) ) ;
#193 = ORIENTED_EDGE ( 'NONE', *, *, #2508, .T. ) ;
#194 = FACE_OUTER_BOUND ( 'NONE', #1058, .T. ) ;
#195 = EDGE_CURVE ( 'NONE', #762, #445, #1080, .T. ) ;
#196 = EDGE_CURVE ( 'NONE', #744, #307, #2357, .T. ) ;
#197 = CARTESIAN_POINT ( 'NONE',  ( 90.15158376967681875, -44.90000000000001990, -9.616380385503205730 ) ) ;
#198 = CARTESIAN_POINT ( 'NONE',  ( 3.480482304735955816E-16, -5.592747858149948570, 0.000000000000000000 ) ) ;
#199 = EDGE_LOOP ( 'NONE', ( #732, #629, #2671, #1940 ) ) ;
#200 = ADVANCED_FACE ( 'NONE', ( #1921 ), #2220, .F. ) ;
#201 = CARTESIAN_POINT ( 'NONE',  ( 94.47144056266678547, -49.90000000000000568, -15.41638038550338585 ) ) ;
#202 = DIRECTION ( 'NONE',  ( 0.000000000000000000, 0.000000000000000000, -1.000000000000000000 ) ) ;
#203 = ADVANCED_FACE ( 'NONE', ( #1939 ), #2349, .F. ) ;
#204 = EDGE_LOOP ( 'NONE', ( #2090, #2043, #251, #876, #1873, #2394, #1891, #2338 ) ) ;
#205 = ORIENTED_EDGE ( 'NONE', *, *, #1597, .T. ) ;
#206 = CARTESIAN_POINT ( 'NONE',  ( 48.86551710199186260, -51.90000000000000568, 21.38361961449682269 ) ) ;
#207 = ADVANCED_FACE ( 'NONE', ( #1053 ), #1730, .F. ) ;
#208 = ORIENTED_EDGE ( 'NONE', *, *, #2460, .F. ) ;
#209 = CARTESIAN_POINT ( 'NONE',  ( 21.69999999999999929, -14.40000000000000213, 0.000000000000000000 ) ) ;
#210 = DIRECTION ( 'NONE',  ( 0.000000000000000000, 0.000000000000000000, -1.000000000000000000 ) ) ;
#211 = LINE ( 'NONE', #1065, #1121 ) ;
#212 = ORIENTED_EDGE ( 'NONE', *, *, #2508, .F. ) ;
#213 = EDGE_CURVE ( 'NONE', #1468, #1981, #858, .T. ) ;
#214 = DIRECTION ( 'NONE',  ( -1.000000000000000000, 0.000000000000000000, -8.718718191605253187E-15 ) ) ;
#215 = EDGE_LOOP ( 'NONE', ( #1349, #929, #263, #2513, #1727, #422, #1970, #756, #2617, #946, #782, #642 ) ) ;
#216 = ADVANCED_FACE ( 'NONE', ( #633 ), #2737, .T. ) ;
#217 = LINE ( 'NONE', #38, #6 ) ;
#218 = VERTEX_POINT ( 'NONE', #2548 ) ;
#219 = CARTESIAN_POINT ( 'NONE',  ( 1.406444597219022530E-15, -39.90000000000000568, 45.33945959101391310 ) ) ;
#220 = DIRECTION ( 'NONE',  ( 0.000000000000000000, 1.000000000000000000, 0.000000000000000000 ) ) ;
#221 = ORIENTED_EDGE ( 'NONE', *, *, #485, .F. ) ;
#222 = LINE ( 'NONE', #2740, #278 ) ;
#223 = EDGE_CURVE ( 'NONE', #1378, #2755, #411, .T. ) ;
#224 = VECTOR ( 'NONE', #1685, 1000.000000000000000 ) ;
#225 = DIRECTION ( 'NONE',  ( 1.000000000000000000, 0.000000000000000000, -3.131229341648348450E-16 ) ) ;
#226 = DIRECTION ( 'NONE',  ( -0.000000000000000000, 1.000000000000000000, -0.000000000000000000 ) ) ;
#227 = EDGE_CURVE ( 'NONE', #2584, #2035, #1473, .T. ) ;
#228 = CIRCLE ( 'NONE', #1312, 1.600000000000004086 ) ;
#229 = ORIENTED_EDGE ( 'NONE', *, *, #1208, .F. ) ;
#230 = DIRECTION ( 'NONE',  ( 6.223206182385055573E-17, -1.000000000000000000, -0.000000000000000000 ) ) ;
#231 = AXIS2_PLACEMENT_3D ( 'NONE', #1026, #2552, #1882 ) ;
#232 = VECTOR ( 'NONE', #944, 1000.000000000000000 ) ;
#233 = DIRECTION ( 'NONE',  ( 1.000000000000000000, 6.223206182385055573E-17, 0.000000000000000000 ) ) ;
#234 = DIRECTION ( 'NONE',  ( 0.000000000000000000, 0.000000000000000000, 1.000000000000000000 ) ) ;
#235 = AXIS2_PLACEMENT_3D ( 'NONE', #2682, #284, #1581 ) ;
#236 = DIRECTION ( 'NONE',  ( 6.223206182385055573E-17, -1.000000000000000000, 0.000000000000000000 ) ) ;
#237 = VECTOR ( 'NONE', #381, 1000.000000000000000 ) ;
#238 = CIRCLE ( 'NONE', #2063, 0.5000000000000004441 ) ;
#239 = DIRECTION ( 'NONE',  ( -6.223206182385055573E-17, 1.000000000000000000, 0.000000000000000000 ) ) ;
#240 = ORIENTED_EDGE ( 'NONE', *, *, #2214, .F. ) ;
#241 = ORIENTED_EDGE ( 'NONE', *, *, #663, .T. ) ;
#242 = CYLINDRICAL_SURFACE ( 'NONE', #2473, 21.69999999999999929 ) ;
#243 = DIRECTION ( 'NONE',  ( -1.000000000000000000, 0.000000000000000000, 3.131229341648348450E-16 ) ) ;
#244 = VERTEX_POINT ( 'NONE', #1272 ) ;
#245 = CARTESIAN_POINT ( 'NONE',  ( 63.47144056266680678, -49.90000000000000568, 15.58361961449661237 ) ) ;
#246 = DIRECTION ( 'NONE',  ( 0.000000000000000000, 0.000000000000000000, -1.000000000000000000 ) ) ;
#247 = FACE_OUTER_BOUND ( 'NONE', #2040, .T. ) ;
#248 = DIRECTION ( 'NONE',  ( 6.223206182385055573E-17, -1.000000000000000000, -0.000000000000000000 ) ) ;
#249 = ORIENTED_EDGE ( 'NONE', *, *, #1187, .F. ) ;
#250 = EDGE_CURVE ( 'NONE', #437, #982, #2559, .T. ) ;
#251 = ORIENTED_EDGE ( 'NONE', *, *, #1305, .T. ) ;
#252 = CARTESIAN_POINT ( 'NONE',  ( 22.54760732179579108, -5.492747858149949813, 53.33945959150553051 ) ) ;
#253 = CARTESIAN_POINT ( 'NONE',  ( 47.94063290349891560, -51.90000000000000568, 23.38361961449681559 ) ) ;
#254 = ORIENTED_EDGE ( 'NONE', *, *, #1277, .T. ) ;
#255 = CARTESIAN_POINT ( 'NONE',  ( 22.54760732184049488, -24.40000000000000568, -48.33945959100353207 ) ) ;
#256 = LINE ( 'NONE', #1547, #2237 ) ;
#257 = CARTESIAN_POINT ( 'NONE',  ( 34.30252969424448395, 70.51698856536212645, -35.46433038009840288 ) ) ;
#258 = CARTESIAN_POINT ( 'NONE',  ( 67.99129735560519805, -39.90000000000001990, 21.38361961449638216 ) ) ;
#259 = ORIENTED_EDGE ( 'NONE', *, *, #1489, .F. ) ;
#260 = EDGE_LOOP ( 'NONE', ( #2383, #2624, #912, #1043, #1672 ) ) ;
#261 = FACE_OUTER_BOUND ( 'NONE', #150, .T. ) ;
#262 = CIRCLE ( 'NONE', #577, 45.10000000049659263 ) ;
#263 = ORIENTED_EDGE ( 'NONE', *, *, #996, .F. ) ;
#264 = AXIS2_PLACEMENT_3D ( 'NONE', #2636, #1557, #36 ) ;
#265 = PLANE ( 'NONE',  #1123 ) ;
#266 = CIRCLE ( 'NONE', #2200, 48.33945959125457392 ) ;
#267 = DIRECTION ( 'NONE',  ( -1.000000000000000000, -6.504465884275263049E-17, 0.000000000000000000 ) ) ;
#268 = CARTESIAN_POINT ( 'NONE',  ( 63.47144056266680678, -39.90000000000000568, 15.58361961449661237 ) ) ;
#269 = DIRECTION ( 'NONE',  ( -0.000000000000000000, -0.000000000000000000, 1.000000000000000000 ) ) ;
#270 = VECTOR ( 'NONE', #86, 1000.000000000000000 ) ;
#271 = AXIS2_PLACEMENT_3D ( 'NONE', #399, #2493, #1013 ) ;
#272 = DIRECTION ( 'NONE',  ( 0.000000000000000000, -1.000000000000000000, 0.000000000000000000 ) ) ;
#273 = DIRECTION ( 'NONE',  ( 0.000000000000000000, -1.000000000000000000, 0.000000000000000000 ) ) ;
#274 = AXIS2_PLACEMENT_3D ( 'NONE', #1854, #2147, #490 ) ;
#275 = AXIS2_PLACEMENT_3D ( 'NONE', #1689, #562, #834 ) ;
#276 = EDGE_LOOP ( 'NONE', ( #75, #2138, #2516, #2530, #837, #2699, #1103, #961 ) ) ;
#277 = VECTOR ( 'NONE', #1023, 1000.000000000000000 ) ;
#278 = VECTOR ( 'NONE', #2347, 1000.000000000000000 ) ;
#279 = EDGE_CURVE ( 'NONE', #2064, #2211, #211, .T. ) ;
#280 = ORIENTED_EDGE ( 'NONE', *, *, #2050, .T. ) ;
#281 = FACE_OUTER_BOUND ( 'NONE', #1916, .T. ) ;
#282 = ORIENTED_EDGE ( 'NONE', *, *, #1777, .F. ) ;
#283 = ADVANCED_FACE ( 'NONE', ( #20 ), #2378, .T. ) ;
#284 = DIRECTION ( 'NONE',  ( 6.223206182385055573E-17, -1.000000000000000000, 0.000000000000000000 ) ) ;
#285 = EDGE_CURVE ( 'NONE', #2779, #607, #2162, .T. ) ;
#286 = DIRECTION ( 'NONE',  ( 0.000000000000000000, 0.000000000000000000, -1.000000000000000000 ) ) ;
#287 = EDGE_CURVE ( 'NONE', #2048, #1004, #1351, .T. ) ;
#288 = LINE ( 'NONE', #777, #232 ) ;
#289 = VERTEX_POINT ( 'NONE', #1778 ) ;
#290 = DIRECTION ( 'NONE',  ( 0.000000000000000000, 0.000000000000000000, -1.000000000000000000 ) ) ;
#291 = VERTEX_POINT ( 'NONE', #1950 ) ;
#292 = LINE ( 'NONE', #1149, #1754 ) ;
#293 =( BOUNDED_CURVE ( )  B_SPLINE_CURVE ( 3, ( #465, #1331, #2176, #255 ),
 .UNSPECIFIED., .F., .T. ) 
 B_SPLINE_CURVE_WITH_KNOTS ( ( 4, 4 ),
 ( 2.372845566500694670, 2.705149096327384761 ),
 .UNSPECIFIED. ) 
 CURVE ( )  GEOMETRIC_REPRESENTATION_ITEM ( )  RATIONAL_B_SPLINE_CURVE ( ( 1.000000000000000000, 0.9908190140291456283, 0.9908190140291456283, 1.000000000000000000 ) ) 
 REPRESENTATION_ITEM ( '' )  );
#294 = ORIENTED_EDGE ( 'NONE', *, *, #2219, .F. ) ;
#295 = CARTESIAN_POINT ( 'NONE',  ( 100.2714405626152399, -201.6428835118155689, 9.783619614496835482 ) ) ;
#296 = CARTESIAN_POINT ( 'NONE',  ( 3.828480804327429118E-15, -14.40000000000000391, -38.33945959100346812 ) ) ;
#297 = ORIENTED_EDGE ( 'NONE', *, *, #1187, .T. ) ;
#298 = EDGE_CURVE ( 'NONE', #360, #2550, #2426, .T. ) ;
#299 = DIRECTION ( 'NONE',  ( -0.000000000000000000, -1.000000000000000000, -0.000000000000000000 ) ) ;
#300 = ORIENTED_EDGE ( 'NONE', *, *, #22, .F. ) ;
#301 = DIRECTION ( 'NONE',  ( -6.223206182385055573E-17, 1.000000000000000000, 0.000000000000000000 ) ) ;
#302 = EDGE_CURVE ( 'NONE', #218, #2779, #1147, .T. ) ;
#303 = CARTESIAN_POINT ( 'NONE',  ( 100.2714405626152399, -201.6428835118155689, -9.616380385503202177 ) ) ;
#304 = ORIENTED_EDGE ( 'NONE', *, *, #1390, .F. ) ;
#305 = DIRECTION ( 'NONE',  ( -8.881784197001252323E-16, 0.000000000000000000, 1.000000000000000000 ) ) ;
#306 = ADVANCED_FACE ( 'NONE', ( #2267 ), #1177, .T. ) ;
#307 = VERTEX_POINT ( 'NONE', #2711 ) ;
#308 = CIRCLE ( 'NONE', #1871, 53.33945959150557314 ) ;
#309 = EDGE_CURVE ( 'NONE', #1387, #2594, #969, .T. ) ;
#310 = CARTESIAN_POINT ( 'NONE',  ( 67.99129735560521226, -201.6428835118155689, -21.21638038550273819 ) ) ;
#311 = ORIENTED_EDGE ( 'NONE', *, *, #1478, .T. ) ;
#312 = VECTOR ( 'NONE', #501, 1000.000000000000000 ) ;
#313 = CARTESIAN_POINT ( 'NONE',  ( -53.33945959203053633, -5.492747858149952478, -8.684187601077152538E-25 ) ) ;
#314 = AXIS2_PLACEMENT_3D ( 'NONE', #794, #2269, #346 ) ;
#315 = ORIENTED_EDGE ( 'NONE', *, *, #1889, .T. ) ;
#316 = CIRCLE ( 'NONE', #1534, 32.55000000049658126 ) ;
#317 = AXIS2_PLACEMENT_3D ( 'NONE', #2329, #1897, #349 ) ;
#318 = STYLED_ITEM ( 'NONE', ( #550 ), #1108 ) ;
#319 = CARTESIAN_POINT ( 'NONE',  ( 100.2714405626152256, -39.90000000000000568, -21.21638038550273819 ) ) ;
#320 = ORIENTED_EDGE ( 'NONE', *, *, #1487, .F. ) ;
#321 = DIRECTION ( 'NONE',  ( 0.000000000000000000, 0.000000000000000000, 1.000000000000000000 ) ) ;
#322 = CIRCLE ( 'NONE', #1977, 1.600000000000004086 ) ;
#323 = AXIS2_PLACEMENT_3D ( 'NONE', #1895, #2315, #827 ) ;
#324 = AXIS2_PLACEMENT_3D ( 'NONE', #132, #1831, #2724 ) ;
#325 = ORIENTED_EDGE ( 'NONE', *, *, #2673, .T. ) ;
#326 = DIRECTION ( 'NONE',  ( -6.223206182385055573E-17, 1.000000000000000000, 0.000000000000000000 ) ) ;
#327 = CARTESIAN_POINT ( 'NONE',  ( 67.99129735560521226, -201.6428835118155689, 9.783619614496846140 ) ) ;
#328 = DIRECTION ( 'NONE',  ( 0.000000000000000000, 0.000000000000000000, -1.000000000000000000 ) ) ;
#329 = DIRECTION ( 'NONE',  ( 6.223206182385055573E-17, -1.000000000000000000, 0.000000000000000000 ) ) ;
#330 = ORIENTED_EDGE ( 'NONE', *, *, #1805, .F. ) ;
#331 = LINE ( 'NONE', #105, #45 ) ;
#332 = LINE ( 'NONE', #2439, #853 ) ;
#333 = ADVANCED_FACE ( 'NONE', ( #766 ), #344, .F. ) ;
#334 = VERTEX_POINT ( 'NONE', #936 ) ;
#335 = LINE ( 'NONE', #2786, #2114 ) ;
#336 = ORIENTED_EDGE ( 'NONE', *, *, #1386, .T. ) ;
#337 = CARTESIAN_POINT ( 'NONE',  ( 114.8387553634337479, -100.9000000000000199, -53.33945959150553051 ) ) ;
#338 = CARTESIAN_POINT ( 'NONE',  ( 1.904301091784583624E-15, 176.7589912188659582, -48.33945959125457392 ) ) ;
#339 = ORIENTED_EDGE ( 'NONE', *, *, #2673, .F. ) ;
#340 = CARTESIAN_POINT ( 'NONE',  ( 22.54760732179579108, -5.492747858149949813, -48.33945959100353207 ) ) ;
#341 = EDGE_CURVE ( 'NONE', #1845, #970, #897, .T. ) ;
#342 = ORIENTED_EDGE ( 'NONE', *, *, #2690, .F. ) ;
#343 = CARTESIAN_POINT ( 'NONE',  ( 8.147886941524745770E-16, -13.09274785814994857, 0.000000000000000000 ) ) ;
#344 = PLANE ( 'NONE',  #1482 ) ;
#345 = ORIENTED_EDGE ( 'NONE', *, *, #1305, .F. ) ;
#346 = DIRECTION ( 'NONE',  ( -6.223206182385056805E-17, 1.000000000000000000, 0.000000000000000000 ) ) ;
#347 = AXIS2_PLACEMENT_3D ( 'NONE', #10, #867, #1954 ) ;
#348 = VERTEX_POINT ( 'NONE', #1158 ) ;
#349 = DIRECTION ( 'NONE',  ( -0.000000000000000000, 0.000000000000000000, 1.000000000000000000 ) ) ;
#350 = DIRECTION ( 'NONE',  ( 6.223206182385055573E-17, -1.000000000000000000, 0.000000000000000000 ) ) ;
#351 = EDGE_LOOP ( 'NONE', ( #1276, #451, #2387, #2299 ) ) ;
#352 = DIRECTION ( 'NONE',  ( 0.000000000000000000, 1.000000000000000000, 0.000000000000000000 ) ) ;
#353 = DIRECTION ( 'NONE',  ( -6.223206182385055573E-17, 1.000000000000000000, 0.000000000000000000 ) ) ;
#354 = DIRECTION ( 'NONE',  ( 1.000000000000000000, 0.000000000000000000, -0.000000000000000000 ) ) ;
#355 = ORIENTED_EDGE ( 'NONE', *, *, #1719, .F. ) ;
#356 = DIRECTION ( 'NONE',  ( -1.000000000000000000, -6.223206182385055573E-17, 0.000000000000000000 ) ) ;
#357 = AXIS2_PLACEMENT_3D ( 'NONE', #2418, #528, #466 ) ;
#358 = CARTESIAN_POINT ( 'NONE',  ( 1.904301091784583624E-15, -44.90000000000001279, 0.000000000000000000 ) ) ;
#359 = AXIS2_PLACEMENT_3D ( 'NONE', #2228, #2281, #950 ) ;
#360 = VERTEX_POINT ( 'NONE', #106 ) ;
#361 = DIRECTION ( 'NONE',  ( -3.428355779080372413E-16, -2.133536487978850584E-32, -1.000000000000000000 ) ) ;
#362 = VECTOR ( 'NONE', #2007, 1000.000000000000000 ) ;
#363 = VECTOR ( 'NONE', #2180, 1000.000000000000000 ) ;
#364 = AXIS2_PLACEMENT_3D ( 'NONE', #2757, #1460, #828 ) ;
#365 = AXIS2_PLACEMENT_3D ( 'NONE', #1965, #904, #1702 ) ;
#366 = ORIENTED_EDGE ( 'NONE', *, *, #173, .T. ) ;
#367 = CARTESIAN_POINT ( 'NONE',  ( 67.99129735560519805, -39.90000000000000568, 21.38361961449638216 ) ) ;
#368 = DIRECTION ( 'NONE',  ( 1.000000000000000000, 4.524642481847889482E-17, 0.000000000000000000 ) ) ;
#369 = VECTOR ( 'NONE', #2490, 999.9999999999998863 ) ;
#370 = VECTOR ( 'NONE', #1506, 1000.000000000000000 ) ;
#371 = CARTESIAN_POINT ( 'NONE',  ( -5.249598753726702772E-10, -51.90000000000000568, 4.510281037539683930E-14 ) ) ;
#372 = VERTEX_POINT ( 'NONE', #1381 ) ;
#373 = CARTESIAN_POINT ( 'NONE',  ( 114.8387553634337479, -100.8999999999999631, 15.00000000000004086 ) ) ;
#374 = DIRECTION ( 'NONE',  ( -6.223206182385056805E-17, 1.000000000000000000, 0.000000000000000000 ) ) ;
#375 = VERTEX_POINT ( 'NONE', #1611 ) ;
#376 = EDGE_CURVE ( 'NONE', #664, #1718, #266, .T. ) ;
#377 = ORIENTED_EDGE ( 'NONE', *, *, #2026, .F. ) ;
#378 = FACE_OUTER_BOUND ( 'NONE', #2185, .T. ) ;
#379 = EDGE_LOOP ( 'NONE', ( #2553, #98 ) ) ;
#380 = CARTESIAN_POINT ( 'NONE',  ( -5.249622966511908510E-10, -5.992747858149948037, 4.510281037539683930E-14 ) ) ;
#381 = DIRECTION ( 'NONE',  ( -6.223206182385055573E-17, 1.000000000000000000, -0.000000000000000000 ) ) ;
#382 = VERTEX_POINT ( 'NONE', #2462 ) ;
#383 = PRODUCT_DEFINITION_SHAPE ( 'NONE', 'NONE',  #2774 ) ;
#384 = CARTESIAN_POINT ( 'NONE',  ( 1.904301091809826778E-15, -100.9000000000000199, 0.000000000000000000 ) ) ;
#385 = DIRECTION ( 'NONE',  ( 0.000000000000000000, 0.000000000000000000, 1.000000000000000000 ) ) ;
#386 = DIRECTION ( 'NONE',  ( 0.000000000000000000, 0.000000000000000000, -1.000000000000000000 ) ) ;
#387 = EDGE_LOOP ( 'NONE', ( #2268, #2204, #46, #2669 ) ) ;
#388 = EDGE_CURVE ( 'NONE', #1362, #1680, #540, .T. ) ;
#389 = VERTEX_POINT ( 'NONE', #1370 ) ;
#390 = CARTESIAN_POINT ( 'NONE',  ( 90.15158376967683296, -201.6428835118155689, 9.783619614496846140 ) ) ;
#391 = ORIENTED_EDGE ( 'NONE', *, *, #1601, .T. ) ;
#392 = CARTESIAN_POINT ( 'NONE',  ( 67.99129735560519805, -44.90000000000001990, 21.38361961449638216 ) ) ;
#393 = PLANE ( 'NONE',  #2744 ) ;
#394 = EDGE_CURVE ( 'NONE', #437, #776, #1531, .T. ) ;
#395 = LINE ( 'NONE', #1632, #369 ) ;
#396 = ORIENTED_EDGE ( 'NONE', *, *, #978, .F. ) ;
#397 = DIRECTION ( 'NONE',  ( 0.000000000000000000, -0.000000000000000000, -1.000000000000000000 ) ) ;
#398 = EDGE_CURVE ( 'NONE', #429, #688, #2662, .T. ) ;
#399 = CARTESIAN_POINT ( 'NONE',  ( -5.249623277672217229E-10, -5.492747858149948925, 4.510281037539683930E-14 ) ) ;
#400 = CARTESIAN_POINT ( 'NONE',  ( 22.54760732179579108, 17.60258924626558041, 53.33945959150553051 ) ) ;
#401 = LINE ( 'NONE', #1466, #2425 ) ;
#402 = ORIENTED_EDGE ( 'NONE', *, *, #2716, .F. ) ;
#403 = EDGE_CURVE ( 'NONE', #2253, #429, #2691, .T. ) ;
#404 = DIRECTION ( 'NONE',  ( -8.633711214205551007E-15, 0.000000000000000000, 1.000000000000000000 ) ) ;
#405 = VECTOR ( 'NONE', #2370, 1000.000000000000000 ) ;
#406 = ORIENTED_EDGE ( 'NONE', *, *, #1245, .T. ) ;
#407 = CARTESIAN_POINT ( 'NONE',  ( 22.54760732179579108, -5.492747858149949813, 48.33945959100353207 ) ) ;
#408 = AXIS2_PLACEMENT_3D ( 'NONE', #644, #1696, #2492 ) ;
#409 = CARTESIAN_POINT ( 'NONE',  ( -5.249501209398531056E-10, -201.6428835118155973, 4.510281037539683930E-14 ) ) ;
#410 = EDGE_CURVE ( 'NONE', #824, #178, #554, .T. ) ;
#411 = LINE ( 'NONE', #648, #405 ) ;
#412 = CIRCLE ( 'NONE', #365, 21.69999999999999929 ) ;
#413 = FACE_OUTER_BOUND ( 'NONE', #793, .T. ) ;
#414 = ORIENTED_EDGE ( 'NONE', *, *, #601, .F. ) ;
#415 = CIRCLE ( 'NONE', #862, 1.600000000000004086 ) ;
#416 = PLANE ( 'NONE',  #1893 ) ;
#417 = AXIS2_PLACEMENT_3D ( 'NONE', #2139, #1076, #305 ) ;
#418 = DIRECTION ( 'NONE',  ( 0.000000000000000000, 0.000000000000000000, 1.000000000000000000 ) ) ;
#419 = LINE ( 'NONE', #2551, #539 ) ;
#420 = ORIENTED_EDGE ( 'NONE', *, *, #2294, .F. ) ;
#421 = DIRECTION ( 'NONE',  ( -6.223206182385055573E-17, 1.000000000000000000, 0.000000000000000000 ) ) ;
#422 = ORIENTED_EDGE ( 'NONE', *, *, #1915, .F. ) ;
#423 = DIRECTION ( 'NONE',  ( 1.000000000000000000, 5.412553747113663954E-17, 0.000000000000000000 ) ) ;
#424 = VERTEX_POINT ( 'NONE', #780 ) ;
#425 = CARTESIAN_POINT ( 'NONE',  ( 22.54760732179579463, -39.90000000000000568, 53.33945959150553051 ) ) ;
#426 = ADVANCED_FACE ( 'NONE', ( #987, #1190, #2450, #2013, #91 ), #1844, .F. ) ;
#427 = CARTESIAN_POINT ( 'NONE',  ( 109.8387553634337337, -100.9000000000000199, 48.33945959150561578 ) ) ;
#428 = CARTESIAN_POINT ( 'NONE',  ( 2.738210720249427706E-16, -4.400000000000003020, 0.000000000000000000 ) ) ;
#429 = VERTEX_POINT ( 'NONE', #1588 ) ;
#430 = EDGE_CURVE ( 'NONE', #1362, #389, #332, .T. ) ;
#431 = LINE ( 'NONE', #476, #2468 ) ;
#432 = VERTEX_POINT ( 'NONE', #1636 ) ;
#433 = CARTESIAN_POINT ( 'NONE',  ( 34.30252969376431338, -44.90000000000001279, 35.46433038056284914 ) ) ;
#434 = EDGE_CURVE ( 'NONE', #348, #1378, #942, .T. ) ;
#435 = EDGE_LOOP ( 'NONE', ( #2292, #41 ) ) ;
#436 = DIRECTION ( 'NONE',  ( 1.000000000000000000, 6.223206182385055573E-17, 0.000000000000000000 ) ) ;
#437 = VERTEX_POINT ( 'NONE', #1808 ) ;
#438 = DIRECTION ( 'NONE',  ( -6.223206182385056805E-17, 1.000000000000000000, 0.000000000000000000 ) ) ;
#439 = FACE_OUTER_BOUND ( 'NONE', #1464, .T. ) ;
#440 = CARTESIAN_POINT ( 'NONE',  ( 100.2714405626152256, -51.90000000000000568, 21.38361961449637150 ) ) ;
#441 = ORIENTED_EDGE ( 'NONE', *, *, #1012, .T. ) ;
#442 = DIRECTION ( 'NONE',  ( 1.000000000000000000, 0.000000000000000000, -3.428355779080372413E-16 ) ) ;
#443 = LINE ( 'NONE', #1302, #851 ) ;
#444 = CYLINDRICAL_SURFACE ( 'NONE', #586, 42.33945959125457392 ) ;
#445 = VERTEX_POINT ( 'NONE', #2238 ) ;
#446 = CIRCLE ( 'NONE', #1648, 2.000000000000001776 ) ;
#447 = ORIENTED_EDGE ( 'NONE', *, *, #1673, .F. ) ;
#448 = CARTESIAN_POINT ( 'NONE',  ( -5.249503370094463650E-10, -201.6428835118155973, 53.33945959150561578 ) ) ;
#449 = LINE ( 'NONE', #1313, #1533 ) ;
#450 = DIRECTION ( 'NONE',  ( 1.000000000000000000, 6.223206182385055573E-17, 0.000000000000000000 ) ) ;
#451 = ORIENTED_EDGE ( 'NONE', *, *, #1794, .F. ) ;
#452 = CIRCLE ( 'NONE', #1575, 38.33945959125451708 ) ;
#453 = CIRCLE ( 'NONE', #2018, 22.19999999999999929 ) ;
#454 = DIRECTION ( 'NONE',  ( 0.000000000000000000, 0.000000000000000000, -1.000000000000000000 ) ) ;
#455 = ADVANCED_FACE ( 'NONE', ( #2733 ), #1246, .F. ) ;
#456 = DIRECTION ( 'NONE',  ( 0.000000000000000000, 0.000000000000000000, -1.000000000000000000 ) ) ;
#457 = VECTOR ( 'NONE', #374, 1000.000000000000000 ) ;
#458 = CARTESIAN_POINT ( 'NONE',  ( 114.8387553634337479, -39.90000000000007674, -53.33945959150553051 ) ) ;
#459 = AXIS2_PLACEMENT_3D ( 'NONE', #914, #463, #2441 ) ;
#460 = FACE_OUTER_BOUND ( 'NONE', #1524, .T. ) ;
#461 = ORIENTED_EDGE ( 'NONE', *, *, #1988, .T. ) ;
#462 = VERTEX_POINT ( 'NONE', #1234 ) ;
#463 = DIRECTION ( 'NONE',  ( -6.223206182385055573E-17, 1.000000000000000000, 0.000000000000000000 ) ) ;
#464 = ORIENTED_EDGE ( 'NONE', *, *, #109, .F. ) ;
#465 = CARTESIAN_POINT ( 'NONE',  ( 37.08347054593485836, -14.40000000000000213, -38.33945959100346812 ) ) ;
#466 = DIRECTION ( 'NONE',  ( 0.000000000000000000, 0.000000000000000000, -1.000000000000000000 ) ) ;
#467 = DIRECTION ( 'NONE',  ( -0.000000000000000000, 1.000000000000000000, -0.000000000000000000 ) ) ;
#468 = LINE ( 'NONE', #547, #2386 ) ;
#469 = LINE ( 'NONE', #711, #1619 ) ;
#470 = ORIENTED_EDGE ( 'NONE', *, *, #1390, .T. ) ;
#471 = EDGE_CURVE ( 'NONE', #382, #1278, #228, .T. ) ;
#472 = ORIENTED_EDGE ( 'NONE', *, *, #1985, .F. ) ;
#473 = DIRECTION ( 'NONE',  ( 0.000000000000000000, 1.000000000000000000, 0.000000000000000000 ) ) ;
#474 = CARTESIAN_POINT ( 'NONE',  ( 100.2714405626152256, -44.90000000000001279, -21.21638038550273819 ) ) ;
#475 = ORIENTED_EDGE ( 'NONE', *, *, #1963, .T. ) ;
#476 = CARTESIAN_POINT ( 'NONE',  ( 57.87144056266681247, -44.90000000000001990, -9.616380385503202177 ) ) ;
#477 = CARTESIAN_POINT ( 'NONE',  ( -14.13128680612167720, 71.06174825673215878, -46.22780642403082396 ) ) ;
#478 = ADVANCED_FACE ( 'NONE', ( #849, #1220 ), #1677, .T. ) ;
#479 = LINE ( 'NONE', #1344, #2388 ) ;
#480 = DIRECTION ( 'NONE',  ( 1.224646799147353207E-16, 7.621229531691877884E-33, 1.000000000000000000 ) ) ;
#481 = VERTEX_POINT ( 'NONE', #2343 ) ;
#482 = EDGE_CURVE ( 'NONE', #850, #1591, #2203, .T. ) ;
#483 = VERTEX_POINT ( 'NONE', #144 ) ;
#484 = DIRECTION ( 'NONE',  ( -1.000000000000000000, -6.223206182385055573E-17, 0.000000000000000000 ) ) ;
#485 = EDGE_CURVE ( 'NONE', #372, #1362, #1002, .T. ) ;
#486 = ORIENTED_EDGE ( 'NONE', *, *, #841, .T. ) ;
#487 = EDGE_CURVE ( 'NONE', #1295, #2085, #401, .T. ) ;
#488 = CARTESIAN_POINT ( 'NONE',  ( 100.2714405626152256, -39.90000000000000568, 9.783619614496835482 ) ) ;
#489 = PLANE ( 'NONE',  #1580 ) ;
#490 = DIRECTION ( 'NONE',  ( 1.000000000000000000, 0.000000000000000000, 0.000000000000000000 ) ) ;
#491 = PLANE ( 'NONE',  #1476 ) ;
#492 = AXIS2_PLACEMENT_3D ( 'NONE', #2577, #1508, #2356 ) ;
#493 = AXIS2_PLACEMENT_3D ( 'NONE', #190, #1090, #1956 ) ;
#494 = LINE ( 'NONE', #1998, #815 ) ;
#495 = DIRECTION ( 'NONE',  ( 0.000000000000000000, -1.000000000000000000, 0.000000000000000000 ) ) ;
#496 = AXIS2_PLACEMENT_3D ( 'NONE', #380, #2098, #2489 ) ;
#497 = VECTOR ( 'NONE', #1925, 1000.000000000000000 ) ;
#498 = ORIENTED_EDGE ( 'NONE', *, *, #920, .T. ) ;
#499 = VECTOR ( 'NONE', #1325, 1000.000000000000000 ) ;
#500 = AXIS2_PLACEMENT_3D ( 'NONE', #1459, #19, #840 ) ;
#501 = DIRECTION ( 'NONE',  ( 0.000000000000000000, 0.000000000000000000, 1.000000000000000000 ) ) ;
#502 = VERTEX_POINT ( 'NONE', #2554 ) ;
#503 = DIRECTION ( 'NONE',  ( 0.000000000000000000, 0.000000000000000000, -1.000000000000000000 ) ) ;
#504 = ADVANCED_FACE ( 'NONE', ( #1442 ), #2298, .F. ) ;
#505 = ADVANCED_FACE ( 'NONE', ( #1904 ), #1664, .F. ) ;
#506 = VERTEX_POINT ( 'NONE', #1292 ) ;
#507 = FACE_OUTER_BOUND ( 'NONE', #1093, .T. ) ;
#508 = CARTESIAN_POINT ( 'NONE',  ( 100.2714405626152256, -51.90000000000000568, 21.38361961449637150 ) ) ;
#509 = EDGE_CURVE ( 'NONE', #2000, #1364, #2638, .T. ) ;
#510 = ORIENTED_EDGE ( 'NONE', *, *, #1069, .T. ) ;
#511 = CARTESIAN_POINT ( 'NONE',  ( 34.30252969376431338, -39.90000000000000568, 35.46433038056284914 ) ) ;
#512 = ORIENTED_EDGE ( 'NONE', *, *, #2234, .T. ) ;
#513 = EDGE_CURVE ( 'NONE', #2239, #2153, #2742, .T. ) ;
#514 = DIRECTION ( 'NONE',  ( -7.679198982806108336E-12, -0.7071067811865435759, 0.7071067811865513475 ) ) ;
#515 = VERTEX_POINT ( 'NONE', #2614 ) ;
#516 = DIRECTION ( 'NONE',  ( 1.000000000000000000, 0.000000000000000000, -8.773854711499440296E-15 ) ) ;
#517 = EDGE_CURVE ( 'NONE', #940, #667, #316, .T. ) ;
#518 = ORIENTED_EDGE ( 'NONE', *, *, #1875, .F. ) ;
#519 = CARTESIAN_POINT ( 'NONE',  ( -5.249622966511908510E-10, -5.992747858149948037, 4.510281037539683930E-14 ) ) ;
#520 = DIRECTION ( 'NONE',  ( 0.000000000000000000, -1.000000000000000000, 0.000000000000000000 ) ) ;
#521 = DIRECTION ( 'NONE',  ( 6.223206182385055573E-17, -1.000000000000000000, 0.000000000000000000 ) ) ;
#522 = EDGE_LOOP ( 'NONE', ( #1290, #2229, #934, #1745 ) ) ;
#523 = DIRECTION ( 'NONE',  ( 1.000000000000000000, 7.994117400814780061E-17, 0.000000000000000000 ) ) ;
#524 = ORIENTED_EDGE ( 'NONE', *, *, #1706, .F. ) ;
#525 = DIRECTION ( 'NONE',  ( 6.223206182385055573E-17, -1.000000000000000000, -0.000000000000000000 ) ) ;
#526 = EDGE_LOOP ( 'NONE', ( #705, #1843, #2434, #2556 ) ) ;
#527 = CARTESIAN_POINT ( 'NONE',  ( 90.15158376967681875, -39.90000000000000568, -9.616380385503205730 ) ) ;
#528 = DIRECTION ( 'NONE',  ( 0.000000000000000000, -1.000000000000000000, 0.000000000000000000 ) ) ;
#529 = LINE ( 'NONE', #737, #1441 ) ;
#530 = CIRCLE ( 'NONE', #47, 1.600000000000004086 ) ;
#531 = EDGE_LOOP ( 'NONE', ( #2122, #1811, #87, #1676 ) ) ;
#532 = EDGE_CURVE ( 'NONE', #970, #2589, #2168, .T. ) ;
#533 = DIRECTION ( 'NONE',  ( 6.223206182385055573E-17, -1.000000000000000000, 0.000000000000000000 ) ) ;
#534 = CIRCLE ( 'NONE', #685, 1.600000000000004086 ) ;
#535 = ORIENTED_EDGE ( 'NONE', *, *, #2275, .T. ) ;
#536 = VECTOR ( 'NONE', #2479, 1000.000000000000000 ) ;
#537 = DIRECTION ( 'NONE',  ( 0.000000000000000000, -1.000000000000000000, 0.000000000000000000 ) ) ;
#538 = AXIS2_PLACEMENT_3D ( 'NONE', #597, #1425, #2277 ) ;
#539 = VECTOR ( 'NONE', #2337, 1000.000000000000000 ) ;
#540 = LINE ( 'NONE', #567, #1165 ) ;
#541 = ORIENTED_EDGE ( 'NONE', *, *, #924, .T. ) ;
#542 = CARTESIAN_POINT ( 'NONE',  ( 114.8387553634337479, -100.9000000000000199, 53.33945959150561578 ) ) ;
#543 = AXIS2_PLACEMENT_3D ( 'NONE', #1104, #1776, #1958 ) ;
#544 = VECTOR ( 'NONE', #2300, 1000.000000000000000 ) ;
#545 = CIRCLE ( 'NONE', #981, 53.33945959100353207 ) ;
#546 = ORIENTED_EDGE ( 'NONE', *, *, #195, .F. ) ;
#547 = CARTESIAN_POINT ( 'NONE',  ( 1.406444597219022530E-15, 71.06174825673215878, -42.33945959125457392 ) ) ;
#548 = CARTESIAN_POINT ( 'NONE',  ( 109.8387553634337337, -100.9000000000000199, -48.33945959100352496 ) ) ;
#549 = DIRECTION ( 'NONE',  ( 0.000000000000000000, -1.000000000000000000, 0.000000000000000000 ) ) ;
#550 = PRESENTATION_STYLE_ASSIGNMENT (( #1605 ) ) ;
#551 = ORIENTED_EDGE ( 'NONE', *, *, #1186, .F. ) ;
#552 = CARTESIAN_POINT ( 'NONE',  ( 22.19999999999999929, -22.40000000000000213, 0.000000000000000000 ) ) ;
#553 = ORIENTED_EDGE ( 'NONE', *, *, #1920, .F. ) ;
#554 = LINE ( 'NONE', #319, #1704 ) ;
#555 = ORIENTED_EDGE ( 'NONE', *, *, #1277, .F. ) ;
#556 = DIRECTION ( 'NONE',  ( -1.000000000000000000, 0.000000000000000000, 0.000000000000000000 ) ) ;
#557 = ORIENTED_EDGE ( 'NONE', *, *, #1208, .T. ) ;
#558 = FACE_OUTER_BOUND ( 'NONE', #351, .T. ) ;
#559 = DIRECTION ( 'NONE',  ( 0.000000000000000000, 1.000000000000000000, 0.000000000000000000 ) ) ;
#560 = ORIENTED_EDGE ( 'NONE', *, *, #2198, .T. ) ;
#561 = DIRECTION ( 'NONE',  ( -0.000000000000000000, -1.000000000000000000, -0.000000000000000000 ) ) ;
#562 = DIRECTION ( 'NONE',  ( 0.000000000000000000, 1.000000000000000000, 0.000000000000000000 ) ) ;
#563 = FACE_BOUND ( 'NONE', #1922, .T. ) ;
#564 = ADVANCED_FACE ( 'NONE', ( #460 ), #2364, .T. ) ;
#565 = VERTEX_POINT ( 'NONE', #921 ) ;
#566 = DIRECTION ( 'NONE',  ( -1.000000000000000000, -7.692787033071868202E-17, 0.000000000000000000 ) ) ;
#567 = CARTESIAN_POINT ( 'NONE',  ( 22.54760732184050553, -201.6428835118155973, -48.33945959100353207 ) ) ;
#568 = VERTEX_POINT ( 'NONE', #1567 ) ;
#569 = FACE_OUTER_BOUND ( 'NONE', #32, .T. ) ;
#570 = EDGE_LOOP ( 'NONE', ( #524, #1957, #461, #2732 ) ) ;
#571 = EDGE_CURVE ( 'NONE', #719, #2766, #686, .T. ) ;
#572 = CARTESIAN_POINT ( 'NONE',  ( -15.86694255119153851, -14.40000000000000568, 1.943140040757165509E-15 ) ) ;
#573 = CARTESIAN_POINT ( 'NONE',  ( 22.54760732179579108, -5.492747858149949813, -53.33945959150553051 ) ) ;
#574 = ORIENTED_EDGE ( 'NONE', *, *, #2099, .T. ) ;
#575 = EDGE_CURVE ( 'NONE', #1552, #2101, #469, .T. ) ;
#576 = CARTESIAN_POINT ( 'NONE',  ( 1.406444597219022530E-15, -39.90000000000000568, -42.33945959125457392 ) ) ;
#577 = AXIS2_PLACEMENT_3D ( 'NONE', #1856, #301, #2254 ) ;
#578 = DIRECTION ( 'NONE',  ( -6.223206182385055573E-17, 1.000000000000000000, -0.000000000000000000 ) ) ;
#579 = EDGE_LOOP ( 'NONE', ( #913, #2010, #325, #447 ) ) ;
#580 = DIRECTION ( 'NONE',  ( 0.000000000000000000, 0.000000000000000000, -1.000000000000000000 ) ) ;
#581 = CLOSED_SHELL ( 'NONE', ( #797, #1700, #1063, #2482, #617, #1712, #1405, #2697, #1902, #2502, #2210, #283, #203, #1380, #2207, #1519, #1803, #1546, #207, #1688, #1286, #1780, #2301, #564, #2632, #1767, #2484, #684, #1495, #2419, #426, #2175, #1081, #188, #2668, #333, #1682, #884, #2178, #2781, #2685, #951, #505, #781, #1367, #2738, #2065, #609, #1681, #1418, #2677, #2265, #2369, #1832, #2562, #1594, #2712, #2390, #2592, #306, #1161, #200, #2769, #1896, #216, #95, #455, #2583, #478, #2487, #1300, #2678, #910, #723, #2595, #43, #1822, #74, #2001, #1097, #1074, #1606, #638, #2076, #504, #2415, #82 ) ) ;
#582 = EDGE_CURVE ( 'NONE', #850, #334, #2135, .T. ) ;
#583 = AXIS2_PLACEMENT_3D ( 'NONE', #2497, #2025, #1817 ) ;
#584 = EDGE_LOOP ( 'NONE', ( #1797, #2501 ) ) ;
#585 = FACE_OUTER_BOUND ( 'NONE', #1602, .T. ) ;
#586 = AXIS2_PLACEMENT_3D ( 'NONE', #698, #653, #1306 ) ;
#587 = VECTOR ( 'NONE', #1153, 1000.000000000000000 ) ;
#588 = ORIENTED_EDGE ( 'NONE', *, *, #1949, .T. ) ;
#589 = DIRECTION ( 'NONE',  ( -1.000000000000000000, 0.000000000000000000, 0.000000000000000000 ) ) ;
#590 = CIRCLE ( 'NONE', #1130, 1.600000000000004086 ) ;
#591 = CIRCLE ( 'NONE', #417, 51.33945959101390599 ) ;
#592 = PLANE ( 'NONE',  #1036 ) ;
#593 = ORIENTED_EDGE ( 'NONE', *, *, #2392, .T. ) ;
#594 = EDGE_CURVE ( 'NONE', #667, #940, #1218, .T. ) ;
#595 = EDGE_CURVE ( 'NONE', #2633, #39, #217, .T. ) ;
#596 = FACE_OUTER_BOUND ( 'NONE', #2604, .T. ) ;
#597 = CARTESIAN_POINT ( 'NONE',  ( 4.546388350011443617E-15, -73.05540290276918824, 0.000000000000000000 ) ) ;
#598 = EDGE_LOOP ( 'NONE', ( #2783, #366, #2459, #535, #1324, #1703, #315, #1299, #414, #2353 ) ) ;
#599 = ORIENTED_EDGE ( 'NONE', *, *, #2690, .T. ) ;
#600 = CARTESIAN_POINT ( 'NONE',  ( 32.91205926839927542, -39.90000000000000568, -34.02676577464587382 ) ) ;
#601 = EDGE_CURVE ( 'NONE', #1718, #8, #1989, .T. ) ;
#602 = ORIENTED_EDGE ( 'NONE', *, *, #691, .T. ) ;
#603 = EDGE_CURVE ( 'NONE', #667, #2658, #1335, .T. ) ;
#604 = LINE ( 'NONE', #630, #2702 ) ;
#605 = CARTESIAN_POINT ( 'NONE',  ( 32.54999999997162519, -5.592747858149947682, 4.908903570668228513E-14 ) ) ;
#606 = DIRECTION ( 'NONE',  ( 0.000000000000000000, 0.000000000000000000, -1.000000000000000000 ) ) ;
#607 = VERTEX_POINT ( 'NONE', #258 ) ;
#608 = DIRECTION ( 'NONE',  ( -0.000000000000000000, 1.000000000000000000, -0.000000000000000000 ) ) ;
#609 = ADVANCED_FACE ( 'NONE', ( #13 ), #666, .T. ) ;
#610 = CARTESIAN_POINT ( 'NONE',  ( 32.04999999997162519, -5.592747858149947682, 4.510281037539683930E-14 ) ) ;
#611 = DIRECTION ( 'NONE',  ( 0.000000000000000000, -0.000000000000000000, 1.000000000000000000 ) ) ;
#612 = ORIENTED_EDGE ( 'NONE', *, *, #2026, .T. ) ;
#613 = PLANE ( 'NONE',  #1651 ) ;
#614 = CARTESIAN_POINT ( 'NONE',  ( 22.54760732179579108, 17.60258924626558041, -48.33945959100353207 ) ) ;
#615 = EDGE_LOOP ( 'NONE', ( #1869, #871, #2432, #1159 ) ) ;
#616 = DIRECTION ( 'NONE',  ( 6.223206182385055573E-17, -1.000000000000000000, -0.000000000000000000 ) ) ;
#617 = ADVANCED_FACE ( 'NONE', ( #1969 ), #56, .F. ) ;
#618 = ORIENTED_EDGE ( 'NONE', *, *, #2155, .T. ) ;
#619 = FACE_OUTER_BOUND ( 'NONE', #1763, .T. ) ;
#620 = DIRECTION ( 'NONE',  ( 6.223206182385055573E-17, -1.000000000000000000, 0.000000000000000000 ) ) ;
#621 = LINE ( 'NONE', #1699, #1435 ) ;
#622 = CYLINDRICAL_SURFACE ( 'NONE', #636, 53.33945959100353207 ) ;
#623 = ORIENTED_EDGE ( 'NONE', *, *, #1452, .F. ) ;
#624 = DIRECTION ( 'NONE',  ( 0.000000000000000000, -1.000000000000000000, 0.000000000000000000 ) ) ;
#625 = CARTESIAN_POINT ( 'NONE',  ( -5.249689571940052701E-10, 176.7589912188659582, 48.33945959150561578 ) ) ;
#626 = EDGE_LOOP ( 'NONE', ( #1994, #728, #551, #1932 ) ) ;
#627 = ORIENTED_EDGE ( 'NONE', *, *, #571, .F. ) ;
#628 = AXIS2_PLACEMENT_3D ( 'NONE', #886, #326, #1407 ) ;
#629 = ORIENTED_EDGE ( 'NONE', *, *, #430, .F. ) ;
#630 = CARTESIAN_POINT ( 'NONE',  ( -1.658944095047059444E-15, -39.90000000000000568, 5.071193425748508350E-16 ) ) ;
#631 = VECTOR ( 'NONE', #1812, 1000.000000000000000 ) ;
#632 = CIRCLE ( 'NONE', #2382, 31.73529657842451357 ) ;
#633 = FACE_OUTER_BOUND ( 'NONE', #1409, .T. ) ;
#634 = CIRCLE ( 'NONE', #2568, 53.33945959150557314 ) ;
#635 = ORIENTED_EDGE ( 'NONE', *, *, #999, .T. ) ;
#636 = AXIS2_PLACEMENT_3D ( 'NONE', #2306, #1653, #2745 ) ;
#637 = VECTOR ( 'NONE', #1562, 1000.000000000000000 ) ;
#638 = ADVANCED_FACE ( 'NONE', ( #2586 ), #444, .F. ) ;
#639 = DIRECTION ( 'NONE',  ( 0.000000000000000000, 0.000000000000000000, 1.000000000000000000 ) ) ;
#640 = ORIENTED_EDGE ( 'NONE', *, *, #2475, .T. ) ;
#641 = DIRECTION ( 'NONE',  ( -6.223206182385055573E-17, 1.000000000000000000, 0.000000000000000000 ) ) ;
#642 = ORIENTED_EDGE ( 'NONE', *, *, #1504, .T. ) ;
#643 = CARTESIAN_POINT ( 'NONE',  ( 102.2714405626152256, -44.90000000000001279, 23.38361961449636794 ) ) ;
#644 = CARTESIAN_POINT ( 'NONE',  ( 3.480482304735955816E-16, -5.592747858149948570, 0.000000000000000000 ) ) ;
#645 = ORIENTED_EDGE ( 'NONE', *, *, #158, .T. ) ;
#646 = DIRECTION ( 'NONE',  ( -6.223206182385055573E-17, 1.000000000000000000, 0.000000000000000000 ) ) ;
#647 = LINE ( 'NONE', #44, #2751 ) ;
#648 = CARTESIAN_POINT ( 'NONE',  ( 48.86551710199186260, -51.90000000000000568, 21.38361961449682269 ) ) ;
#649 = ORIENTED_EDGE ( 'NONE', *, *, #582, .F. ) ;
#650 = ORIENTED_EDGE ( 'NONE', *, *, #1310, .T. ) ;
#651 = FACE_BOUND ( 'NONE', #379, .T. ) ;
#652 = LINE ( 'NONE', #1691, #2527 ) ;
#653 = DIRECTION ( 'NONE',  ( 0.000000000000000000, -1.000000000000000000, 0.000000000000000000 ) ) ;
#654 = VERTEX_POINT ( 'NONE', #2197 ) ;
#655 = LINE ( 'NONE', #390, #1713 ) ;
#656 = EDGE_LOOP ( 'NONE', ( #498, #330, #1959, #2407 ) ) ;
#657 = CARTESIAN_POINT ( 'NONE',  ( 8.147886941524747742E-16, -13.09274785814994857, 0.000000000000000000 ) ) ;
#658 = CARTESIAN_POINT ( 'NONE',  ( 109.8387553634337337, -100.9000000000000199, -48.33945959100352496 ) ) ;
#659 = DIRECTION ( 'NONE',  ( 1.224646799147353207E-16, 7.621229531691877884E-33, 1.000000000000000000 ) ) ;
#660 = ORIENTED_EDGE ( 'NONE', *, *, #1289, .T. ) ;
#661 = CARTESIAN_POINT ( 'NONE',  ( 114.8387553634337621, -201.6428835118155689, 53.33945959150561578 ) ) ;
#662 = CARTESIAN_POINT ( 'NONE',  ( 52.43451856103956743, -44.90000000000001279, 9.783619614496846140 ) ) ;
#663 = EDGE_CURVE ( 'NONE', #1554, #1826, #2289, .T. ) ;
#664 = VERTEX_POINT ( 'NONE', #1397 ) ;
#665 = DIRECTION ( 'NONE',  ( 1.000000000000000000, 0.000000000000000000, 0.000000000000000000 ) ) ;
#666 = CYLINDRICAL_SURFACE ( 'NONE', #674, 32.55000000049658126 ) ;
#667 = VERTEX_POINT ( 'NONE', #2447 ) ;
#668 = VECTOR ( 'NONE', #1986, 1000.000000000000000 ) ;
#669 = ORIENTED_EDGE ( 'NONE', *, *, #714, .T. ) ;
#670 = CARTESIAN_POINT ( 'NONE',  ( 114.8387553634337479, -72.99615436277660763, 15.00000000000004086 ) ) ;
#671 = AXIS2_PLACEMENT_3D ( 'NONE', #1828, #1429, #80 ) ;
#672 = DIRECTION ( 'NONE',  ( 1.000000000000000000, -0.000000000000000000, 0.000000000000000000 ) ) ;
#673 = VECTOR ( 'NONE', #1717, 1000.000000000000000 ) ;
#674 = AXIS2_PLACEMENT_3D ( 'NONE', #1529, #1116, #1724 ) ;
#675 = EDGE_LOOP ( 'NONE', ( #2233, #2355, #1068, #1182 ) ) ;
#676 = AXIS2_PLACEMENT_3D ( 'NONE', #1996, #1770, #99 ) ;
#677 = LINE ( 'NONE', #1556, #58 ) ;
#678 = EDGE_CURVE ( 'NONE', #1951, #2253, #2648, .T. ) ;
#679 = DIRECTION ( 'NONE',  ( 0.000000000000000000, -1.000000000000000000, 0.000000000000000000 ) ) ;
#680 = AXIS2_PLACEMENT_3D ( 'NONE', #1838, #177, #1042 ) ;
#681 = VECTOR ( 'NONE', #1107, 1000.000000000000000 ) ;
#682 = FACE_BOUND ( 'NONE', #831, .T. ) ;
#683 = DIRECTION ( 'NONE',  ( -6.223206182385055573E-17, 1.000000000000000000, 0.000000000000000000 ) ) ;
#684 = ADVANCED_FACE ( 'NONE', ( #1840 ), #2044, .F. ) ;
#685 = AXIS2_PLACEMENT_3D ( 'NONE', #1720, #1544, #1923 ) ;
#686 = LINE ( 'NONE', #868, #856 ) ;
#687 = VERTEX_POINT ( 'NONE', #552 ) ;
#688 = VERTEX_POINT ( 'NONE', #1622 ) ;
#689 = CARTESIAN_POINT ( 'NONE',  ( 63.47144056266680678, -44.90000000000001279, 13.98361961449660917 ) ) ;
#690 = LINE ( 'NONE', #474, #1216 ) ;
#691 = EDGE_CURVE ( 'NONE', #372, #1226, #1172, .T. ) ;
#692 = ORIENTED_EDGE ( 'NONE', *, *, #2060, .F. ) ;
#693 = DIRECTION ( 'NONE',  ( 0.000000000000000000, -1.000000000000000000, 0.000000000000000000 ) ) ;
#694 = FACE_OUTER_BOUND ( 'NONE', #140, .T. ) ;
#695 = DIRECTION ( 'NONE',  ( -0.000000000000000000, 1.000000000000000000, -0.000000000000000000 ) ) ;
#696 = EDGE_CURVE ( 'NONE', #348, #2485, #1377, .T. ) ;
#697 = EDGE_CURVE ( 'NONE', #2282, #2589, #2466, .T. ) ;
#698 = CARTESIAN_POINT ( 'NONE',  ( 1.406444597219022530E-15, 71.06174825673215878, 0.000000000000000000 ) ) ;
#699 = EDGE_LOOP ( 'NONE', ( #1633, #932, #541, #475, #669 ) ) ;
#700 = FACE_BOUND ( 'NONE', #2663, .T. ) ;
#701 = EDGE_CURVE ( 'NONE', #65, #982, #1707, .T. ) ;
#702 = VERTEX_POINT ( 'NONE', #313 ) ;
#703 = EDGE_CURVE ( 'NONE', #1432, #2442, #1171, .T. ) ;
#704 = FACE_BOUND ( 'NONE', #2033, .T. ) ;
#705 = ORIENTED_EDGE ( 'NONE', *, *, #532, .F. ) ;
#706 = DIRECTION ( 'NONE',  ( -0.000000000000000000, 1.000000000000000000, -0.000000000000000000 ) ) ;
#707 = EDGE_CURVE ( 'NONE', #1278, #1010, #288, .T. ) ;
#708 = FACE_OUTER_BOUND ( 'NONE', #2371, .T. ) ;
#709 = DIRECTION ( 'NONE',  ( 0.000000000000000000, 0.000000000000000000, 1.000000000000000000 ) ) ;
#710 = CARTESIAN_POINT ( 'NONE',  ( -5.249503370094463650E-10, -201.6428835118155973, 53.33945959150561578 ) ) ;
#711 = CARTESIAN_POINT ( 'NONE',  ( 67.99129735560519805, -39.90000000000000568, 9.783619614496846140 ) ) ;
#712 = ORIENTED_EDGE ( 'NONE', *, *, #718, .F. ) ;
#713 = EDGE_CURVE ( 'NONE', #1834, #687, #453, .T. ) ;
#714 = EDGE_CURVE ( 'NONE', #1443, #2442, #1392, .T. ) ;
#715 = CARTESIAN_POINT ( 'NONE',  ( 109.8387553634337337, -72.99615436277660763, 15.00000000000004086 ) ) ;
#716 = ORIENTED_EDGE ( 'NONE', *, *, #227, .F. ) ;
#717 = DIRECTION ( 'NONE',  ( 0.000000000000000000, 0.000000000000000000, 1.000000000000000000 ) ) ;
#718 = EDGE_CURVE ( 'NONE', #2285, #462, #632, .T. ) ;
#719 = VERTEX_POINT ( 'NONE', #738 ) ;
#720 = DIRECTION ( 'NONE',  ( 0.000000000000000000, 0.000000000000000000, -1.000000000000000000 ) ) ;
#721 = AXIS2_PLACEMENT_3D ( 'NONE', #2579, #1, #925 ) ;
#722 =( NAMED_UNIT ( * ) PLANE_ANGLE_UNIT ( ) SI_UNIT ( $, .RADIAN. ) );
#723 = ADVANCED_FACE ( 'NONE', ( #1595 ), #1485, .F. ) ;
#724 = CIRCLE ( 'NONE', #231, 53.33945959150557314 ) ;
#725 = AXIS2_PLACEMENT_3D ( 'NONE', #2066, #2077, #1483 ) ;
#726 = CARTESIAN_POINT ( 'NONE',  ( 52.46544746535647619, -39.90000000000000568, -9.616380385503200401 ) ) ;
#727 = AXIS2_PLACEMENT_3D ( 'NONE', #1813, #2667, #1141 ) ;
#728 = ORIENTED_EDGE ( 'NONE', *, *, #2275, .F. ) ;
#729 = CIRCLE ( 'NONE', #2472, 42.33945959125457392 ) ;
#730 = VECTOR ( 'NONE', #1363, 1000.000000000000000 ) ;
#731 = CARTESIAN_POINT ( 'NONE',  ( 1.406444597219022530E-15, -14.40000000000000391, 38.33945959150555183 ) ) ;
#732 = ORIENTED_EDGE ( 'NONE', *, *, #1186, .T. ) ;
#733 = CARTESIAN_POINT ( 'NONE',  ( 102.2714405626152256, -51.90000000000000568, -23.21638038550273464 ) ) ;
#734 = PRODUCT_DEFINITION_CONTEXT ( 'detailed design', #31, 'design' ) ;
#735 = ORIENTED_EDGE ( 'NONE', *, *, #2574, .F. ) ;
#736 = DIRECTION ( 'NONE',  ( -6.223206182385055573E-17, 1.000000000000000000, 0.000000000000000000 ) ) ;
#737 = CARTESIAN_POINT ( 'NONE',  ( 90.15158376967681875, -44.90000000000001990, 21.38361961449637505 ) ) ;
#738 = CARTESIAN_POINT ( 'NONE',  ( 109.8387553634337337, -100.8999999999999631, -14.99999999999995737 ) ) ;
#739 = ORIENTED_EDGE ( 'NONE', *, *, #2008, .F. ) ;
#740 = DIRECTION ( 'NONE',  ( -1.000000000000000000, -0.000000000000000000, 8.237658817996960723E-15 ) ) ;
#741 = DIRECTION ( 'NONE',  ( 0.000000000000000000, -0.000000000000000000, 1.000000000000000000 ) ) ;
#742 = ORIENTED_EDGE ( 'NONE', *, *, #1777, .T. ) ;
#743 = CARTESIAN_POINT ( 'NONE',  ( 63.47144056266679257, -39.90000000000000568, -17.01638038550338905 ) ) ;
#744 = VERTEX_POINT ( 'NONE', #979 ) ;
#745 = DIRECTION ( 'NONE',  ( -6.223206182385055573E-17, 1.000000000000000000, -0.000000000000000000 ) ) ;
#746 = EDGE_CURVE ( 'NONE', #959, #2048, #1999, .T. ) ;
#747 = LINE ( 'NONE', #327, #270 ) ;
#748 = DIRECTION ( 'NONE',  ( 0.000000000000000000, 0.000000000000000000, -1.000000000000000000 ) ) ;
#749 = VERTEX_POINT ( 'NONE', #2645 ) ;
#750 = DIRECTION ( 'NONE',  ( -0.000000000000000000, 1.000000000000000000, -0.000000000000000000 ) ) ;
#751 = ORIENTED_EDGE ( 'NONE', *, *, #784, .F. ) ;
#752 = DIRECTION ( 'NONE',  ( 6.317345713648893103E-17, 0.000000000000000000, -1.000000000000000000 ) ) ;
#753 = DIRECTION ( 'NONE',  ( 3.428355779080372413E-16, 2.133536487978850584E-32, -1.000000000000000000 ) ) ;
#754 = EDGE_LOOP ( 'NONE', ( #282, #814, #1645, #1535 ) ) ;
#755 = DIRECTION ( 'NONE',  ( 0.000000000000000000, 0.000000000000000000, -1.000000000000000000 ) ) ;
#756 = ORIENTED_EDGE ( 'NONE', *, *, #26, .T. ) ;
#757 = CARTESIAN_POINT ( 'NONE',  ( 21.69999999999999929, -5.092747858149946794, 0.000000000000000000 ) ) ;
#758 = CARTESIAN_POINT ( 'NONE',  ( 6.502459021571172821E-16, -14.40000000000000391, -38.33945959125451708 ) ) ;
#759 = CIRCLE ( 'NONE', #2145, 0.5000000000000004441 ) ;
#760 = CARTESIAN_POINT ( 'NONE',  ( -5.249689571940052701E-10, 70.51698856536212645, 48.33945959150561578 ) ) ;
#761 = AXIS2_PLACEMENT_3D ( 'NONE', #4, #2164, #1964 ) ;
#762 = VERTEX_POINT ( 'NONE', #955 ) ;
#763 = AXIS2_PLACEMENT_3D ( 'NONE', #1155, #533, #1786 ) ;
#764 = DIRECTION ( 'NONE',  ( -6.223206182385055573E-17, 1.000000000000000000, -0.000000000000000000 ) ) ;
#765 = CIRCLE ( 'NONE', #1621, 32.55000000049658126 ) ;
#766 = FACE_OUTER_BOUND ( 'NONE', #656, .T. ) ;
#767 = ORIENTED_EDGE ( 'NONE', *, *, #1868, .T. ) ;
#768 = CARTESIAN_POINT ( 'NONE',  ( 32.91205926793856662, -44.90000000000001279, 34.02676577509149070 ) ) ;
#769 = AXIS2_PLACEMENT_3D ( 'NONE', #371, #2535, #606 ) ;
#770 = AXIS2_PLACEMENT_3D ( 'NONE', #2068, #525, #971 ) ;
#771 = TOROIDAL_SURFACE ( 'NONE', #1167, 32.05000000049658126, 0.5000000000000000000 ) ;
#772 = ORIENTED_EDGE ( 'NONE', *, *, #17, .F. ) ;
#773 = DIRECTION ( 'NONE',  ( -1.000000000000000000, -6.223206182385055573E-17, 0.000000000000000000 ) ) ;
#774 = EDGE_CURVE ( 'NONE', #1443, #2239, #1814, .T. ) ;
#775 = CARTESIAN_POINT ( 'NONE',  ( 22.54760732179579108, 17.60258924626558041, -48.33945959100353207 ) ) ;
#776 = VERTEX_POINT ( 'NONE', #2034 ) ;
#777 = CARTESIAN_POINT ( 'NONE',  ( 94.47144056266678547, -49.90000000000000568, -13.81638038550338266 ) ) ;
#778 = CARTESIAN_POINT ( 'NONE',  ( 90.15158376967683296, -39.90000000000001990, 21.38361961449637505 ) ) ;
#779 = VERTEX_POINT ( 'NONE', #1368 ) ;
#780 = CARTESIAN_POINT ( 'NONE',  ( 67.99129735560521226, -44.90000000000001990, 9.783619614496846140 ) ) ;
#781 = ADVANCED_FACE ( 'NONE', ( #2670, #1607 ), #1185, .F. ) ;
#782 = ORIENTED_EDGE ( 'NONE', *, *, #2334, .F. ) ;
#783 = CARTESIAN_POINT ( 'NONE',  ( 1.406444597219022530E-15, -39.90000000000000568, 0.000000000000000000 ) ) ;
#784 = EDGE_CURVE ( 'NONE', #1668, #186, #2687, .T. ) ;
#785 = ORIENTED_EDGE ( 'NONE', *, *, #575, .T. ) ;
#786 = LINE ( 'NONE', #1671, #2247 ) ;
#787 = ORIENTED_EDGE ( 'NONE', *, *, #1225, .T. ) ;
#788 = EDGE_CURVE ( 'NONE', #1217, #1736, #2695, .T. ) ;
#789 = CARTESIAN_POINT ( 'NONE',  ( 15.86694255119153851, -13.09274785814994679, 0.000000000000000000 ) ) ;
#790 =( NAMED_UNIT ( * ) PLANE_ANGLE_UNIT ( ) SI_UNIT ( $, .RADIAN. ) );
#791 = ORIENTED_EDGE ( 'NONE', *, *, #1386, .F. ) ;
#792 = CARTESIAN_POINT ( 'NONE',  ( 35.69300012008966405, 70.51698856536212645, -36.90189498555093905 ) ) ;
#793 = EDGE_LOOP ( 'NONE', ( #2046, #1714, #1775, #995, #510, #221 ) ) ;
#794 = CARTESIAN_POINT ( 'NONE',  ( 100.2714405626152399, -201.6428835118155689, -9.616380385503202177 ) ) ;
#795 = EDGE_CURVE ( 'NONE', #375, #2658, #1837, .T. ) ;
#796 = ORIENTED_EDGE ( 'NONE', *, *, #746, .F. ) ;
#797 = ADVANCED_FACE ( 'NONE', ( #2320 ), #1423, .F. ) ;
#798 = DIRECTION ( 'NONE',  ( 1.000000000000000000, 6.223206182385055573E-17, 6.317345713648893103E-17 ) ) ;
#799 = CARTESIAN_POINT ( 'NONE',  ( 67.99129735560519805, -44.90000000000007674, 21.38361961449638216 ) ) ;
#800 = ORIENTED_EDGE ( 'NONE', *, *, #115, .F. ) ;
#801 = DIRECTION ( 'NONE',  ( 0.000000000000000000, 0.000000000000000000, -1.000000000000000000 ) ) ;
#802 = EDGE_CURVE ( 'NONE', #1635, #702, #634, .T. ) ;
#803 = ORIENTED_EDGE ( 'NONE', *, *, #1507, .T. ) ;
#804 = AXIS2_PLACEMENT_3D ( 'NONE', #428, #2772, #1569 ) ;
#805 = PRODUCT ( 'base of robot arm 62126', 'base of robot arm 62126', '', ( #2291 ) ) ;
#806 = EDGE_CURVE ( 'NONE', #1317, #1137, #2719, .T. ) ;
#807 = EDGE_CURVE ( 'NONE', #515, #702, #419, .T. ) ;
#808 = VECTOR ( 'NONE', #129, 1000.000000000000000 ) ;
#809 = VERTEX_POINT ( 'NONE', #2524 ) ;
#810 = CARTESIAN_POINT ( 'NONE',  ( 22.54760732184049488, -24.40000000000000568, -48.33945959100353207 ) ) ;
#811 = VECTOR ( 'NONE', #1670, 1000.000000000000000 ) ;
#812 = VECTOR ( 'NONE', #2722, 1000.000000000000000 ) ;
#813 = CIRCLE ( 'NONE', #2058, 42.33945959125457392 ) ;
#814 = ORIENTED_EDGE ( 'NONE', *, *, #1883, .T. ) ;
#815 = VECTOR ( 'NONE', #1761, 1000.000000000000000 ) ;
#816 = LINE ( 'NONE', #392, #12 ) ;
#817 = PLANE ( 'NONE',  #364 ) ;
#818 = DIRECTION ( 'NONE',  ( 0.000000000000000000, 0.000000000000000000, 1.000000000000000000 ) ) ;
#819 = ORIENTED_EDGE ( 'NONE', *, *, #972, .T. ) ;
#820 = CARTESIAN_POINT ( 'NONE',  ( 1.436916551327355815E-14, 71.06174825673215878, 42.33945959101390599 ) ) ;
#821 = DIRECTION ( 'NONE',  ( -1.000000000000000000, -6.504465884214041280E-17, 0.000000000000000000 ) ) ;
#822 = DIRECTION ( 'NONE',  ( 1.000000000000000000, 5.329411600461881032E-17, 0.000000000000000000 ) ) ;
#823 = ORIENTED_EDGE ( 'NONE', *, *, #2187, .F. ) ;
#824 = VERTEX_POINT ( 'NONE', #1437 ) ;
#825 = DIRECTION ( 'NONE',  ( 0.000000000000000000, 1.000000000000000000, 0.000000000000000000 ) ) ;
#826 = ORIENTED_EDGE ( 'NONE', *, *, #2500, .F. ) ;
#827 = DIRECTION ( 'NONE',  ( 0.000000000000000000, 0.000000000000000000, 1.000000000000000000 ) ) ;
#828 = DIRECTION ( 'NONE',  ( 6.223206182385056805E-17, -1.000000000000000000, 0.000000000000000000 ) ) ;
#829 = CARTESIAN_POINT ( 'NONE',  ( 1.406444597219022530E-15, -44.90000000000001279, 0.000000000000000000 ) ) ;
#830 = CARTESIAN_POINT ( 'NONE',  ( 94.47144056266679968, -39.90000000000000568, 15.58361961449661237 ) ) ;
#831 = EDGE_LOOP ( 'NONE', ( #156, #208 ) ) ;
#832 = EDGE_CURVE ( 'NONE', #688, #1668, #1463, .T. ) ;
#833 = LINE ( 'NONE', #1254, #134 ) ;
#834 = DIRECTION ( 'NONE',  ( 0.000000000000000000, 0.000000000000000000, 1.000000000000000000 ) ) ;
#835 = CARTESIAN_POINT ( 'NONE',  ( 1.904299719749659973E-15, -100.9000000000000199, -48.33945959100353207 ) ) ;
#836 = DIRECTION ( 'NONE',  ( 1.000000000000000000, 0.000000000000000000, -0.000000000000000000 ) ) ;
#837 = ORIENTED_EDGE ( 'NONE', *, *, #1982, .F. ) ;
#838 = DIRECTION ( 'NONE',  ( -1.749901211841862327E-10, 0.000000000000000000, 1.000000000000000000 ) ) ;
#839 = ORIENTED_EDGE ( 'NONE', *, *, #1199, .F. ) ;
#840 = DIRECTION ( 'NONE',  ( 1.749901211841862327E-10, 0.000000000000000000, -1.000000000000000000 ) ) ;
#841 = EDGE_CURVE ( 'NONE', #654, #2038, #813, .T. ) ;
#842 = CARTESIAN_POINT ( 'NONE',  ( 90.15158376967683296, -201.6428835118155689, -21.21638038550273819 ) ) ;
#843 = ORIENTED_EDGE ( 'NONE', *, *, #2190, .T. ) ;
#844 = CARTESIAN_POINT ( 'NONE',  ( 90.15158376967681875, -39.90000000000000568, 9.783619614496846140 ) ) ;
#845 = DIRECTION ( 'NONE',  ( 1.000000000000000000, -0.000000000000000000, 3.428355779080372413E-16 ) ) ;
#846 = VERTEX_POINT ( 'NONE', #1674 ) ;
#847 = DIRECTION ( 'NONE',  ( -0.000000000000000000, -1.000000000000000000, -0.000000000000000000 ) ) ;
#848 = AXIS2_PLACEMENT_3D ( 'NONE', #1001, #752, #118 ) ;
#849 = FACE_BOUND ( 'NONE', #1792, .T. ) ;
#850 = VERTEX_POINT ( 'NONE', #789 ) ;
#851 = VECTOR ( 'NONE', #878, 1000.000000000000000 ) ;
#852 = CARTESIAN_POINT ( 'NONE',  ( 63.47144056266679257, -44.90000000000001279, -13.81638038550338266 ) ) ;
#853 = VECTOR ( 'NONE', #2037, 1000.000000000000000 ) ;
#854 = ORIENTED_EDGE ( 'NONE', *, *, #298, .T. ) ;
#855 = DIRECTION ( 'NONE',  ( 1.000000000000000000, 6.223206182385055573E-17, -0.000000000000000000 ) ) ;
#856 = VECTOR ( 'NONE', #2401, 1000.000000000000000 ) ;
#857 = DIRECTION ( 'NONE',  ( -8.237658817996960723E-15, 0.000000000000000000, -1.000000000000000000 ) ) ;
#858 = LINE ( 'NONE', #875, #2423 ) ;
#859 = CIRCLE ( 'NONE', #902, 1.600000000000004086 ) ;
#860 = AXIS2_PLACEMENT_3D ( 'NONE', #1056, #2295, #385 ) ;
#861 = ORIENTED_EDGE ( 'NONE', *, *, #513, .F. ) ;
#862 = AXIS2_PLACEMENT_3D ( 'NONE', #2521, #559, #818 ) ;
#863 = AXIS2_PLACEMENT_3D ( 'NONE', #37, #695, #887 ) ;
#864 = CYLINDRICAL_SURFACE ( 'NONE', #1983, 1.600000000000004086 ) ;
#865 = CARTESIAN_POINT ( 'NONE',  ( 94.47144056266678547, -39.90000000000000568, -13.81638038550338266 ) ) ;
#866 = EDGE_LOOP ( 'NONE', ( #2362, #441, #2560, #1091 ) ) ;
#867 = DIRECTION ( 'NONE',  ( 0.000000000000000000, 1.000000000000000000, 0.000000000000000000 ) ) ;
#868 = CARTESIAN_POINT ( 'NONE',  ( 68.86773388061018863, -100.8999999999999631, -14.99999999999995737 ) ) ;
#869 = ORIENTED_EDGE ( 'NONE', *, *, #1105, .T. ) ;
#870 = LINE ( 'NONE', #16, #1223 ) ;
#871 = ORIENTED_EDGE ( 'NONE', *, *, #991, .T. ) ;
#872 = DIRECTION ( 'NONE',  ( 1.000000000000000000, 0.000000000000000000, 0.000000000000000000 ) ) ;
#873 = CARTESIAN_POINT ( 'NONE',  ( 34.30252969424448395, 70.51698856536212645, -37.46433038009840999 ) ) ;
#874 = EDGE_CURVE ( 'NONE', #2051, #2575, #2156, .T. ) ;
#875 = CARTESIAN_POINT ( 'NONE',  ( 102.2714405626152256, -51.90000000000000568, -23.21638038550273464 ) ) ;
#876 = ORIENTED_EDGE ( 'NONE', *, *, #213, .T. ) ;
#877 = CARTESIAN_POINT ( 'NONE',  ( 109.8387553634337337, -100.8999999999999631, 15.00000000000004086 ) ) ;
#878 = DIRECTION ( 'NONE',  ( -6.223206182385055573E-17, 1.000000000000000000, -0.000000000000000000 ) ) ;
#879 = DIRECTION ( 'NONE',  ( 1.000000000000000000, 6.223206182385056805E-17, -0.000000000000000000 ) ) ;
#880 = ORIENTED_EDGE ( 'NONE', *, *, #2303, .F. ) ;
#881 = ORIENTED_EDGE ( 'NONE', *, *, #691, .F. ) ;
#882 = LINE ( 'NONE', #2428, #681 ) ;
#883 = EDGE_LOOP ( 'NONE', ( #2602, #1071, #2266, #2692 ) ) ;
#884 = ADVANCED_FACE ( 'NONE', ( #1480 ), #1214, .F. ) ;
#885 = LINE ( 'NONE', #2351, #1315 ) ;
#886 = CARTESIAN_POINT ( 'NONE',  ( -5.249622966511908510E-10, -5.992747858149948037, 4.510281037539683930E-14 ) ) ;
#887 = DIRECTION ( 'NONE',  ( 0.000000000000000000, 0.000000000000000000, 1.000000000000000000 ) ) ;
#888 = CARTESIAN_POINT ( 'NONE',  ( -5.249623277672218263E-10, -5.492747858149948925, 4.510281037539683930E-14 ) ) ;
#889 = DIRECTION ( 'NONE',  ( 0.000000000000000000, 0.000000000000000000, -1.000000000000000000 ) ) ;
#890 = EDGE_CURVE ( 'NONE', #970, #1845, #135, .T. ) ;
#891 = ORIENTED_EDGE ( 'NONE', *, *, #285, .F. ) ;
#892 = AXIS2_PLACEMENT_3D ( 'NONE', #908, #51, #1088 ) ;
#893 = EDGE_CURVE ( 'NONE', #289, #1359, #1644, .T. ) ;
#894 = CIRCLE ( 'NONE', #2097, 42.33945959125457392 ) ;
#895 = VERTEX_POINT ( 'NONE', #2121 ) ;
#896 = LINE ( 'NONE', #252, #1318 ) ;
#897 = CIRCLE ( 'NONE', #2373, 21.69999999999999929 ) ;
#898 = VECTOR ( 'NONE', #28, 1000.000000000000000 ) ;
#899 = VERTEX_POINT ( 'NONE', #1865 ) ;
#900 = EDGE_CURVE ( 'NONE', #1834, #2589, #1934, .T. ) ;
#901 = CARTESIAN_POINT ( 'NONE',  ( 63.47144056266679257, -49.90000000000000568, -15.41638038550338585 ) ) ;
#902 = AXIS2_PLACEMENT_3D ( 'NONE', #2053, #1876, #2316 ) ;
#903 = AXIS2_PLACEMENT_3D ( 'NONE', #1241, #2539, #2105 ) ;
#904 = DIRECTION ( 'NONE',  ( 6.223206182385055573E-17, -1.000000000000000000, 0.000000000000000000 ) ) ;
#905 = PLANE ( 'NONE',  #1163 ) ;
#906 = CIRCLE ( 'NONE', #1157, 21.19999999999999929 ) ;
#907 = CIRCLE ( 'NONE', #1623, 2.000000000000001776 ) ;
#908 = CARTESIAN_POINT ( 'NONE',  ( -5.249622966511908510E-10, -5.992747858149948037, 4.510281037539683930E-14 ) ) ;
#909 = VECTOR ( 'NONE', #1283, 1000.000000000000000 ) ;
#910 = ADVANCED_FACE ( 'NONE', ( #596 ), #1453, .F. ) ;
#911 = DIRECTION ( 'NONE',  ( 0.000000000000000000, 0.000000000000000000, -1.000000000000000000 ) ) ;
#912 = ORIENTED_EDGE ( 'NONE', *, *, #22, .T. ) ;
#913 = ORIENTED_EDGE ( 'NONE', *, *, #79, .F. ) ;
#914 = CARTESIAN_POINT ( 'NONE',  ( -5.249621410710362846E-10, -8.492747858149948925, 4.510281037539683930E-14 ) ) ;
#915 = ORIENTED_EDGE ( 'NONE', *, *, #594, .F. ) ;
#916 = DIRECTION ( 'NONE',  ( 6.223206182385055573E-17, -1.000000000000000000, 0.000000000000000000 ) ) ;
#917 = DIRECTION ( 'NONE',  ( 0.000000000000000000, -1.000000000000000000, 0.000000000000000000 ) ) ;
#918 = CARTESIAN_POINT ( 'NONE',  ( 109.8387553634337337, -72.99615436277660763, -14.99999999999995737 ) ) ;
#919 = PLANE ( 'NONE',  #2457 ) ;
#920 = EDGE_CURVE ( 'NONE', #899, #178, #2762, .T. ) ;
#921 = CARTESIAN_POINT ( 'NONE',  ( 114.8387553634337479, -100.9000000000000199, 53.33945959150561578 ) ) ;
#922 = ORIENTED_EDGE ( 'NONE', *, *, #2405, .T. ) ;
#923 = FACE_OUTER_BOUND ( 'NONE', #1175, .T. ) ;
#924 = EDGE_CURVE ( 'NONE', #2427, #1253, #1127, .T. ) ;
#925 = DIRECTION ( 'NONE',  ( -1.000000000000000000, 0.000000000000000000, 0.000000000000000000 ) ) ;
#926 = ORIENTED_EDGE ( 'NONE', *, *, #517, .F. ) ;
#927 = CARTESIAN_POINT ( 'NONE',  ( 48.86551710199186260, -44.90000000000001279, 21.38361961449682269 ) ) ;
#928 = EDGE_CURVE ( 'NONE', #1295, #348, #164, .T. ) ;
#929 = ORIENTED_EDGE ( 'NONE', *, *, #1180, .F. ) ;
#930 = PLANE ( 'NONE',  #2696 ) ;
#931 = SURFACE_STYLE_FILL_AREA ( #113 ) ;
#932 = ORIENTED_EDGE ( 'NONE', *, *, #2294, .T. ) ;
#933 = DIRECTION ( 'NONE',  ( -6.223206182385056805E-17, 1.000000000000000000, 0.000000000000000000 ) ) ;
#934 = ORIENTED_EDGE ( 'NONE', *, *, #1478, .F. ) ;
#935 = LINE ( 'NONE', #2403, #1582 ) ;
#936 = CARTESIAN_POINT ( 'NONE',  ( 15.86694255119153851, -14.40000000000000213, 0.000000000000000000 ) ) ;
#937 = EDGE_LOOP ( 'NONE', ( #1261, #2587, #2505, #512, #553, #472 ) ) ;
#938 = DIRECTION ( 'NONE',  ( -6.223206182385055573E-17, 1.000000000000000000, 0.000000000000000000 ) ) ;
#939 = AXIS2_PLACEMENT_3D ( 'NONE', #2449, #764, #2481 ) ;
#940 = VERTEX_POINT ( 'NONE', #49 ) ;
#941 = CARTESIAN_POINT ( 'NONE',  ( 100.2714405626152256, -51.90000000000000568, 21.38361961449637150 ) ) ;
#942 = CIRCLE ( 'NONE', #359, 53.33945959150557314 ) ;
#943 = AXIS2_PLACEMENT_3D ( 'NONE', #2246, #1408, #1152 ) ;
#944 = DIRECTION ( 'NONE',  ( -0.000000000000000000, 1.000000000000000000, -0.000000000000000000 ) ) ;
#945 = COLOUR_RGB ( '',0.7921568627450980005, 0.8196078431372548767, 0.9333333333333333481 ) ;
#946 = ORIENTED_EDGE ( 'NONE', *, *, #1400, .F. ) ;
#947 = FACE_OUTER_BOUND ( 'NONE', #1497, .T. ) ;
#948 = AXIS2_PLACEMENT_3D ( 'NONE', #2354, #1294, #2137 ) ;
#949 = CIRCLE ( 'NONE', #323, 1.600000000000004086 ) ;
#950 = DIRECTION ( 'NONE',  ( 0.000000000000000000, 0.000000000000000000, -1.000000000000000000 ) ) ;
#951 = ADVANCED_FACE ( 'NONE', ( #2133 ), #1952, .T. ) ;
#952 = ORIENTED_EDGE ( 'NONE', *, *, #394, .F. ) ;
#953 = ORIENTED_EDGE ( 'NONE', *, *, #471, .T. ) ;
#954 = DIRECTION ( 'NONE',  ( 0.000000000000000000, -1.000000000000000000, 0.000000000000000000 ) ) ;
#955 = CARTESIAN_POINT ( 'NONE',  ( 67.99129735560519805, -44.90000000000001990, -21.21638038550273819 ) ) ;
#956 = ORIENTED_EDGE ( 'NONE', *, *, #2778, .F. ) ;
#957 = DIRECTION ( 'NONE',  ( 0.000000000000000000, 0.000000000000000000, 1.000000000000000000 ) ) ;
#958 = CARTESIAN_POINT ( 'NONE',  ( 63.47144056266679257, -49.90000000000000568, -13.81638038550338266 ) ) ;
#959 = VERTEX_POINT ( 'NONE', #1741 ) ;
#960 = CARTESIAN_POINT ( 'NONE',  ( 34.30252969424448395, -44.90000000000001279, -35.46433038009840288 ) ) ;
#961 = ORIENTED_EDGE ( 'NONE', *, *, #1316, .T. ) ;
#962 = DIRECTION ( 'NONE',  ( -0.000000000000000000, -1.000000000000000000, -0.000000000000000000 ) ) ;
#963 = EDGE_CURVE ( 'NONE', #2633, #899, #1112, .T. ) ;
#964 = CARTESIAN_POINT ( 'NONE',  ( 68.86773388061018863, -100.8999999999999631, 15.00000000000004086 ) ) ;
#965 =( NAMED_UNIT ( * ) SI_UNIT ( $, .STERADIAN. ) SOLID_ANGLE_UNIT ( ) );
#966 = EDGE_CURVE ( 'NONE', #483, #244, #322, .T. ) ;
#967 = CARTESIAN_POINT ( 'NONE',  ( 1.393998184854252922E-15, -22.40000000000000213, 0.000000000000000000 ) ) ;
#968 = ORIENTED_EDGE ( 'NONE', *, *, #2446, .T. ) ;
#969 = LINE ( 'NONE', #958, #808 ) ;
#970 = VERTEX_POINT ( 'NONE', #1941 ) ;
#971 = DIRECTION ( 'NONE',  ( -1.000000000000000000, -5.706327223545775037E-17, 0.000000000000000000 ) ) ;
#972 = EDGE_CURVE ( 'NONE', #762, #291, #2360, .T. ) ;
#973 = ORIENTED_EDGE ( 'NONE', *, *, #2393, .T. ) ;
#974 = CARTESIAN_POINT ( 'NONE',  ( 102.2714405626152256, -51.90000000000000568, 23.38361961449636794 ) ) ;
#975 = AXIS2_PLACEMENT_3D ( 'NONE', #268, #1388, #709 ) ;
#976 = EDGE_CURVE ( 'NONE', #688, #502, #885, .T. ) ;
#977 = VECTOR ( 'NONE', #2002, 1000.000000000000000 ) ;
#978 = EDGE_CURVE ( 'NONE', #982, #65, #412, .T. ) ;
#979 = CARTESIAN_POINT ( 'NONE',  ( 90.15158376967681875, -44.90000000000001990, -21.21638038550273819 ) ) ;
#980 = DIRECTION ( 'NONE',  ( 6.223206182385055573E-17, -1.000000000000000000, 0.000000000000000000 ) ) ;
#981 = AXIS2_PLACEMENT_3D ( 'NONE', #121, #1638, #1614 ) ;
#982 = VERTEX_POINT ( 'NONE', #1545 ) ;
#983 = AXIS2_PLACEMENT_3D ( 'NONE', #1455, #2323, #155 ) ;
#984 = CARTESIAN_POINT ( 'NONE',  ( 6.938893903907228378E-15, -44.90000000000001279, -4.416871317657988804E-16 ) ) ;
#985 = EDGE_CURVE ( 'NONE', #1680, #1612, #24, .T. ) ;
#986 = VECTOR ( 'NONE', #845, 1000.000000000000000 ) ;
#987 = FACE_BOUND ( 'NONE', #2725, .T. ) ;
#988 = EDGE_LOOP ( 'NONE', ( #627, #2069, #2543, #2644, #2027, #623, #2307, #2278, #1087, #1906, #1642, #1520, #1403 ) ) ;
#989 = DIRECTION ( 'NONE',  ( -1.000000000000000000, 0.000000000000000000, -4.372082260101668755E-12 ) ) ;
#990 = CIRCLE ( 'NONE', #680, 1.600000000000004086 ) ;
#991 = EDGE_CURVE ( 'NONE', #2051, #244, #1984, .T. ) ;
#992 = VERTEX_POINT ( 'NONE', #1498 ) ;
#993 = CARTESIAN_POINT ( 'NONE',  ( -45.60000000102155582, -5.992747858149950702, 4.510281037539683930E-14 ) ) ;
#994 = CARTESIAN_POINT ( 'NONE',  ( -5.249623526600465239E-10, -5.092747858149948570, 4.510281037539683930E-14 ) ) ;
#995 = ORIENTED_EDGE ( 'NONE', *, *, #678, .F. ) ;
#996 = EDGE_CURVE ( 'NONE', #2048, #2477, #431, .T. ) ;
#997 = CARTESIAN_POINT ( 'NONE',  ( -22.19999999999999929, -21.90000000000000213, 2.718715894107124312E-15 ) ) ;
#998 = DIRECTION ( 'NONE',  ( 6.223206182385055573E-17, -1.000000000000000000, 0.000000000000000000 ) ) ;
#999 = EDGE_CURVE ( 'NONE', #1198, #2067, #2165, .T. ) ;
#1000 = ORIENTED_EDGE ( 'NONE', *, *, #2405, .F. ) ;
#1001 = CARTESIAN_POINT ( 'NONE',  ( -4.757593478803530084E-10, 176.7589912188659582, -48.33945959100353207 ) ) ;
#1002 = LINE ( 'NONE', #614, #812 ) ;
#1003 = EDGE_CURVE ( 'NONE', #2550, #1382, #2625, .T. ) ;
#1004 = VERTEX_POINT ( 'NONE', #662 ) ;
#1005 = DIRECTION ( 'NONE',  ( -6.223206182385055573E-17, 1.000000000000000000, -0.000000000000000000 ) ) ;
#1006 = ORIENTED_EDGE ( 'NONE', *, *, #14, .T. ) ;
#1007 = DIRECTION ( 'NONE',  ( -6.223206182385055573E-17, 1.000000000000000000, -0.000000000000000000 ) ) ;
#1008 = EDGE_CURVE ( 'NONE', #8, #2236, #2192, .T. ) ;
#1009 = LINE ( 'NONE', #2331, #179 ) ;
#1010 = VERTEX_POINT ( 'NONE', #865 ) ;
#1011 = CARTESIAN_POINT ( 'NONE',  ( 27.92684951111261427, -21.89088960372333759, 45.83034919522896189 ) ) ;
#1012 = EDGE_CURVE ( 'NONE', #186, #289, #677, .T. ) ;
#1013 = DIRECTION ( 'NONE',  ( -1.000000000000000000, -5.706327223545775037E-17, 0.000000000000000000 ) ) ;
#1014 = FACE_OUTER_BOUND ( 'NONE', #2620, .T. ) ;
#1015 = ORIENTED_EDGE ( 'NONE', *, *, #2400, .F. ) ;
#1016 = DIRECTION ( 'NONE',  ( 0.2923343977283160422, 0.000000000000000000, 0.9563161610601499385 ) ) ;
#1017 = CARTESIAN_POINT ( 'NONE',  ( 48.02184535457853798, -44.89999999999999858, -23.21638038550319649 ) ) ;
#1018 = CARTESIAN_POINT ( 'NONE',  ( 8.961416902634484758E-16, -14.40000000000000391, 0.000000000000000000 ) ) ;
#1019 = ORIENTED_EDGE ( 'NONE', *, *, #966, .F. ) ;
#1020 = DIRECTION ( 'NONE',  ( 1.000000000000000000, 0.000000000000000000, 8.633711214205551007E-15 ) ) ;
#1021 = ORIENTED_EDGE ( 'NONE', *, *, #1982, .T. ) ;
#1022 = PLANE ( 'NONE',  #1795 ) ;
#1023 = DIRECTION ( 'NONE',  ( 1.000000000000000000, 0.000000000000000000, -2.226775009523454581E-11 ) ) ;
#1024 = ORIENTED_EDGE ( 'NONE', *, *, #2083, .F. ) ;
#1025 = CARTESIAN_POINT ( 'NONE',  ( 47.94063290349891560, -51.90000000000000568, 23.38361961449681559 ) ) ;
#1026 = CARTESIAN_POINT ( 'NONE',  ( -5.249623277672218263E-10, -5.492747858149948925, 4.510281037539683930E-14 ) ) ;
#1027 = FACE_OUTER_BOUND ( 'NONE', #1800, .T. ) ;
#1028 = CARTESIAN_POINT ( 'NONE',  ( 94.47144056266678547, -44.90000000000001279, -15.41638038550338585 ) ) ;
#1029 = VECTOR ( 'NONE', #2729, 1000.000000000000000 ) ;
#1030 = AXIS2_PLACEMENT_3D ( 'NONE', #2023, #521, #2226 ) ;
#1031 = VERTEX_POINT ( 'NONE', #1721 ) ;
#1032 = CARTESIAN_POINT ( 'NONE',  ( 109.8387553634337337, -100.9000000000000199, -48.33945959100352496 ) ) ;
#1033 = AXIS2_PLACEMENT_3D ( 'NONE', #2417, #549, #720 ) ;
#1034 = VECTOR ( 'NONE', #578, 1000.000000000000000 ) ;
#1035 = EDGE_CURVE ( 'NONE', #424, #1004, #1732, .T. ) ;
#1036 = AXIS2_PLACEMENT_3D ( 'NONE', #775, #1898, #2759 ) ;
#1037 = EDGE_LOOP ( 'NONE', ( #1066, #2739, #791, #1221 ) ) ;
#1038 = AXIS2_PLACEMENT_3D ( 'NONE', #2406, #473, #2186 ) ;
#1039 = DIRECTION ( 'NONE',  ( 1.000000000000000000, 0.000000000000000000, -0.000000000000000000 ) ) ;
#1040 = DIRECTION ( 'NONE',  ( 0.000000000000000000, 0.000000000000000000, -1.000000000000000000 ) ) ;
#1041 = CIRCLE ( 'NONE', #761, 31.73529657842451357 ) ;
#1042 = DIRECTION ( 'NONE',  ( 0.000000000000000000, 0.000000000000000000, 1.000000000000000000 ) ) ;
#1043 = ORIENTED_EDGE ( 'NONE', *, *, #1516, .F. ) ;
#1044 = CARTESIAN_POINT ( 'NONE',  ( 34.30252969424448395, -39.90000000000000568, -37.46433038009840999 ) ) ;
#1045 = DIRECTION ( 'NONE',  ( -0.000000000000000000, 0.000000000000000000, -1.000000000000000000 ) ) ;
#1046 = VERTEX_POINT ( 'NONE', #2597 ) ;
#1047 = ORIENTED_EDGE ( 'NONE', *, *, #2491, .F. ) ;
#1048 = DIRECTION ( 'NONE',  ( 1.000000000000000000, 6.223206182385055573E-17, -0.000000000000000000 ) ) ;
#1049 = LINE ( 'NONE', #1346, #1270 ) ;
#1050 = EDGE_LOOP ( 'NONE', ( #692, #1458, #406, #1456 ) ) ;
#1051 = CARTESIAN_POINT ( 'NONE',  ( -22.19999999999999929, -22.40000000000000213, 2.718715894107124312E-15 ) ) ;
#1052 = PLANE ( 'NONE',  #317 ) ;
#1053 = FACE_OUTER_BOUND ( 'NONE', #1624, .T. ) ;
#1054 = EDGE_LOOP ( 'NONE', ( #1438, #1145, #1974, #122, #464, #2773, #602 ) ) ;
#1055 = PLANE ( 'NONE',  #1748 ) ;
#1056 = CARTESIAN_POINT ( 'NONE',  ( 94.47144056266679968, -49.90000000000000568, 15.58361961449661237 ) ) ;
#1057 = ORIENTED_EDGE ( 'NONE', *, *, #125, .F. ) ;
#1058 = EDGE_LOOP ( 'NONE', ( #2675, #1293, #1366, #2528 ) ) ;
#1059 = CARTESIAN_POINT ( 'NONE',  ( 8.961416902634480813E-16, -14.40000000000000391, 0.000000000000000000 ) ) ;
#1060 = PLANE ( 'NONE',  #2241 ) ;
#1061 = CIRCLE ( 'NONE', #1424, 21.69999999999999929 ) ;
#1062 = ORIENTED_EDGE ( 'NONE', *, *, #1467, .F. ) ;
#1063 = ADVANCED_FACE ( 'NONE', ( #1525 ), #1320, .F. ) ;
#1064 = PLANE ( 'NONE',  #500 ) ;
#1065 = CARTESIAN_POINT ( 'NONE',  ( 63.47144056266679257, -49.90000000000000568, -17.01638038550338905 ) ) ;
#1066 = ORIENTED_EDGE ( 'NONE', *, *, #1860, .T. ) ;
#1067 = CARTESIAN_POINT ( 'NONE',  ( 22.54760732179579108, -39.90000000000000568, -48.33945959100353207 ) ) ;
#1068 = ORIENTED_EDGE ( 'NONE', *, *, #1631, .T. ) ;
#1069 = EDGE_CURVE ( 'NONE', #1951, #1362, #293, .T. ) ;
#1070 = DIRECTION ( 'NONE',  ( -1.000000000000000000, 0.000000000000000000, -2.230183380315852871E-16 ) ) ;
#1071 = ORIENTED_EDGE ( 'NONE', *, *, #696, .F. ) ;
#1072 = AXIS2_PLACEMENT_3D ( 'NONE', #1113, #962, #1565 ) ;
#1073 = DIRECTION ( 'NONE',  ( -6.223206182385056805E-17, 1.000000000000000000, 0.000000000000000000 ) ) ;
#1074 = ADVANCED_FACE ( 'NONE', ( #2396 ), #2021, .F. ) ;
#1075 = ORIENTED_EDGE ( 'NONE', *, *, #1337, .T. ) ;
#1076 = DIRECTION ( 'NONE',  ( -0.000000000000000000, -1.000000000000000000, -0.000000000000000000 ) ) ;
#1077 = AXIS2_PLACEMENT_3D ( 'NONE', #2540, #611, #354 ) ;
#1078 = AXIS2_PLACEMENT_3D ( 'NONE', #1943, #879, #1744 ) ;
#1079 = LINE ( 'NONE', #873, #171 ) ;
#1080 = LINE ( 'NONE', #1496, #224 ) ;
#1081 = ADVANCED_FACE ( 'NONE', ( #708 ), #489, .F. ) ;
#1082 = VERTEX_POINT ( 'NONE', #1197 ) ;
#1083 = AXIS2_PLACEMENT_3D ( 'NONE', #1870, #2736, #1666 ) ;
#1084 = CIRCLE ( 'NONE', #2431, 15.86694255119153851 ) ;
#1085 = DIRECTION ( 'NONE',  ( 1.000000000000000000, 5.466227396646332844E-17, 0.000000000000000000 ) ) ;
#1086 = CARTESIAN_POINT ( 'NONE',  ( 100.2714405626152399, -44.90000000000001990, -9.616380385503202177 ) ) ;
#1087 = ORIENTED_EDGE ( 'NONE', *, *, #2184, .T. ) ;
#1088 = DIRECTION ( 'NONE',  ( -1.000000000000000000, -5.769590274803901152E-17, 0.000000000000000000 ) ) ;
#1089 = FACE_BOUND ( 'NONE', #78, .T. ) ;
#1090 = DIRECTION ( 'NONE',  ( -6.223206182385055573E-17, 1.000000000000000000, -0.000000000000000000 ) ) ;
#1091 = ORIENTED_EDGE ( 'NONE', *, *, #2288, .T. ) ;
#1092 = EDGE_CURVE ( 'NONE', #289, #1243, #1564, .T. ) ;
#1093 = EDGE_LOOP ( 'NONE', ( #1722, #1148, #1354, #72 ) ) ;
#1094 = DIRECTION ( 'NONE',  ( 6.223206182385055573E-17, -1.000000000000000000, -0.000000000000000000 ) ) ;
#1095 = DIRECTION ( 'NONE',  ( 0.000000000000000000, -1.000000000000000000, 0.000000000000000000 ) ) ;
#1096 = ORIENTED_EDGE ( 'NONE', *, *, #302, .T. ) ;
#1097 = ADVANCED_FACE ( 'NONE', ( #1376 ), #66, .F. ) ;
#1098 = DIRECTION ( 'NONE',  ( -0.000000000000000000, 1.000000000000000000, -0.000000000000000000 ) ) ;
#1099 = CARTESIAN_POINT ( 'NONE',  ( 45.59999999997162945, -5.992747858149945372, 5.068719977956957756E-14 ) ) ;
#1100 = EDGE_CURVE ( 'NONE', #1436, #1951, #2657, .T. ) ;
#1101 = DIRECTION ( 'NONE',  ( 1.000000000000000000, 6.223206182385056805E-17, -0.000000000000000000 ) ) ;
#1102 = CARTESIAN_POINT ( 'NONE',  ( -5.249621410710362846E-10, -8.492747858149948925, 4.510281037539683930E-14 ) ) ;
#1103 = ORIENTED_EDGE ( 'NONE', *, *, #841, .F. ) ;
#1104 = CARTESIAN_POINT ( 'NONE',  ( 78.97144056266678547, -44.90000000000001279, 0.08361961449660990087 ) ) ;
#1105 = EDGE_CURVE ( 'NONE', #334, #2684, #9, .T. ) ;
#1106 = ORIENTED_EDGE ( 'NONE', *, *, #893, .T. ) ;
#1107 = DIRECTION ( 'NONE',  ( -0.000000000000000000, 1.000000000000000000, -0.000000000000000000 ) ) ;
#1108 = MANIFOLD_SOLID_BREP ( 'Cut-Extrude19', #581 ) ;
#1109 = VECTOR ( 'NONE', #2363, 1000.000000000000000 ) ;
#1110 = ORIENTED_EDGE ( 'NONE', *, *, #1875, .T. ) ;
#1111 = EDGE_CURVE ( 'NONE', #1412, #218, #529, .T. ) ;
#1112 = LINE ( 'NONE', #1086, #986 ) ;
#1113 = CARTESIAN_POINT ( 'NONE',  ( 1.904301091784583624E-15, -39.90000000000000568, 0.000000000000000000 ) ) ;
#1114 = FACE_OUTER_BOUND ( 'NONE', #2314, .T. ) ;
#1115 = FACE_OUTER_BOUND ( 'NONE', #937, .T. ) ;
#1116 = DIRECTION ( 'NONE',  ( -6.223206182385055573E-17, 1.000000000000000000, -0.000000000000000000 ) ) ;
#1117 = EDGE_LOOP ( 'NONE', ( #2302, #1500 ) ) ;
#1118 = AXIS2_PLACEMENT_3D ( 'NONE', #984, #2542, #1927 ) ;
#1119 = VERTEX_POINT ( 'NONE', #1365 ) ;
#1120 = LINE ( 'NONE', #2622, #1446 ) ;
#1121 = VECTOR ( 'NONE', #226, 1000.000000000000000 ) ;
#1122 = FACE_OUTER_BOUND ( 'NONE', #883, .T. ) ;
#1123 = AXIS2_PLACEMENT_3D ( 'NONE', #1126, #916, #1769 ) ;
#1124 = AXIS2_PLACEMENT_3D ( 'NONE', #1559, #480, #2411 ) ;
#1125 = ORIENTED_EDGE ( 'NONE', *, *, #697, .F. ) ;
#1126 = CARTESIAN_POINT ( 'NONE',  ( 4.064681486348456094E-15, -22.40000000000000213, 0.000000000000000000 ) ) ;
#1127 = CIRCLE ( 'NONE', #2108, 2.000000000000001776 ) ;
#1128 = DIRECTION ( 'NONE',  ( 0.000000000000000000, 1.000000000000000000, 0.000000000000000000 ) ) ;
#1129 = CARTESIAN_POINT ( 'NONE',  ( 90.15158376967683296, -201.6428835118155689, 21.38361961449637505 ) ) ;
#1130 = AXIS2_PLACEMENT_3D ( 'NONE', #2754, #825, #1360 ) ;
#1131 = VECTOR ( 'NONE', #1919, 1000.000000000000000 ) ;
#1132 = CARTESIAN_POINT ( 'NONE',  ( 100.2714405626152399, -44.90000000000001990, 9.783619614496835482 ) ) ;
#1133 = DIRECTION ( 'NONE',  ( 0.000000000000000000, -0.000000000000000000, -1.000000000000000000 ) ) ;
#1134 = DIRECTION ( 'NONE',  ( 0.000000000000000000, -1.000000000000000000, 0.000000000000000000 ) ) ;
#1135 = ORIENTED_EDGE ( 'NONE', *, *, #924, .F. ) ;
#1136 = EDGE_CURVE ( 'NONE', #389, #2412, #2445, .T. ) ;
#1137 = VERTEX_POINT ( 'NONE', #1393 ) ;
#1138 = CYLINDRICAL_SURFACE ( 'NONE', #181, 1.600000000000004086 ) ;
#1139 = ORIENTED_EDGE ( 'NONE', *, *, #1692, .F. ) ;
#1140 = DIRECTION ( 'NONE',  ( 6.223206182385055573E-17, -1.000000000000000000, 0.000000000000000000 ) ) ;
#1141 = DIRECTION ( 'NONE',  ( 1.000000000000000000, 1.093294105263232888E-16, 0.000000000000000000 ) ) ;
#1142 = ORIENTED_EDGE ( 'NONE', *, *, #703, .T. ) ;
#1143 = CARTESIAN_POINT ( 'NONE',  ( 90.15158376967683296, -201.6428835118155689, -21.21638038550273819 ) ) ;
#1144 = DIRECTION ( 'NONE',  ( 0.000000000000000000, 0.000000000000000000, -1.000000000000000000 ) ) ;
#1145 = ORIENTED_EDGE ( 'NONE', *, *, #802, .T. ) ;
#1146 = CARTESIAN_POINT ( 'NONE',  ( 48.02184535457853798, -51.90000000000000568, -23.21638038550320005 ) ) ;
#1147 = LINE ( 'NONE', #119, #977 ) ;
#1148 = ORIENTED_EDGE ( 'NONE', *, *, #2078, .T. ) ;
#1149 = CARTESIAN_POINT ( 'NONE',  ( 1.904299719749659973E-15, -39.90000000000000568, -48.33945959100353207 ) ) ;
#1150 = UNCERTAINTY_MEASURE_WITH_UNIT (LENGTH_MEASURE( 1.000000000000000082E-05 ), #1783, 'distance_accuracy_value', 'NONE');
#1151 = ORIENTED_EDGE ( 'NONE', *, *, #802, .F. ) ;
#1152 = DIRECTION ( 'NONE',  ( -1.000000000000000000, 0.000000000000000000, -6.317345713648893103E-17 ) ) ;
#1153 = DIRECTION ( 'NONE',  ( 0.000000000000000000, 0.000000000000000000, -1.000000000000000000 ) ) ;
#1154 = ORIENTED_EDGE ( 'NONE', *, *, #394, .T. ) ;
#1155 = CARTESIAN_POINT ( 'NONE',  ( 3.169321995616702791E-16, -5.092747858149948570, 0.000000000000000000 ) ) ;
#1156 = ORIENTED_EDGE ( 'NONE', *, *, #2280, .F. ) ;
#1157 = AXIS2_PLACEMENT_3D ( 'NONE', #343, #1189, #1609 ) ;
#1158 = CARTESIAN_POINT ( 'NONE',  ( 47.94063290349891560, -51.90000000000000568, 23.38361961449681559 ) ) ;
#1159 = ORIENTED_EDGE ( 'NONE', *, *, #2608, .F. ) ;
#1160 = VECTOR ( 'NONE', #2510, 1000.000000000000000 ) ;
#1161 = ADVANCED_FACE ( 'NONE', ( #1168 ), #2213, .T. ) ;
#1162 = CARTESIAN_POINT ( 'NONE',  ( 52.43451856103956743, -39.90000000000000568, 9.783619614496846140 ) ) ;
#1163 = AXIS2_PLACEMENT_3D ( 'NONE', #1129, #2680, #2141 ) ;
#1164 = ORIENTED_EDGE ( 'NONE', *, *, #1586, .T. ) ;
#1165 = VECTOR ( 'NONE', #1598, 1000.000000000000000 ) ;
#1166 = FACE_OUTER_BOUND ( 'NONE', #1530, .T. ) ;
#1167 = AXIS2_PLACEMENT_3D ( 'NONE', #1384, #2464, #2452 ) ;
#1168 = FACE_OUTER_BOUND ( 'NONE', #1037, .T. ) ;
#1169 = ORIENTED_EDGE ( 'NONE', *, *, #920, .F. ) ;
#1170 = AXIS2_PLACEMENT_3D ( 'NONE', #409, #2070, #589 ) ;
#1171 = CIRCLE ( 'NONE', #1353, 47.33945959101390599 ) ;
#1172 = LINE ( 'NONE', #340, #1439 ) ;
#1173 = PRESENTATION_LAYER_ASSIGNMENT (  '', '', ( #318 ) ) ;
#1174 = VECTOR ( 'NONE', #2286, 1000.000000000000000 ) ;
#1175 = EDGE_LOOP ( 'NONE', ( #2650, #1462, #1204, #800 ) ) ;
#1176 = CIRCLE ( 'NONE', #2335, 48.33945959125457392 ) ;
#1177 = PLANE ( 'NONE',  #583 ) ;
#1178 = ORIENTED_EDGE ( 'NONE', *, *, #575, .F. ) ;
#1179 = CARTESIAN_POINT ( 'NONE',  ( 1.904301091809826778E-15, -100.9000000000000199, 0.000000000000000000 ) ) ;
#1180 = EDGE_CURVE ( 'NONE', #2477, #762, #2433, .T. ) ;
#1181 = EDGE_CURVE ( 'NONE', #2584, #1198, #1184, .T. ) ;
#1182 = ORIENTED_EDGE ( 'NONE', *, *, #2392, .F. ) ;
#1183 = DIRECTION ( 'NONE',  ( 0.000000000000000000, 0.000000000000000000, 1.000000000000000000 ) ) ;
#1184 = LINE ( 'NONE', #508, #587 ) ;
#1185 = PLANE ( 'NONE',  #2104 ) ;
#1186 = EDGE_CURVE ( 'NONE', #1436, #389, #1824, .T. ) ;
#1187 = EDGE_CURVE ( 'NONE', #1668, #992, #2504, .T. ) ;
#1188 = ORIENTED_EDGE ( 'NONE', *, *, #2322, .F. ) ;
#1189 = DIRECTION ( 'NONE',  ( 6.223206182385055573E-17, -1.000000000000000000, -0.000000000000000000 ) ) ;
#1190 = FACE_BOUND ( 'NONE', #1117, .T. ) ;
#1191 = ORIENTED_EDGE ( 'NONE', *, *, #1949, .F. ) ;
#1192 = PLANE ( 'NONE',  #314 ) ;
#1193 = EDGE_CURVE ( 'NONE', #1687, #1046, #161, .T. ) ;
#1194 = VERTEX_POINT ( 'NONE', #799 ) ;
#1195 = EDGE_CURVE ( 'NONE', #1387, #2064, #990, .T. ) ;
#1196 = DIRECTION ( 'NONE',  ( -6.223206182385056805E-17, 1.000000000000000000, 0.000000000000000000 ) ) ;
#1197 = CARTESIAN_POINT ( 'NONE',  ( -5.249611015625349270E-10, -100.9000000000000199, -53.33945959100353207 ) ) ;
#1198 = VERTEX_POINT ( 'NONE', #149 ) ;
#1199 = EDGE_CURVE ( 'NONE', #1981, #779, #1009, .T. ) ;
#1200 = DIRECTION ( 'NONE',  ( -6.223206182385055573E-17, 1.000000000000000000, -0.000000000000000000 ) ) ;
#1201 = EDGE_LOOP ( 'NONE', ( #29, #2654, #1629, #159 ) ) ;
#1202 = LINE ( 'NONE', #1827, #2326 ) ;
#1203 = DIRECTION ( 'NONE',  ( 0.000000000000000000, 0.000000000000000000, -1.000000000000000000 ) ) ;
#1204 = ORIENTED_EDGE ( 'NONE', *, *, #1111, .F. ) ;
#1205 = LINE ( 'NONE', #542, #1618 ) ;
#1206 = ORIENTED_EDGE ( 'NONE', *, *, #707, .T. ) ;
#1207 = FACE_OUTER_BOUND ( 'NONE', #1899, .T. ) ;
#1208 = EDGE_CURVE ( 'NONE', #2442, #2153, #786, .T. ) ;
#1209 = CARTESIAN_POINT ( 'NONE',  ( 114.8387553634337479, -39.90000000000000568, 21.38361961449682269 ) ) ;
#1210 = APPLICATION_PROTOCOL_DEFINITION ( 'draft international standard', 'automotive_design', 1998, #2704 ) ;
#1211 = EDGE_LOOP ( 'NONE', ( #785, #2537, #1918, #1809, #114, #2344, #2416, #1326, #1991, #968, #2572, #2350 ) ) ;
#1212 = LINE ( 'NONE', #820, #2563 ) ;
#1213 = EDGE_CURVE ( 'NONE', #1468, #1750, #1877, .T. ) ;
#1214 = PLANE ( 'NONE',  #903 ) ;
#1215 = FACE_OUTER_BOUND ( 'NONE', #598, .T. ) ;
#1216 = VECTOR ( 'NONE', #2591, 1000.000000000000000 ) ;
#1217 = VERTEX_POINT ( 'NONE', #1686 ) ;
#1218 = CIRCLE ( 'NONE', #1880, 32.55000000049658126 ) ;
#1219 = CARTESIAN_POINT ( 'NONE',  ( 47.94063290349891560, -44.90000000000001279, 23.38361961449681559 ) ) ;
#1220 = FACE_OUTER_BOUND ( 'NONE', #387, .T. ) ;
#1221 = ORIENTED_EDGE ( 'NONE', *, *, #298, .F. ) ;
#1222 = CARTESIAN_POINT ( 'NONE',  ( -5.249621410710362846E-10, -8.492747858149948925, 4.510281037539683930E-14 ) ) ;
#1223 = VECTOR ( 'NONE', #1048, 1000.000000000000000 ) ;
#1224 = AXIS2_PLACEMENT_3D ( 'NONE', #888, #683, #1549 ) ;
#1225 = EDGE_CURVE ( 'NONE', #1338, #437, #2727, .T. ) ;
#1226 = VERTEX_POINT ( 'NONE', #573 ) ;
#1227 = CARTESIAN_POINT ( 'NONE',  ( 3.828480804327429118E-15, -14.40000000000000391, -38.33945959100346812 ) ) ;
#1228 = DIRECTION ( 'NONE',  ( 0.000000000000000000, -1.000000000000000000, 0.000000000000000000 ) ) ;
#1229 = ORIENTED_EDGE ( 'NONE', *, *, #966, .T. ) ;
#1230 = CARTESIAN_POINT ( 'NONE',  ( 78.97144056266678547, -44.90000000000001279, 0.08361961449660990087 ) ) ;
#1231 = DIRECTION ( 'NONE',  ( 0.000000000000000000, -1.000000000000000000, 0.000000000000000000 ) ) ;
#1232 = DIRECTION ( 'NONE',  ( 1.000000000000000000, 6.223206182385055573E-17, 0.000000000000000000 ) ) ;
#1233 = ORIENTED_EDGE ( 'NONE', *, *, #1225, .F. ) ;
#1234 = CARTESIAN_POINT ( 'NONE',  ( 31.73529657842451357, -14.40000000000000213, 0.000000000000000000 ) ) ;
#1235 = ORIENTED_EDGE ( 'NONE', *, *, #1883, .F. ) ;
#1236 = DIRECTION ( 'NONE',  ( -0.000000000000000000, -0.000000000000000000, 1.000000000000000000 ) ) ;
#1237 = EDGE_LOOP ( 'NONE', ( #2227, #2270, #1851, #21 ) ) ;
#1238 = CARTESIAN_POINT ( 'NONE',  ( 1.904301091784583624E-15, -14.40000000000000391, 0.000000000000000000 ) ) ;
#1239 = CARTESIAN_POINT ( 'NONE',  ( -21.19999999999999574, -73.05540290276918824, 0.000000000000000000 ) ) ;
#1240 = EDGE_LOOP ( 'NONE', ( #2413, #2469 ) ) ;
#1241 = CARTESIAN_POINT ( 'NONE',  ( 67.99129735560521226, -201.6428835118155689, -21.21638038550273819 ) ) ;
#1242 = FACE_OUTER_BOUND ( 'NONE', #2509, .T. ) ;
#1243 = VERTEX_POINT ( 'NONE', #1850 ) ;
#1244 = DIRECTION ( 'NONE',  ( 0.000000000000000000, 0.000000000000000000, 1.000000000000000000 ) ) ;
#1245 = EDGE_CURVE ( 'NONE', #2029, #568, #60, .T. ) ;
#1246 = CYLINDRICAL_SURFACE ( 'NONE', #2517, 21.69999999999999929 ) ;
#1247 = ORIENTED_EDGE ( 'NONE', *, *, #1477, .F. ) ;
#1248 = CARTESIAN_POINT ( 'NONE',  ( 35.69300011959002461, -39.90000000000000568, 36.90189498603420049 ) ) ;
#1249 = ORIENTED_EDGE ( 'NONE', *, *, #1946, .T. ) ;
#1250 = PLANE ( 'NONE',  #1937 ) ;
#1251 = DIRECTION ( 'NONE',  ( 1.000000000000000000, 5.412553747113663954E-17, 0.000000000000000000 ) ) ;
#1252 = CARTESIAN_POINT ( 'NONE',  ( 94.47144056266678547, -44.90000000000001279, -13.81638038550338266 ) ) ;
#1253 = VERTEX_POINT ( 'NONE', #2084 ) ;
#1254 = CARTESIAN_POINT ( 'NONE',  ( 48.93836074900862343, -51.90000000000000568, -21.21638038550318583 ) ) ;
#1255 = CARTESIAN_POINT ( 'NONE',  ( 45.09999999997162945, -8.492747858149945372, 5.062596743961220998E-14 ) ) ;
#1256 = CARTESIAN_POINT ( 'NONE',  ( 1.406444597219022530E-15, -44.90000000000001279, 0.000000000000000000 ) ) ;
#1257 = DIRECTION ( 'NONE',  ( 0.000000000000000000, -1.000000000000000000, 0.000000000000000000 ) ) ;
#1258 = VECTOR ( 'NONE', #514, 1000.000000000000114 ) ;
#1259 = AXIS2_PLACEMENT_3D ( 'NONE', #2144, #230, #1085 ) ;
#1260 = VECTOR ( 'NONE', #152, 1000.000000000000000 ) ;
#1261 = ORIENTED_EDGE ( 'NONE', *, *, #2214, .T. ) ;
#1262 = LINE ( 'NONE', #1679, #1356 ) ;
#1263 = CIRCLE ( 'NONE', #57, 32.05000000049658126 ) ;
#1264 = VECTOR ( 'NONE', #1231, 1000.000000000000000 ) ;
#1265 = AXIS2_PLACEMENT_3D ( 'NONE', #2273, #350, #2056 ) ;
#1266 = EDGE_LOOP ( 'NONE', ( #304, #593, #1021, #751 ) ) ;
#1267 = VECTOR ( 'NONE', #1493, 1000.000000000000000 ) ;
#1268 = CARTESIAN_POINT ( 'NONE',  ( -5.249613176321269457E-10, -100.9000000000000199, 53.33945959100353207 ) ) ;
#1269 = FACE_OUTER_BOUND ( 'NONE', #199, .T. ) ;
#1270 = VECTOR ( 'NONE', #55, 1000.000000000000000 ) ;
#1271 = ADVANCED_BREP_SHAPE_REPRESENTATION ( 'base of robot arm 62126', ( #1108, #274 ), #1488 ) ;
#1272 = CARTESIAN_POINT ( 'NONE',  ( 63.47144056266680678, -39.90000000000000568, 13.98361961449660917 ) ) ;
#1273 = EDGE_LOOP ( 'NONE', ( #803, #193, #1475, #1233 ) ) ;
#1274 = CARTESIAN_POINT ( 'NONE',  ( 22.54760732179579108, 17.60258924626558041, -53.33945959150553051 ) ) ;
#1275 = CARTESIAN_POINT ( 'NONE',  ( 109.8387553634337337, -44.90000000000001279, 0.08361961449660990087 ) ) ;
#1276 = ORIENTED_EDGE ( 'NONE', *, *, #2500, .T. ) ;
#1277 = EDGE_CURVE ( 'NONE', #2285, #1806, #2071, .T. ) ;
#1278 = VERTEX_POINT ( 'NONE', #1252 ) ;
#1279 = FACE_BOUND ( 'NONE', #1240, .T. ) ;
#1280 = DIRECTION ( 'NONE',  ( -1.000000000000000000, 0.000000000000000000, -6.317345713648893103E-17 ) ) ;
#1281 = ORIENTED_EDGE ( 'NONE', *, *, #388, .T. ) ;
#1282 = LINE ( 'NONE', #2784, #370 ) ;
#1283 = DIRECTION ( 'NONE',  ( 1.000000000000000000, 0.000000000000000000, 0.000000000000000000 ) ) ;
#1284 = CARTESIAN_POINT ( 'NONE',  ( 109.8387553634337337, 176.7589912188659582, 48.33945959150561578 ) ) ;
#1285 = EDGE_LOOP ( 'NONE', ( #1599, #2225, #1206, #2607 ) ) ;
#1286 = ADVANCED_FACE ( 'NONE', ( #413 ), #622, .T. ) ;
#1287 = CARTESIAN_POINT ( 'NONE',  ( 94.47144056266678547, -44.90000000000001279, -15.41638038550338585 ) ) ;
#1288 = CARTESIAN_POINT ( 'NONE',  ( -4.757593478803530084E-10, -100.9000000000000199, -48.33945959100353207 ) ) ;
#1289 = EDGE_CURVE ( 'NONE', #2495, #2639, #415, .T. ) ;
#1290 = ORIENTED_EDGE ( 'NONE', *, *, #195, .T. ) ;
#1291 = CARTESIAN_POINT ( 'NONE',  ( 34.30252969424448395, -44.90000000000001279, -35.46433038009840288 ) ) ;
#1292 = CARTESIAN_POINT ( 'NONE',  ( -14.13128680612167720, -39.90000000000001990, -46.22780642403083107 ) ) ;
#1293 = ORIENTED_EDGE ( 'NONE', *, *, #532, .T. ) ;
#1294 = DIRECTION ( 'NONE',  ( 6.223206182385055573E-17, -1.000000000000000000, -0.000000000000000000 ) ) ;
#1295 = VERTEX_POINT ( 'NONE', #974 ) ;
#1296 = CARTESIAN_POINT ( 'NONE',  ( 37.08347054593485836, -14.40000000000000213, -38.33945959100346812 ) ) ;
#1297 = PLANE ( 'NONE',  #2478 ) ;
#1298 = DIRECTION ( 'NONE',  ( -0.000000000000000000, 1.000000000000000000, -0.000000000000000000 ) ) ;
#1299 = ORIENTED_EDGE ( 'NONE', *, *, #1655, .T. ) ;
#1300 = ADVANCED_FACE ( 'NONE', ( #2317 ), #592, .F. ) ;
#1301 = DIRECTION ( 'NONE',  ( 1.000000000000000000, 0.000000000000000000, 0.000000000000000000 ) ) ;
#1302 = CARTESIAN_POINT ( 'NONE',  ( -45.10000000102154871, -8.492747858149952478, 4.510281037539683930E-14 ) ) ;
#1303 = CARTESIAN_POINT ( 'NONE',  ( 22.54760732179579108, -39.90000000000000568, -48.33945959100353207 ) ) ;
#1304 = DIRECTION ( 'NONE',  ( 0.000000000000000000, -1.000000000000000000, 0.000000000000000000 ) ) ;
#1305 = EDGE_CURVE ( 'NONE', #1784, #1468, #2208, .T. ) ;
#1306 = DIRECTION ( 'NONE',  ( 0.000000000000000000, 0.000000000000000000, -1.000000000000000000 ) ) ;
#1307 = EDGE_LOOP ( 'NONE', ( #881, #1561, #1281, #2480, #1015 ) ) ;
#1308 = EDGE_LOOP ( 'NONE', ( #169, #1142, #557, #1765 ) ) ;
#1309 = DIRECTION ( 'NONE',  ( -0.2923343977283160422, 0.000000000000000000, -0.9563161610601499385 ) ) ;
#1310 = EDGE_CURVE ( 'NONE', #2404, #2321, #729, .T. ) ;
#1311 = TOROIDAL_SURFACE ( 'NONE', #1884, 22.19999999999999929, 0.5000000000000000000 ) ;
#1312 = AXIS2_PLACEMENT_3D ( 'NONE', #1028, #2571, #1890 ) ;
#1313 = CARTESIAN_POINT ( 'NONE',  ( 67.99129735560519805, -39.90000000000000568, -9.616380385503205730 ) ) ;
#1314 = DIRECTION ( 'NONE',  ( 0.000000000000000000, -1.000000000000000000, 0.000000000000000000 ) ) ;
#1315 = VECTOR ( 'NONE', #233, 1000.000000000000000 ) ;
#1316 = EDGE_CURVE ( 'NONE', #654, #664, #395, .T. ) ;
#1317 = VERTEX_POINT ( 'NONE', #1420 ) ;
#1318 = VECTOR ( 'NONE', #1751, 1000.000000000000000 ) ;
#1319 = DIRECTION ( 'NONE',  ( -6.223206182385056805E-17, 1.000000000000000000, 0.000000000000000000 ) ) ;
#1320 = CYLINDRICAL_SURFACE ( 'NONE', #2385, 1.600000000000004086 ) ;
#1321 = CARTESIAN_POINT ( 'NONE',  ( 90.15158376967681875, -39.90000000000000568, -9.616380385503205730 ) ) ;
#1322 = DIRECTION ( 'NONE',  ( 0.000000000000000000, -1.000000000000000000, 0.000000000000000000 ) ) ;
#1323 = DIRECTION ( 'NONE',  ( -6.223206182385055573E-17, 1.000000000000000000, 0.000000000000000000 ) ) ;
#1324 = ORIENTED_EDGE ( 'NONE', *, *, #832, .T. ) ;
#1325 = DIRECTION ( 'NONE',  ( 0.000000000000000000, 0.000000000000000000, 1.000000000000000000 ) ) ;
#1326 = ORIENTED_EDGE ( 'NONE', *, *, #410, .F. ) ;
#1327 = CARTESIAN_POINT ( 'NONE',  ( 100.2714405626152256, -44.90000000000001279, 21.38361961449637150 ) ) ;
#1328 = CARTESIAN_POINT ( 'NONE',  ( 37.08347054541577137, -14.40000000000000213, 38.33945959150555183 ) ) ;
#1329 = ORIENTED_EDGE ( 'NONE', *, *, #403, .F. ) ;
#1330 = DIRECTION ( 'NONE',  ( 0.000000000000000000, 0.000000000000000000, 1.000000000000000000 ) ) ;
#1331 = CARTESIAN_POINT ( 'NONE',  ( 32.81703396777007242, -18.52666941239419884, -42.46612900339771102 ) ) ;
#1332 = FACE_OUTER_BOUND ( 'NONE', #570, .T. ) ;
#1333 = FACE_OUTER_BOUND ( 'NONE', #3, .T. ) ;
#1334 = CARTESIAN_POINT ( 'NONE',  ( -12.37728041975178073, 71.06174825673215878, -40.48990945766991700 ) ) ;
#1335 = LINE ( 'NONE', #2600, #363 ) ;
#1336 = EDGE_LOOP ( 'NONE', ( #1787, #2440, #861, #2705, #2352 ) ) ;
#1337 = EDGE_CURVE ( 'NONE', #1826, #2658, #2569, .T. ) ;
#1338 = VERTEX_POINT ( 'NONE', #139 ) ;
#1339 = DIRECTION ( 'NONE',  ( 0.000000000000000000, 1.000000000000000000, 0.000000000000000000 ) ) ;
#1340 = CARTESIAN_POINT ( 'NONE',  ( -31.73529657842451357, -14.40000000000000568, 3.886452937475952894E-15 ) ) ;
#1341 = ORIENTED_EDGE ( 'NONE', *, *, #2538, .T. ) ;
#1342 = DIRECTION ( 'NONE',  ( -1.000000000000000000, 0.000000000000000000, 0.000000000000000000 ) ) ;
#1343 = DIRECTION ( 'NONE',  ( 1.000000000000000000, 0.000000000000000000, 1.224646799147349509E-16 ) ) ;
#1344 = CARTESIAN_POINT ( 'NONE',  ( 102.2714405626152256, -51.90000000000000568, 23.38361961449636794 ) ) ;
#1345 = EDGE_CURVE ( 'NONE', #1554, #375, #2618, .T. ) ;
#1346 = CARTESIAN_POINT ( 'NONE',  ( 102.2714405626152256, -44.90000000000001279, -23.21638038550273464 ) ) ;
#1347 = CARTESIAN_POINT ( 'NONE',  ( 1.904301091784583624E-15, 176.7589912188659582, -48.33945959125457392 ) ) ;
#1348 = ORIENTED_EDGE ( 'NONE', *, *, #603, .T. ) ;
#1349 = ORIENTED_EDGE ( 'NONE', *, *, #972, .F. ) ;
#1350 = CARTESIAN_POINT ( 'NONE',  ( 94.47144056266678547, -39.90000000000000568, -15.41638038550338585 ) ) ;
#1351 = CIRCLE ( 'NONE', #1573, 53.33945959127417780 ) ;
#1352 = VECTOR ( 'NONE', #2455, 1000.000000000000000 ) ;
#1353 = AXIS2_PLACEMENT_3D ( 'NONE', #2707, #299, #2009 ) ;
#1354 = ORIENTED_EDGE ( 'NONE', *, *, #388, .F. ) ;
#1355 = VECTOR ( 'NONE', #454, 1000.000000000000000 ) ;
#1356 = VECTOR ( 'NONE', #616, 1000.000000000000000 ) ;
#1357 = FACE_OUTER_BOUND ( 'NONE', #2665, .T. ) ;
#1358 = DIRECTION ( 'NONE',  ( -1.000000000000000000, 0.000000000000000000, 0.000000000000000000 ) ) ;
#1359 = VERTEX_POINT ( 'NONE', #1518 ) ;
#1360 = DIRECTION ( 'NONE',  ( 0.000000000000000000, 0.000000000000000000, 1.000000000000000000 ) ) ;
#1361 = DIRECTION ( 'NONE',  ( 6.223206182385055573E-17, -1.000000000000000000, 0.000000000000000000 ) ) ;
#1362 = VERTEX_POINT ( 'NONE', #810 ) ;
#1363 = DIRECTION ( 'NONE',  ( -0.000000000000000000, -1.000000000000000000, -0.000000000000000000 ) ) ;
#1364 = VERTEX_POINT ( 'NONE', #1694 ) ;
#1365 = CARTESIAN_POINT ( 'NONE',  ( 32.91205926839927542, -44.90000000000001279, -34.02676577464587382 ) ) ;
#1366 = ORIENTED_EDGE ( 'NONE', *, *, #1692, .T. ) ;
#1367 = ADVANCED_FACE ( 'NONE', ( #1279, #378 ), #2126, .T. ) ;
#1368 = CARTESIAN_POINT ( 'NONE',  ( 102.2714405626152256, -44.90000000000001279, -23.21638038550273464 ) ) ;
#1369 = ORIENTED_EDGE ( 'NONE', *, *, #1345, .F. ) ;
#1370 = CARTESIAN_POINT ( 'NONE',  ( 1.904301091784583624E-15, -24.39999999999994884, -48.33945959125457392 ) ) ;
#1371 = ORIENTED_EDGE ( 'NONE', *, *, #774, .F. ) ;
#1372 = FACE_OUTER_BOUND ( 'NONE', #1308, .T. ) ;
#1373 = ORIENTED_EDGE ( 'NONE', *, *, #2666, .F. ) ;
#1374 = EDGE_CURVE ( 'NONE', #1845, #2282, #1262, .T. ) ;
#1375 = CARTESIAN_POINT ( 'NONE',  ( 21.20000000000000284, -73.05540290276918824, 2.596251214192388770E-15 ) ) ;
#1376 = FACE_OUTER_BOUND ( 'NONE', #2734, .T. ) ;
#1377 = LINE ( 'NONE', #2235, #53 ) ;
#1378 = VERTEX_POINT ( 'NONE', #206 ) ;
#1379 = DIRECTION ( 'NONE',  ( -6.223206182385055573E-17, 1.000000000000000000, -0.000000000000000000 ) ) ;
#1380 = ADVANCED_FACE ( 'NONE', ( #1469 ), #1917, .F. ) ;
#1381 = CARTESIAN_POINT ( 'NONE',  ( 22.54760732180378113, -5.492747858149947149, -48.33945959102065615 ) ) ;
#1382 = VERTEX_POINT ( 'NONE', #168 ) ;
#1383 = AXIS2_PLACEMENT_3D ( 'NONE', #1914, #2777, #1734 ) ;
#1384 = CARTESIAN_POINT ( 'NONE',  ( -5.249623215440156519E-10, -5.592747858149948570, 4.510281037539683930E-14 ) ) ;
#1385 = AXIS2_PLACEMENT_3D ( 'NONE', #1284, #2330, #1509 ) ;
#1386 = EDGE_CURVE ( 'NONE', #2550, #2000, #870, .T. ) ;
#1387 = VERTEX_POINT ( 'NONE', #852 ) ;
#1388 = DIRECTION ( 'NONE',  ( 0.000000000000000000, 1.000000000000000000, 0.000000000000000000 ) ) ;
#1389 = PLANE ( 'NONE',  #943 ) ;
#1390 = EDGE_CURVE ( 'NONE', #2321, #1668, #1709, .T. ) ;
#1391 = VECTOR ( 'NONE', #556, 1000.000000000000000 ) ;
#1392 = CIRCLE ( 'NONE', #2152, 2.000000000000001776 ) ;
#1393 = CARTESIAN_POINT ( 'NONE',  ( 45.09999999997162945, -5.992747858149945372, 5.062596743961220998E-14 ) ) ;
#1394 = VERTEX_POINT ( 'NONE', #1726 ) ;
#1395 = AXIS2_PLACEMENT_3D ( 'NONE', #1675, #2494, #1866 ) ;
#1396 = VECTOR ( 'NONE', #693, 1000.000000000000000 ) ;
#1397 = CARTESIAN_POINT ( 'NONE',  ( -14.13128680612167720, -44.90000000000001279, -46.22780642403082396 ) ) ;
#1398 = VECTOR ( 'NONE', #838, 1000.000000000000000 ) ;
#1399 = ORIENTED_EDGE ( 'NONE', *, *, #996, .T. ) ;
#1400 = EDGE_CURVE ( 'NONE', #779, #2085, #2573, .T. ) ;
#1401 = CIRCLE ( 'NONE', #492, 2.000000000000001776 ) ;
#1402 = DIRECTION ( 'NONE',  ( 0.000000000000000000, 1.000000000000000000, 0.000000000000000000 ) ) ;
#1403 = ORIENTED_EDGE ( 'NONE', *, *, #1477, .T. ) ;
#1404 = LINE ( 'NONE', #2028, #1879 ) ;
#1405 = ADVANCED_FACE ( 'NONE', ( #1503 ), #2531, .T. ) ;
#1406 = ORIENTED_EDGE ( 'NONE', *, *, #1963, .F. ) ;
#1407 = DIRECTION ( 'NONE',  ( -1.000000000000000000, -6.223206182385055573E-17, 0.000000000000000000 ) ) ;
#1408 = DIRECTION ( 'NONE',  ( 6.317345713648893103E-17, 0.000000000000000000, -1.000000000000000000 ) ) ;
#1409 = EDGE_LOOP ( 'NONE', ( #2221, #18, #1913, #1782 ) ) ;
#1410 = DIRECTION ( 'NONE',  ( 1.000000000000000000, 0.000000000000000000, 0.000000000000000000 ) ) ;
#1411 = FACE_OUTER_BOUND ( 'NONE', #1560, .T. ) ;
#1412 = VERTEX_POINT ( 'NONE', #2588 ) ;
#1413 = DIRECTION ( 'NONE',  ( 0.000000000000000000, 0.000000000000000000, -1.000000000000000000 ) ) ;
#1414 = EDGE_CURVE ( 'NONE', #1412, #2015, #655, .T. ) ;
#1415 = ORIENTED_EDGE ( 'NONE', *, *, #2379, .F. ) ;
#1416 = FACE_OUTER_BOUND ( 'NONE', #1577, .T. ) ;
#1417 = ORIENTED_EDGE ( 'NONE', *, *, #1499, .F. ) ;
#1418 = ADVANCED_FACE ( 'NONE', ( #2325 ), #1933, .F. ) ;
#1419 = LINE ( 'NONE', #2534, #1930 ) ;
#1420 = CARTESIAN_POINT ( 'NONE',  ( 45.09999999997162945, -8.492747858149945372, 5.062596743961220998E-14 ) ) ;
#1421 = ORIENTED_EDGE ( 'NONE', *, *, #309, .T. ) ;
#1422 = DIRECTION ( 'NONE',  ( 0.000000000000000000, 0.000000000000000000, 1.000000000000000000 ) ) ;
#1423 = CYLINDRICAL_SURFACE ( 'NONE', #860, 1.600000000000004086 ) ;
#1424 = AXIS2_PLACEMENT_3D ( 'NONE', #1514, #236, #665 ) ;
#1425 = DIRECTION ( 'NONE',  ( -6.223206182385055573E-17, 1.000000000000000000, -0.000000000000000000 ) ) ;
#1426 = EDGE_CURVE ( 'NONE', #895, #1338, #11, .T. ) ;
#1427 = EDGE_LOOP ( 'NONE', ( #2498, #772, #742, #486 ) ) ;
#1428 = CARTESIAN_POINT ( 'NONE',  ( 67.99129735560519805, -39.90000000000000568, 9.783619614496846140 ) ) ;
#1429 = DIRECTION ( 'NONE',  ( -6.223206182385055573E-17, 1.000000000000000000, -0.000000000000000000 ) ) ;
#1430 = ORIENTED_EDGE ( 'NONE', *, *, #900, .F. ) ;
#1431 = CYLINDRICAL_SURFACE ( 'NONE', #2424, 32.55000000049658126 ) ;
#1432 = VERTEX_POINT ( 'NONE', #600 ) ;
#1433 = DIRECTION ( 'NONE',  ( -1.000000000000000000, 0.000000000000000000, 0.000000000000000000 ) ) ;
#1434 = DIRECTION ( 'NONE',  ( 6.223206182385055573E-17, -1.000000000000000000, -0.000000000000000000 ) ) ;
#1435 = VECTOR ( 'NONE', #1314, 1000.000000000000000 ) ;
#1436 = VERTEX_POINT ( 'NONE', #1457 ) ;
#1437 = CARTESIAN_POINT ( 'NONE',  ( 100.2714405626152256, -39.90000000000000568, 9.783619614496839034 ) ) ;
#1438 = ORIENTED_EDGE ( 'NONE', *, *, #1574, .T. ) ;
#1439 = VECTOR ( 'NONE', #2217, 1000.000000000000000 ) ;
#1440 = FACE_OUTER_BOUND ( 'NONE', #754, .T. ) ;
#1441 = VECTOR ( 'NONE', #2261, 1000.000000000000000 ) ;
#1442 = FACE_OUTER_BOUND ( 'NONE', #2723, .T. ) ;
#1443 = VERTEX_POINT ( 'NONE', #1248 ) ;
#1444 = LINE ( 'NONE', #1819, #544 ) ;
#1445 = VECTOR ( 'NONE', #30, 1000.000000000000000 ) ;
#1446 = VECTOR ( 'NONE', #1766, 1000.000000000000000 ) ;
#1447 = ORIENTED_EDGE ( 'NONE', *, *, #2778, .T. ) ;
#1448 = FACE_OUTER_BOUND ( 'NONE', #1646, .T. ) ;
#1449 = DIRECTION ( 'NONE',  ( 1.000000000000000000, 0.000000000000000000, -1.028506733724111773E-15 ) ) ;
#1450 = CARTESIAN_POINT ( 'NONE',  ( -31.73529657842451357, -14.40000000000000568, 3.886452937475952894E-15 ) ) ;
#1451 = ORIENTED_EDGE ( 'NONE', *, *, #701, .T. ) ;
#1452 = EDGE_CURVE ( 'NONE', #1382, #1243, #2094, .T. ) ;
#1453 = PLANE ( 'NONE',  #2206 ) ;
#1454 = ORIENTED_EDGE ( 'NONE', *, *, #1507, .F. ) ;
#1455 = CARTESIAN_POINT ( 'NONE',  ( 63.47144056266680678, -49.90000000000000568, 15.58361961449661237 ) ) ;
#1456 = ORIENTED_EDGE ( 'NONE', *, *, #1988, .F. ) ;
#1457 = CARTESIAN_POINT ( 'NONE',  ( 6.502459021571172821E-16, -14.40000000000000391, -38.33945959125451708 ) ) ;
#1458 = ORIENTED_EDGE ( 'NONE', *, *, #1706, .T. ) ;
#1459 = CARTESIAN_POINT ( 'NONE',  ( 1.406444597219022530E-15, 70.51698856536212645, 45.33945959101391310 ) ) ;
#1460 = DIRECTION ( 'NONE',  ( -1.000000000000000000, -6.223206182385056805E-17, 0.000000000000000000 ) ) ;
#1461 = DIRECTION ( 'NONE',  ( 0.000000000000000000, 0.000000000000000000, 1.000000000000000000 ) ) ;
#1462 = ORIENTED_EDGE ( 'NONE', *, *, #1997, .F. ) ;
#1463 = LINE ( 'NONE', #625, #1264 ) ;
#1464 = EDGE_LOOP ( 'NONE', ( #891, #2274, #2688, #716, #259, #81, #1249, #645 ) ) ;
#1465 = CARTESIAN_POINT ( 'NONE',  ( -15.86694255119153851, -13.09274785814995035, 1.943140040757165509E-15 ) ) ;
#1466 = CARTESIAN_POINT ( 'NONE',  ( 102.2714405626152256, -51.90000000000000568, 23.38361961449636794 ) ) ;
#1467 = EDGE_CURVE ( 'NONE', #2575, #2051, #590, .T. ) ;
#1468 = VERTEX_POINT ( 'NONE', #1146 ) ;
#1469 = FACE_OUTER_BOUND ( 'NONE', #2258, .T. ) ;
#1470 = ORIENTED_EDGE ( 'NONE', *, *, #2219, .T. ) ;
#1471 = CARTESIAN_POINT ( 'NONE',  ( 114.8387553634337621, -201.6428835118155689, -53.33945959150553051 ) ) ;
#1472 = DIRECTION ( 'NONE',  ( 1.028506733724111773E-15, 6.400609463936550110E-32, 1.000000000000000000 ) ) ;
#1473 = LINE ( 'NONE', #440, #2332 ) ;
#1474 = DIRECTION ( 'NONE',  ( -0.000000000000000000, -1.000000000000000000, -0.000000000000000000 ) ) ;
#1475 = ORIENTED_EDGE ( 'NONE', *, *, #2379, .T. ) ;
#1476 = AXIS2_PLACEMENT_3D ( 'NONE', #1143, #1101, #2167 ) ;
#1477 = EDGE_CURVE ( 'NONE', #2166, #2766, #1532, .T. ) ;
#1478 = EDGE_CURVE ( 'NONE', #2477, #2132, #935, .T. ) ;
#1479 = CARTESIAN_POINT ( 'NONE',  ( 37.08347054541577137, -14.40000000000000213, 38.33945959150555183 ) ) ;
#1480 = FACE_OUTER_BOUND ( 'NONE', #522, .T. ) ;
#1481 = ORIENTED_EDGE ( 'NONE', *, *, #976, .F. ) ;
#1482 = AXIS2_PLACEMENT_3D ( 'NONE', #303, #753, #1626 ) ;
#1483 = DIRECTION ( 'NONE',  ( 1.000000000000000000, 6.223206182385055573E-17, 0.000000000000000000 ) ) ;
#1484 = VECTOR ( 'NONE', #561, 1000.000000000000000 ) ;
#1485 = CONICAL_SURFACE ( 'NONE', #2336, 38.33945959125450997, 0.7853981633974538301 ) ;
#1486 = EDGE_LOOP ( 'NONE', ( #2646, #2262, #2181, #1075 ) ) ;
#1487 = EDGE_CURVE ( 'NONE', #1591, #2684, #2154, .T. ) ;
#1488 =( GEOMETRIC_REPRESENTATION_CONTEXT ( 3 ) GLOBAL_UNCERTAINTY_ASSIGNED_CONTEXT ( ( #84 ) ) GLOBAL_UNIT_ASSIGNED_CONTEXT ( ( #2720, #790, #184 ) ) REPRESENTATION_CONTEXT ( 'NONE', 'WORKASPACE' ) );
#1489 = EDGE_CURVE ( 'NONE', #1378, #2584, #1764, .T. ) ;
#1490 = VECTOR ( 'NONE', #1434, 1000.000000000000000 ) ;
#1491 = ORIENTED_EDGE ( 'NONE', *, *, #2078, .F. ) ;
#1492 = AXIS2_PLACEMENT_3D ( 'NONE', #2195, #54, #1772 ) ;
#1493 = DIRECTION ( 'NONE',  ( 1.000000000000000000, 0.000000000000000000, -8.773854711499440296E-15 ) ) ;
#1494 = CARTESIAN_POINT ( 'NONE',  ( 114.8387553634337621, -39.90000000000000568, -53.33945959150553051 ) ) ;
#1495 = ADVANCED_FACE ( 'NONE', ( #700, #923 ), #2201, .F. ) ;
#1496 = CARTESIAN_POINT ( 'NONE',  ( 67.99129735560521226, -201.6428835118155689, -21.21638038550273819 ) ) ;
#1497 = EDGE_LOOP ( 'NONE', ( #1818, #2776, #2346, #2223 ) ) ;
#1498 = CARTESIAN_POINT ( 'NONE',  ( 22.54760732179978788, -39.90000000000000568, 48.33945959101209411 ) ) ;
#1499 = EDGE_CURVE ( 'NONE', #1198, #1784, #40, .T. ) ;
#1500 = ORIENTED_EDGE ( 'NONE', *, *, #2603, .T. ) ;
#1501 = DIRECTION ( 'NONE',  ( -1.000000000000000000, -1.093294105263232888E-16, 0.000000000000000000 ) ) ;
#1502 = ORIENTED_EDGE ( 'NONE', *, *, #2060, .T. ) ;
#1503 = FACE_OUTER_BOUND ( 'NONE', #2641, .T. ) ;
#1504 = EDGE_CURVE ( 'NONE', #1750, #291, #2157, .T. ) ;
#1505 = ORIENTED_EDGE ( 'NONE', *, *, #115, .T. ) ;
#1506 = DIRECTION ( 'NONE',  ( 0.000000000000000000, -0.000000000000000000, 1.000000000000000000 ) ) ;
#1507 = EDGE_CURVE ( 'NONE', #1338, #895, #906, .T. ) ;
#1508 = DIRECTION ( 'NONE',  ( -0.000000000000000000, -1.000000000000000000, -0.000000000000000000 ) ) ;
#1509 = DIRECTION ( 'NONE',  ( 1.000000000000000000, 0.000000000000000000, -0.000000000000000000 ) ) ;
#1510 = ORIENTED_EDGE ( 'NONE', *, *, #1773, .F. ) ;
#1511 = EDGE_CURVE ( 'NONE', #1317, #1990, #262, .T. ) ;
#1512 = CARTESIAN_POINT ( 'NONE',  ( 63.47144056266680678, -49.90000000000000568, 13.98361961449660917 ) ) ;
#1513 = ORIENTED_EDGE ( 'NONE', *, *, #509, .T. ) ;
#1514 = CARTESIAN_POINT ( 'NONE',  ( 1.362882153942327816E-15, -21.90000000000000213, 0.000000000000000000 ) ) ;
#1515 = CARTESIAN_POINT ( 'NONE',  ( -5.249621410710362846E-10, -8.492747858149948925, 4.510281037539683930E-14 ) ) ;
#1516 = EDGE_CURVE ( 'NONE', #992, #1947, #331, .T. ) ;
#1517 = ORIENTED_EDGE ( 'NONE', *, *, #900, .T. ) ;
#1518 = CARTESIAN_POINT ( 'NONE',  ( 109.8387553634337337, -44.89999999999999858, -48.33945959100352496 ) ) ;
#1519 = ADVANCED_FACE ( 'NONE', ( #2036 ), #2011, .F. ) ;
#1520 = ORIENTED_EDGE ( 'NONE', *, *, #1985, .T. ) ;
#1521 = CARTESIAN_POINT ( 'NONE',  ( -32.55000000102154445, -5.592747858149950346, 4.510281037539683930E-14 ) ) ;
#1522 = DIRECTION ( 'NONE',  ( 0.000000000000000000, -1.000000000000000000, 0.000000000000000000 ) ) ;
#1523 = DIRECTION ( 'NONE',  ( 6.223206182385055573E-17, -1.000000000000000000, 0.000000000000000000 ) ) ;
#1524 = EDGE_LOOP ( 'NONE', ( #2163, #1047, #2710, #973, #1513, #599, #1247, #1701 ) ) ;
#1525 = FACE_OUTER_BOUND ( 'NONE', #615, .T. ) ;
#1526 = AXIS2_PLACEMENT_3D ( 'NONE', #2529, #187, #1016 ) ;
#1527 = DIRECTION ( 'NONE',  ( 4.440892098500626162E-15, 0.000000000000000000, 1.000000000000000000 ) ) ;
#1528 = LINE ( 'NONE', #2585, #1109 ) ;
#1529 = CARTESIAN_POINT ( 'NONE',  ( -5.249621410710362846E-10, -8.492747858149948925, 4.510281037539683930E-14 ) ) ;
#1530 = EDGE_LOOP ( 'NONE', ( #2134, #2081, #1373, #339 ) ) ;
#1531 = CIRCLE ( 'NONE', #671, 21.19999999999999929 ) ;
#1532 = LINE ( 'NONE', #71, #499 ) ;
#1533 = VECTOR ( 'NONE', #2161, 1000.000000000000000 ) ;
#1534 = AXIS2_PLACEMENT_3D ( 'NONE', #1515, #239, #2150 ) ;
#1535 = ORIENTED_EDGE ( 'NONE', *, *, #1316, .F. ) ;
#1536 = DIRECTION ( 'NONE',  ( 0.000000000000000000, 0.000000000000000000, 1.000000000000000000 ) ) ;
#1537 = AXIS2_PLACEMENT_3D ( 'NONE', #993, #2305, #2082 ) ;
#1538 = LINE ( 'NONE', #1494, #909 ) ;
#1539 =( GEOMETRIC_REPRESENTATION_CONTEXT ( 3 ) GLOBAL_UNCERTAINTY_ASSIGNED_CONTEXT ( ( #1150 ) ) GLOBAL_UNIT_ASSIGNED_CONTEXT ( ( #1783, #722, #965 ) ) REPRESENTATION_CONTEXT ( 'NONE', 'WORKASPACE' ) );
#1540 = CIRCLE ( 'NONE', #1802, 15.86694255119153851 ) ;
#1541 = SHAPE_DEFINITION_REPRESENTATION ( #383, #1271 ) ;
#1542 = EDGE_LOOP ( 'NONE', ( #2231, #2079, #1608, #1505 ) ) ;
#1543 = VECTOR ( 'NONE', #1280, 1000.000000000000000 ) ;
#1544 = DIRECTION ( 'NONE',  ( 0.000000000000000000, 1.000000000000000000, 0.000000000000000000 ) ) ;
#1545 = CARTESIAN_POINT ( 'NONE',  ( -21.69999999999999929, -5.092747858149950346, 2.657483554149756738E-15 ) ) ;
#1546 = ADVANCED_FACE ( 'NONE', ( #947 ), #1807, .F. ) ;
#1547 = CARTESIAN_POINT ( 'NONE',  ( 67.99129735560521226, -201.6428835118155689, 21.38361961449638216 ) ) ;
#1548 = FACE_BOUND ( 'NONE', #1211, .T. ) ;
#1549 = DIRECTION ( 'NONE',  ( -1.000000000000000000, -6.223206182385055573E-17, 0.000000000000000000 ) ) ;
#1550 = CARTESIAN_POINT ( 'NONE',  ( 114.8387553634337479, -72.99615436277660763, 15.00000000000004086 ) ) ;
#1551 = VERTEX_POINT ( 'NONE', #2438 ) ;
#1552 = VERTEX_POINT ( 'NONE', #1428 ) ;
#1553 = DIRECTION ( 'NONE',  ( 0.000000000000000000, 0.000000000000000000, -1.000000000000000000 ) ) ;
#1554 = VERTEX_POINT ( 'NONE', #2279 ) ;
#1555 = FACE_BOUND ( 'NONE', #435, .T. ) ;
#1556 = CARTESIAN_POINT ( 'NONE',  ( 78.97144056266678547, -44.90000000000001279, 48.33945959150562288 ) ) ;
#1557 = DIRECTION ( 'NONE',  ( -0.000000000000000000, 1.000000000000000000, -0.000000000000000000 ) ) ;
#1558 = DIRECTION ( 'NONE',  ( 0.000000000000000000, -1.000000000000000000, 0.000000000000000000 ) ) ;
#1559 = CARTESIAN_POINT ( 'NONE',  ( -32.05000000102154445, -5.592747858149950346, 4.902780336672491756E-14 ) ) ;
#1560 = EDGE_LOOP ( 'NONE', ( #2297, #34, #1178, #826 ) ) ;
#1561 = ORIENTED_EDGE ( 'NONE', *, *, #485, .T. ) ;
#1562 = DIRECTION ( 'NONE',  ( 1.000000000000000000, 0.000000000000000000, -4.371357184959719107E-12 ) ) ;
#1563 = ORIENTED_EDGE ( 'NONE', *, *, #196, .T. ) ;
#1564 = LINE ( 'NONE', #1593, #1752 ) ;
#1565 = DIRECTION ( 'NONE',  ( 4.440892098500626162E-15, 0.000000000000000000, 1.000000000000000000 ) ) ;
#1566 = EDGE_CURVE ( 'NONE', #2085, #2485, #2661, .T. ) ;
#1567 = CARTESIAN_POINT ( 'NONE',  ( 94.47144056266679968, -39.90000000000000568, 17.18361961449661734 ) ) ;
#1568 = ORIENTED_EDGE ( 'NONE', *, *, #1181, .F. ) ;
#1569 = DIRECTION ( 'NONE',  ( 1.000000000000000000, 5.466470526316164439E-17, 0.000000000000000000 ) ) ;
#1570 = AXIS2_PLACEMENT_3D ( 'NONE', #1903, #2764, #246 ) ;
#1571 = ORIENTED_EDGE ( 'NONE', *, *, #341, .T. ) ;
#1572 = CARTESIAN_POINT ( 'NONE',  ( 22.54760732179579108, 17.60258924626558041, 48.33945959100353207 ) ) ;
#1573 = AXIS2_PLACEMENT_3D ( 'NONE', #829, #1095, #290 ) ;
#1574 = EDGE_CURVE ( 'NONE', #1226, #1635, #1202, .T. ) ;
#1575 = AXIS2_PLACEMENT_3D ( 'NONE', #1238, #620, #368 ) ;
#1576 = AXIS2_PLACEMENT_3D ( 'NONE', #1857, #641, #1501 ) ;
#1577 = EDGE_LOOP ( 'NONE', ( #1341, #1660, #1169, #1678, #2760, #1568, #2158, #560 ) ) ;
#1578 = EDGE_CURVE ( 'NONE', #687, #1834, #1789, .T. ) ;
#1579 = VECTOR ( 'NONE', #2041, 1000.000000000000000 ) ;
#1580 = AXIS2_PLACEMENT_3D ( 'NONE', #310, #748, #2224 ) ;
#1581 = DIRECTION ( 'NONE',  ( 1.000000000000000000, 6.223206182385055573E-17, 0.000000000000000000 ) ) ;
#1582 = VECTOR ( 'NONE', #2182, 1000.000000000000000 ) ;
#1583 = TOROIDAL_SURFACE ( 'NONE', #1842, 21.69999999999999929, 0.5000000000000000000 ) ;
#1584 = LINE ( 'NONE', #2767, #1543 ) ;
#1585 = CARTESIAN_POINT ( 'NONE',  ( 35.69300011959003172, 70.51698856536212645, 36.90189498603420759 ) ) ;
#1586 = EDGE_CURVE ( 'NONE', #1551, #2239, #2514, .T. ) ;
#1587 = ORIENTED_EDGE ( 'NONE', *, *, #1993, .T. ) ;
#1588 = CARTESIAN_POINT ( 'NONE',  ( -4.163686836948181451E-10, -14.40000000000000391, 38.33945959150555183 ) ) ;
#1589 = ORIENTED_EDGE ( 'NONE', *, *, #279, .F. ) ;
#1590 = DIRECTION ( 'NONE',  ( 0.000000000000000000, -1.000000000000000000, 0.000000000000000000 ) ) ;
#1591 = VERTEX_POINT ( 'NONE', #1465 ) ;
#1592 = FACE_OUTER_BOUND ( 'NONE', #2142, .T. ) ;
#1593 = CARTESIAN_POINT ( 'NONE',  ( 109.8387553634337337, 176.7589912188659582, 48.33945959150561578 ) ) ;
#1594 = ADVANCED_FACE ( 'NONE', ( #2765 ), #613, .F. ) ;
#1595 = FACE_OUTER_BOUND ( 'NONE', #626, .T. ) ;
#1596 = ORIENTED_EDGE ( 'NONE', *, *, #103, .F. ) ;
#1597 = EDGE_CURVE ( 'NONE', #1119, #846, #446, .T. ) ;
#1598 = DIRECTION ( 'NONE',  ( 6.223206182385056805E-17, -1.000000000000000000, -0.000000000000000000 ) ) ;
#1599 = ORIENTED_EDGE ( 'NONE', *, *, #1695, .F. ) ;
#1600 = CARTESIAN_POINT ( 'NONE',  ( 100.2714405626152256, -44.90000000000001279, 21.38361961449637150 ) ) ;
#1601 = EDGE_CURVE ( 'NONE', #1253, #1551, #2109, .T. ) ;
#1602 = EDGE_LOOP ( 'NONE', ( #311, #1188, #1829, #1399 ) ) ;
#1603 = DIRECTION ( 'NONE',  ( -1.000000000000000000, -6.504465884275263049E-17, 0.000000000000000000 ) ) ;
#1604 = LINE ( 'NONE', #488, #1352 ) ;
#1605 = SURFACE_STYLE_USAGE ( .BOTH. , #2232 ) ;
#1606 = ADVANCED_FACE ( 'NONE', ( #1440 ), #2091, .T. ) ;
#1607 = FACE_BOUND ( 'NONE', #2567, .T. ) ;
#1608 = ORIENTED_EDGE ( 'NONE', *, *, #2538, .F. ) ;
#1609 = DIRECTION ( 'NONE',  ( -1.000000000000000000, -8.182657905550977046E-17, 0.000000000000000000 ) ) ;
#1610 = EDGE_CURVE ( 'NONE', #1936, #372, #308, .T. ) ;
#1611 = CARTESIAN_POINT ( 'NONE',  ( 32.04999999997162519, -5.092747858149946794, 4.510281037539683930E-14 ) ) ;
#1612 = VERTEX_POINT ( 'NONE', #2123 ) ;
#1613 = AXIS2_PLACEMENT_3D ( 'NONE', #68, #1322, #286 ) ;
#1614 = DIRECTION ( 'NONE',  ( 0.000000000000000000, 0.000000000000000000, -1.000000000000000000 ) ) ;
#1615 = EDGE_LOOP ( 'NONE', ( #1430, #2580, #89, #1139 ) ) ;
#1616 = FACE_OUTER_BOUND ( 'NONE', #579, .T. ) ;
#1617 = DIRECTION ( 'NONE',  ( 0.000000000000000000, 0.000000000000000000, -1.000000000000000000 ) ) ;
#1618 = VECTOR ( 'NONE', #989, 1000.000000000000000 ) ;
#1619 = VECTOR ( 'NONE', #1070, 1000.000000000000000 ) ;
#1620 = DIRECTION ( 'NONE',  ( 8.867509285565488413E-17, -0.7071067811865435759, -0.7071067811865514585 ) ) ;
#1621 = AXIS2_PLACEMENT_3D ( 'NONE', #165, #980, #822 ) ;
#1622 = CARTESIAN_POINT ( 'NONE',  ( -5.249689571940052701E-10, -24.39999999999994884, 48.33945959150561578 ) ) ;
#1623 = AXIS2_PLACEMENT_3D ( 'NONE', #960, #108, #1628 ) ;
#1624 = EDGE_LOOP ( 'NONE', ( #249, #2324, #1867, #1510 ) ) ;
#1625 = AXIS2_PLACEMENT_3D ( 'NONE', #1287, #2395, #1330 ) ;
#1626 = DIRECTION ( 'NONE',  ( -1.000000000000000000, 0.000000000000000000, -3.428355779080372413E-16 ) ) ;
#1627 = ORIENTED_EDGE ( 'NONE', *, *, #2608, .T. ) ;
#1628 = DIRECTION ( 'NONE',  ( 0.000000000000000000, 0.000000000000000000, -1.000000000000000000 ) ) ;
#1629 = ORIENTED_EDGE ( 'NONE', *, *, #2005, .T. ) ;
#1630 = CARTESIAN_POINT ( 'NONE',  ( 21.69999999999999929, -5.592747858149947682, 0.000000000000000000 ) ) ;
#1631 = EDGE_CURVE ( 'NONE', #2038, #2113, #1830, .T. ) ;
#1632 = CARTESIAN_POINT ( 'NONE',  ( -1.658944095047059444E-15, -44.90000000000001279, 5.071193425748508350E-16 ) ) ;
#1633 = ORIENTED_EDGE ( 'NONE', *, *, #703, .F. ) ;
#1634 = DIRECTION ( 'NONE',  ( -1.000000000000000000, 0.000000000000000000, 0.000000000000000000 ) ) ;
#1635 = VERTEX_POINT ( 'NONE', #1723 ) ;
#1636 = CARTESIAN_POINT ( 'NONE',  ( -5.249550794061974557E-10, -5.492747858149951590, 53.33945959150553051 ) ) ;
#1637 = EDGE_LOOP ( 'NONE', ( #1096, #2119, #1697, #107 ) ) ;
#1638 = DIRECTION ( 'NONE',  ( 0.000000000000000000, -1.000000000000000000, 0.000000000000000000 ) ) ;
#1639 = ORIENTED_EDGE ( 'NONE', *, *, #1213, .T. ) ;
#1640 = CYLINDRICAL_SURFACE ( 'NONE', #1170, 53.33945959150557314 ) ;
#1641 = DIRECTION ( 'NONE',  ( 0.000000000000000000, 1.000000000000000000, 0.000000000000000000 ) ) ;
#1642 = ORIENTED_EDGE ( 'NONE', *, *, #2124, .T. ) ;
#1643 = LINE ( 'NONE', #1274, #1484 ) ;
#1644 = LINE ( 'NONE', #1275, #2243 ) ;
#1645 = ORIENTED_EDGE ( 'NONE', *, *, #102, .T. ) ;
#1646 = EDGE_LOOP ( 'NONE', ( #2718, #2752, #1151, #240 ) ) ;
#1647 = LINE ( 'NONE', #2676, #1391 ) ;
#1648 = AXIS2_PLACEMENT_3D ( 'NONE', #1291, #1257, #580 ) ;
#1649 = ORIENTED_EDGE ( 'NONE', *, *, #250, .F. ) ;
#1650 = DIRECTION ( 'NONE',  ( 0.000000000000000000, -1.000000000000000000, 0.000000000000000000 ) ) ;
#1651 = AXIS2_PLACEMENT_3D ( 'NONE', #2311, #1244, #836 ) ;
#1652 = FACE_OUTER_BOUND ( 'NONE', #260, .T. ) ;
#1653 = DIRECTION ( 'NONE',  ( -6.223206182385055573E-17, 1.000000000000000000, -0.000000000000000000 ) ) ;
#1654 = ORIENTED_EDGE ( 'NONE', *, *, #287, .F. ) ;
#1655 = EDGE_CURVE ( 'NONE', #1740, #8, #2686, .T. ) ;
#1656 = AXIS2_PLACEMENT_3D ( 'NONE', #2593, #1361, #2758 ) ;
#1657 = DIRECTION ( 'NONE',  ( 1.000000000000000000, 0.000000000000000000, -1.224646799147349509E-16 ) ) ;
#1658 = DIRECTION ( 'NONE',  ( 6.223206182385055573E-17, -1.000000000000000000, 0.000000000000000000 ) ) ;
#1659 = AXIS2_PLACEMENT_3D ( 'NONE', #2471, #1140, #1995 ) ;
#1660 = ORIENTED_EDGE ( 'NONE', *, *, #410, .T. ) ;
#1661 = AXIS2_PLACEMENT_3D ( 'NONE', #88, #329, #1410 ) ;
#1662 = DIRECTION ( 'NONE',  ( -1.000000000000000000, -6.504465884214041280E-17, 0.000000000000000000 ) ) ;
#1663 = VECTOR ( 'NONE', #1620, 1000.000000000000000 ) ;
#1664 = CYLINDRICAL_SURFACE ( 'NONE', #493, 45.10000000049659263 ) ;
#1665 = ORIENTED_EDGE ( 'NONE', *, *, #2683, .T. ) ;
#1666 = DIRECTION ( 'NONE',  ( -1.000000000000000000, -8.182657905550977046E-17, 0.000000000000000000 ) ) ;
#1667 = VECTOR ( 'NONE', #467, 1000.000000000000000 ) ;
#1668 = VERTEX_POINT ( 'NONE', #2637 ) ;
#1669 = CARTESIAN_POINT ( 'NONE',  ( 109.8387553634337337, 176.7589912188659582, -48.33945959100352496 ) ) ;
#1670 = DIRECTION ( 'NONE',  ( -0.000000000000000000, 1.000000000000000000, -0.000000000000000000 ) ) ;
#1671 = CARTESIAN_POINT ( 'NONE',  ( 32.91205926793856662, 70.51698856536212645, 34.02676577509149070 ) ) ;
#1672 = ORIENTED_EDGE ( 'NONE', *, *, #1773, .T. ) ;
#1673 = EDGE_CURVE ( 'NONE', #1137, #749, #1742, .T. ) ;
#1674 = CARTESIAN_POINT ( 'NONE',  ( 34.30252969424448395, -44.90000000000001279, -37.46433038009840999 ) ) ;
#1675 = CARTESIAN_POINT ( 'NONE',  ( 8.147886941524745770E-16, -13.09274785814994857, 0.000000000000000000 ) ) ;
#1676 = ORIENTED_EDGE ( 'NONE', *, *, #696, .T. ) ;
#1677 = PLANE ( 'NONE',  #725 ) ;
#1678 = ORIENTED_EDGE ( 'NONE', *, *, #2716, .T. ) ;
#1679 = CARTESIAN_POINT ( 'NONE',  ( 21.69999999999999929, -14.40000000000000213, 0.000000000000000000 ) ) ;
#1680 = VERTEX_POINT ( 'NONE', #1303 ) ;
#1681 = ADVANCED_FACE ( 'NONE', ( #1114 ), #919, .T. ) ;
#1682 = ADVANCED_FACE ( 'NONE', ( #247 ), #491, .F. ) ;
#1683 = LINE ( 'NONE', #1471, #1888 ) ;
#1684 = CARTESIAN_POINT ( 'NONE',  ( 63.47144056266679257, -39.90000000000000568, -13.81638038550338266 ) ) ;
#1685 = DIRECTION ( 'NONE',  ( -6.223206182385056805E-17, 1.000000000000000000, 0.000000000000000000 ) ) ;
#1686 = CARTESIAN_POINT ( 'NONE',  ( 45.59999999997162945, -5.492747858149946261, 5.068719977956957125E-14 ) ) ;
#1687 = VERTEX_POINT ( 'NONE', #458 ) ;
#1688 = ADVANCED_FACE ( 'NONE', ( #651, #1760, #2149, #682, #1357, #1548, #2627 ), #2194, .T. ) ;
#1689 = CARTESIAN_POINT ( 'NONE',  ( 63.47144056266680678, -44.90000000000001279, 15.58361961449661237 ) ) ;
#1690 = DIRECTION ( 'NONE',  ( -0.000000000000000000, -1.000000000000000000, -0.000000000000000000 ) ) ;
#1691 = CARTESIAN_POINT ( 'NONE',  ( 52.43451856075000705, -39.90000000000000568, 9.783619614496842587 ) ) ;
#1692 = EDGE_CURVE ( 'NONE', #2589, #2282, #1061, .T. ) ;
#1693 = ORIENTED_EDGE ( 'NONE', *, *, #1426, .F. ) ;
#1694 = CARTESIAN_POINT ( 'NONE',  ( 114.8387553634337479, -72.99615436277660763, -14.99999999999995737 ) ) ;
#1695 = EDGE_CURVE ( 'NONE', #382, #1031, #1528, .T. ) ;
#1696 = DIRECTION ( 'NONE',  ( -6.223206182385055573E-17, 1.000000000000000000, -0.000000000000000000 ) ) ;
#1697 = ORIENTED_EDGE ( 'NONE', *, *, #1414, .F. ) ;
#1698 = CARTESIAN_POINT ( 'NONE',  ( -31.73529657842451357, -22.40000000000000568, 3.886452937475952894E-15 ) ) ;
#1699 = CARTESIAN_POINT ( 'NONE',  ( 32.91205926839927542, 70.51698856536212645, -34.02676577464587382 ) ) ;
#1700 = ADVANCED_FACE ( 'NONE', ( #1743 ), #2377, .F. ) ;
#1701 = ORIENTED_EDGE ( 'NONE', *, *, #1920, .T. ) ;
#1702 = DIRECTION ( 'NONE',  ( 1.000000000000000000, 7.994117400814780061E-17, 0.000000000000000000 ) ) ;
#1703 = ORIENTED_EDGE ( 'NONE', *, *, #784, .T. ) ;
#1704 = VECTOR ( 'NONE', #1203, 1000.000000000000000 ) ;
#1705 = DIRECTION ( 'NONE',  ( 6.223206182385055573E-17, -1.000000000000000000, -0.000000000000000000 ) ) ;
#1706 = EDGE_CURVE ( 'NONE', #2639, #2029, #2611, .T. ) ;
#1707 = CIRCLE ( 'NONE', #763, 21.69999999999999929 ) ;
#1708 = ORIENTED_EDGE ( 'NONE', *, *, #1452, .T. ) ;
#1709 = LINE ( 'NONE', #219, #1398 ) ;
#1710 = VECTOR ( 'NONE', #7, 1000.000000000000000 ) ;
#1711 = CARTESIAN_POINT ( 'NONE',  ( 94.47144056266678547, -39.90000000000000568, -15.41638038550338585 ) ) ;
#1712 = ADVANCED_FACE ( 'NONE', ( #1333 ), #2179, .F. ) ;
#1713 = VECTOR ( 'NONE', #1073, 1000.000000000000000 ) ;
#1714 = ORIENTED_EDGE ( 'NONE', *, *, #1972, .T. ) ;
#1715 = AXIS2_PLACEMENT_3D ( 'NONE', #1350, #1339, #1536 ) ;
#1716 = FACE_OUTER_BOUND ( 'NONE', #1266, .T. ) ;
#1717 = DIRECTION ( 'NONE',  ( -1.000000000000000000, 0.000000000000000000, 0.000000000000000000 ) ) ;
#1718 = VERTEX_POINT ( 'NONE', #2410 ) ;
#1719 = EDGE_CURVE ( 'NONE', #1981, #1295, #479, .T. ) ;
#1720 = CARTESIAN_POINT ( 'NONE',  ( 63.47144056266679257, -39.90000000000000568, -15.41638038550338585 ) ) ;
#1721 = CARTESIAN_POINT ( 'NONE',  ( 94.47144056266678547, -39.90000000000000568, -17.01638038550338905 ) ) ;
#1722 = ORIENTED_EDGE ( 'NONE', *, *, #1136, .T. ) ;
#1723 = CARTESIAN_POINT ( 'NONE',  ( -5.249550794012568093E-10, -5.492747858149948925, -53.33945959150553762 ) ) ;
#1724 = DIRECTION ( 'NONE',  ( -1.000000000000000000, -5.329411600461881032E-17, 0.000000000000000000 ) ) ;
#1725 = EDGE_LOOP ( 'NONE', ( #320, #1110, #2218, #869 ) ) ;
#1726 = CARTESIAN_POINT ( 'NONE',  ( 22.54760732179579108, -5.492747858149949813, 53.33945959150553051 ) ) ;
#1727 = ORIENTED_EDGE ( 'NONE', *, *, #1035, .F. ) ;
#1728 = CARTESIAN_POINT ( 'NONE',  ( 3.480482304735955816E-16, -5.592747858149948570, 0.000000000000000000 ) ) ;
#1729 = DIRECTION ( 'NONE',  ( 3.131229341648348450E-16, 1.948628579741148738E-32, 1.000000000000000000 ) ) ;
#1730 = PLANE ( 'NONE',  #1385 ) ;
#1731 = VERTEX_POINT ( 'NONE', #1132 ) ;
#1732 = LINE ( 'NONE', #2408, #2523 ) ;
#1733 = DIRECTION ( 'NONE',  ( -0.000000000000000000, -1.000000000000000000, -0.000000000000000000 ) ) ;
#1734 = DIRECTION ( 'NONE',  ( 0.000000000000000000, 0.000000000000000000, -1.000000000000000000 ) ) ;
#1735 = DIRECTION ( 'NONE',  ( -6.223206182385056805E-17, 1.000000000000000000, 0.000000000000000000 ) ) ;
#1736 = VERTEX_POINT ( 'NONE', #1987 ) ;
#1737 = ORIENTED_EDGE ( 'NONE', *, *, #1511, .T. ) ;
#1738 = CARTESIAN_POINT ( 'NONE',  ( -45.10000000102154871, -8.492747858149952478, 4.510281037539683930E-14 ) ) ;
#1739 = EDGE_CURVE ( 'NONE', #2101, #1004, #652, .T. ) ;
#1740 = VERTEX_POINT ( 'NONE', #154 ) ;
#1741 = CARTESIAN_POINT ( 'NONE',  ( 52.46544746535647619, -39.90000000000000568, -9.616380385503200401 ) ) ;
#1742 = CIRCLE ( 'NONE', #892, 45.10000000049659263 ) ;
#1743 = FACE_OUTER_BOUND ( 'NONE', #1201, .T. ) ;
#1744 = DIRECTION ( 'NONE',  ( -6.223206182385056805E-17, 1.000000000000000000, 0.000000000000000000 ) ) ;
#1745 = ORIENTED_EDGE ( 'NONE', *, *, #1180, .T. ) ;
#1746 = VECTOR ( 'NONE', #243, 1000.000000000000000 ) ;
#1747 = CARTESIAN_POINT ( 'NONE',  ( 100.2714405626152256, -51.90000000000000568, -21.21638038550273819 ) ) ;
#1748 = AXIS2_PLACEMENT_3D ( 'NONE', #1230, #352, #180 ) ;
#1749 = VECTOR ( 'NONE', #77, 1000.000000000000000 ) ;
#1750 = VERTEX_POINT ( 'NONE', #1017 ) ;
#1751 = DIRECTION ( 'NONE',  ( -1.000000000000000000, -6.223206182385055573E-17, 0.000000000000000000 ) ) ;
#1752 = VECTOR ( 'NONE', #954, 1000.000000000000000 ) ;
#1753 = AXIS2_PLACEMENT_3D ( 'NONE', #2313, #2080, #2780 ) ;
#1754 = VECTOR ( 'NONE', #2004, 1000.000000000000000 ) ;
#1755 = ORIENTED_EDGE ( 'NONE', *, *, #1213, .F. ) ;
#1756 = AXIS2_PLACEMENT_3D ( 'NONE', #783, #1810, #93 ) ;
#1757 = DIRECTION ( 'NONE',  ( 0.000000000000000000, 0.000000000000000000, 1.000000000000000000 ) ) ;
#1758 = CARTESIAN_POINT ( 'NONE',  ( 100.2714405626152256, -51.90000000000000568, -21.21638038550273819 ) ) ;
#1759 = DIRECTION ( 'NONE',  ( -1.000000000000000000, 0.000000000000000000, 1.028506733724111773E-15 ) ) ;
#1760 = FACE_BOUND ( 'NONE', #104, .T. ) ;
#1761 = DIRECTION ( 'NONE',  ( -6.223206182385056805E-17, 1.000000000000000000, 0.000000000000000000 ) ) ;
#1762 = DIRECTION ( 'NONE',  ( 6.223206182385055573E-17, -1.000000000000000000, -0.000000000000000000 ) ) ;
#1763 = EDGE_LOOP ( 'NONE', ( #2715, #2072, #854, #167, #1708, #2629, #1106, #1587 ) ) ;
#1764 = LINE ( 'NONE', #1788, #1445 ) ;
#1765 = ORIENTED_EDGE ( 'NONE', *, *, #2561, .F. ) ;
#1766 = DIRECTION ( 'NONE',  ( 0.000000000000000000, -1.000000000000000000, 0.000000000000000000 ) ) ;
#1767 = ADVANCED_FACE ( 'NONE', ( #1115 ), #2435, .T. ) ;
#1768 = ORIENTED_EDGE ( 'NONE', *, *, #795, .F. ) ;
#1769 = DIRECTION ( 'NONE',  ( 1.000000000000000000, 6.223206182385055573E-17, 0.000000000000000000 ) ) ;
#1770 = DIRECTION ( 'NONE',  ( 0.000000000000000000, -1.000000000000000000, 0.000000000000000000 ) ) ;
#1771 = DIRECTION ( 'NONE',  ( 0.000000000000000000, 0.000000000000000000, 1.000000000000000000 ) ) ;
#1772 = DIRECTION ( 'NONE',  ( -1.000000000000000000, 0.000000000000000000, -0.000000000000000000 ) ) ;
#1773 = EDGE_CURVE ( 'NONE', #992, #502, #494, .T. ) ;
#1774 = CARTESIAN_POINT ( 'NONE',  ( -21.69999999999999929, -14.40000000000000568, 2.657483554149756738E-15 ) ) ;
#1775 = ORIENTED_EDGE ( 'NONE', *, *, #2443, .T. ) ;
#1776 = DIRECTION ( 'NONE',  ( 0.000000000000000000, 1.000000000000000000, 0.000000000000000000 ) ) ;
#1777 = EDGE_CURVE ( 'NONE', #809, #654, #1785, .T. ) ;
#1778 = CARTESIAN_POINT ( 'NONE',  ( 109.8387553634337337, -44.89999999999999858, 48.33945959150561578 ) ) ;
#1779 = ORIENTED_EDGE ( 'NONE', *, *, #963, .F. ) ;
#1780 = ADVANCED_FACE ( 'NONE', ( #1089, #27 ), #1955, .T. ) ;
#1781 = PLANE ( 'NONE',  #2619 ) ;
#1782 = ORIENTED_EDGE ( 'NONE', *, *, #1337, .F. ) ;
#1783 =( LENGTH_UNIT ( ) NAMED_UNIT ( * ) SI_UNIT ( .MILLI., .METRE. ) );
#1784 = VERTEX_POINT ( 'NONE', #2399 ) ;
#1785 = LINE ( 'NONE', #1334, #2296 ) ;
#1786 = DIRECTION ( 'NONE',  ( 1.000000000000000000, 7.994117400814780061E-17, 0.000000000000000000 ) ) ;
#1787 = ORIENTED_EDGE ( 'NONE', *, *, #1597, .F. ) ;
#1788 = CARTESIAN_POINT ( 'NONE',  ( 48.86551710199186260, -51.90000000000000568, 21.38361961449682269 ) ) ;
#1789 = CIRCLE ( 'NONE', #939, 22.19999999999999929 ) ;
#1790 = EDGE_CURVE ( 'NONE', #2404, #2038, #468, .T. ) ;
#1791 = CARTESIAN_POINT ( 'NONE',  ( 78.97144056266678547, -44.90000000000001279, 0.08361961449660990087 ) ) ;
#1792 = EDGE_LOOP ( 'NONE', ( #120, #712 ) ) ;
#1793 = DIRECTION ( 'NONE',  ( -1.749901211841862327E-10, 0.000000000000000000, 1.000000000000000000 ) ) ;
#1794 = EDGE_CURVE ( 'NONE', #607, #1552, #1848, .T. ) ;
#1795 = AXIS2_PLACEMENT_3D ( 'NONE', #1908, #2771, #1849 ) ;
#1796 = AXIS2_PLACEMENT_3D ( 'NONE', #433, #2380, #889 ) ;
#1797 = ORIENTED_EDGE ( 'NONE', *, *, #2655, .T. ) ;
#1798 = CARTESIAN_POINT ( 'NONE',  ( 94.47144056266679968, -44.90000000000001279, 17.18361961449661734 ) ) ;
#1799 = VECTOR ( 'NONE', #328, 1000.000000000000000 ) ;
#1800 = EDGE_LOOP ( 'NONE', ( #796, #843, #2660, #1654 ) ) ;
#1801 = VECTOR ( 'NONE', #2647, 1000.000000000000000 ) ;
#1802 = AXIS2_PLACEMENT_3D ( 'NONE', #2096, #2129, #2576 ) ;
#1803 = ADVANCED_FACE ( 'NONE', ( #1448 ), #2304, .T. ) ;
#1804 = DIRECTION ( 'NONE',  ( 6.223206182385055573E-17, -1.000000000000000000, 0.000000000000000000 ) ) ;
#1805 = EDGE_CURVE ( 'NONE', #39, #178, #2454, .T. ) ;
#1806 = VERTEX_POINT ( 'NONE', #1698 ) ;
#1807 = PLANE ( 'NONE',  #848 ) ;
#1808 = CARTESIAN_POINT ( 'NONE',  ( -21.19999999999999929, -5.592747858149950346, 0.000000000000000000 ) ) ;
#1809 = ORIENTED_EDGE ( 'NONE', *, *, #2271, .T. ) ;
#1810 = DIRECTION ( 'NONE',  ( -0.000000000000000000, -1.000000000000000000, -0.000000000000000000 ) ) ;
#1811 = ORIENTED_EDGE ( 'NONE', *, *, #223, .F. ) ;
#1812 = DIRECTION ( 'NONE',  ( -6.223206182385055573E-17, 1.000000000000000000, -0.000000000000000000 ) ) ;
#1813 = CARTESIAN_POINT ( 'NONE',  ( 8.961416902634482786E-16, -14.40000000000000391, 0.000000000000000000 ) ) ;
#1814 = LINE ( 'NONE', #1585, #536 ) ;
#1815 = ORIENTED_EDGE ( 'NONE', *, *, #2460, .T. ) ;
#1816 = DIRECTION ( 'NONE',  ( 0.000000000000000000, 0.000000000000000000, -1.000000000000000000 ) ) ;
#1817 = DIRECTION ( 'NONE',  ( 1.000000000000000000, 0.000000000000000000, -0.000000000000000000 ) ) ;
#1818 = ORIENTED_EDGE ( 'NONE', *, *, #2361, .T. ) ;
#1819 = CARTESIAN_POINT ( 'NONE',  ( -32.55000000102154445, -8.492747858149950702, 4.510281037539683930E-14 ) ) ;
#1820 = EDGE_LOOP ( 'NONE', ( #2545, #342, #1962, #1596 ) ) ;
#1821 = CARTESIAN_POINT ( 'NONE',  ( 100.2714405626152256, -39.90000000000000568, -9.616380385503203954 ) ) ;
#1822 = ADVANCED_FACE ( 'NONE', ( #1716 ), #1064, .F. ) ;
#1823 = CARTESIAN_POINT ( 'NONE',  ( 63.47144056266680678, -44.90000000000001279, 17.18361961449661734 ) ) ;
#1824 = LINE ( 'NONE', #758, #1663 ) ;
#1825 = DIRECTION ( 'NONE',  ( 1.000000000000000000, 6.223206182385055573E-17, 0.000000000000000000 ) ) ;
#1826 = VERTEX_POINT ( 'NONE', #1521 ) ;
#1827 = CARTESIAN_POINT ( 'NONE',  ( 22.54760732179579108, -5.492747858149949813, -53.33945959150553051 ) ) ;
#1828 = CARTESIAN_POINT ( 'NONE',  ( 3.480482304735955816E-16, -5.592747858149948570, 0.000000000000000000 ) ) ;
#1829 = ORIENTED_EDGE ( 'NONE', *, *, #746, .T. ) ;
#1830 = CIRCLE ( 'NONE', #1383, 42.33945959125457392 ) ;
#1831 = DIRECTION ( 'NONE',  ( 6.223206182385055573E-17, -1.000000000000000000, 0.000000000000000000 ) ) ;
#1832 = ADVANCED_FACE ( 'NONE', ( #619 ), #1250, .F. ) ;
#1833 = VECTOR ( 'NONE', #1183, 1000.000000000000000 ) ;
#1834 = VERTEX_POINT ( 'NONE', #1051 ) ;
#1835 = LINE ( 'NONE', #1375, #631 ) ;
#1836 = AXIS2_PLACEMENT_3D ( 'NONE', #519, #736, #773 ) ;
#1837 = CIRCLE ( 'NONE', #2564, 0.5000000000000004441 ) ;
#1838 = CARTESIAN_POINT ( 'NONE',  ( 63.47144056266679257, -44.90000000000001279, -15.41638038550338585 ) ) ;
#1839 = VECTOR ( 'NONE', #214, 1000.000000000000000 ) ;
#1840 = FACE_OUTER_BOUND ( 'NONE', #531, .T. ) ;
#1841 = VECTOR ( 'NONE', #2042, 1000.000000000000000 ) ;
#1842 = AXIS2_PLACEMENT_3D ( 'NONE', #1728, #2367, #2160 ) ;
#1843 = ORIENTED_EDGE ( 'NONE', *, *, #341, .F. ) ;
#1844 = PLANE ( 'NONE',  #2052 ) ;
#1845 = VERTEX_POINT ( 'NONE', #209 ) ;
#1846 = PLANE ( 'NONE',  #2741 ) ;
#1847 = ORIENTED_EDGE ( 'NONE', *, *, #2491, .T. ) ;
#1848 = LINE ( 'NONE', #367, #1174 ) ;
#1849 = DIRECTION ( 'NONE',  ( 0.000000000000000000, 0.000000000000000000, -1.000000000000000000 ) ) ;
#1850 = CARTESIAN_POINT ( 'NONE',  ( 109.8387553634337337, -100.9000000000000199, 48.33945959150561578 ) ) ;
#1851 = ORIENTED_EDGE ( 'NONE', *, *, #1673, .T. ) ;
#1852 = CARTESIAN_POINT ( 'NONE',  ( -1.372070056104288139E-21, -39.90000000000000568, -48.33945959125458103 ) ) ;
#1853 = CARTESIAN_POINT ( 'NONE',  ( 100.2714405626152399, -201.6428835118155689, -9.616380385503202177 ) ) ;
#1854 = CARTESIAN_POINT ( 'NONE',  ( 0.000000000000000000, 0.000000000000000000, 0.000000000000000000 ) ) ;
#1855 = ORIENTED_EDGE ( 'NONE', *, *, #2474, .T. ) ;
#1856 = CARTESIAN_POINT ( 'NONE',  ( -5.249621410710362846E-10, -8.492747858149948925, 4.510281037539683930E-14 ) ) ;
#1857 = CARTESIAN_POINT ( 'NONE',  ( 8.147886941524747742E-16, -13.09274785814994857, 0.000000000000000000 ) ) ;
#1858 = ORIENTED_EDGE ( 'NONE', *, *, #1426, .T. ) ;
#1859 = FACE_OUTER_BOUND ( 'NONE', #131, .T. ) ;
#1860 = EDGE_CURVE ( 'NONE', #360, #1364, #2557, .T. ) ;
#1861 = EDGE_LOOP ( 'NONE', ( #2169, #2024, #1815, #76 ) ) ;
#1862 = CARTESIAN_POINT ( 'NONE',  ( 100.2714405626152399, -201.6428835118155689, 9.783619614496835482 ) ) ;
#1863 = DIRECTION ( 'NONE',  ( 0.000000000000000000, 0.000000000000000000, 1.000000000000000000 ) ) ;
#1864 = EDGE_LOOP ( 'NONE', ( #1406, #391, #1164, #1371 ) ) ;
#1865 = CARTESIAN_POINT ( 'NONE',  ( 100.2714405626152256, -44.90000000000001990, -9.616380385503202177 ) ) ;
#1866 = DIRECTION ( 'NONE',  ( -1.000000000000000000, -6.223206182385055573E-17, 0.000000000000000000 ) ) ;
#1867 = ORIENTED_EDGE ( 'NONE', *, *, #976, .T. ) ;
#1868 = EDGE_CURVE ( 'NONE', #2684, #334, #1540, .T. ) ;
#1869 = ORIENTED_EDGE ( 'NONE', *, *, #874, .F. ) ;
#1870 = CARTESIAN_POINT ( 'NONE',  ( 8.147886941524745770E-16, -13.09274785814994857, 0.000000000000000000 ) ) ;
#1871 = AXIS2_PLACEMENT_3D ( 'NONE', #2340, #421, #1662 ) ;
#1872 = EDGE_CURVE ( 'NONE', #1942, #432, #1938, .T. ) ;
#1873 = ORIENTED_EDGE ( 'NONE', *, *, #1719, .T. ) ;
#1874 = CARTESIAN_POINT ( 'NONE',  ( 0.000000000000000000, 8.200000000000001066, 0.000000000000000000 ) ) ;
#1875 = EDGE_CURVE ( 'NONE', #1591, #850, #1084, .T. ) ;
#1876 = DIRECTION ( 'NONE',  ( 0.000000000000000000, 1.000000000000000000, 0.000000000000000000 ) ) ;
#1877 = LINE ( 'NONE', #2290, #2701 ) ;
#1878 = ORIENTED_EDGE ( 'NONE', *, *, #2184, .F. ) ;
#1879 = VECTOR ( 'NONE', #2257, 1000.000000000000000 ) ;
#1880 = AXIS2_PLACEMENT_3D ( 'NONE', #1102, #1323, #1929 ) ;
#1881 = DIRECTION ( 'NONE',  ( -1.000000000000000000, -0.000000000000000000, 8.237658817996960723E-15 ) ) ;
#1882 = DIRECTION ( 'NONE',  ( -1.000000000000000000, -6.504465884214041280E-17, 0.000000000000000000 ) ) ;
#1883 = EDGE_CURVE ( 'NONE', #809, #506, #604, .T. ) ;
#1884 = AXIS2_PLACEMENT_3D ( 'NONE', #2503, #998, #1232 ) ;
#1885 = CYLINDRICAL_SURFACE ( 'NONE', #1570, 53.33945959127417780 ) ;
#1886 = AXIS2_PLACEMENT_3D ( 'NONE', #141, #2749, #2061 ) ;
#1887 = VECTOR ( 'NONE', #2456, 1000.000000000000000 ) ;
#1888 = VECTOR ( 'NONE', #438, 1000.000000000000000 ) ;
#1889 = EDGE_CURVE ( 'NONE', #186, #1740, #222, .T. ) ;
#1890 = DIRECTION ( 'NONE',  ( 0.000000000000000000, 0.000000000000000000, 1.000000000000000000 ) ) ;
#1891 = ORIENTED_EDGE ( 'NONE', *, *, #434, .T. ) ;
#1892 = DIRECTION ( 'NONE',  ( 0.000000000000000000, 0.000000000000000000, 1.000000000000000000 ) ) ;
#1893 = AXIS2_PLACEMENT_3D ( 'NONE', #384, #624, #397 ) ;
#1894 = ORIENTED_EDGE ( 'NONE', *, *, #2475, .F. ) ;
#1895 = CARTESIAN_POINT ( 'NONE',  ( 94.47144056266679968, -39.90000000000000568, 15.58361961449661237 ) ) ;
#1896 = ADVANCED_FACE ( 'NONE', ( #170 ), #1583, .T. ) ;
#1897 = DIRECTION ( 'NONE',  ( -1.000000000000000000, 0.000000000000000000, -0.000000000000000000 ) ) ;
#1898 = DIRECTION ( 'NONE',  ( -1.000000000000000000, 0.000000000000000000, 0.000000000000000000 ) ) ;
#1899 = EDGE_LOOP ( 'NONE', ( #15, #1517, #1125, #739 ) ) ;
#1900 = CARTESIAN_POINT ( 'NONE',  ( 22.54760732179579108, -24.39999999999995595, 48.33945959100353207 ) ) ;
#1901 = DIRECTION ( 'NONE',  ( -4.400471292286543293E-17, 0.7071067811865513475, 0.7071067811865436870 ) ) ;
#1902 = ADVANCED_FACE ( 'NONE', ( #194 ), #242, .F. ) ;
#1903 = CARTESIAN_POINT ( 'NONE',  ( 1.406444597219022530E-15, 70.51698856536212645, 0.000000000000000000 ) ) ;
#1904 = FACE_OUTER_BOUND ( 'NONE', #2721, .T. ) ;
#1905 = EDGE_LOOP ( 'NONE', ( #1019, #1057 ) ) ;
#1906 = ORIENTED_EDGE ( 'NONE', *, *, #2187, .T. ) ;
#1907 = DIRECTION ( 'NONE',  ( 0.000000000000000000, 0.000000000000000000, -1.000000000000000000 ) ) ;
#1908 = CARTESIAN_POINT ( 'NONE',  ( 22.54760732179579108, 17.60258924626558041, 48.33945959100353207 ) ) ;
#1909 = CARTESIAN_POINT ( 'NONE',  ( 67.99129735560521226, -39.90000000000001990, 21.38361961449638216 ) ) ;
#1910 = ORIENTED_EDGE ( 'NONE', *, *, #487, .F. ) ;
#1911 = EDGE_CURVE ( 'NONE', #568, #2029, #949, .T. ) ;
#1912 = CARTESIAN_POINT ( 'NONE',  ( -5.249623277672218263E-10, -5.492747858149948925, 4.510281037539683930E-14 ) ) ;
#1913 = ORIENTED_EDGE ( 'NONE', *, *, #795, .T. ) ;
#1914 = CARTESIAN_POINT ( 'NONE',  ( 1.406444597219022530E-15, -44.90000000000001279, 0.000000000000000000 ) ) ;
#1915 = EDGE_CURVE ( 'NONE', #1194, #424, #816, .T. ) ;
#1916 = EDGE_LOOP ( 'NONE', ( #1589, #166, #1421, #1006 ) ) ;
#1917 = CYLINDRICAL_SURFACE ( 'NONE', #1753, 15.86694255119153851 ) ;
#1918 = ORIENTED_EDGE ( 'NONE', *, *, #2322, .T. ) ;
#1919 = DIRECTION ( 'NONE',  ( -6.223206182385056805E-17, 1.000000000000000000, 0.000000000000000000 ) ) ;
#1920 = EDGE_CURVE ( 'NONE', #2166, #1687, #1683, .T. ) ;
#1921 = FACE_OUTER_BOUND ( 'NONE', #1725, .T. ) ;
#1922 = EDGE_LOOP ( 'NONE', ( #2215, #518 ) ) ;
#1923 = DIRECTION ( 'NONE',  ( 0.000000000000000000, 0.000000000000000000, 1.000000000000000000 ) ) ;
#1924 = CIRCLE ( 'NONE', #2785, 53.33945959127417780 ) ;
#1925 = DIRECTION ( 'NONE',  ( 1.000000000000000000, 0.000000000000000000, 6.317345713648891870E-17 ) ) ;
#1926 = ORIENTED_EDGE ( 'NONE', *, *, #1199, .T. ) ;
#1927 = DIRECTION ( 'NONE',  ( 0.000000000000000000, 0.000000000000000000, -1.000000000000000000 ) ) ;
#1928 = AXIS2_PLACEMENT_3D ( 'NONE', #198, #1523, #450 ) ;
#1929 = DIRECTION ( 'NONE',  ( -1.000000000000000000, -5.329411600461881032E-17, 0.000000000000000000 ) ) ;
#1930 = VECTOR ( 'NONE', #2272, 1000.000000000000000 ) ;
#1931 = AXIS2_PLACEMENT_3D ( 'NONE', #2628, #273, #911 ) ;
#1932 = ORIENTED_EDGE ( 'NONE', *, *, #2601, .F. ) ;
#1933 = PLANE ( 'NONE',  #1979 ) ;
#1934 = CIRCLE ( 'NONE', #2339, 0.5000000000000004441 ) ;
#1935 = AXIS2_PLACEMENT_3D ( 'NONE', #994, #192, #423 ) ;
#1936 = VERTEX_POINT ( 'NONE', #407 ) ;
#1937 = AXIS2_PLACEMENT_3D ( 'NONE', #1669, #1039, #2546 ) ;
#1938 = LINE ( 'NONE', #448, #1131 ) ;
#1939 = FACE_OUTER_BOUND ( 'NONE', #1273, .T. ) ;
#1940 = ORIENTED_EDGE ( 'NONE', *, *, #1100, .F. ) ;
#1941 = CARTESIAN_POINT ( 'NONE',  ( -21.69999999999999929, -14.40000000000000568, 2.657483554149756738E-15 ) ) ;
#1942 = VERTEX_POINT ( 'NONE', #1268 ) ;
#1943 = CARTESIAN_POINT ( 'NONE',  ( 114.8387553634337621, -201.6428835118155689, -53.33945959150553051 ) ) ;
#1944 = ORIENTED_EDGE ( 'NONE', *, *, #874, .T. ) ;
#1945 = DIRECTION ( 'NONE',  ( 6.223206182385055573E-17, -1.000000000000000000, -0.000000000000000000 ) ) ;
#1946 = EDGE_CURVE ( 'NONE', #2755, #1194, #2116, .T. ) ;
#1947 = VERTEX_POINT ( 'NONE', #425 ) ;
#1948 = LINE ( 'NONE', #1572, #730 ) ;
#1949 = EDGE_CURVE ( 'NONE', #744, #2633, #1282, .T. ) ;
#1950 = CARTESIAN_POINT ( 'NONE',  ( 48.93836074900862343, -44.90000000000001279, -21.21638038550318583 ) ) ;
#1951 = VERTEX_POINT ( 'NONE', #1296 ) ;
#1952 = CYLINDRICAL_SURFACE ( 'NONE', #2616, 53.33945959100353207 ) ;
#1953 = DIRECTION ( 'NONE',  ( -1.224646799147353207E-16, -7.621229531691877884E-33, 1.000000000000000000 ) ) ;
#1954 = DIRECTION ( 'NONE',  ( 0.000000000000000000, -0.000000000000000000, 1.000000000000000000 ) ) ;
#1955 = PLANE ( 'NONE',  #1224 ) ;
#1956 = DIRECTION ( 'NONE',  ( -1.000000000000000000, -7.692787033071868202E-17, 0.000000000000000000 ) ) ;
#1957 = ORIENTED_EDGE ( 'NONE', *, *, #1289, .F. ) ;
#1958 = DIRECTION ( 'NONE',  ( 0.000000000000000000, -0.000000000000000000, 1.000000000000000000 ) ) ;
#1959 = ORIENTED_EDGE ( 'NONE', *, *, #595, .F. ) ;
#1960 = CARTESIAN_POINT ( 'NONE',  ( 6.938893903907228378E-15, 70.51698856536212645, -4.416871317657988804E-16 ) ) ;
#1961 = DIRECTION ( 'NONE',  ( -1.000000000000000000, 0.000000000000000000, 8.237658817996960723E-15 ) ) ;
#1962 = ORIENTED_EDGE ( 'NONE', *, *, #1860, .F. ) ;
#1963 = EDGE_CURVE ( 'NONE', #1253, #1443, #591, .T. ) ;
#1964 = DIRECTION ( 'NONE',  ( 1.000000000000000000, 1.093245479329266569E-16, 0.000000000000000000 ) ) ;
#1965 = CARTESIAN_POINT ( 'NONE',  ( 3.169321995616702791E-16, -5.092747858149948570, 0.000000000000000000 ) ) ;
#1966 = CARTESIAN_POINT ( 'NONE',  ( -5.249689571940052701E-10, -44.90000000000001279, 48.33945959150561578 ) ) ;
#1967 = DIRECTION ( 'NONE',  ( 0.000000000000000000, 0.000000000000000000, -1.000000000000000000 ) ) ;
#1968 = CIRCLE ( 'NONE', #975, 1.600000000000004086 ) ;
#1969 = FACE_OUTER_BOUND ( 'NONE', #675, .T. ) ;
#1970 = ORIENTED_EDGE ( 'NONE', *, *, #1946, .F. ) ;
#1971 = AXIS2_PLACEMENT_3D ( 'NONE', #2131, #659, #2118 ) ;
#1972 = EDGE_CURVE ( 'NONE', #1936, #502, #1948, .T. ) ;
#1973 = AXIS2_PLACEMENT_3D ( 'NONE', #201, #608, #1422 ) ;
#1974 = ORIENTED_EDGE ( 'NONE', *, *, #2709, .T. ) ;
#1975 = LINE ( 'NONE', #73, #2653 ) ;
#1976 = CIRCLE ( 'NONE', #1033, 47.33945959101390599 ) ;
#1977 = AXIS2_PLACEMENT_3D ( 'NONE', #2374, #1128, #639 ) ;
#1978 = LINE ( 'NONE', #427, #673 ) ;
#1979 = AXIS2_PLACEMENT_3D ( 'NONE', #157, #404, #1020 ) ;
#1980 = CIRCLE ( 'NONE', #770, 45.60000000049659263 ) ;
#1981 = VERTEX_POINT ( 'NONE', #733 ) ;
#1982 = EDGE_CURVE ( 'NONE', #2113, #186, #1975, .T. ) ;
#1983 = AXIS2_PLACEMENT_3D ( 'NONE', #901, #706, #1757 ) ;
#1984 = LINE ( 'NONE', #1512, #2020 ) ;
#1985 = EDGE_CURVE ( 'NONE', #1082, #2166, #2222, .T. ) ;
#1986 = DIRECTION ( 'NONE',  ( 0.000000000000000000, -0.000000000000000000, 1.000000000000000000 ) ) ;
#1987 = CARTESIAN_POINT ( 'NONE',  ( -45.60000000102155582, -5.492747858149951590, 4.510281037539683930E-14 ) ) ;
#1988 = EDGE_CURVE ( 'NONE', #2495, #568, #882, .T. ) ;
#1989 = LINE ( 'NONE', #1347, #172 ) ;
#1990 = VERTEX_POINT ( 'NONE', #1738 ) ;
#1991 = ORIENTED_EDGE ( 'NONE', *, *, #2511, .T. ) ;
#1992 = CARTESIAN_POINT ( 'NONE',  ( 63.47144056266679257, -49.90000000000000568, -15.41638038550338585 ) ) ;
#1993 = EDGE_CURVE ( 'NONE', #1359, #2236, #1120, .T. ) ;
#1994 = ORIENTED_EDGE ( 'NONE', *, *, #398, .T. ) ;
#1995 = DIRECTION ( 'NONE',  ( 1.000000000000000000, 6.223206182385055573E-17, 0.000000000000000000 ) ) ;
#1996 = CARTESIAN_POINT ( 'NONE',  ( 6.938893903907228378E-15, 70.51698856536212645, -4.416871317657988804E-16 ) ) ;
#1997 = EDGE_CURVE ( 'NONE', #218, #2035, #2605, .T. ) ;
#1998 = CARTESIAN_POINT ( 'NONE',  ( 22.54760732076427843, -201.6428835118155973, 48.33945959150561578 ) ) ;
#1999 = LINE ( 'NONE', #726, #1749 ) ;
#2000 = VERTEX_POINT ( 'NONE', #670 ) ;
#2001 = ADVANCED_FACE ( 'NONE', ( #1372 ), #83, .T. ) ;
#2002 = DIRECTION ( 'NONE',  ( -6.223206182385056805E-17, 1.000000000000000000, 0.000000000000000000 ) ) ;
#2003 = ORIENTED_EDGE ( 'NONE', *, *, #1516, .T. ) ;
#2004 = DIRECTION ( 'NONE',  ( 1.000000000000000000, -0.000000000000000000, 0.000000000000000000 ) ) ;
#2005 = EDGE_CURVE ( 'NONE', #1031, #1010, #96, .T. ) ;
#2006 = ORIENTED_EDGE ( 'NONE', *, *, #718, .T. ) ;
#2007 = DIRECTION ( 'NONE',  ( 1.000000000000000000, 6.223206182385055573E-17, -0.000000000000000000 ) ) ;
#2008 = EDGE_CURVE ( 'NONE', #687, #2282, #238, .T. ) ;
#2009 = DIRECTION ( 'NONE',  ( 1.776356839400250465E-15, 0.000000000000000000, 1.000000000000000000 ) ) ;
#2010 = ORIENTED_EDGE ( 'NONE', *, *, #2099, .F. ) ;
#2011 = CYLINDRICAL_SURFACE ( 'NONE', #2606, 45.10000000049659263 ) ;
#2012 = VECTOR ( 'NONE', #1771, 1000.000000000000000 ) ;
#2013 = FACE_BOUND ( 'NONE', #215, .T. ) ;
#2014 = VECTOR ( 'NONE', #2558, 1000.000000000000000 ) ;
#2015 = VERTEX_POINT ( 'NONE', #2389 ) ;
#2016 = CARTESIAN_POINT ( 'NONE',  ( 114.8387553634337479, -100.9000000000000199, -53.33945959150553051 ) ) ;
#2017 = CIRCLE ( 'NONE', #175, 0.5000000000000004441 ) ;
#2018 = AXIS2_PLACEMENT_3D ( 'NONE', #967, #1200, #126 ) ;
#2019 = ORIENTED_EDGE ( 'NONE', *, *, #1872, .T. ) ;
#2020 = VECTOR ( 'NONE', #2565, 1000.000000000000000 ) ;
#2021 = CYLINDRICAL_SURFACE ( 'NONE', #676, 51.33945959101390599 ) ;
#2022 = CIRCLE ( 'NONE', #1038, 1.600000000000004086 ) ;
#2023 = CARTESIAN_POINT ( 'NONE',  ( 1.406444597219022530E-15, -14.40000000000000391, 0.000000000000000000 ) ) ;
#2024 = ORIENTED_EDGE ( 'NONE', *, *, #279, .T. ) ;
#2025 = DIRECTION ( 'NONE',  ( 0.000000000000000000, 0.000000000000000000, 1.000000000000000000 ) ) ;
#2026 = EDGE_CURVE ( 'NONE', #1990, #1317, #2159, .T. ) ;
#2027 = ORIENTED_EDGE ( 'NONE', *, *, #2288, .F. ) ;
#2028 = CARTESIAN_POINT ( 'NONE',  ( -5.249501209398531056E-10, -201.6428835118155973, -53.33945959150553051 ) ) ;
#2029 = VERTEX_POINT ( 'NONE', #2230 ) ;
#2030 = DIRECTION ( 'NONE',  ( -0.000000000000000000, 1.000000000000000000, 0.000000000000000000 ) ) ;
#2031 = LINE ( 'NONE', #295, #90 ) ;
#2032 = CARTESIAN_POINT ( 'NONE',  ( 34.30252969376431338, 70.51698856536212645, 35.46433038056284914 ) ) ;
#2033 = EDGE_LOOP ( 'NONE', ( #926, #915 ) ) ;
#2034 = CARTESIAN_POINT ( 'NONE',  ( 21.19999999999999929, -5.592747858149947682, 2.596251214192388770E-15 ) ) ;
#2035 = VERTEX_POINT ( 'NONE', #1327 ) ;
#2036 = FACE_OUTER_BOUND ( 'NONE', #1237, .T. ) ;
#2037 = DIRECTION ( 'NONE',  ( -1.000000000000000000, -6.223206182385055573E-17, -6.317345713648893103E-17 ) ) ;
#2038 = VERTEX_POINT ( 'NONE', #2172 ) ;
#2039 = CARTESIAN_POINT ( 'NONE',  ( 1.436916551327355815E-14, -44.90000000000001279, 42.33945959101390599 ) ) ;
#2040 = EDGE_LOOP ( 'NONE', ( #2555, #2057, #2333, #588 ) ) ;
#2041 = DIRECTION ( 'NONE',  ( 6.223206182385055573E-17, -1.000000000000000000, -0.000000000000000000 ) ) ;
#2042 = DIRECTION ( 'NONE',  ( 0.000000000000000000, 0.000000000000000000, 1.000000000000000000 ) ) ;
#2043 = ORIENTED_EDGE ( 'NONE', *, *, #1499, .T. ) ;
#2044 = CYLINDRICAL_SURFACE ( 'NONE', #2613, 53.33945959150557314 ) ;
#2045 = DIRECTION ( 'NONE',  ( 0.000000000000000000, -1.000000000000000000, 0.000000000000000000 ) ) ;
#2046 = ORIENTED_EDGE ( 'NONE', *, *, #1610, .F. ) ;
#2047 = DIRECTION ( 'NONE',  ( 6.223206182385055573E-17, -1.000000000000000000, 0.000000000000000000 ) ) ;
#2048 = VERTEX_POINT ( 'NONE', #42 ) ;
#2049 = LINE ( 'NONE', #1600, #2103 ) ;
#2050 = EDGE_CURVE ( 'NONE', #1394, #432, #896, .T. ) ;
#2051 = VERTEX_POINT ( 'NONE', #689 ) ;
#2052 = AXIS2_PLACEMENT_3D ( 'NONE', #1791, #1402, #741 ) ;
#2053 = CARTESIAN_POINT ( 'NONE',  ( 63.47144056266679257, -44.90000000000001279, -15.41638038550338585 ) ) ;
#2054 = CIRCLE ( 'NONE', #408, 21.19999999999999929 ) ;
#2055 = VECTOR ( 'NONE', #248, 1000.000000000000000 ) ;
#2056 = DIRECTION ( 'NONE',  ( 1.000000000000000000, 5.329411600461881032E-17, 0.000000000000000000 ) ) ;
#2057 = ORIENTED_EDGE ( 'NONE', *, *, #2087, .F. ) ;
#2058 = AXIS2_PLACEMENT_3D ( 'NONE', #183, #2276, #801 ) ;
#2059 = CARTESIAN_POINT ( 'NONE',  ( 32.91205926793856662, -39.90000000000000568, 34.02676577509149070 ) ) ;
#2060 = EDGE_CURVE ( 'NONE', #2639, #2495, #2022, .T. ) ;
#2061 = DIRECTION ( 'NONE',  ( 1.000000000000000000, 7.994117400814780061E-17, 0.000000000000000000 ) ) ;
#2062 = CYLINDRICAL_SURFACE ( 'NONE', #2615, 48.33945959125457392 ) ;
#2063 = AXIS2_PLACEMENT_3D ( 'NONE', #64, #503, #2651 ) ;
#2064 = VERTEX_POINT ( 'NONE', #2631 ) ;
#2065 = ADVANCED_FACE ( 'NONE', ( #704, #261 ), #1781, .T. ) ;
#2066 = CARTESIAN_POINT ( 'NONE',  ( 1.406444597219022530E-15, -14.40000000000000391, 0.000000000000000000 ) ) ;
#2067 = VERTEX_POINT ( 'NONE', #2205 ) ;
#2068 = CARTESIAN_POINT ( 'NONE',  ( -5.249623277672217229E-10, -5.492747858149948925, 4.510281037539683930E-14 ) ) ;
#2069 = ORIENTED_EDGE ( 'NONE', *, *, #100, .F. ) ;
#2070 = DIRECTION ( 'NONE',  ( -6.223206182385056805E-17, 1.000000000000000000, 0.000000000000000000 ) ) ;
#2071 = LINE ( 'NONE', #1450, #1490 ) ;
#2072 = ORIENTED_EDGE ( 'NONE', *, *, #103, .T. ) ;
#2073 = CARTESIAN_POINT ( 'NONE',  ( 34.30252969424448395, -39.90000000000000568, -35.46433038009840288 ) ) ;
#2074 = CARTESIAN_POINT ( 'NONE',  ( 100.2714405626152256, -44.90000000000001279, 21.38361961449637150 ) ) ;
#2075 = ORIENTED_EDGE ( 'NONE', *, *, #1872, .F. ) ;
#2076 = ADVANCED_FACE ( 'NONE', ( #281 ), #1138, .F. ) ;
#2077 = DIRECTION ( 'NONE',  ( 6.223206182385055573E-17, -1.000000000000000000, 0.000000000000000000 ) ) ;
#2078 = EDGE_CURVE ( 'NONE', #2412, #1680, #292, .T. ) ;
#2079 = ORIENTED_EDGE ( 'NONE', *, *, #2511, .F. ) ;
#2080 = DIRECTION ( 'NONE',  ( 6.223206182385055573E-17, -1.000000000000000000, -0.000000000000000000 ) ) ;
#2081 = ORIENTED_EDGE ( 'NONE', *, *, #79, .T. ) ;
#2082 = DIRECTION ( 'NONE',  ( -1.000000000000000000, 0.000000000000000000, 0.000000000000000000 ) ) ;
#2083 = EDGE_CURVE ( 'NONE', #940, #1826, #1444, .T. ) ;
#2084 = CARTESIAN_POINT ( 'NONE',  ( 35.69300012008966405, -39.90000000000000568, -36.90189498555093905 ) ) ;
#2085 = VERTEX_POINT ( 'NONE', #2693 ) ;
#2086 = DIRECTION ( 'NONE',  ( 0.000000000000000000, -1.000000000000000000, 0.000000000000000000 ) ) ;
#2087 = EDGE_CURVE ( 'NONE', #307, #39, #2486, .T. ) ;
#2088 = DIRECTION ( 'NONE',  ( 1.040834085586083310E-14, 0.000000000000000000, 1.000000000000000000 ) ) ;
#2089 = DIRECTION ( 'NONE',  ( 1.000000000000000000, 1.093245479329266569E-16, 0.000000000000000000 ) ) ;
#2090 = ORIENTED_EDGE ( 'NONE', *, *, #1181, .T. ) ;
#2091 = PLANE ( 'NONE',  #1526 ) ;
#2092 = ORIENTED_EDGE ( 'NONE', *, *, #701, .F. ) ;
#2093 = EDGE_CURVE ( 'NONE', #846, #1551, #907, .T. ) ;
#2094 = LINE ( 'NONE', #1032, #2652 ) ;
#2095 = EDGE_LOOP ( 'NONE', ( #2174, #1755, #345, #922 ) ) ;
#2096 = CARTESIAN_POINT ( 'NONE',  ( 8.961416902634482786E-16, -14.40000000000000391, 0.000000000000000000 ) ) ;
#2097 = AXIS2_PLACEMENT_3D ( 'NONE', #25, #1733, #1527 ) ;
#2098 = DIRECTION ( 'NONE',  ( -6.223206182385055573E-17, 1.000000000000000000, 0.000000000000000000 ) ) ;
#2099 = EDGE_CURVE ( 'NONE', #1736, #1217, #1980, .T. ) ;
#2100 = CARTESIAN_POINT ( 'NONE',  ( -5.249689571940052701E-10, -39.90000000000000568, 48.33945959150561578 ) ) ;
#2101 = VERTEX_POINT ( 'NONE', #1162 ) ;
#2102 = FACE_OUTER_BOUND ( 'NONE', #2358, .T. ) ;
#2103 = VECTOR ( 'NONE', #2499, 1000.000000000000000 ) ;
#2104 = AXIS2_PLACEMENT_3D ( 'NONE', #2436, #116, #1825 ) ;
#2105 = DIRECTION ( 'NONE',  ( 6.223206182385056805E-17, -1.000000000000000000, 0.000000000000000000 ) ) ;
#2106 = CIRCLE ( 'NONE', #1537, 0.5000000000000004441 ) ;
#2107 = ORIENTED_EDGE ( 'NONE', *, *, #774, .T. ) ;
#2108 = AXIS2_PLACEMENT_3D ( 'NONE', #2073, #2730, #2088 ) ;
#2109 = LINE ( 'NONE', #792, #1160 ) ;
#2110 = VECTOR ( 'NONE', #1945, 1000.000000000000000 ) ;
#2111 = VECTOR ( 'NONE', #321, 1000.000000000000000 ) ;
#2112 = DIRECTION ( 'NONE',  ( 1.000000000000000000, 7.994117400814780061E-17, 0.000000000000000000 ) ) ;
#2113 = VERTEX_POINT ( 'NONE', #2039 ) ;
#2114 = VECTOR ( 'NONE', #672, 1000.000000000000000 ) ;
#2115 = ORIENTED_EDGE ( 'NONE', *, *, #2443, .F. ) ;
#2116 = LINE ( 'NONE', #2770, #1267 ) ;
#2117 = FACE_OUTER_BOUND ( 'NONE', #2095, .T. ) ;
#2118 = DIRECTION ( 'NONE',  ( 1.000000000000000000, 0.000000000000000000, -1.224646799147349509E-16 ) ) ;
#2119 = ORIENTED_EDGE ( 'NONE', *, *, #2446, .F. ) ;
#2120 = CYLINDRICAL_SURFACE ( 'NONE', #1973, 1.600000000000004086 ) ;
#2121 = CARTESIAN_POINT ( 'NONE',  ( 21.19999999999999929, -13.09274785814994679, 2.596251214192388770E-15 ) ) ;
#2122 = ORIENTED_EDGE ( 'NONE', *, *, #26, .F. ) ;
#2123 = CARTESIAN_POINT ( 'NONE',  ( 22.54760732179579108, -39.90000000000000568, -53.33945959150553051 ) ) ;
#2124 = EDGE_CURVE ( 'NONE', #515, #1082, #545, .T. ) ;
#2125 = ORIENTED_EDGE ( 'NONE', *, *, #890, .T. ) ;
#2126 = PLANE ( 'NONE',  #2430 ) ;
#2127 = FACE_OUTER_BOUND ( 'NONE', #204, .T. ) ;
#2128 = ORIENTED_EDGE ( 'NONE', *, *, #2, .T. ) ;
#2129 = DIRECTION ( 'NONE',  ( 6.223206182385055573E-17, -1.000000000000000000, 0.000000000000000000 ) ) ;
#2130 = DIRECTION ( 'NONE',  ( 0.000000000000000000, 0.000000000000000000, -1.000000000000000000 ) ) ;
#2131 = CARTESIAN_POINT ( 'NONE',  ( -21.69999999999999929, -5.592747858149950346, 2.657483554149756738E-15 ) ) ;
#2132 = VERTEX_POINT ( 'NONE', #2664 ) ;
#2133 = FACE_OUTER_BOUND ( 'NONE', #153, .T. ) ;
#2134 = ORIENTED_EDGE ( 'NONE', *, *, #788, .F. ) ;
#2135 = LINE ( 'NONE', #69, #2055 ) ;
#2136 = EDGE_LOOP ( 'NONE', ( #952, #59, #2092, #2728 ) ) ;
#2137 = DIRECTION ( 'NONE',  ( 1.000000000000000000, 5.466227396646332844E-17, 0.000000000000000000 ) ) ;
#2138 = ORIENTED_EDGE ( 'NONE', *, *, #2361, .F. ) ;
#2139 = CARTESIAN_POINT ( 'NONE',  ( 6.938893903907228378E-15, -39.90000000000000568, -4.416871317657988804E-16 ) ) ;
#2140 = CARTESIAN_POINT ( 'NONE',  ( 67.99129735560521226, -201.6428835118155689, 21.38361961449638216 ) ) ;
#2141 = DIRECTION ( 'NONE',  ( -6.223206182385056805E-17, 1.000000000000000000, 0.000000000000000000 ) ) ;
#2142 = EDGE_LOOP ( 'NONE', ( #336, #2713, #735, #2643 ) ) ;
#2143 = VECTOR ( 'NONE', #740, 1000.000000000000000 ) ;
#2144 = CARTESIAN_POINT ( 'NONE',  ( 1.406444597219022530E-15, -14.40000000000000391, 0.000000000000000000 ) ) ;
#2145 = AXIS2_PLACEMENT_3D ( 'NONE', #1099, #1953, #1343 ) ;
#2146 = DIRECTION ( 'NONE',  ( -6.223206182385055573E-17, 1.000000000000000000, -0.000000000000000000 ) ) ;
#2147 = DIRECTION ( 'NONE',  ( 0.000000000000000000, 0.000000000000000000, 1.000000000000000000 ) ) ;
#2148 = DIRECTION ( 'NONE',  ( 0.000000000000000000, 1.000000000000000000, 0.000000000000000000 ) ) ;
#2149 = FACE_BOUND ( 'NONE', #1905, .T. ) ;
#2150 = DIRECTION ( 'NONE',  ( -1.000000000000000000, -5.329411600461881032E-17, 0.000000000000000000 ) ) ;
#2151 = CIRCLE ( 'NONE', #496, 45.10000000049659263 ) ;
#2152 = AXIS2_PLACEMENT_3D ( 'NONE', #511, #2458, #2421 ) ;
#2153 = VERTEX_POINT ( 'NONE', #768 ) ;
#2154 = LINE ( 'NONE', #2384, #2110 ) ;
#2155 = EDGE_CURVE ( 'NONE', #307, #445, #1647, .T. ) ;
#2156 = CIRCLE ( 'NONE', #275, 1.600000000000004086 ) ;
#2157 = CIRCLE ( 'NONE', #2526, 53.33945959127417780 ) ;
#2158 = ORIENTED_EDGE ( 'NONE', *, *, #227, .T. ) ;
#2159 = CIRCLE ( 'NONE', #459, 45.10000000049659263 ) ;
#2160 = DIRECTION ( 'NONE',  ( 1.000000000000000000, 6.223206182385055573E-17, 0.000000000000000000 ) ) ;
#2161 = DIRECTION ( 'NONE',  ( 1.000000000000000000, -0.000000000000000000, -4.469252216759687363E-16 ) ) ;
#2162 = LINE ( 'NONE', #1909, #1746 ) ;
#2163 = ORIENTED_EDGE ( 'NONE', *, *, #1193, .T. ) ;
#2164 = DIRECTION ( 'NONE',  ( 6.223206182385055573E-17, -1.000000000000000000, 0.000000000000000000 ) ) ;
#2165 = LINE ( 'NONE', #1758, #1710 ) ;
#2166 = VERTEX_POINT ( 'NONE', #2016 ) ;
#2167 = DIRECTION ( 'NONE',  ( -6.223206182385056805E-17, 1.000000000000000000, 0.000000000000000000 ) ) ;
#2168 = LINE ( 'NONE', #1774, #2520 ) ;
#2169 = ORIENTED_EDGE ( 'NONE', *, *, #2603, .F. ) ;
#2170 = EDGE_CURVE ( 'NONE', #462, #2285, #2345, .T. ) ;
#2171 = ORIENTED_EDGE ( 'NONE', *, *, #2709, .F. ) ;
#2172 = CARTESIAN_POINT ( 'NONE',  ( 1.406444597219022530E-15, -44.90000000000001279, -42.33945959125457392 ) ) ;
#2173 = PLANE ( 'NONE',  #2694 ) ;
#2174 = ORIENTED_EDGE ( 'NONE', *, *, #1504, .F. ) ;
#2175 = ADVANCED_FACE ( 'NONE', ( #1416 ), #1192, .F. ) ;
#2176 = CARTESIAN_POINT ( 'NONE',  ( 27.92684951145237449, -21.89088960404059137, -45.83034919504414262 ) ) ;
#2177 = CARTESIAN_POINT ( 'NONE',  ( 22.54760732179579108, -5.492747858149949813, 48.33945959100353207 ) ) ;
#2178 = ADVANCED_FACE ( 'NONE', ( #585 ), #1846, .F. ) ;
#2179 = CYLINDRICAL_SURFACE ( 'NONE', #2209, 2.000000000000001776 ) ;
#2180 = DIRECTION ( 'NONE',  ( -6.223206182385055573E-17, 1.000000000000000000, -0.000000000000000000 ) ) ;
#2181 = ORIENTED_EDGE ( 'NONE', *, *, #2083, .T. ) ;
#2182 = DIRECTION ( 'NONE',  ( -6.223206182385056805E-17, 1.000000000000000000, 0.000000000000000000 ) ) ;
#2183 = PRODUCT_RELATED_PRODUCT_CATEGORY ( 'part', '', ( #805 ) ) ;
#2184 = EDGE_CURVE ( 'NONE', #565, #1942, #1205, .T. ) ;
#2185 = EDGE_LOOP ( 'NONE', ( #1571, #2125 ) ) ;
#2186 = DIRECTION ( 'NONE',  ( 0.000000000000000000, 0.000000000000000000, 1.000000000000000000 ) ) ;
#2187 = EDGE_CURVE ( 'NONE', #1942, #515, #185, .T. ) ;
#2188 = CARTESIAN_POINT ( 'NONE',  ( 21.69999999999999929, -21.90000000000000213, 0.000000000000000000 ) ) ;
#2189 = ORIENTED_EDGE ( 'NONE', *, *, #2334, .T. ) ;
#2190 = EDGE_CURVE ( 'NONE', #959, #2101, #5, .T. ) ;
#2191 = FACE_OUTER_BOUND ( 'NONE', #2244, .T. ) ;
#2192 = LINE ( 'NONE', #1288, #497 ) ;
#2193 = CARTESIAN_POINT ( 'NONE',  ( 100.2714405626152399, -44.90000000000001990, 9.783619614496835482 ) ) ;
#2194 = PLANE ( 'NONE',  #347 ) ;
#2195 = CARTESIAN_POINT ( 'NONE',  ( -5.249501209398531056E-10, -201.6428835118155973, -53.33945959150553051 ) ) ;
#2196 = VECTOR ( 'NONE', #679, 1000.000000000000000 ) ;
#2197 = CARTESIAN_POINT ( 'NONE',  ( -12.37728041975178073, -44.90000000000001279, -40.48990945766991700 ) ) ;
#2198 = EDGE_CURVE ( 'NONE', #2035, #1731, #2049, .T. ) ;
#2199 = ORIENTED_EDGE ( 'NONE', *, *, #398, .F. ) ;
#2200 = AXIS2_PLACEMENT_3D ( 'NONE', #358, #2255, #1413 ) ;
#2201 = PLANE ( 'NONE',  #543 ) ;
#2202 = TOROIDAL_SURFACE ( 'NONE', #1836, 45.60000000049659263, 0.5000000000000000000 ) ;
#2203 = CIRCLE ( 'NONE', #1576, 15.86694255119153851 ) ;
#2204 = ORIENTED_EDGE ( 'NONE', *, *, #1100, .T. ) ;
#2205 = CARTESIAN_POINT ( 'NONE',  ( 100.2714405626152256, -44.90000000000001279, -21.21638038550273819 ) ) ;
#2206 = AXIS2_PLACEMENT_3D ( 'NONE', #2775, #1901, #2308 ) ;
#2207 = ADVANCED_FACE ( 'NONE', ( #569 ), #1431, .T. ) ;
#2208 = CIRCLE ( 'NONE', #769, 53.33945959150557314 ) ;
#2209 = AXIS2_PLACEMENT_3D ( 'NONE', #257, #1558, #1967 ) ;
#2210 = ADVANCED_FACE ( 'NONE', ( #1859 ), #771, .T. ) ;
#2211 = VERTEX_POINT ( 'NONE', #743 ) ;
#2212 = CARTESIAN_POINT ( 'NONE',  ( 114.8387553634337479, -100.8999999999999631, 15.00000000000004086 ) ) ;
#2213 = PLANE ( 'NONE',  #235 ) ;
#2214 = EDGE_CURVE ( 'NONE', #1082, #1635, #1404, .T. ) ;
#2215 = ORIENTED_EDGE ( 'NONE', *, *, #482, .F. ) ;
#2216 = DIRECTION ( 'NONE',  ( 0.000000000000000000, -0.000000000000000000, 1.000000000000000000 ) ) ;
#2217 = DIRECTION ( 'NONE',  ( 0.000000000000000000, 0.000000000000000000, -1.000000000000000000 ) ) ;
#2218 = ORIENTED_EDGE ( 'NONE', *, *, #582, .T. ) ;
#2219 = EDGE_CURVE ( 'NONE', #1947, #1046, #335, .T. ) ;
#2220 = CYLINDRICAL_SURFACE ( 'NONE', #804, 15.86694255119153851 ) ;
#2221 = ORIENTED_EDGE ( 'NONE', *, *, #663, .F. ) ;
#2222 = LINE ( 'NONE', #33, #637 ) ;
#2223 = ORIENTED_EDGE ( 'NONE', *, *, #1993, .F. ) ;
#2224 = DIRECTION ( 'NONE',  ( -1.000000000000000000, 0.000000000000000000, -0.000000000000000000 ) ) ;
#2225 = ORIENTED_EDGE ( 'NONE', *, *, #2474, .F. ) ;
#2226 = DIRECTION ( 'NONE',  ( 1.000000000000000000, 6.504465884273995941E-17, 0.000000000000000000 ) ) ;
#2227 = ORIENTED_EDGE ( 'NONE', *, *, #1511, .F. ) ;
#2228 = CARTESIAN_POINT ( 'NONE',  ( -5.249598753726702772E-10, -51.90000000000000568, 4.510281037539683930E-14 ) ) ;
#2229 = ORIENTED_EDGE ( 'NONE', *, *, #2271, .F. ) ;
#2230 = CARTESIAN_POINT ( 'NONE',  ( 94.47144056266679968, -39.90000000000000568, 13.98361961449660917 ) ) ;
#2231 = ORIENTED_EDGE ( 'NONE', *, *, #1414, .T. ) ;
#2232 = SURFACE_SIDE_STYLE ('',( #931 ) ) ;
#2233 = ORIENTED_EDGE ( 'NONE', *, *, #1310, .F. ) ;
#2234 = EDGE_CURVE ( 'NONE', #1612, #1687, #1538, .T. ) ;
#2235 = CARTESIAN_POINT ( 'NONE',  ( 47.94063290349891560, -51.90000000000000568, 23.38361961449681559 ) ) ;
#2236 = VERTEX_POINT ( 'NONE', #658 ) ;
#2237 = VECTOR ( 'NONE', #2397, 1000.000000000000000 ) ;
#2238 = CARTESIAN_POINT ( 'NONE',  ( 67.99129735560519805, -39.90000000000000568, -21.21638038550319294 ) ) ;
#2239 = VERTEX_POINT ( 'NONE', #2391 ) ;
#2240 = DIRECTION ( 'NONE',  ( -1.000000000000000000, -5.329411600461881032E-17, 0.000000000000000000 ) ) ;
#2241 = AXIS2_PLACEMENT_3D ( 'NONE', #2782, #272, #1133 ) ;
#2242 = VECTOR ( 'NONE', #2731, 1000.000000000000000 ) ;
#2243 = VECTOR ( 'NONE', #1045, 1000.000000000000000 ) ;
#2244 = EDGE_LOOP ( 'NONE', ( #640, #191 ) ) ;
#2245 = CYLINDRICAL_SURFACE ( 'NONE', #357, 2.000000000000001776 ) ;
#2246 = CARTESIAN_POINT ( 'NONE',  ( -4.757593478803530084E-10, 176.7589912188659582, -48.33945959100353207 ) ) ;
#2247 = VECTOR ( 'NONE', #1228, 1000.000000000000000 ) ;
#2248 = VECTOR ( 'NONE', #855, 1000.000000000000000 ) ;
#2249 = CARTESIAN_POINT ( 'NONE',  ( 67.99129735560519805, -44.90000000000001990, -21.21638038550273819 ) ) ;
#2250 = ORIENTED_EDGE ( 'NONE', *, *, #714, .F. ) ;
#2251 = CIRCLE ( 'NONE', #1625, 1.600000000000004086 ) ;
#2252 = DIRECTION ( 'NONE',  ( 1.000000000000000000, 5.466227396646332844E-17, 0.000000000000000000 ) ) ;
#2253 = VERTEX_POINT ( 'NONE', #1328 ) ;
#2254 = DIRECTION ( 'NONE',  ( -1.000000000000000000, -7.692787033071868202E-17, 0.000000000000000000 ) ) ;
#2255 = DIRECTION ( 'NONE',  ( 0.000000000000000000, -1.000000000000000000, 0.000000000000000000 ) ) ;
#2256 = ORIENTED_EDGE ( 'NONE', *, *, #2234, .F. ) ;
#2257 = DIRECTION ( 'NONE',  ( -6.223206182385056805E-17, 1.000000000000000000, 0.000000000000000000 ) ) ;
#2258 = EDGE_LOOP ( 'NONE', ( #117, #2448, #767, #649 ) ) ;
#2259 = CYLINDRICAL_SURFACE ( 'NONE', #264, 1.600000000000004086 ) ;
#2260 = CARTESIAN_POINT ( 'NONE',  ( 31.73529657842451357, -14.40000000000000213, 0.000000000000000000 ) ) ;
#2261 = DIRECTION ( 'NONE',  ( 0.000000000000000000, 0.000000000000000000, 1.000000000000000000 ) ) ;
#2262 = ORIENTED_EDGE ( 'NONE', *, *, #594, .T. ) ;
#2263 = CARTESIAN_POINT ( 'NONE',  ( -5.249501209398531056E-10, -201.6428835118155973, 4.510281037539683930E-14 ) ) ;
#2264 = PLANE ( 'NONE',  #1077 ) ;
#2265 = ADVANCED_FACE ( 'NONE', ( #1122 ), #2173, .F. ) ;
#2266 = ORIENTED_EDGE ( 'NONE', *, *, #928, .F. ) ;
#2267 = FACE_OUTER_BOUND ( 'NONE', #1820, .T. ) ;
#2268 = ORIENTED_EDGE ( 'NONE', *, *, #2601, .T. ) ;
#2269 = DIRECTION ( 'NONE',  ( 1.000000000000000000, 6.223206182385056805E-17, -0.000000000000000000 ) ) ;
#2270 = ORIENTED_EDGE ( 'NONE', *, *, #806, .T. ) ;
#2271 = EDGE_CURVE ( 'NONE', #2132, #445, #647, .T. ) ;
#2272 = DIRECTION ( 'NONE',  ( 0.000000000000000000, -1.000000000000000000, 0.000000000000000000 ) ) ;
#2273 = CARTESIAN_POINT ( 'NONE',  ( -5.249623215440156519E-10, -5.592747858149948570, 4.510281037539683930E-14 ) ) ;
#2274 = ORIENTED_EDGE ( 'NONE', *, *, #302, .F. ) ;
#2275 = EDGE_CURVE ( 'NONE', #389, #688, #1176, .T. ) ;
#2276 = DIRECTION ( 'NONE',  ( 0.000000000000000000, -1.000000000000000000, 0.000000000000000000 ) ) ;
#2277 = DIRECTION ( 'NONE',  ( -1.000000000000000000, 0.000000000000000000, 0.000000000000000000 ) ) ;
#2278 = ORIENTED_EDGE ( 'NONE', *, *, #133, .T. ) ;
#2279 = CARTESIAN_POINT ( 'NONE',  ( -32.05000000102154445, -5.092747858149950346, 4.905841953670359504E-14 ) ) ;
#2280 = EDGE_CURVE ( 'NONE', #2067, #744, #690, .T. ) ;
#2281 = DIRECTION ( 'NONE',  ( -0.000000000000000000, 1.000000000000000000, -0.000000000000000000 ) ) ;
#2282 = VERTEX_POINT ( 'NONE', #2188 ) ;
#2283 = CARTESIAN_POINT ( 'NONE',  ( 90.15158376967681875, -39.90000000000000568, -21.21638038550273819 ) ) ;
#2284 = CIRCLE ( 'NONE', #1072, 48.33945959125457392 ) ;
#2285 = VERTEX_POINT ( 'NONE', #1340 ) ;
#2286 = DIRECTION ( 'NONE',  ( 0.000000000000000000, 0.000000000000000000, -1.000000000000000000 ) ) ;
#2287 = PLANE ( 'NONE',  #2519 ) ;
#2288 = EDGE_CURVE ( 'NONE', #1243, #1740, #1978, .T. ) ;
#2289 = CIRCLE ( 'NONE', #1124, 0.5000000000000004441 ) ;
#2290 = CARTESIAN_POINT ( 'NONE',  ( 48.02184535457853798, -51.90000000000000568, -23.21638038550320005 ) ) ;
#2291 = PRODUCT_CONTEXT ( 'NONE', #2704, 'mechanical' ) ;
#2292 = ORIENTED_EDGE ( 'NONE', *, *, #1578, .T. ) ;
#2293 = MECHANICAL_DESIGN_GEOMETRIC_PRESENTATION_REPRESENTATION (  '', ( #318 ), #1539 ) ;
#2294 = EDGE_CURVE ( 'NONE', #1432, #2427, #1401, .T. ) ;
#2295 = DIRECTION ( 'NONE',  ( -0.000000000000000000, 1.000000000000000000, -0.000000000000000000 ) ) ;
#2296 = VECTOR ( 'NONE', #1304, 1000.000000000000000 ) ;
#2297 = ORIENTED_EDGE ( 'NONE', *, *, #1035, .T. ) ;
#2298 = CYLINDRICAL_SURFACE ( 'NONE', #983, 1.600000000000004086 ) ;
#2299 = ORIENTED_EDGE ( 'NONE', *, *, #1915, .T. ) ;
#2300 = DIRECTION ( 'NONE',  ( -6.223206182385055573E-17, 1.000000000000000000, -0.000000000000000000 ) ) ;
#2301 = ADVANCED_FACE ( 'NONE', ( #439 ), #1297, .F. ) ;
#2302 = ORIENTED_EDGE ( 'NONE', *, *, #1195, .T. ) ;
#2303 = EDGE_CURVE ( 'NONE', #2427, #846, #1079, .T. ) ;
#2304 = CYLINDRICAL_SURFACE ( 'NONE', #2748, 53.33945959100353207 ) ;
#2305 = DIRECTION ( 'NONE',  ( -0.000000000000000000, 0.000000000000000000, -1.000000000000000000 ) ) ;
#2306 = CARTESIAN_POINT ( 'NONE',  ( 0.000000000000000000, 8.200000000000001066, 0.000000000000000000 ) ) ;
#2307 = ORIENTED_EDGE ( 'NONE', *, *, #2574, .T. ) ;
#2308 = DIRECTION ( 'NONE',  ( -1.000000000000000000, -6.223206182385055573E-17, 0.000000000000000000 ) ) ;
#2309 = PLANE ( 'NONE',  #1395 ) ;
#2310 = ORIENTED_EDGE ( 'NONE', *, *, #189, .T. ) ;
#2311 = CARTESIAN_POINT ( 'NONE',  ( 109.8387553634337337, 176.7589912188659582, 48.33945959150561578 ) ) ;
#2312 = ORIENTED_EDGE ( 'NONE', *, *, #2578, .F. ) ;
#2313 = CARTESIAN_POINT ( 'NONE',  ( 2.738210720249427706E-16, -4.400000000000003020, 0.000000000000000000 ) ) ;
#2314 = EDGE_LOOP ( 'NONE', ( #294, #300, #280, #2075, #1878, #1847 ) ) ;
#2315 = DIRECTION ( 'NONE',  ( 0.000000000000000000, 1.000000000000000000, 0.000000000000000000 ) ) ;
#2316 = DIRECTION ( 'NONE',  ( 0.000000000000000000, 0.000000000000000000, 1.000000000000000000 ) ) ;
#2317 = FACE_OUTER_BOUND ( 'NONE', #1307, .T. ) ;
#2318 = ORIENTED_EDGE ( 'NONE', *, *, #1467, .T. ) ;
#2319 = FACE_BOUND ( 'NONE', #128, .T. ) ;
#2320 = FACE_OUTER_BOUND ( 'NONE', #1050, .T. ) ;
#2321 = VERTEX_POINT ( 'NONE', #2368 ) ;
#2322 = EDGE_CURVE ( 'NONE', #959, #2132, #449, .T. ) ;
#2323 = DIRECTION ( 'NONE',  ( -0.000000000000000000, 1.000000000000000000, -0.000000000000000000 ) ) ;
#2324 = ORIENTED_EDGE ( 'NONE', *, *, #832, .F. ) ;
#2325 = FACE_OUTER_BOUND ( 'NONE', #2422, .T. ) ;
#2326 = VECTOR ( 'NONE', #356, 1000.000000000000000 ) ;
#2327 = ORIENTED_EDGE ( 'NONE', *, *, #2761, .F. ) ;
#2328 = DIRECTION ( 'NONE',  ( 1.000000000000000000, 7.994117400814780061E-17, 0.000000000000000000 ) ) ;
#2329 = CARTESIAN_POINT ( 'NONE',  ( 102.2714405626152256, -51.90000000000000568, 23.38361961449636794 ) ) ;
#2330 = DIRECTION ( 'NONE',  ( 0.000000000000000000, 0.000000000000000000, 1.000000000000000000 ) ) ;
#2331 = CARTESIAN_POINT ( 'NONE',  ( 102.2714405626152256, -51.90000000000000568, -23.21638038550273464 ) ) ;
#2332 = VECTOR ( 'NONE', #1298, 1000.000000000000000 ) ;
#2333 = ORIENTED_EDGE ( 'NONE', *, *, #196, .F. ) ;
#2334 = EDGE_CURVE ( 'NONE', #1750, #779, #1049, .T. ) ;
#2335 = AXIS2_PLACEMENT_3D ( 'NONE', #2623, #2348, #210 ) ;
#2336 = AXIS2_PLACEMENT_3D ( 'NONE', #101, #495, #1144 ) ;
#2337 = DIRECTION ( 'NONE',  ( -6.223206182385055573E-17, 1.000000000000000000, -0.000000000000000000 ) ) ;
#2338 = ORIENTED_EDGE ( 'NONE', *, *, #1489, .T. ) ;
#2339 = AXIS2_PLACEMENT_3D ( 'NONE', #997, #2507, #1657 ) ;
#2340 = CARTESIAN_POINT ( 'NONE',  ( -5.249623277672218263E-10, -5.492747858149948925, 4.510281037539683930E-14 ) ) ;
#2341 = AXIS2_PLACEMENT_3D ( 'NONE', #830, #1641, #1863 ) ;
#2342 = VECTOR ( 'NONE', #872, 1000.000000000000000 ) ;
#2343 = CARTESIAN_POINT ( 'NONE',  ( 31.73529657842451357, -22.39999999999999858, 0.000000000000000000 ) ) ;
#2344 = ORIENTED_EDGE ( 'NONE', *, *, #2087, .T. ) ;
#2345 = CIRCLE ( 'NONE', #324, 31.73529657842451357 ) ;
#2346 = ORIENTED_EDGE ( 'NONE', *, *, #1008, .T. ) ;
#2347 = DIRECTION ( 'NONE',  ( 0.000000000000000000, -1.000000000000000000, 0.000000000000000000 ) ) ;
#2348 = DIRECTION ( 'NONE',  ( -0.000000000000000000, 1.000000000000000000, -0.000000000000000000 ) ) ;
#2349 = CYLINDRICAL_SURFACE ( 'NONE', #721, 21.19999999999999929 ) ;
#2350 = ORIENTED_EDGE ( 'NONE', *, *, #1794, .T. ) ;
#2351 = CARTESIAN_POINT ( 'NONE',  ( 109.8387553634337479, -24.39999999999994884, 48.33945959150561578 ) ) ;
#2352 = ORIENTED_EDGE ( 'NONE', *, *, #2093, .F. ) ;
#2353 = ORIENTED_EDGE ( 'NONE', *, *, #376, .F. ) ;
#2354 = CARTESIAN_POINT ( 'NONE',  ( 1.406444597219022530E-15, -14.40000000000000391, 0.000000000000000000 ) ) ;
#2355 = ORIENTED_EDGE ( 'NONE', *, *, #1790, .T. ) ;
#2356 = DIRECTION ( 'NONE',  ( 0.000000000000000000, 0.000000000000000000, 1.000000000000000000 ) ) ;
#2357 = LINE ( 'NONE', #842, #2014 ) ;
#2358 = EDGE_LOOP ( 'NONE', ( #402, #1779, #1191, #1156 ) ) ;
#2359 = CARTESIAN_POINT ( 'NONE',  ( 67.99129735560519805, -44.90000000000001990, -9.616380385503205730 ) ) ;
#2360 = LINE ( 'NONE', #2609, #1839 ) ;
#2361 = EDGE_CURVE ( 'NONE', #1359, #1718, #1584, .T. ) ;
#2362 = ORIENTED_EDGE ( 'NONE', *, *, #1889, .F. ) ;
#2363 = DIRECTION ( 'NONE',  ( -0.000000000000000000, 1.000000000000000000, -0.000000000000000000 ) ) ;
#2364 = PLANE ( 'NONE',  #1078 ) ;
#2365 = ORIENTED_EDGE ( 'NONE', *, *, #2578, .T. ) ;
#2366 = EDGE_LOOP ( 'NONE', ( #555, #2006, #2365, #2327 ) ) ;
#2367 = DIRECTION ( 'NONE',  ( 6.223206182385055573E-17, -1.000000000000000000, 0.000000000000000000 ) ) ;
#2368 = CARTESIAN_POINT ( 'NONE',  ( 1.436916551327355815E-14, -39.90000000000000568, 42.33945959101390599 ) ) ;
#2369 = ADVANCED_FACE ( 'NONE', ( #2127 ), #1060, .T. ) ;
#2370 = DIRECTION ( 'NONE',  ( -0.000000000000000000, 1.000000000000000000, -0.000000000000000000 ) ) ;
#2371 = EDGE_LOOP ( 'NONE', ( #1563, #618, #546, #819, #1000, #1417, #635, #136 ) ) ;
#2372 = VECTOR ( 'NONE', #1759, 1000.000000000000000 ) ;
#2373 = AXIS2_PLACEMENT_3D ( 'NONE', #2674, #2047, #523 ) ;
#2374 = CARTESIAN_POINT ( 'NONE',  ( 63.47144056266680678, -39.90000000000000568, 15.58361961449661237 ) ) ;
#2375 = EDGE_CURVE ( 'NONE', #1010, #1031, #2621, .T. ) ;
#2376 = DIRECTION ( 'NONE',  ( 0.000000000000000000, -1.000000000000000000, 0.000000000000000000 ) ) ;
#2377 = CYLINDRICAL_SURFACE ( 'NONE', #863, 1.600000000000004086 ) ;
#2378 = TOROIDAL_SURFACE ( 'NONE', #1928, 21.69999999999999929, 0.5000000000000000000 ) ;
#2379 = EDGE_CURVE ( 'NONE', #776, #437, #2054, .T. ) ;
#2380 = DIRECTION ( 'NONE',  ( 0.000000000000000000, -1.000000000000000000, 0.000000000000000000 ) ) ;
#2381 = TOROIDAL_SURFACE ( 'NONE', #1659, 22.19999999999999929, 0.5000000000000000000 ) ;
#2382 = AXIS2_PLACEMENT_3D ( 'NONE', #2659, #1804, #2252 ) ;
#2383 = ORIENTED_EDGE ( 'NONE', *, *, #1972, .F. ) ;
#2384 = CARTESIAN_POINT ( 'NONE',  ( -15.86694255119153851, -4.400000000000003908, 1.943140040757165509E-15 ) ) ;
#2385 = AXIS2_PLACEMENT_3D ( 'NONE', #245, #1098, #2582 ) ;
#2386 = VECTOR ( 'NONE', #1650, 1000.000000000000000 ) ;
#2387 = ORIENTED_EDGE ( 'NONE', *, *, #158, .F. ) ;
#2388 = VECTOR ( 'NONE', #269, 1000.000000000000000 ) ;
#2389 = CARTESIAN_POINT ( 'NONE',  ( 90.15158376967681875, -39.90000000000000568, 9.783619614496846140 ) ) ;
#2390 = ADVANCED_FACE ( 'NONE', ( #2506 ), #416, .T. ) ;
#2391 = CARTESIAN_POINT ( 'NONE',  ( 35.69300011959003172, -44.90000000000001279, 36.90189498603420759 ) ) ;
#2392 = EDGE_CURVE ( 'NONE', #2321, #2113, #1212, .T. ) ;
#2393 = EDGE_CURVE ( 'NONE', #2522, #2000, #2747, .T. ) ;
#2394 = ORIENTED_EDGE ( 'NONE', *, *, #928, .T. ) ;
#2395 = DIRECTION ( 'NONE',  ( 0.000000000000000000, 1.000000000000000000, 0.000000000000000000 ) ) ;
#2396 = FACE_OUTER_BOUND ( 'NONE', #1864, .T. ) ;
#2397 = DIRECTION ( 'NONE',  ( -6.223206182385056805E-17, 1.000000000000000000, 0.000000000000000000 ) ) ;
#2398 = CARTESIAN_POINT ( 'NONE',  ( 94.47144056266679968, -49.90000000000000568, 13.98361961449660917 ) ) ;
#2399 = CARTESIAN_POINT ( 'NONE',  ( 48.93836074900862343, -51.90000000000000568, -21.21638038550318583 ) ) ;
#2400 = EDGE_CURVE ( 'NONE', #1226, #1612, #1643, .T. ) ;
#2401 = DIRECTION ( 'NONE',  ( 1.000000000000000000, 6.223206182385055573E-17, -0.000000000000000000 ) ) ;
#2402 = ORIENTED_EDGE ( 'NONE', *, *, #2666, .T. ) ;
#2403 = CARTESIAN_POINT ( 'NONE',  ( 67.99129735560521226, -201.6428835118155689, -9.616380385503205730 ) ) ;
#2404 = VERTEX_POINT ( 'NONE', #576 ) ;
#2405 = EDGE_CURVE ( 'NONE', #1784, #291, #833, .T. ) ;
#2406 = CARTESIAN_POINT ( 'NONE',  ( 94.47144056266679968, -44.90000000000001279, 15.58361961449661237 ) ) ;
#2407 = ORIENTED_EDGE ( 'NONE', *, *, #963, .T. ) ;
#2408 = CARTESIAN_POINT ( 'NONE',  ( 57.87144056266681247, -44.90000000000001990, 9.783619614496846140 ) ) ;
#2409 = LINE ( 'NONE', #548, #1833 ) ;
#2410 = CARTESIAN_POINT ( 'NONE',  ( -1.372060166454023711E-21, -44.90000000000001279, -48.33945959100353207 ) ) ;
#2411 = DIRECTION ( 'NONE',  ( 1.000000000000000000, 0.000000000000000000, -1.224646799147349509E-16 ) ) ;
#2412 = VERTEX_POINT ( 'NONE', #1852 ) ;
#2413 = ORIENTED_EDGE ( 'NONE', *, *, #1105, .F. ) ;
#2414 = CARTESIAN_POINT ( 'NONE',  ( -5.249621410710362846E-10, -8.492747858149948925, 4.510281037539683930E-14 ) ) ;
#2415 = ADVANCED_FACE ( 'NONE', ( #2706 ), #2120, .F. ) ;
#2416 = ORIENTED_EDGE ( 'NONE', *, *, #1805, .T. ) ;
#2417 = CARTESIAN_POINT ( 'NONE',  ( 6.938893903907228378E-15, -44.90000000000001279, -4.416871317657988804E-16 ) ) ;
#2418 = CARTESIAN_POINT ( 'NONE',  ( 34.30252969424448395, 70.51698856536212645, -35.46433038009840288 ) ) ;
#2419 = ADVANCED_FACE ( 'NONE', ( #2319, #2102 ), #1055, .F. ) ;
#2420 = DIRECTION ( 'NONE',  ( 0.000000000000000000, 0.000000000000000000, 1.000000000000000000 ) ) ;
#2421 = DIRECTION ( 'NONE',  ( -6.938893903907222067E-15, 0.000000000000000000, 1.000000000000000000 ) ) ;
#2422 = EDGE_LOOP ( 'NONE', ( #2189, #839, #92, #1639 ) ) ;
#2423 = VECTOR ( 'NONE', #2640, 1000.000000000000000 ) ;
#2424 = AXIS2_PLACEMENT_3D ( 'NONE', #1222, #1005, #2240 ) ;
#2425 = VECTOR ( 'NONE', #2512, 1000.000000000000000 ) ;
#2426 = LINE ( 'NONE', #715, #312 ) ;
#2427 = VERTEX_POINT ( 'NONE', #1044 ) ;
#2428 = CARTESIAN_POINT ( 'NONE',  ( 94.47144056266679968, -49.90000000000000568, 17.18361961449661734 ) ) ;
#2429 = CIRCLE ( 'NONE', #2467, 31.73529657842451357 ) ;
#2430 = AXIS2_PLACEMENT_3D ( 'NONE', #1059, #2544, #436 ) ;
#2431 = AXIS2_PLACEMENT_3D ( 'NONE', #657, #646, #2533 ) ;
#2432 = ORIENTED_EDGE ( 'NONE', *, *, #125, .T. ) ;
#2433 = LINE ( 'NONE', #2249, #1799 ) ;
#2434 = ORIENTED_EDGE ( 'NONE', *, *, #1374, .T. ) ;
#2435 = PLANE ( 'NONE',  #1492 ) ;
#2436 = CARTESIAN_POINT ( 'NONE',  ( 5.775780673455036257E-16, -5.092747858149948570, 0.000000000000000000 ) ) ;
#2437 = ORIENTED_EDGE ( 'NONE', *, *, #517, .T. ) ;
#2438 = CARTESIAN_POINT ( 'NONE',  ( 35.69300012008966405, -44.90000000000001279, -36.90189498555093905 ) ) ;
#2439 = CARTESIAN_POINT ( 'NONE',  ( -4.757468293415750672E-10, -24.39999999999994884, -48.33945959100353207 ) ) ;
#2440 = ORIENTED_EDGE ( 'NONE', *, *, #2561, .T. ) ;
#2441 = DIRECTION ( 'NONE',  ( -1.000000000000000000, -7.692787033071868202E-17, 0.000000000000000000 ) ) ;
#2442 = VERTEX_POINT ( 'NONE', #2059 ) ;
#2443 = EDGE_CURVE ( 'NONE', #502, #2253, #97, .T. ) ;
#2444 = CARTESIAN_POINT ( 'NONE',  ( 68.86773388061018863, -100.8999999999999631, 15.00000000000004086 ) ) ;
#2445 = LINE ( 'NONE', #338, #94 ) ;
#2446 = EDGE_CURVE ( 'NONE', #2015, #2779, #151, .T. ) ;
#2447 = CARTESIAN_POINT ( 'NONE',  ( 32.54999999997162519, -8.492747858149947149, 4.908903570668228513E-14 ) ) ;
#2448 = ORIENTED_EDGE ( 'NONE', *, *, #1487, .T. ) ;
#2449 = CARTESIAN_POINT ( 'NONE',  ( 1.393998184854252922E-15, -22.40000000000000213, 0.000000000000000000 ) ) ;
#2450 = FACE_OUTER_BOUND ( 'NONE', #276, .T. ) ;
#2451 = ORIENTED_EDGE ( 'NONE', *, *, #1193, .F. ) ;
#2452 = DIRECTION ( 'NONE',  ( 1.000000000000000000, 6.223206182385055573E-17, 0.000000000000000000 ) ) ;
#2453 = ORIENTED_EDGE ( 'NONE', *, *, #2093, .T. ) ;
#2454 = LINE ( 'NONE', #527, #2342 ) ;
#2455 = DIRECTION ( 'NONE',  ( -1.000000000000000000, 0.000000000000000000, 1.028506733724111576E-15 ) ) ;
#2456 = DIRECTION ( 'NONE',  ( 1.000000000000000000, 6.223206182385055573E-17, 6.317345713648893103E-17 ) ) ;
#2457 = AXIS2_PLACEMENT_3D ( 'NONE', #710, #2216, #2599 ) ;
#2458 = DIRECTION ( 'NONE',  ( -0.000000000000000000, -1.000000000000000000, -0.000000000000000000 ) ) ;
#2459 = ORIENTED_EDGE ( 'NONE', *, *, #1136, .F. ) ;
#2460 = EDGE_CURVE ( 'NONE', #2211, #2594, #534, .T. ) ;
#2461 = VECTOR ( 'NONE', #2030, 1000.000000000000000 ) ;
#2462 = CARTESIAN_POINT ( 'NONE',  ( 94.47144056266678547, -44.90000000000001279, -17.01638038550338905 ) ) ;
#2463 = ORIENTED_EDGE ( 'NONE', *, *, #2303, .T. ) ;
#2464 = DIRECTION ( 'NONE',  ( 6.223206182385055573E-17, -1.000000000000000000, 0.000000000000000000 ) ) ;
#2465 = VECTOR ( 'NONE', #1319, 1000.000000000000000 ) ;
#2466 = CIRCLE ( 'NONE', #1661, 21.69999999999999929 ) ;
#2467 = AXIS2_PLACEMENT_3D ( 'NONE', #2708, #1658, #2089 ) ;
#2468 = VECTOR ( 'NONE', #442, 1000.000000000000000 ) ;
#2469 = ORIENTED_EDGE ( 'NONE', *, *, #1868, .F. ) ;
#2470 = LINE ( 'NONE', #2177, #668 ) ;
#2471 = CARTESIAN_POINT ( 'NONE',  ( 1.362882153942327619E-15, -21.90000000000000213, 0.000000000000000000 ) ) ;
#2472 = AXIS2_PLACEMENT_3D ( 'NONE', #2549, #1474, #1461 ) ;
#2473 = AXIS2_PLACEMENT_3D ( 'NONE', #2756, #1094, #2328 ) ;
#2474 = EDGE_CURVE ( 'NONE', #1278, #382, #2251, .T. ) ;
#2475 = EDGE_CURVE ( 'NONE', #481, #1806, #1041, .T. ) ;
#2476 = DIRECTION ( 'NONE',  ( 0.000000000000000000, 0.000000000000000000, -1.000000000000000000 ) ) ;
#2477 = VERTEX_POINT ( 'NONE', #2359 ) ;
#2478 = AXIS2_PLACEMENT_3D ( 'NONE', #2140, #1729, #225 ) ;
#2479 = DIRECTION ( 'NONE',  ( 0.000000000000000000, -1.000000000000000000, 0.000000000000000000 ) ) ;
#2480 = ORIENTED_EDGE ( 'NONE', *, *, #985, .T. ) ;
#2481 = DIRECTION ( 'NONE',  ( 1.000000000000000000, 0.000000000000000000, 0.000000000000000000 ) ) ;
#2482 = ADVANCED_FACE ( 'NONE', ( #48 ), #864, .F. ) ;
#2483 = DIRECTION ( 'NONE',  ( -1.000000000000000000, -6.223206182385055573E-17, 0.000000000000000000 ) ) ;
#2484 = ADVANCED_FACE ( 'NONE', ( #1555, #2191 ), #265, .T. ) ;
#2485 = VERTEX_POINT ( 'NONE', #2634 ) ;
#2486 = LINE ( 'NONE', #2283, #2111 ) ;
#2487 = ADVANCED_FACE ( 'NONE', ( #2596 ), #2581, .T. ) ;
#2488 = EDGE_LOOP ( 'NONE', ( #1649, #1415, #1665, #396 ) ) ;
#2489 = DIRECTION ( 'NONE',  ( -1.000000000000000000, -5.769590274803901152E-17, 0.000000000000000000 ) ) ;
#2490 = DIRECTION ( 'NONE',  ( -0.2923343977283160977, 0.000000000000000000, -0.9563161610601500495 ) ) ;
#2491 = EDGE_CURVE ( 'NONE', #565, #1046, #23, .T. ) ;
#2492 = DIRECTION ( 'NONE',  ( 1.000000000000000000, 8.182657905550977046E-17, 0.000000000000000000 ) ) ;
#2493 = DIRECTION ( 'NONE',  ( 6.223206182385055573E-17, -1.000000000000000000, -0.000000000000000000 ) ) ;
#2494 = DIRECTION ( 'NONE',  ( -6.223206182385055573E-17, 1.000000000000000000, 0.000000000000000000 ) ) ;
#2495 = VERTEX_POINT ( 'NONE', #1798 ) ;
#2496 = CARTESIAN_POINT ( 'NONE',  ( 1.406444597219022530E-15, -44.90000000000001279, 0.000000000000000000 ) ) ;
#2497 = CARTESIAN_POINT ( 'NONE',  ( 68.86773388061018863, -72.99615436277660763, -14.99999999999995737 ) ) ;
#2498 = ORIENTED_EDGE ( 'NONE', *, *, #1790, .F. ) ;
#2499 = DIRECTION ( 'NONE',  ( 0.000000000000000000, 0.000000000000000000, -1.000000000000000000 ) ) ;
#2500 = EDGE_CURVE ( 'NONE', #424, #1552, #747, .T. ) ;
#2501 = ORIENTED_EDGE ( 'NONE', *, *, #1345, .T. ) ;
#2502 = ADVANCED_FACE ( 'NONE', ( #1166 ), #2202, .T. ) ;
#2503 = CARTESIAN_POINT ( 'NONE',  ( 1.362882153942327619E-15, -21.90000000000000213, 0.000000000000000000 ) ) ;
#2504 = LINE ( 'NONE', #2100, #277 ) ;
#2505 = ORIENTED_EDGE ( 'NONE', *, *, #2400, .T. ) ;
#2506 = FACE_OUTER_BOUND ( 'NONE', #988, .T. ) ;
#2507 = DIRECTION ( 'NONE',  ( 1.224646799147353207E-16, 7.621229531691877884E-33, 1.000000000000000000 ) ) ;
#2508 = EDGE_CURVE ( 'NONE', #895, #776, #1835, .T. ) ;
#2509 = EDGE_LOOP ( 'NONE', ( #212, #1858, #787, #1154 ) ) ;
#2510 = DIRECTION ( 'NONE',  ( 0.000000000000000000, -1.000000000000000000, 0.000000000000000000 ) ) ;
#2511 = EDGE_CURVE ( 'NONE', #824, #2015, #1604, .T. ) ;
#2512 = DIRECTION ( 'NONE',  ( -0.000000000000000000, 1.000000000000000000, -0.000000000000000000 ) ) ;
#2513 = ORIENTED_EDGE ( 'NONE', *, *, #287, .T. ) ;
#2514 = CIRCLE ( 'NONE', #1118, 51.33945959101390599 ) ;
#2515 = DIRECTION ( 'NONE',  ( -1.000000000000000000, 0.000000000000000000, 3.428355779080372413E-16 ) ) ;
#2516 = ORIENTED_EDGE ( 'NONE', *, *, #893, .F. ) ;
#2517 = AXIS2_PLACEMENT_3D ( 'NONE', #1018, #1705, #2112 ) ;
#2518 = CARTESIAN_POINT ( 'NONE',  ( 63.47144056266680678, -49.90000000000000568, 17.18361961449661734 ) ) ;
#2519 = AXIS2_PLACEMENT_3D ( 'NONE', #1227, #2726, #798 ) ;
#2520 = VECTOR ( 'NONE', #1762, 1000.000000000000000 ) ;
#2521 = CARTESIAN_POINT ( 'NONE',  ( 94.47144056266679968, -44.90000000000001279, 15.58361961449661237 ) ) ;
#2522 = VERTEX_POINT ( 'NONE', #2212 ) ;
#2523 = VECTOR ( 'NONE', #1342, 1000.000000000000000 ) ;
#2524 = CARTESIAN_POINT ( 'NONE',  ( -12.37728041975178073, -39.90000000000000568, -40.48990945766991700 ) ) ;
#2525 = CYLINDRICAL_SURFACE ( 'NONE', #538, 21.19999999999999929 ) ;
#2526 = AXIS2_PLACEMENT_3D ( 'NONE', #2496, #537, #1816 ) ;
#2527 = VECTOR ( 'NONE', #847, 1000.000000000000000 ) ;
#2528 = ORIENTED_EDGE ( 'NONE', *, *, #1374, .F. ) ;
#2529 = CARTESIAN_POINT ( 'NONE',  ( -1.658944095047059444E-15, 71.06174825673215878, 5.071193425748508350E-16 ) ) ;
#2530 = ORIENTED_EDGE ( 'NONE', *, *, #1012, .F. ) ;
#2531 = CYLINDRICAL_SURFACE ( 'NONE', #948, 31.73529657842451357 ) ;
#2532 = ORIENTED_EDGE ( 'NONE', *, *, #2170, .T. ) ;
#2533 = DIRECTION ( 'NONE',  ( -1.000000000000000000, -1.093294105263232888E-16, 0.000000000000000000 ) ) ;
#2534 = CARTESIAN_POINT ( 'NONE',  ( 114.8387553634337479, -72.99615436277660763, -14.99999999999995737 ) ) ;
#2535 = DIRECTION ( 'NONE',  ( -0.000000000000000000, 1.000000000000000000, -0.000000000000000000 ) ) ;
#2536 = APPLICATION_PROTOCOL_DEFINITION ( 'draft international standard', 'automotive_design', 1998, #31 ) ;
#2537 = ORIENTED_EDGE ( 'NONE', *, *, #2190, .F. ) ;
#2538 = EDGE_CURVE ( 'NONE', #1731, #824, #2031, .T. ) ;
#2539 = DIRECTION ( 'NONE',  ( -1.000000000000000000, -6.223206182385056805E-17, 0.000000000000000000 ) ) ;
#2540 = CARTESIAN_POINT ( 'NONE',  ( 57.87144056266681247, -201.6428835118155689, 9.783619614496846140 ) ) ;
#2541 = LINE ( 'NONE', #400, #2689 ) ;
#2542 = DIRECTION ( 'NONE',  ( 0.000000000000000000, -1.000000000000000000, 0.000000000000000000 ) ) ;
#2543 = ORIENTED_EDGE ( 'NONE', *, *, #1008, .F. ) ;
#2544 = DIRECTION ( 'NONE',  ( 6.223206182385055573E-17, -1.000000000000000000, 0.000000000000000000 ) ) ;
#2545 = ORIENTED_EDGE ( 'NONE', *, *, #571, .T. ) ;
#2546 = DIRECTION ( 'NONE',  ( -0.000000000000000000, 0.000000000000000000, -1.000000000000000000 ) ) ;
#2547 = CARTESIAN_POINT ( 'NONE',  ( 94.47144056266679968, -44.90000000000001279, 13.98361961449660917 ) ) ;
#2548 = CARTESIAN_POINT ( 'NONE',  ( 90.15158376967683296, -44.90000000000001990, 21.38361961449637505 ) ) ;
#2549 = CARTESIAN_POINT ( 'NONE',  ( 1.406444597219022530E-15, -39.90000000000000568, 0.000000000000000000 ) ) ;
#2550 = VERTEX_POINT ( 'NONE', #2700 ) ;
#2551 = CARTESIAN_POINT ( 'NONE',  ( -53.33945959100353207, 8.199999999999997513, 0.000000000000000000 ) ) ;
#2552 = DIRECTION ( 'NONE',  ( -6.223206182385055573E-17, 1.000000000000000000, 0.000000000000000000 ) ) ;
#2553 = ORIENTED_EDGE ( 'NONE', *, *, #2375, .F. ) ;
#2554 = CARTESIAN_POINT ( 'NONE',  ( 22.54760732179579108, -24.39999999999995595, 48.33945959100353207 ) ) ;
#2555 = ORIENTED_EDGE ( 'NONE', *, *, #595, .T. ) ;
#2556 = ORIENTED_EDGE ( 'NONE', *, *, #697, .T. ) ;
#2557 = LINE ( 'NONE', #2590, #2248 ) ;
#2558 = DIRECTION ( 'NONE',  ( -6.223206182385056805E-17, 1.000000000000000000, 0.000000000000000000 ) ) ;
#2559 = CIRCLE ( 'NONE', #1971, 0.5000000000000004441 ) ;
#2560 = ORIENTED_EDGE ( 'NONE', *, *, #1092, .T. ) ;
#2561 = EDGE_CURVE ( 'NONE', #1119, #2153, #1976, .T. ) ;
#2562 = ADVANCED_FACE ( 'NONE', ( #507 ), #1389, .F. ) ;
#2563 = VECTOR ( 'NONE', #2086, 1000.000000000000000 ) ;
#2564 = AXIS2_PLACEMENT_3D ( 'NONE', #610, #202, #1634 ) ;
#2565 = DIRECTION ( 'NONE',  ( -0.000000000000000000, 1.000000000000000000, -0.000000000000000000 ) ) ;
#2566 = PRODUCT_DEFINITION_FORMATION_WITH_SPECIFIED_SOURCE ( 'Symmetric', '', #805, .NOT_KNOWN. ) ;
#2567 = EDGE_LOOP ( 'NONE', ( #1451, #2630 ) ) ;
#2568 = AXIS2_PLACEMENT_3D ( 'NONE', #1912, #353, #821 ) ;
#2569 = CIRCLE ( 'NONE', #1265, 32.55000000049658126 ) ;
#2570 = VECTOR ( 'NONE', #516, 1000.000000000000000 ) ;
#2571 = DIRECTION ( 'NONE',  ( 0.000000000000000000, 1.000000000000000000, 0.000000000000000000 ) ) ;
#2572 = ORIENTED_EDGE ( 'NONE', *, *, #285, .T. ) ;
#2573 = LINE ( 'NONE', #643, #138 ) ;
#2574 = EDGE_CURVE ( 'NONE', #1382, #2522, #112, .T. ) ;
#2575 = VERTEX_POINT ( 'NONE', #1823 ) ;
#2576 = DIRECTION ( 'NONE',  ( 1.000000000000000000, 1.093294105263232888E-16, 0.000000000000000000 ) ) ;
#2577 = CARTESIAN_POINT ( 'NONE',  ( 34.30252969424448395, -39.90000000000000568, -35.46433038009840288 ) ) ;
#2578 = EDGE_CURVE ( 'NONE', #462, #481, #2681, .T. ) ;
#2579 = CARTESIAN_POINT ( 'NONE',  ( 4.546388350011443617E-15, -73.05540290276918824, 0.000000000000000000 ) ) ;
#2580 = ORIENTED_EDGE ( 'NONE', *, *, #1578, .F. ) ;
#2581 = CYLINDRICAL_SURFACE ( 'NONE', #1259, 31.73529657842451357 ) ;
#2582 = DIRECTION ( 'NONE',  ( 0.000000000000000000, 0.000000000000000000, 1.000000000000000000 ) ) ;
#2583 = ADVANCED_FACE ( 'NONE', ( #123 ), #2381, .T. ) ;
#2584 = VERTEX_POINT ( 'NONE', #941 ) ;
#2585 = CARTESIAN_POINT ( 'NONE',  ( 94.47144056266678547, -49.90000000000000568, -17.01638038550338905 ) ) ;
#2586 = FACE_OUTER_BOUND ( 'NONE', #1427, .T. ) ;
#2587 = ORIENTED_EDGE ( 'NONE', *, *, #1574, .F. ) ;
#2588 = CARTESIAN_POINT ( 'NONE',  ( 90.15158376967681875, -44.90000000000001990, 9.783619614496846140 ) ) ;
#2589 = VERTEX_POINT ( 'NONE', #2656 ) ;
#2590 = CARTESIAN_POINT ( 'NONE',  ( 68.86773388061018863, -72.99615436277660763, -14.99999999999995737 ) ) ;
#2591 = DIRECTION ( 'NONE',  ( -1.000000000000000000, 0.000000000000000000, -8.718718191605253187E-15 ) ) ;
#2592 = ADVANCED_FACE ( 'NONE', ( #1592 ), #930, .T. ) ;
#2593 = CARTESIAN_POINT ( 'NONE',  ( -5.249623215440156519E-10, -5.592747858149948570, 4.510281037539683930E-14 ) ) ;
#2594 = VERTEX_POINT ( 'NONE', #1684 ) ;
#2595 = ADVANCED_FACE ( 'NONE', ( #1269 ), #2287, .F. ) ;
#2596 = FACE_OUTER_BOUND ( 'NONE', #2366, .T. ) ;
#2597 = CARTESIAN_POINT ( 'NONE',  ( 114.8387553634337479, -39.90000000000000568, 53.33945959150553051 ) ) ;
#2598 = CARTESIAN_POINT ( 'NONE',  ( 63.47144056266679257, -39.90000000000000568, -15.41638038550338585 ) ) ;
#2599 = DIRECTION ( 'NONE',  ( 1.000000000000000000, 0.000000000000000000, -0.000000000000000000 ) ) ;
#2600 = CARTESIAN_POINT ( 'NONE',  ( 32.54999999997162519, -8.492747858149947149, 4.908903570668228513E-14 ) ) ;
#2601 = EDGE_CURVE ( 'NONE', #429, #1436, #452, .T. ) ;
#2602 = ORIENTED_EDGE ( 'NONE', *, *, #1566, .T. ) ;
#2603 = EDGE_CURVE ( 'NONE', #2064, #1387, #859, .T. ) ;
#2604 = EDGE_LOOP ( 'NONE', ( #2115, #1481, #2199, #1329 ) ) ;
#2605 = LINE ( 'NONE', #927, #2570 ) ;
#2606 = AXIS2_PLACEMENT_3D ( 'NONE', #2672, #1379, #566 ) ;
#2607 = ORIENTED_EDGE ( 'NONE', *, *, #2375, .T. ) ;
#2608 = EDGE_CURVE ( 'NONE', #2575, #483, #137, .T. ) ;
#2609 = CARTESIAN_POINT ( 'NONE',  ( 100.2714405626152256, -44.90000000000001279, -21.21638038550273819 ) ) ;
#2610 = LINE ( 'NONE', #477, #2196 ) ;
#2611 = LINE ( 'NONE', #2398, #1667 ) ;
#2612 = AXIS2_PLACEMENT_3D ( 'NONE', #1179, #2714, #755 ) ;
#2613 = AXIS2_PLACEMENT_3D ( 'NONE', #2263, #933, #1358 ) ;
#2614 = CARTESIAN_POINT ( 'NONE',  ( -53.33945959100353207, -100.9000000000000199, 0.000000000000000000 ) ) ;
#2615 = AXIS2_PLACEMENT_3D ( 'NONE', #2750, #2045, #386 ) ;
#2616 = AXIS2_PLACEMENT_3D ( 'NONE', #35, #2146, #267 ) ;
#2617 = ORIENTED_EDGE ( 'NONE', *, *, #1566, .F. ) ;
#2618 = CIRCLE ( 'NONE', #1935, 32.05000000049658126 ) ;
#2619 = AXIS2_PLACEMENT_3D ( 'NONE', #2414, #938, #484 ) ;
#2620 = EDGE_LOOP ( 'NONE', ( #1454, #1693 ) ) ;
#2621 = CIRCLE ( 'NONE', #52, 1.600000000000004086 ) ;
#2622 = CARTESIAN_POINT ( 'NONE',  ( 109.8387553634337337, 176.7589912188659582, -48.33945959100352496 ) ) ;
#2623 = CARTESIAN_POINT ( 'NONE',  ( 1.904301091784583624E-15, -24.39999999999994884, 0.000000000000000000 ) ) ;
#2624 = ORIENTED_EDGE ( 'NONE', *, *, #109, .T. ) ;
#2625 = LINE ( 'NONE', #877, #1396 ) ;
#2626 = LINE ( 'NONE', #337, #2012 ) ;
#2627 = FACE_BOUND ( 'NONE', #699, .T. ) ;
#2628 = CARTESIAN_POINT ( 'NONE',  ( 1.406444597219022530E-15, 71.06174825673215878, 0.000000000000000000 ) ) ;
#2629 = ORIENTED_EDGE ( 'NONE', *, *, #1092, .F. ) ;
#2630 = ORIENTED_EDGE ( 'NONE', *, *, #978, .T. ) ;
#2631 = CARTESIAN_POINT ( 'NONE',  ( 63.47144056266679257, -44.90000000000001279, -17.01638038550338905 ) ) ;
#2632 = ADVANCED_FACE ( 'NONE', ( #2117 ), #1640, .F. ) ;
#2633 = VERTEX_POINT ( 'NONE', #197 ) ;
#2634 = CARTESIAN_POINT ( 'NONE',  ( 47.94063290376640651, -44.90000000000001279, 23.38361961449681559 ) ) ;
#2635 = FILL_AREA_STYLE_COLOUR ( '', #945 ) ;
#2636 = CARTESIAN_POINT ( 'NONE',  ( 94.47144056266679968, -49.90000000000000568, 15.58361961449661237 ) ) ;
#2637 = CARTESIAN_POINT ( 'NONE',  ( -5.249689571940052701E-10, -39.90000000000000568, 48.33945959150561578 ) ) ;
#2638 = LINE ( 'NONE', #1550, #898 ) ;
#2639 = VERTEX_POINT ( 'NONE', #2547 ) ;
#2640 = DIRECTION ( 'NONE',  ( 1.000000000000000000, -0.000000000000000000, 8.633711214205551007E-15 ) ) ;
#2641 = EDGE_LOOP ( 'NONE', ( #2532, #254, #1894, #2312 ) ) ;
#2642 = DIRECTION ( 'NONE',  ( -0.000000000000000000, 1.000000000000000000, -0.000000000000000000 ) ) ;
#2643 = ORIENTED_EDGE ( 'NONE', *, *, #1003, .F. ) ;
#2644 = ORIENTED_EDGE ( 'NONE', *, *, #1655, .F. ) ;
#2645 = CARTESIAN_POINT ( 'NONE',  ( -45.10000000102154871, -5.992747858149950702, 4.510281037539683930E-14 ) ) ;
#2646 = ORIENTED_EDGE ( 'NONE', *, *, #603, .F. ) ;
#2647 = DIRECTION ( 'NONE',  ( -1.000000000000000000, 0.000000000000000000, -8.718718191605253187E-15 ) ) ;
#2648 = CIRCLE ( 'NONE', #1030, 53.33945959101391310 ) ;
#2649 = CARTESIAN_POINT ( 'NONE',  ( -4.163686836948181451E-10, -14.40000000000000391, 38.33945959150555183 ) ) ;
#2650 = ORIENTED_EDGE ( 'NONE', *, *, #2198, .F. ) ;
#2651 = DIRECTION ( 'NONE',  ( -1.000000000000000000, 0.000000000000000000, 0.000000000000000000 ) ) ;
#2652 = VECTOR ( 'NONE', #1892, 1000.000000000000000 ) ;
#2653 = VECTOR ( 'NONE', #1793, 1000.000000000000000 ) ;
#2654 = ORIENTED_EDGE ( 'NONE', *, *, #1695, .T. ) ;
#2655 = EDGE_CURVE ( 'NONE', #375, #1554, #1263, .T. ) ;
#2656 = CARTESIAN_POINT ( 'NONE',  ( -21.69999999999999929, -21.90000000000000213, 2.657483554149756738E-15 ) ) ;
#2657 = LINE ( 'NONE', #296, #1887 ) ;
#2658 = VERTEX_POINT ( 'NONE', #605 ) ;
#2659 = CARTESIAN_POINT ( 'NONE',  ( 1.406444597219022530E-15, -14.40000000000000391, 0.000000000000000000 ) ) ;
#2660 = ORIENTED_EDGE ( 'NONE', *, *, #1739, .T. ) ;
#2661 = LINE ( 'NONE', #1219, #2143 ) ;
#2662 = LINE ( 'NONE', #2649, #1258 ) ;
#2663 = EDGE_LOOP ( 'NONE', ( #660, #1502 ) ) ;
#2664 = CARTESIAN_POINT ( 'NONE',  ( 67.99129735560519805, -39.90000000000000568, -9.616380385503205730 ) ) ;
#2665 = EDGE_LOOP ( 'NONE', ( #297, #2003, #1470, #2451, #2256, #2679, #1491, #147, #1235, #2768, #650, #470 ) ) ;
#2666 = EDGE_CURVE ( 'NONE', #749, #1137, #2151, .T. ) ;
#2667 = DIRECTION ( 'NONE',  ( 6.223206182385055573E-17, -1.000000000000000000, 0.000000000000000000 ) ) ;
#2668 = ADVANCED_FACE ( 'NONE', ( #174 ), #393, .F. ) ;
#2669 = ORIENTED_EDGE ( 'NONE', *, *, #403, .T. ) ;
#2670 = FACE_OUTER_BOUND ( 'NONE', #584, .T. ) ;
#2671 = ORIENTED_EDGE ( 'NONE', *, *, #1069, .F. ) ;
#2672 = CARTESIAN_POINT ( 'NONE',  ( -5.249621410710362846E-10, -8.492747858149948925, 4.510281037539683930E-14 ) ) ;
#2673 = EDGE_CURVE ( 'NONE', #1736, #749, #2106, .T. ) ;
#2674 = CARTESIAN_POINT ( 'NONE',  ( 8.961416902634484758E-16, -14.40000000000000391, 0.000000000000000000 ) ) ;
#2675 = ORIENTED_EDGE ( 'NONE', *, *, #890, .F. ) ;
#2676 = CARTESIAN_POINT ( 'NONE',  ( 114.8387553634337621, -39.90000000000000568, -21.21638038550319294 ) ) ;
#2677 = ADVANCED_FACE ( 'NONE', ( #160 ), #1052, .F. ) ;
#2678 = ADVANCED_FACE ( 'NONE', ( #1652 ), #1022, .T. ) ;
#2679 = ORIENTED_EDGE ( 'NONE', *, *, #985, .F. ) ;
#2680 = DIRECTION ( 'NONE',  ( 1.000000000000000000, 6.223206182385056805E-17, 0.000000000000000000 ) ) ;
#2681 = LINE ( 'NONE', #2260, #1579 ) ;
#2682 = CARTESIAN_POINT ( 'NONE',  ( 68.86773388061018863, -72.99615436277660763, 15.00000000000004086 ) ) ;
#2683 = EDGE_CURVE ( 'NONE', #776, #65, #2017, .T. ) ;
#2684 = VERTEX_POINT ( 'NONE', #572 ) ;
#2685 = ADVANCED_FACE ( 'NONE', ( #558 ), #817, .F. ) ;
#2686 = CIRCLE ( 'NONE', #1613, 48.33945959125457392 ) ;
#2687 = LINE ( 'NONE', #760, #1260 ) ;
#2688 = ORIENTED_EDGE ( 'NONE', *, *, #1997, .T. ) ;
#2689 = VECTOR ( 'NONE', #1690, 1000.000000000000000 ) ;
#2690 = EDGE_CURVE ( 'NONE', #1364, #2766, #1419, .T. ) ;
#2691 = LINE ( 'NONE', #731, #130 ) ;
#2692 = ORIENTED_EDGE ( 'NONE', *, *, #487, .T. ) ;
#2693 = CARTESIAN_POINT ( 'NONE',  ( 102.2714405626152256, -44.90000000000001279, 23.38361961449636794 ) ) ;
#2694 = AXIS2_PLACEMENT_3D ( 'NONE', #253, #857, #1961 ) ;
#2695 = CIRCLE ( 'NONE', #271, 45.60000000049659263 ) ;
#2696 = AXIS2_PLACEMENT_3D ( 'NONE', #2444, #1617, #1433 ) ;
#2697 = ADVANCED_FACE ( 'NONE', ( #1207 ), #1311, .T. ) ;
#2698 = VECTOR ( 'NONE', #1881, 1000.000000000000000 ) ;
#2699 = ORIENTED_EDGE ( 'NONE', *, *, #1631, .F. ) ;
#2700 = CARTESIAN_POINT ( 'NONE',  ( 109.8387553634337337, -72.99615436277662184, 15.00000000000004086 ) ) ;
#2701 = VECTOR ( 'NONE', #2703, 1000.000000000000000 ) ;
#2702 = VECTOR ( 'NONE', #1309, 1000.000000000000114 ) ;
#2703 = DIRECTION ( 'NONE',  ( -0.000000000000000000, 1.000000000000000000, -0.000000000000000000 ) ) ;
#2704 = APPLICATION_CONTEXT ( 'automotive_design' ) ;
#2705 = ORIENTED_EDGE ( 'NONE', *, *, #1586, .F. ) ;
#2706 = FACE_OUTER_BOUND ( 'NONE', #1285, .T. ) ;
#2707 = CARTESIAN_POINT ( 'NONE',  ( 6.938893903907228378E-15, -39.90000000000000568, -4.416871317657988804E-16 ) ) ;
#2708 = CARTESIAN_POINT ( 'NONE',  ( 1.904301091809827173E-15, -22.40000000000000213, 0.000000000000000000 ) ) ;
#2709 = EDGE_CURVE ( 'NONE', #702, #432, #724, .T. ) ;
#2710 = ORIENTED_EDGE ( 'NONE', *, *, #133, .F. ) ;
#2711 = CARTESIAN_POINT ( 'NONE',  ( 90.15158376967681875, -39.90000000000000568, -21.21638038550319294 ) ) ;
#2712 = ADVANCED_FACE ( 'NONE', ( #1215 ), #2062, .F. ) ;
#2713 = ORIENTED_EDGE ( 'NONE', *, *, #2393, .F. ) ;
#2714 = DIRECTION ( 'NONE',  ( 0.000000000000000000, -1.000000000000000000, 0.000000000000000000 ) ) ;
#2715 = ORIENTED_EDGE ( 'NONE', *, *, #100, .T. ) ;
#2716 = EDGE_CURVE ( 'NONE', #899, #2067, #127, .T. ) ;
#2717 = DIRECTION ( 'NONE',  ( -0.000000000000000000, 1.000000000000000000, -0.000000000000000000 ) ) ;
#2718 = ORIENTED_EDGE ( 'NONE', *, *, #2124, .F. ) ;
#2719 = LINE ( 'NONE', #1255, #1034 ) ;
#2720 =( LENGTH_UNIT ( ) NAMED_UNIT ( * ) SI_UNIT ( .MILLI., .METRE. ) );
#2721 = EDGE_LOOP ( 'NONE', ( #162, #377, #2128, #2402 ) ) ;
#2722 = DIRECTION ( 'NONE',  ( -0.000000000000000000, -1.000000000000000000, -0.000000000000000000 ) ) ;
#2723 = EDGE_LOOP ( 'NONE', ( #145, #1062, #1627, #1229 ) ) ;
#2724 = DIRECTION ( 'NONE',  ( 1.000000000000000000, 5.466227396646332844E-17, 0.000000000000000000 ) ) ;
#2725 = EDGE_LOOP ( 'NONE', ( #2318, #1944 ) ) ;
#2726 = DIRECTION ( 'NONE',  ( 6.656670093433118750E-19, 0.7071067811865516806, -0.7071067811865434649 ) ) ;
#2727 = LINE ( 'NONE', #1239, #237 ) ;
#2728 = ORIENTED_EDGE ( 'NONE', *, *, #2683, .F. ) ;
#2729 = DIRECTION ( 'NONE',  ( 0.000000000000000000, 1.000000000000000000, 0.000000000000000000 ) ) ;
#2730 = DIRECTION ( 'NONE',  ( -0.000000000000000000, -1.000000000000000000, -0.000000000000000000 ) ) ;
#2731 = DIRECTION ( 'NONE',  ( 0.000000000000000000, 0.000000000000000000, -1.000000000000000000 ) ) ;
#2732 = ORIENTED_EDGE ( 'NONE', *, *, #1911, .T. ) ;
#2733 = FACE_OUTER_BOUND ( 'NONE', #526, .T. ) ;
#2734 = EDGE_LOOP ( 'NONE', ( #2250, #2107, #2753, #229 ) ) ;
#2735 = TOROIDAL_SURFACE ( 'NONE', #628, 45.60000000049659263, 0.5000000000000000000 ) ;
#2736 = DIRECTION ( 'NONE',  ( 6.223206182385055573E-17, -1.000000000000000000, -0.000000000000000000 ) ) ;
#2737 = TOROIDAL_SURFACE ( 'NONE', #1656, 32.05000000049658126, 0.5000000000000000000 ) ;
#2738 = ADVANCED_FACE ( 'NONE', ( #563, #1014 ), #2309, .T. ) ;
#2739 = ORIENTED_EDGE ( 'NONE', *, *, #509, .F. ) ;
#2740 = CARTESIAN_POINT ( 'NONE',  ( -5.249689571940052701E-10, 176.7589912188659582, 48.33945959150561578 ) ) ;
#2741 = AXIS2_PLACEMENT_3D ( 'NONE', #146, #361, #2515 ) ;
#2742 = CIRCLE ( 'NONE', #1796, 2.000000000000001776 ) ;
#2743 = DIRECTION ( 'NONE',  ( -1.000000000000000000, 0.000000000000000000, 0.000000000000000000 ) ) ;
#2744 = AXIS2_PLACEMENT_3D ( 'NONE', #1862, #1472, #1449 ) ;
#2745 = DIRECTION ( 'NONE',  ( -1.000000000000000000, -6.504465884275263049E-17, 0.000000000000000000 ) ) ;
#2746 = ORIENTED_EDGE ( 'NONE', *, *, #1601, .F. ) ;
#2747 = LINE ( 'NONE', #373, #1029 ) ;
#2748 = AXIS2_PLACEMENT_3D ( 'NONE', #1874, #745, #1603 ) ;
#2749 = DIRECTION ( 'NONE',  ( 6.223206182385055573E-17, -1.000000000000000000, 0.000000000000000000 ) ) ;
#2750 = CARTESIAN_POINT ( 'NONE',  ( 1.904301091784583624E-15, 176.7589912188659582, 0.000000000000000000 ) ) ;
#2751 = VECTOR ( 'NONE', #2130, 1000.000000000000000 ) ;
#2752 = ORIENTED_EDGE ( 'NONE', *, *, #807, .T. ) ;
#2753 = ORIENTED_EDGE ( 'NONE', *, *, #513, .T. ) ;
#2754 = CARTESIAN_POINT ( 'NONE',  ( 63.47144056266680678, -44.90000000000001279, 15.58361961449661237 ) ) ;
#2755 = VERTEX_POINT ( 'NONE', #142 ) ;
#2756 = CARTESIAN_POINT ( 'NONE',  ( 8.961416902634484758E-16, -14.40000000000000391, 0.000000000000000000 ) ) ;
#2757 = CARTESIAN_POINT ( 'NONE',  ( 67.99129735560521226, -201.6428835118155689, 21.38361961449638216 ) ) ;
#2758 = DIRECTION ( 'NONE',  ( 1.000000000000000000, 6.223206182385055573E-17, 0.000000000000000000 ) ) ;
#2759 = DIRECTION ( 'NONE',  ( 0.000000000000000000, 0.000000000000000000, 1.000000000000000000 ) ) ;
#2760 = ORIENTED_EDGE ( 'NONE', *, *, #999, .F. ) ;
#2761 = EDGE_CURVE ( 'NONE', #1806, #481, #2429, .T. ) ;
#2762 = LINE ( 'NONE', #1853, #457 ) ;
#2763 = CARTESIAN_POINT ( 'NONE',  ( 114.8387553634337479, -100.8999999999999631, -14.99999999999995737 ) ) ;
#2764 = DIRECTION ( 'NONE',  ( 0.000000000000000000, -1.000000000000000000, 0.000000000000000000 ) ) ;
#2765 = FACE_OUTER_BOUND ( 'NONE', #866, .T. ) ;
#2766 = VERTEX_POINT ( 'NONE', #2763 ) ;
#2767 = CARTESIAN_POINT ( 'NONE',  ( 78.97144056266678547, -44.90000000000001279, -48.33945959100352496 ) ) ;
#2768 = ORIENTED_EDGE ( 'NONE', *, *, #17, .T. ) ;
#2769 = ADVANCED_FACE ( 'NONE', ( #1242 ), #2525, .F. ) ;
#2770 = CARTESIAN_POINT ( 'NONE',  ( 48.86551710199186260, -44.90000000000001279, 21.38361961449682269 ) ) ;
#2771 = DIRECTION ( 'NONE',  ( 1.000000000000000000, 0.000000000000000000, 0.000000000000000000 ) ) ;
#2772 = DIRECTION ( 'NONE',  ( 6.223206182385055573E-17, -1.000000000000000000, -0.000000000000000000 ) ) ;
#2773 = ORIENTED_EDGE ( 'NONE', *, *, #1610, .T. ) ;
#2774 = PRODUCT_DEFINITION ( 'General', '', #2566, #734 ) ;
#2775 = CARTESIAN_POINT ( 'NONE',  ( 1.406444597219022530E-15, -14.40000000000000391, 38.33945959150555183 ) ) ;
#2776 = ORIENTED_EDGE ( 'NONE', *, *, #601, .T. ) ;
#2777 = DIRECTION ( 'NONE',  ( 0.000000000000000000, -1.000000000000000000, 0.000000000000000000 ) ) ;
#2778 = EDGE_CURVE ( 'NONE', #2658, #1826, #765, .T. ) ;
#2779 = VERTEX_POINT ( 'NONE', #778 ) ;
#2780 = DIRECTION ( 'NONE',  ( 1.000000000000000000, 5.466470526316164439E-17, 0.000000000000000000 ) ) ;
#2781 = ADVANCED_FACE ( 'NONE', ( #1411 ), #2264, .F. ) ;
#2782 = CARTESIAN_POINT ( 'NONE',  ( -5.249598753726702772E-10, -51.90000000000000568, 4.510281037539683930E-14 ) ) ;
#2783 = ORIENTED_EDGE ( 'NONE', *, *, #102, .F. ) ;
#2784 = CARTESIAN_POINT ( 'NONE',  ( 90.15158376967681875, -44.90000000000001990, -21.21638038550273819 ) ) ;
#2785 = AXIS2_PLACEMENT_3D ( 'NONE', #1256, #2376, #456 ) ;
#2786 = CARTESIAN_POINT ( 'NONE',  ( 114.8387553634337621, -39.90000000000000568, 53.33945959150553051 ) ) ;
ENDSEC;
END-ISO-10303-21;
