ISO-10303-21;
HEADER;
FILE_DESCRIPTION (( 'STEP AP214' ),
    '1' );
FILE_NAME ('Joint 2 change 8126.STEP',
    '2026-08-27T22:10:00',
    ( '' ),
    ( '' ),
    'SwSTEP 2.0',
    'SolidWorks 2026',
    '' );
FILE_SCHEMA (( 'AUTOMOTIVE_DESIGN' ));
ENDSEC;

DATA;
#1 = EDGE_CURVE ( 'NONE', #917, #675, #724, .T. ) ;
#2 = ORIENTED_EDGE ( 'NONE', *, *, #806, .T. ) ;
#3 = LINE ( 'NONE', #3234, #2767 ) ;
#4 = DIRECTION ( 'NONE',  ( -0.000000000000000000, -0.000000000000000000, -1.000000000000000000 ) ) ;
#5 = CARTESIAN_POINT ( 'NONE',  ( 3.430000000000160920, -3.943575821685223397E-14, 19.00000000000000000 ) ) ;
#6 = CARTESIAN_POINT ( 'NONE',  ( -167.5899999999999750, 40.00000000000000000, 8.000000000000000000 ) ) ;
#7 = VERTEX_POINT ( 'NONE', #262 ) ;
#8 = VERTEX_POINT ( 'NONE', #2904 ) ;
#9 = DIRECTION ( 'NONE',  ( 0.000000000000000000, 0.000000000000000000, -1.000000000000000000 ) ) ;
#10 = AXIS2_PLACEMENT_3D ( 'NONE', #3439, #3653, #1369 ) ;
#11 = CARTESIAN_POINT ( 'NONE',  ( -120.0000000000000000, 40.00000000000000000, 10.00000000000000000 ) ) ;
#12 = CIRCLE ( 'NONE', #2220, 2.590000000000008740 ) ;
#13 = ORIENTED_EDGE ( 'NONE', *, *, #2227, .T. ) ;
#14 = ADVANCED_FACE ( 'NONE', ( #1437 ), #3796, .F. ) ;
#15 = CARTESIAN_POINT ( 'NONE',  ( -164.9999999999999716, -2.020667218593132784E-14, 19.00000000000000000 ) ) ;
#16 = CARTESIAN_POINT ( 'NONE',  ( 2.444036937190193601E-13, -35.00000000000000000, 15.90000000000000036 ) ) ;
#17 = ORIENTED_EDGE ( 'NONE', *, *, #1159, .T. ) ;
#18 = CARTESIAN_POINT ( 'NONE',  ( -167.5899999999999750, -40.00000000000004263, 10.00000000000000000 ) ) ;
#19 = CARTESIAN_POINT ( 'NONE',  ( -47.00000000000000000, -15.40000000000000568, 0.000000000000000000 ) ) ;
#20 = EDGE_CURVE ( 'NONE', #1562, #3434, #3430, .T. ) ;
#21 = ORIENTED_EDGE ( 'NONE', *, *, #3712, .F. ) ;
#22 = DIRECTION ( 'NONE',  ( -0.000000000000000000, 0.000000000000000000, 1.000000000000000000 ) ) ;
#23 = CYLINDRICAL_SURFACE ( 'NONE', #1310, 2.590000000000008740 ) ;
#24 = CARTESIAN_POINT ( 'NONE',  ( -164.9999999999999716, 40.00000000000000000, 10.00000000000000000 ) ) ;
#25 = DIRECTION ( 'NONE',  ( -0.000000000000000000, -0.000000000000000000, 1.000000000000000000 ) ) ;
#26 = ORIENTED_EDGE ( 'NONE', *, *, #3602, .F. ) ;
#27 = EDGE_CURVE ( 'NONE', #1332, #109, #3489, .T. ) ;
#28 = ORIENTED_EDGE ( 'NONE', *, *, #1649, .T. ) ;
#29 = CARTESIAN_POINT ( 'NONE',  ( -122.5900000000000034, 40.00000000000000000, 17.00000000000000000 ) ) ;
#30 = VECTOR ( 'NONE', #991, 1000.000000000000000 ) ;
#31 = CARTESIAN_POINT ( 'NONE',  ( -147.9999999999999716, 9.999999999999973355, 8.000000000000000000 ) ) ;
#32 = ORIENTED_EDGE ( 'NONE', *, *, #3627, .F. ) ;
#33 = VECTOR ( 'NONE', #1017, 1000.000000000000000 ) ;
#34 = ADVANCED_FACE ( 'NONE', ( #3119 ), #3179, .T. ) ;
#35 = FACE_OUTER_BOUND ( 'NONE', #2682, .T. ) ;
#36 = DIRECTION ( 'NONE',  ( -0.000000000000000000, -0.000000000000000000, -1.000000000000000000 ) ) ;
#37 = CIRCLE ( 'NONE', #3226, 9.999999999999994671 ) ;
#38 = VERTEX_POINT ( 'NONE', #798 ) ;
#39 = AXIS2_PLACEMENT_3D ( 'NONE', #985, #1592, #3329 ) ;
#40 = CARTESIAN_POINT ( 'NONE',  ( -47.00000000000000711, 15.39999999999999503, 8.000000000000000000 ) ) ;
#41 = CARTESIAN_POINT ( 'NONE',  ( -156.9999999999999716, 13.79999999999996874, 19.00000000000000000 ) ) ;
#42 = AXIS2_PLACEMENT_3D ( 'NONE', #656, #56, #2096 ) ;
#43 = ADVANCED_FACE ( 'NONE', ( #1982 ), #761, .T. ) ;
#44 = VERTEX_POINT ( 'NONE', #932 ) ;
#45 = DIRECTION ( 'NONE',  ( -0.000000000000000000, -0.000000000000000000, -1.000000000000000000 ) ) ;
#46 = CIRCLE ( 'NONE', #1128, 21.10000000000000853 ) ;
#47 = DIRECTION ( 'NONE',  ( 1.000000000000000000, 0.000000000000000000, 0.000000000000000000 ) ) ;
#48 = DIRECTION ( 'NONE',  ( -1.000000000000000000, 0.000000000000000000, 0.000000000000000000 ) ) ;
#49 = VERTEX_POINT ( 'NONE', #1786 ) ;
#50 = EDGE_CURVE ( 'NONE', #2459, #38, #1963, .T. ) ;
#51 = EDGE_LOOP ( 'NONE', ( #1972, #1890, #1259, #3074 ) ) ;
#52 = FACE_BOUND ( 'NONE', #2067, .T. ) ;
#53 = DIRECTION ( 'NONE',  ( -1.000000000000000000, 0.000000000000000000, 0.000000000000000000 ) ) ;
#54 = ORIENTED_EDGE ( 'NONE', *, *, #2053, .T. ) ;
#55 = CYLINDRICAL_SURFACE ( 'NONE', #127, 2.590000000000008740 ) ;
#56 = DIRECTION ( 'NONE',  ( 0.000000000000000000, -0.000000000000000000, -1.000000000000000000 ) ) ;
#57 = VERTEX_POINT ( 'NONE', #647 ) ;
#58 = DIRECTION ( 'NONE',  ( -0.000000000000000000, -0.000000000000000000, -1.000000000000000000 ) ) ;
#59 = LINE ( 'NONE', #1213, #2798 ) ;
#60 = EDGE_CURVE ( 'NONE', #3492, #120, #1900, .T. ) ;
#61 = DIRECTION ( 'NONE',  ( -0.000000000000000000, -0.000000000000000000, 1.000000000000000000 ) ) ;
#62 = AXIS2_PLACEMENT_3D ( 'NONE', #515, #2845, #498 ) ;
#63 = ORIENTED_EDGE ( 'NONE', *, *, #3003, .F. ) ;
#64 = DIRECTION ( 'NONE',  ( -0.000000000000000000, 0.000000000000000000, 1.000000000000000000 ) ) ;
#65 = DIRECTION ( 'NONE',  ( 1.000000000000000000, 0.000000000000000000, 0.000000000000000000 ) ) ;
#66 = VECTOR ( 'NONE', #777, 1000.000000000000000 ) ;
#67 = DIRECTION ( 'NONE',  ( 1.000000000000000000, 0.000000000000000000, 0.000000000000000000 ) ) ;
#68 = DIRECTION ( 'NONE',  ( -0.000000000000000000, -0.000000000000000000, 1.000000000000000000 ) ) ;
#69 = ORIENTED_EDGE ( 'NONE', *, *, #3516, .F. ) ;
#70 = EDGE_LOOP ( 'NONE', ( #2232, #1696, #3089, #2835 ) ) ;
#71 = CARTESIAN_POINT ( 'NONE',  ( -2.706168622523819067E-13, -38.96062284664083819, 15.90000000000000036 ) ) ;
#72 = CYLINDRICAL_SURFACE ( 'NONE', #244, 2.589999999999981206 ) ;
#73 = DIRECTION ( 'NONE',  ( -0.000000000000000000, 0.000000000000000000, 1.000000000000000000 ) ) ;
#74 = CARTESIAN_POINT ( 'NONE',  ( 23.27953286501956498, 13.44044456622751760, 19.00000000000000000 ) ) ;
#75 = EDGE_LOOP ( 'NONE', ( #3101, #615, #2994, #613 ) ) ;
#76 = CIRCLE ( 'NONE', #2963, 27.44619903340939970 ) ;
#77 = DIRECTION ( 'NONE',  ( -0.000000000000000000, 0.000000000000000000, 1.000000000000000000 ) ) ;
#78 = AXIS2_PLACEMENT_3D ( 'NONE', #923, #2458, #2115 ) ;
#79 = ORIENTED_EDGE ( 'NONE', *, *, #502, .T. ) ;
#80 = DIRECTION ( 'NONE',  ( -1.000000000000000000, 3.154042683594196230E-17, -0.000000000000000000 ) ) ;
#81 = CARTESIAN_POINT ( 'NONE',  ( -77.58999999999998920, -40.00000000000002842, 17.00000000000000000 ) ) ;
#82 = ORIENTED_EDGE ( 'NONE', *, *, #2611, .F. ) ;
#83 = CARTESIAN_POINT ( 'NONE',  ( -247.2310161513767923, 19.99999999999946354, 8.000000000000000000 ) ) ;
#84 = FACE_OUTER_BOUND ( 'NONE', #3366, .T. ) ;
#85 = ORIENTED_EDGE ( 'NONE', *, *, #1118, .T. ) ;
#86 = ORIENTED_EDGE ( 'NONE', *, *, #3063, .F. ) ;
#87 = LINE ( 'NONE', #3038, #143 ) ;
#88 = DIRECTION ( 'NONE',  ( 1.000000000000000000, 0.000000000000000000, 0.000000000000000000 ) ) ;
#89 = EDGE_CURVE ( 'NONE', #2480, #3304, #2638, .T. ) ;
#90 = ORIENTED_EDGE ( 'NONE', *, *, #3076, .T. ) ;
#91 = AXIS2_PLACEMENT_3D ( 'NONE', #3648, #713, #1306 ) ;
#92 = DIRECTION ( 'NONE',  ( -0.000000000000000000, -0.000000000000000000, -1.000000000000000000 ) ) ;
#93 = DIRECTION ( 'NONE',  ( -1.000000000000000000, 2.838638415234776052E-16, 0.000000000000000000 ) ) ;
#94 = EDGE_LOOP ( 'NONE', ( #251, #3513 ) ) ;
#95 = CARTESIAN_POINT ( 'NONE',  ( -156.9999999999999716, 16.99999999999996447, 19.00000000000000000 ) ) ;
#96 = CARTESIAN_POINT ( 'NONE',  ( -156.9999999999999716, 13.79999999999996874, 19.00000000000000000 ) ) ;
#97 = VECTOR ( 'NONE', #1074, 1000.000000000000000 ) ;
#98 = ORIENTED_EDGE ( 'NONE', *, *, #2776, .F. ) ;
#99 = EDGE_CURVE ( 'NONE', #120, #3492, #785, .T. ) ;
#100 = DIRECTION ( 'NONE',  ( -0.000000000000000000, -0.000000000000000000, -1.000000000000000000 ) ) ;
#101 = CARTESIAN_POINT ( 'NONE',  ( -47.00000000000000000, 13.80000000000002913, 8.000000000000000000 ) ) ;
#102 = CIRCLE ( 'NONE', #2857, 2.590000000000008740 ) ;
#103 = ORIENTED_EDGE ( 'NONE', *, *, #3732, .F. ) ;
#104 = ORIENTED_EDGE ( 'NONE', *, *, #3543, .T. ) ;
#105 = CARTESIAN_POINT ( 'NONE',  ( -33.01968857667963420, -3.429999999999665761, 19.00000000000000000 ) ) ;
#106 = ORIENTED_EDGE ( 'NONE', *, *, #1320, .F. ) ;
#107 = DIRECTION ( 'NONE',  ( 1.000000000000000000, 0.000000000000000000, 0.000000000000000000 ) ) ;
#108 = EDGE_CURVE ( 'NONE', #3268, #1813, #2659, .T. ) ;
#109 = VERTEX_POINT ( 'NONE', #3545 ) ;
#110 = EDGE_CURVE ( 'NONE', #1773, #1332, #283, .T. ) ;
#111 = CARTESIAN_POINT ( 'NONE',  ( -33.01968857667952761, 3.430000000000338556, 15.90000000000000036 ) ) ;
#112 = CARTESIAN_POINT ( 'NONE',  ( 3.430000000000012594, 36.98031142332039423, 19.00000000000000000 ) ) ;
#113 = ORIENTED_EDGE ( 'NONE', *, *, #3003, .T. ) ;
#114 = CARTESIAN_POINT ( 'NONE',  ( -162.4099999999999966, -40.00000000000004263, 17.00000000000000000 ) ) ;
#115 = CARTESIAN_POINT ( 'NONE',  ( -45.00000000000000711, 0.000000000000000000, 19.00000000000000000 ) ) ;
#116 = DIRECTION ( 'NONE',  ( -0.000000000000000000, -0.000000000000000000, 1.000000000000000000 ) ) ;
#117 = VERTEX_POINT ( 'NONE', #3563 ) ;
#118 = ORIENTED_EDGE ( 'NONE', *, *, #1167, .T. ) ;
#119 = CARTESIAN_POINT ( 'NONE',  ( -3.429999999999993943, 36.98031142332043686, 19.00000000000000000 ) ) ;
#120 = VERTEX_POINT ( 'NONE', #894 ) ;
#121 = DIRECTION ( 'NONE',  ( -0.000000000000000000, -0.000000000000000000, -1.000000000000000000 ) ) ;
#122 = CIRCLE ( 'NONE', #1217, 2.050000000000003375 ) ;
#123 = ORIENTED_EDGE ( 'NONE', *, *, #3472, .T. ) ;
#124 = VERTEX_POINT ( 'NONE', #83 ) ;
#125 = DIRECTION ( 'NONE',  ( 1.000000000000000000, 0.000000000000000000, 0.000000000000000000 ) ) ;
#126 = CARTESIAN_POINT ( 'NONE',  ( -56.00000000000000000, -10.00000000000000000, 19.00000000000000000 ) ) ;
#127 = AXIS2_PLACEMENT_3D ( 'NONE', #2688, #3396, #408 ) ;
#128 = EDGE_LOOP ( 'NONE', ( #2601, #2280, #2198, #1195 ) ) ;
#129 = LINE ( 'NONE', #114, #2029 ) ;
#130 = DIRECTION ( 'NONE',  ( 0.8660254037844394848, 0.4999999999999983902, 0.000000000000000000 ) ) ;
#131 = ORIENTED_EDGE ( 'NONE', *, *, #1462, .T. ) ;
#132 = ORIENTED_EDGE ( 'NONE', *, *, #2722, .F. ) ;
#133 = CARTESIAN_POINT ( 'NONE',  ( -36.98031142332035870, 3.430000000000399840, 19.00000000000000000 ) ) ;
#134 = ORIENTED_EDGE ( 'NONE', *, *, #2776, .T. ) ;
#135 = EDGE_CURVE ( 'NONE', #3775, #2806, #843, .T. ) ;
#136 = PLANE ( 'NONE',  #489 ) ;
#137 = DIRECTION ( 'NONE',  ( 0.000000000000000000, -0.000000000000000000, -1.000000000000000000 ) ) ;
#138 = CIRCLE ( 'NONE', #2295, 2.590000000000008740 ) ;
#139 = EDGE_CURVE ( 'NONE', #2654, #1103, #665, .T. ) ;
#140 = ORIENTED_EDGE ( 'NONE', *, *, #2374, .T. ) ;
#141 = FACE_OUTER_BOUND ( 'NONE', #3663, .T. ) ;
#142 = CARTESIAN_POINT ( 'NONE',  ( -30.00000000000000000, 40.00000000000000000, 10.00000000000000000 ) ) ;
#143 = VECTOR ( 'NONE', #1872, 1000.000000000000114 ) ;
#144 = EDGE_CURVE ( 'NONE', #1117, #768, #1162, .T. ) ;
#145 = ORIENTED_EDGE ( 'NONE', *, *, #3529, .T. ) ;
#146 = VECTOR ( 'NONE', #381, 1000.000000000000000 ) ;
#147 = LINE ( 'NONE', #3676, #1214 ) ;
#148 = CARTESIAN_POINT ( 'NONE',  ( 1.540743955509788682E-30, -45.00000000000000711, 19.00000000000000000 ) ) ;
#149 = EDGE_CURVE ( 'NONE', #2896, #3420, #2951, .T. ) ;
#150 = AXIS2_PLACEMENT_3D ( 'NONE', #643, #1554, #699 ) ;
#151 = CARTESIAN_POINT ( 'NONE',  ( -2.706168622523819067E-13, -38.96062284664083819, 19.00000000000000000 ) ) ;
#152 = VERTEX_POINT ( 'NONE', #2106 ) ;
#153 = ORIENTED_EDGE ( 'NONE', *, *, #1607, .T. ) ;
#154 = VECTOR ( 'NONE', #3747, 1000.000000000000000 ) ;
#155 = CARTESIAN_POINT ( 'NONE',  ( -47.00000000000000711, 15.39999999999999503, 0.000000000000000000 ) ) ;
#156 = ADVANCED_FACE ( 'NONE', ( #1238 ), #570, .T. ) ;
#157 = AXIS2_PLACEMENT_3D ( 'NONE', #1693, #2800, #1403 ) ;
#158 = ADVANCED_FACE ( 'NONE', ( #3523 ), #2124, .F. ) ;
#159 = ORIENTED_EDGE ( 'NONE', *, *, #2643, .T. ) ;
#160 = CARTESIAN_POINT ( 'NONE',  ( -191.1749999999999829, -2.571758278209442213E-14, 17.00000000000000000 ) ) ;
#161 = CYLINDRICAL_SURFACE ( 'NONE', #157, 2.050000000000000711 ) ;
#162 = EDGE_LOOP ( 'NONE', ( #3701, #1531, #2197, #1021 ) ) ;
#163 = CARTESIAN_POINT ( 'NONE',  ( 1.540743955509788682E-30, -45.00000000000000711, 19.00000000000000000 ) ) ;
#164 = PLANE ( 'NONE',  #3599 ) ;
#165 = VERTEX_POINT ( 'NONE', #3583 ) ;
#166 = CYLINDRICAL_SURFACE ( 'NONE', #3196, 2.590000000000008740 ) ;
#167 = CARTESIAN_POINT ( 'NONE',  ( -3.429999999999829186, 4.093807281558556920E-14, 19.00000000000000000 ) ) ;
#168 = CARTESIAN_POINT ( 'NONE',  ( -156.9999999999999716, 13.79999999999996874, 0.000000000000000000 ) ) ;
#169 = ORIENTED_EDGE ( 'NONE', *, *, #1159, .F. ) ;
#170 = PLANE ( 'NONE',  #2370 ) ;
#171 = EDGE_LOOP ( 'NONE', ( #2219, #3496, #336, #1136 ) ) ;
#172 = DIRECTION ( 'NONE',  ( -1.000000000000000000, 0.000000000000000000, 0.000000000000000000 ) ) ;
#173 = EDGE_CURVE ( 'NONE', #701, #2815, #2148, .T. ) ;
#174 = ORIENTED_EDGE ( 'NONE', *, *, #306, .T. ) ;
#175 = VECTOR ( 'NONE', #1375, 1000.000000000000000 ) ;
#176 = ORIENTED_EDGE ( 'NONE', *, *, #499, .F. ) ;
#177 = CARTESIAN_POINT ( 'NONE',  ( 45.00000000000000711, 5.510910596163090344E-15, 0.000000000000000000 ) ) ;
#178 = DIRECTION ( 'NONE',  ( -0.000000000000000000, -0.000000000000000000, 1.000000000000000000 ) ) ;
#179 = EDGE_CURVE ( 'NONE', #2690, #2637, #605, .T. ) ;
#180 = VERTEX_POINT ( 'NONE', #3216 ) ;
#181 = DIRECTION ( 'NONE',  ( 0.000000000000000000, 0.000000000000000000, -1.000000000000000000 ) ) ;
#182 = EDGE_CURVE ( 'NONE', #2409, #1407, #1748, .T. ) ;
#183 = CARTESIAN_POINT ( 'NONE',  ( -120.0000000000000000, -40.00000000000002842, 19.00000000000000000 ) ) ;
#184 = FACE_BOUND ( 'NONE', #1756, .T. ) ;
#185 = CIRCLE ( 'NONE', #312, 2.590000000000008740 ) ;
#186 = ORIENTED_EDGE ( 'NONE', *, *, #2111, .F. ) ;
#187 = ORIENTED_EDGE ( 'NONE', *, *, #1783, .T. ) ;
#188 = EDGE_CURVE ( 'NONE', #1482, #3086, #3, .T. ) ;
#189 = DIRECTION ( 'NONE',  ( 0.4999999999999905076, -0.8660254037844441477, 0.000000000000000000 ) ) ;
#190 = ORIENTED_EDGE ( 'NONE', *, *, #1320, .T. ) ;
#191 = CARTESIAN_POINT ( 'NONE',  ( 35.00000000000000000, 3.666055405785290402E-13, 15.90000000000000036 ) ) ;
#192 = EDGE_CURVE ( 'NONE', #1358, #2419, #480, .T. ) ;
#193 = VERTEX_POINT ( 'NONE', #3033 ) ;
#194 = VERTEX_POINT ( 'NONE', #969 ) ;
#195 = VECTOR ( 'NONE', #1241, 1000.000000000000000 ) ;
#196 = CARTESIAN_POINT ( 'NONE',  ( -156.9999999999999716, 16.99999999999996447, 19.00000000000000000 ) ) ;
#197 = LINE ( 'NONE', #718, #97 ) ;
#198 = ADVANCED_FACE ( 'NONE', ( #3068 ), #2807, .F. ) ;
#199 = EDGE_LOOP ( 'NONE', ( #3004, #1144, #1379, #1391 ) ) ;
#200 = CARTESIAN_POINT ( 'NONE',  ( -34.99999999999999289, -1.222018468595096801E-13, 15.90000000000000036 ) ) ;
#201 = CIRCLE ( 'NONE', #1182, 2.590000000000008740 ) ;
#202 = FACE_OUTER_BOUND ( 'NONE', #2978, .T. ) ;
#203 = CARTESIAN_POINT ( 'NONE',  ( -164.9999999999999716, -40.00000000000004263, 10.00000000000000000 ) ) ;
#204 = AXIS2_PLACEMENT_3D ( 'NONE', #1711, #3394, #2514 ) ;
#205 = ORIENTED_EDGE ( 'NONE', *, *, #2199, .F. ) ;
#206 = ORIENTED_EDGE ( 'NONE', *, *, #1135, .T. ) ;
#207 = CARTESIAN_POINT ( 'NONE',  ( 0.000000000000000000, 0.000000000000000000, 15.90000000000000036 ) ) ;
#208 = PRESENTATION_LAYER_ASSIGNMENT (  '', '', ( #2552 ) ) ;
#209 = DIRECTION ( 'NONE',  ( -1.000000000000000000, 0.000000000000000000, 0.000000000000000000 ) ) ;
#210 = ORIENTED_EDGE ( 'NONE', *, *, #192, .F. ) ;
#211 = CIRCLE ( 'NONE', #1254, 2.050000000000000711 ) ;
#212 = DIRECTION ( 'NONE',  ( 1.000000000000000000, -4.598922241032115418E-15, 0.000000000000000000 ) ) ;
#213 = CIRCLE ( 'NONE', #1010, 1.599999999999969447 ) ;
#214 = VERTEX_POINT ( 'NONE', #2755 ) ;
#215 = EDGE_CURVE ( 'NONE', #3070, #2932, #147, .T. ) ;
#216 = DIRECTION ( 'NONE',  ( 0.000000000000000000, 0.000000000000000000, -1.000000000000000000 ) ) ;
#217 = DIRECTION ( 'NONE',  ( -0.000000000000000000, 0.000000000000000000, 1.000000000000000000 ) ) ;
#218 = ADVANCED_FACE ( 'NONE', ( #2174 ), #166, .F. ) ;
#219 = ORIENTED_EDGE ( 'NONE', *, *, #139, .F. ) ;
#220 = FACE_BOUND ( 'NONE', #691, .T. ) ;
#221 = DIRECTION ( 'NONE',  ( -0.000000000000000000, -0.000000000000000000, -1.000000000000000000 ) ) ;
#222 = DIRECTION ( 'NONE',  ( -1.000000000000000000, 0.000000000000000000, 0.000000000000000000 ) ) ;
#223 = EDGE_LOOP ( 'NONE', ( #2754, #2898, #255, #911 ) ) ;
#224 = ORIENTED_EDGE ( 'NONE', *, *, #619, .F. ) ;
#225 = DIRECTION ( 'NONE',  ( -0.000000000000000000, -0.000000000000000000, 1.000000000000000000 ) ) ;
#226 = CYLINDRICAL_SURFACE ( 'NONE', #1881, 2.590000000000008740 ) ;
#227 = PLANE ( 'NONE',  #2462 ) ;
#228 = CARTESIAN_POINT ( 'NONE',  ( -164.9999999999999716, -40.00000000000004263, 17.00000000000000000 ) ) ;
#229 = ORIENTED_EDGE ( 'NONE', *, *, #270, .F. ) ;
#230 = FACE_OUTER_BOUND ( 'NONE', #1301, .T. ) ;
#231 = DIRECTION ( 'NONE',  ( 0.000000000000000000, 0.000000000000000000, -1.000000000000000000 ) ) ;
#232 = DIRECTION ( 'NONE',  ( 0.000000000000000000, -0.000000000000000000, -1.000000000000000000 ) ) ;
#233 = ORIENTED_EDGE ( 'NONE', *, *, #1617, .F. ) ;
#234 = DIRECTION ( 'NONE',  ( 0.000000000000000000, 0.000000000000000000, -1.000000000000000000 ) ) ;
#235 = CARTESIAN_POINT ( 'NONE',  ( -72.40999999999996817, 40.00000000000000000, 19.00000000000000000 ) ) ;
#236 = DIRECTION ( 'NONE',  ( 1.000000000000000000, 0.000000000000000000, 0.000000000000000000 ) ) ;
#237 = VECTOR ( 'NONE', #525, 1000.000000000000227 ) ;
#238 = FACE_OUTER_BOUND ( 'NONE', #851, .T. ) ;
#239 = CIRCLE ( 'NONE', #916, 2.050000000000003375 ) ;
#240 = ORIENTED_EDGE ( 'NONE', *, *, #786, .T. ) ;
#241 = ORIENTED_EDGE ( 'NONE', *, *, #684, .T. ) ;
#242 = FACE_OUTER_BOUND ( 'NONE', #1880, .T. ) ;
#243 = DIRECTION ( 'NONE',  ( -1.000000000000000000, 0.000000000000000000, 0.000000000000000000 ) ) ;
#244 = AXIS2_PLACEMENT_3D ( 'NONE', #960, #881, #3553 ) ;
#245 = CARTESIAN_POINT ( 'NONE',  ( -33.01968857667963420, -3.429999999999665761, 19.00000000000000000 ) ) ;
#246 = LINE ( 'NONE', #2024, #601 ) ;
#247 = ORIENTED_EDGE ( 'NONE', *, *, #541, .F. ) ;
#248 = FACE_OUTER_BOUND ( 'NONE', #1754, .T. ) ;
#249 = DIRECTION ( 'NONE',  ( 1.000000000000000000, 2.838638415234776052E-16, 0.000000000000000000 ) ) ;
#250 = EDGE_CURVE ( 'NONE', #993, #1372, #2821, .T. ) ;
#251 = ORIENTED_EDGE ( 'NONE', *, *, #753, .F. ) ;
#252 = EDGE_CURVE ( 'NONE', #2409, #1870, #2140, .T. ) ;
#253 = PLANE ( 'NONE',  #1660 ) ;
#254 = LINE ( 'NONE', #2051, #2745 ) ;
#255 = ORIENTED_EDGE ( 'NONE', *, *, #3292, .F. ) ;
#256 = DIRECTION ( 'NONE',  ( 1.000000000000000000, 0.000000000000000000, 0.000000000000000000 ) ) ;
#257 = DIRECTION ( 'NONE',  ( 1.000000000000000000, 5.361872562110132543E-16, 0.000000000000000000 ) ) ;
#258 = EDGE_CURVE ( 'NONE', #768, #1667, #1595, .T. ) ;
#259 = DIRECTION ( 'NONE',  ( -0.000000000000000000, 0.000000000000000000, 1.000000000000000000 ) ) ;
#260 = VERTEX_POINT ( 'NONE', #2774 ) ;
#261 = VECTOR ( 'NONE', #1042, 1000.000000000000000 ) ;
#262 = CARTESIAN_POINT ( 'NONE',  ( -27.44619903340939970, 0.000000000000000000, 0.000000000000000000 ) ) ;
#263 = DIRECTION ( 'NONE',  ( 0.000000000000000000, 0.000000000000000000, -1.000000000000000000 ) ) ;
#264 = EDGE_CURVE ( 'NONE', #743, #120, #129, .T. ) ;
#265 = DIRECTION ( 'NONE',  ( -0.000000000000000000, -0.000000000000000000, 1.000000000000000000 ) ) ;
#266 = CARTESIAN_POINT ( 'NONE',  ( -47.00000000000000711, 16.99999999999996092, 8.000000000000000000 ) ) ;
#267 = CIRCLE ( 'NONE', #2432, 2.050000000000003375 ) ;
#268 = VERTEX_POINT ( 'NONE', #720 ) ;
#269 = ORIENTED_EDGE ( 'NONE', *, *, #1296, .F. ) ;
#270 = EDGE_CURVE ( 'NONE', #3562, #3416, #2453, .T. ) ;
#271 = AXIS2_PLACEMENT_3D ( 'NONE', #2490, #3314, #3011 ) ;
#272 = CARTESIAN_POINT ( 'NONE',  ( -74.99999999999998579, -40.00000000000002842, 10.00000000000000000 ) ) ;
#273 = VECTOR ( 'NONE', #2521, 1000.000000000000000 ) ;
#274 = CIRCLE ( 'NONE', #3108, 2.589999999999981206 ) ;
#275 = CARTESIAN_POINT ( 'NONE',  ( -3.430000000000164029, 1.577430328674090810E-14, 19.00000000000000000 ) ) ;
#276 = FACE_OUTER_BOUND ( 'NONE', #575, .T. ) ;
#277 = ADVANCED_FACE ( 'NONE', ( #3050 ), #3658, .F. ) ;
#278 = EDGE_LOOP ( 'NONE', ( #836, #3742, #1207, #1858 ) ) ;
#279 = DIRECTION ( 'NONE',  ( 0.000000000000000000, 0.000000000000000000, -1.000000000000000000 ) ) ;
#280 = DIRECTION ( 'NONE',  ( -0.5000000000000045519, -0.8660254037844361541, 0.000000000000000000 ) ) ;
#281 = CARTESIAN_POINT ( 'NONE',  ( -72.40999999999996817, -40.00000000000002842, 8.000000000000000000 ) ) ;
#282 = EDGE_LOOP ( 'NONE', ( #3195, #2455, #2456, #3459 ) ) ;
#283 = LINE ( 'NONE', #2716, #1210 ) ;
#284 = CARTESIAN_POINT ( 'NONE',  ( 38.96062284664083819, -1.422473250300981817E-13, 19.00000000000000000 ) ) ;
#285 = CARTESIAN_POINT ( 'NONE',  ( 35.00000000000000000, 3.666055405785290402E-13, 0.000000000000000000 ) ) ;
#286 = EDGE_CURVE ( 'NONE', #2969, #2654, #2153, .T. ) ;
#287 = ORIENTED_EDGE ( 'NONE', *, *, #3566, .F. ) ;
#288 = ORIENTED_EDGE ( 'NONE', *, *, #3398, .T. ) ;
#289 = CARTESIAN_POINT ( 'NONE',  ( -23.27953286501908892, 13.44044456622799011, 19.00000000000000000 ) ) ;
#290 = VERTEX_POINT ( 'NONE', #1316 ) ;
#291 = CYLINDRICAL_SURFACE ( 'NONE', #1784, 1.599999999999969447 ) ;
#292 = CARTESIAN_POINT ( 'NONE',  ( -164.9999999999999716, -40.00000000000004263, 17.00000000000000000 ) ) ;
#293 = ADVANCED_FACE ( 'NONE', ( #1866 ), #1025, .T. ) ;
#294 = CARTESIAN_POINT ( 'NONE',  ( -231.0999999999999943, -2.313357803589350672E-14, 19.00000000000000355 ) ) ;
#295 = ORIENTED_EDGE ( 'NONE', *, *, #1175, .T. ) ;
#296 = DIRECTION ( 'NONE',  ( -0.000000000000000000, -0.000000000000000000, 1.000000000000000000 ) ) ;
#297 = CARTESIAN_POINT ( 'NONE',  ( -244.6410161513760499, -20.00000000000068212, 8.000000000000000000 ) ) ;
#298 = AXIS2_PLACEMENT_3D ( 'NONE', #2062, #321, #301 ) ;
#299 = CARTESIAN_POINT ( 'NONE',  ( -210.0000000000000000, -2.571758278209442213E-14, 17.00000000000000000 ) ) ;
#300 = VERTEX_POINT ( 'NONE', #433 ) ;
#301 = DIRECTION ( 'NONE',  ( 1.000000000000000000, 0.000000000000000000, 0.000000000000000000 ) ) ;
#302 = CARTESIAN_POINT ( 'NONE',  ( -147.9999999999999716, -2.681976490132702584E-14, 0.000000000000000000 ) ) ;
#303 = DIRECTION ( 'NONE',  ( -0.000000000000000000, -0.000000000000000000, -1.000000000000000000 ) ) ;
#304 = DIRECTION ( 'NONE',  ( -0.000000000000000000, -0.000000000000000000, -1.000000000000000000 ) ) ;
#305 = AXIS2_PLACEMENT_3D ( 'NONE', #2171, #338, #1575 ) ;
#306 = EDGE_CURVE ( 'NONE', #2364, #3070, #1718, .T. ) ;
#307 = VERTEX_POINT ( 'NONE', #1920 ) ;
#308 = ORIENTED_EDGE ( 'NONE', *, *, #2359, .F. ) ;
#309 = FACE_BOUND ( 'NONE', #2649, .T. ) ;
#310 = AXIS2_PLACEMENT_3D ( 'NONE', #521, #1088, #2281 ) ;
#311 = CARTESIAN_POINT ( 'NONE',  ( -45.00000000000000711, 0.000000000000000000, 8.000000000000000000 ) ) ;
#312 = AXIS2_PLACEMENT_3D ( 'NONE', #2744, #674, #2442 ) ;
#313 = ORIENTED_EDGE ( 'NONE', *, *, #1346, .T. ) ;
#314 = CARTESIAN_POINT ( 'NONE',  ( -122.5900000000000034, 40.00000000000000000, 10.00000000000000000 ) ) ;
#315 = ADVANCED_FACE ( 'NONE', ( #1629 ), #1556, .F. ) ;
#316 = ORIENTED_EDGE ( 'NONE', *, *, #3121, .F. ) ;
#317 = CARTESIAN_POINT ( 'NONE',  ( -30.00000000000000000, 40.00000000000000000, 10.00000000000000000 ) ) ;
#318 = CARTESIAN_POINT ( 'NONE',  ( -164.9999999999999716, 40.00000000000000000, 17.00000000000000000 ) ) ;
#319 = EDGE_CURVE ( 'NONE', #725, #1943, #1260, .T. ) ;
#320 = ORIENTED_EDGE ( 'NONE', *, *, #2305, .T. ) ;
#321 = DIRECTION ( 'NONE',  ( 0.000000000000000000, -0.000000000000000000, -1.000000000000000000 ) ) ;
#322 = CARTESIAN_POINT ( 'NONE',  ( 0.000000000000000000, 0.000000000000000000, 8.000000000000000000 ) ) ;
#323 = DIRECTION ( 'NONE',  ( 0.000000000000000000, 0.000000000000000000, 1.000000000000000000 ) ) ;
#324 = CIRCLE ( 'NONE', #1050, 2.590000000000008740 ) ;
#325 = ORIENTED_EDGE ( 'NONE', *, *, #2167, .T. ) ;
#326 = ORIENTED_EDGE ( 'NONE', *, *, #1152, .F. ) ;
#327 = DIRECTION ( 'NONE',  ( -0.000000000000000000, -0.000000000000000000, -1.000000000000000000 ) ) ;
#328 = CARTESIAN_POINT ( 'NONE',  ( -210.0000000000000000, -2.571758278209442213E-14, 8.000000000000000000 ) ) ;
#329 = AXIS2_PLACEMENT_3D ( 'NONE', #3139, #2004, #2234 ) ;
#330 = ORIENTED_EDGE ( 'NONE', *, *, #1558, .T. ) ;
#331 = CIRCLE ( 'NONE', #2737, 45.00000000000000711 ) ;
#332 = EDGE_CURVE ( 'NONE', #2932, #1332, #909, .T. ) ;
#333 = DIRECTION ( 'NONE',  ( 0.000000000000000000, 0.000000000000000000, -1.000000000000000000 ) ) ;
#334 = AXIS2_PLACEMENT_3D ( 'NONE', #2967, #3248, #1744 ) ;
#335 = EDGE_CURVE ( 'NONE', #1805, #1092, #3748, .T. ) ;
#336 = ORIENTED_EDGE ( 'NONE', *, *, #2313, .F. ) ;
#337 = AXIS2_PLACEMENT_3D ( 'NONE', #3347, #1236, #2451 ) ;
#338 = DIRECTION ( 'NONE',  ( 0.000000000000000000, 0.000000000000000000, 1.000000000000000000 ) ) ;
#339 = DIRECTION ( 'NONE',  ( -1.000000000000000000, 0.000000000000000000, 0.000000000000000000 ) ) ;
#340 = CIRCLE ( 'NONE', #2504, 2.590000000000008740 ) ;
#341 = PLANE ( 'NONE',  #796 ) ;
#342 = ORIENTED_EDGE ( 'NONE', *, *, #3171, .F. ) ;
#343 = CARTESIAN_POINT ( 'NONE',  ( 0.000000000000000000, 0.000000000000000000, 17.00000000000000000 ) ) ;
#344 = VECTOR ( 'NONE', #360, 1000.000000000000000 ) ;
#345 = CARTESIAN_POINT ( 'NONE',  ( 3.469446951953614189E-15, 38.96062284664083819, 19.00000000000000000 ) ) ;
#346 = CARTESIAN_POINT ( 'NONE',  ( -74.99999999999998579, 40.00000000000000000, 10.00000000000000000 ) ) ;
#347 = VERTEX_POINT ( 'NONE', #3734 ) ;
#348 = ORIENTED_EDGE ( 'NONE', *, *, #2577, .F. ) ;
#349 = DIRECTION ( 'NONE',  ( -0.8660254037844330455, 0.5000000000000097700, -0.000000000000000000 ) ) ;
#350 = LINE ( 'NONE', #1526, #3085 ) ;
#351 = ORIENTED_EDGE ( 'NONE', *, *, #548, .T. ) ;
#352 = CARTESIAN_POINT ( 'NONE',  ( -27.40999999999998948, -40.00000000000001421, 10.00000000000000000 ) ) ;
#353 = VERTEX_POINT ( 'NONE', #1077 ) ;
#354 = LINE ( 'NONE', #1235, #487 ) ;
#355 = CARTESIAN_POINT ( 'NONE',  ( 3.429999999999737259, -36.98031142332045818, 15.90000000000000036 ) ) ;
#356 = ORIENTED_EDGE ( 'NONE', *, *, #3450, .F. ) ;
#357 = CARTESIAN_POINT ( 'NONE',  ( -210.0000000000000000, -2.571758278209442213E-14, 17.00000000000000000 ) ) ;
#358 = CARTESIAN_POINT ( 'NONE',  ( 36.98031142332038002, -3.430000000000145377, 15.90000000000000036 ) ) ;
#359 = AXIS2_PLACEMENT_3D ( 'NONE', #1199, #852, #872 ) ;
#360 = DIRECTION ( 'NONE',  ( -0.000000000000000000, -0.000000000000000000, 1.000000000000000000 ) ) ;
#361 = FACE_OUTER_BOUND ( 'NONE', #199, .T. ) ;
#362 = AXIS2_PLACEMENT_3D ( 'NONE', #2735, #1278, #2470 ) ;
#363 = VERTEX_POINT ( 'NONE', #1110 ) ;
#364 = EDGE_LOOP ( 'NONE', ( #2587, #1875 ) ) ;
#365 = DIRECTION ( 'NONE',  ( 2.828353493440447786E-16, -1.000000000000000000, 0.000000000000000000 ) ) ;
#366 = DIRECTION ( 'NONE',  ( 0.000000000000000000, 0.000000000000000000, -1.000000000000000000 ) ) ;
#367 = AXIS2_PLACEMENT_3D ( 'NONE', #1196, #698, #642 ) ;
#368 = FACE_OUTER_BOUND ( 'NONE', #282, .T. ) ;
#369 = ORIENTED_EDGE ( 'NONE', *, *, #588, .F. ) ;
#370 = PLANE ( 'NONE',  #91 ) ;
#371 = AXIS2_PLACEMENT_3D ( 'NONE', #2977, #2091, #88 ) ;
#372 = DIRECTION ( 'NONE',  ( -0.000000000000000000, -0.000000000000000000, -1.000000000000000000 ) ) ;
#373 = AXIS2_PLACEMENT_3D ( 'NONE', #3019, #73, #635 ) ;
#374 = EDGE_CURVE ( 'NONE', #1562, #1505, #2263, .T. ) ;
#375 = ADVANCED_FACE ( 'NONE', ( #3191 ), #524, .F. ) ;
#376 = VERTEX_POINT ( 'NONE', #1646 ) ;
#377 = DIRECTION ( 'NONE',  ( 0.000000000000000000, 0.000000000000000000, -1.000000000000000000 ) ) ;
#378 = LINE ( 'NONE', #2100, #2680 ) ;
#379 = ORIENTED_EDGE ( 'NONE', *, *, #445, .F. ) ;
#380 = CARTESIAN_POINT ( 'NONE',  ( -30.00000000000000000, -40.00000000000001421, 10.00000000000000000 ) ) ;
#381 = DIRECTION ( 'NONE',  ( -1.000000000000000000, 1.543923895203641109E-14, 0.000000000000000000 ) ) ;
#382 = ORIENTED_EDGE ( 'NONE', *, *, #2207, .F. ) ;
#383 = ORIENTED_EDGE ( 'NONE', *, *, #1861, .T. ) ;
#384 = EDGE_CURVE ( 'NONE', #353, #2507, #1668, .T. ) ;
#385 = DIRECTION ( 'NONE',  ( -1.000000000000000000, 0.000000000000000000, 0.000000000000000000 ) ) ;
#386 = DIRECTION ( 'NONE',  ( -0.000000000000000000, -0.000000000000000000, -1.000000000000000000 ) ) ;
#387 = EDGE_CURVE ( 'NONE', #1846, #1342, #1282, .T. ) ;
#388 = ORIENTED_EDGE ( 'NONE', *, *, #1331, .F. ) ;
#389 = CIRCLE ( 'NONE', #998, 2.589999999999981206 ) ;
#390 = DIRECTION ( 'NONE',  ( 1.000000000000000000, 0.000000000000000000, 0.000000000000000000 ) ) ;
#391 = AXIS2_PLACEMENT_3D ( 'NONE', #3610, #3305, #652 ) ;
#392 = ORIENTED_EDGE ( 'NONE', *, *, #1631, .F. ) ;
#393 = CIRCLE ( 'NONE', #2126, 40.00000000000000711 ) ;
#394 = DIRECTION ( 'NONE',  ( 1.000000000000000000, 0.000000000000000000, 0.000000000000000000 ) ) ;
#395 = LINE ( 'NONE', #3580, #639 ) ;
#396 = VECTOR ( 'NONE', #1974, 1000.000000000000000 ) ;
#397 = EDGE_LOOP ( 'NONE', ( #326, #1779, #2848, #1928 ) ) ;
#398 = CARTESIAN_POINT ( 'NONE',  ( -16.87044456622797028, -29.22046713498036397, 19.00000000000000000 ) ) ;
#399 = FACE_OUTER_BOUND ( 'NONE', #3644, .T. ) ;
#400 = CIRCLE ( 'NONE', #3058, 2.590000000000008740 ) ;
#401 = CARTESIAN_POINT ( 'NONE',  ( -167.5899999999999750, 40.00000000000000000, 10.00000000000000000 ) ) ;
#402 = VERTEX_POINT ( 'NONE', #1977 ) ;
#403 = CIRCLE ( 'NONE', #2190, 2.590000000000008740 ) ;
#404 = EDGE_LOOP ( 'NONE', ( #2802, #2251, #2739, #2838 ) ) ;
#405 = CARTESIAN_POINT ( 'NONE',  ( -47.00000000000000000, -16.99999999999997513, 19.00000000000000000 ) ) ;
#406 = EDGE_CURVE ( 'NONE', #2027, #1405, #3444, .T. ) ;
#407 = ORIENTED_EDGE ( 'NONE', *, *, #179, .F. ) ;
#408 = DIRECTION ( 'NONE',  ( -1.000000000000000000, 0.000000000000000000, 0.000000000000000000 ) ) ;
#409 = DIRECTION ( 'NONE',  ( 1.000000000000000000, 0.000000000000000000, 0.000000000000000000 ) ) ;
#410 = ORIENTED_EDGE ( 'NONE', *, *, #3749, .F. ) ;
#411 = FACE_OUTER_BOUND ( 'NONE', #709, .T. ) ;
#412 = CARTESIAN_POINT ( 'NONE',  ( -255.0000000000000000, -2.571758278209442213E-14, 19.00000000000000000 ) ) ;
#413 = ORIENTED_EDGE ( 'NONE', *, *, #1273, .F. ) ;
#414 = PRODUCT ( 'Joint 2 change 8126', 'Joint 2 change 8126', '', ( #1126 ) ) ;
#415 = DIRECTION ( 'NONE',  ( 1.000000000000000000, 0.000000000000000000, 0.000000000000000000 ) ) ;
#416 = CARTESIAN_POINT ( 'NONE',  ( -16.87044456622764699, 29.22046713498069437, 19.00000000000000000 ) ) ;
#417 = EDGE_CURVE ( 'NONE', #1269, #2262, #772, .T. ) ;
#418 = ORIENTED_EDGE ( 'NONE', *, *, #2273, .T. ) ;
#419 = ORIENTED_EDGE ( 'NONE', *, *, #3718, .F. ) ;
#420 = DIRECTION ( 'NONE',  ( -0.5000000000000078826, -0.8660254037844340447, 0.000000000000000000 ) ) ;
#421 = AXIS2_PLACEMENT_3D ( 'NONE', #2228, #3483, #2014 ) ;
#422 = EDGE_CURVE ( 'NONE', #2149, #3081, #469, .T. ) ;
#423 = VERTEX_POINT ( 'NONE', #1939 ) ;
#424 = AXIS2_PLACEMENT_3D ( 'NONE', #3558, #3028, #1863 ) ;
#425 = CYLINDRICAL_SURFACE ( 'NONE', #1384, 2.589999999999981206 ) ;
#426 = VECTOR ( 'NONE', #1003, 1000.000000000000000 ) ;
#427 = ORIENTED_EDGE ( 'NONE', *, *, #2530, .T. ) ;
#428 = ADVANCED_FACE ( 'NONE', ( #2539, #1996, #1041, #2859, #1355, #506, #2578, #220, #2899, #3751, #3173, #2596, #2248, #2877, #2820, #1093, #2524 ), #3769, .T. ) ;
#429 = DIRECTION ( 'NONE',  ( 1.000000000000000000, 0.000000000000000000, 0.000000000000000000 ) ) ;
#430 = CARTESIAN_POINT ( 'NONE',  ( 0.000000000000000000, 0.000000000000000000, 19.00000000000000000 ) ) ;
#431 = VECTOR ( 'NONE', #1022, 1000.000000000000000 ) ;
#432 = VERTEX_POINT ( 'NONE', #543 ) ;
#433 = CARTESIAN_POINT ( 'NONE',  ( -33.01968857667952761, 3.430000000000338556, 19.00000000000000000 ) ) ;
#434 = CARTESIAN_POINT ( 'NONE',  ( -255.0000000000000000, -2.571758278209442213E-14, 33.50000000000000000 ) ) ;
#435 = EDGE_CURVE ( 'NONE', #2206, #2662, #1959, .T. ) ;
#436 = CARTESIAN_POINT ( 'NONE',  ( -74.99999999999998579, -40.00000000000002842, 17.00000000000000000 ) ) ;
#437 = ORIENTED_EDGE ( 'NONE', *, *, #3284, .T. ) ;
#438 = VERTEX_POINT ( 'NONE', #3405 ) ;
#439 = CYLINDRICAL_SURFACE ( 'NONE', #1497, 45.00000000000001421 ) ;
#440 = VERTEX_POINT ( 'NONE', #756 ) ;
#441 = DIRECTION ( 'NONE',  ( 1.000000000000000000, 0.000000000000000000, 0.000000000000000000 ) ) ;
#442 = DIRECTION ( 'NONE',  ( -0.000000000000000000, -0.000000000000000000, -1.000000000000000000 ) ) ;
#443 = CIRCLE ( 'NONE', #2979, 2.589999999999981206 ) ;
#444 = EDGE_LOOP ( 'NONE', ( #1455, #860, #3551, #2772 ) ) ;
#445 = EDGE_CURVE ( 'NONE', #1342, #1846, #3573, .T. ) ;
#446 = CARTESIAN_POINT ( 'NONE',  ( -36.98031142332047239, -3.429999999999607141, 15.90000000000000036 ) ) ;
#447 = DIRECTION ( 'NONE',  ( 1.000000000000000000, 0.000000000000000000, 0.000000000000000000 ) ) ;
#448 = ORIENTED_EDGE ( 'NONE', *, *, #3030, .F. ) ;
#449 = VECTOR ( 'NONE', #571, 1000.000000000000000 ) ;
#450 = CARTESIAN_POINT ( 'NONE',  ( 3.429999999999781224, -33.01968857667961998, 15.90000000000000036 ) ) ;
#451 = DIRECTION ( 'NONE',  ( 1.000000000000000000, 0.000000000000000000, 0.000000000000000000 ) ) ;
#452 = AXIS2_PLACEMENT_3D ( 'NONE', #1330, #3423, #447 ) ;
#453 = VERTEX_POINT ( 'NONE', #490 ) ;
#454 = ORIENTED_EDGE ( 'NONE', *, *, #3015, .F. ) ;
#455 = AXIS2_PLACEMENT_3D ( 'NONE', #638, #333, #2117 ) ;
#456 = CARTESIAN_POINT ( 'NONE',  ( 0.000000000000000000, 0.000000000000000000, 17.00000000000000000 ) ) ;
#457 = EDGE_CURVE ( 'NONE', #1709, #3355, #122, .T. ) ;
#458 = ORIENTED_EDGE ( 'NONE', *, *, #3116, .F. ) ;
#459 = CARTESIAN_POINT ( 'NONE',  ( -47.00000000000000000, -13.80000000000003801, 0.000000000000000000 ) ) ;
#460 = SHAPE_DEFINITION_REPRESENTATION ( #2235, #1160 ) ;
#461 = ADVANCED_FACE ( 'NONE', ( #3770 ), #1177, .F. ) ;
#462 = CARTESIAN_POINT ( 'NONE',  ( -231.0999999999999943, -2.313357803589350672E-14, 27.50000000000000355 ) ) ;
#463 = VERTEX_POINT ( 'NONE', #2329 ) ;
#464 = DIRECTION ( 'NONE',  ( 0.000000000000000000, 0.000000000000000000, -1.000000000000000000 ) ) ;
#465 = AXIS2_PLACEMENT_3D ( 'NONE', #2973, #3277, #1540 ) ;
#466 = CARTESIAN_POINT ( 'NONE',  ( -210.0000000000000000, -2.571758278209442213E-14, 17.00000000000000000 ) ) ;
#467 = EDGE_CURVE ( 'NONE', #3031, #1885, #3384, .T. ) ;
#468 = ORIENTED_EDGE ( 'NONE', *, *, #3107, .F. ) ;
#469 = LINE ( 'NONE', #3149, #2093 ) ;
#470 = CARTESIAN_POINT ( 'NONE',  ( 0.000000000000000000, 0.000000000000000000, 0.000000000000000000 ) ) ;
#471 = LINE ( 'NONE', #3445, #3651 ) ;
#472 = ORIENTED_EDGE ( 'NONE', *, *, #499, .T. ) ;
#473 = CARTESIAN_POINT ( 'NONE',  ( 16.87044456622745159, -29.22046713498078674, 19.00000000000000000 ) ) ;
#474 = PLANE ( 'NONE',  #3778 ) ;
#475 = EDGE_CURVE ( 'NONE', #2936, #2591, #2037, .T. ) ;
#476 = DIRECTION ( 'NONE',  ( -0.4999999999999925615, 0.8660254037844429265, 0.000000000000000000 ) ) ;
#477 = ORIENTED_EDGE ( 'NONE', *, *, #1701, .F. ) ;
#478 = DIRECTION ( 'NONE',  ( -1.000000000000000000, 0.000000000000000000, 0.000000000000000000 ) ) ;
#479 = CARTESIAN_POINT ( 'NONE',  ( -31.03937715335916181, 3.070460552478948557E-13, 19.00000000000000000 ) ) ;
#480 = CIRCLE ( 'NONE', #1084, 2.590000000000008740 ) ;
#481 = EDGE_CURVE ( 'NONE', #1605, #1311, #2408, .T. ) ;
#482 = AXIS2_PLACEMENT_3D ( 'NONE', #2157, #2434, #3083 ) ;
#483 = ORIENTED_EDGE ( 'NONE', *, *, #3739, .T. ) ;
#484 = CARTESIAN_POINT ( 'NONE',  ( -74.99999999999998579, -40.00000000000002842, 17.00000000000000000 ) ) ;
#485 = CYLINDRICAL_SURFACE ( 'NONE', #1751, 2.590000000000008740 ) ;
#486 = EDGE_CURVE ( 'NONE', #2480, #1747, #3210, .T. ) ;
#487 = VECTOR ( 'NONE', #1532, 1000.000000000000000 ) ;
#488 = ORIENTED_EDGE ( 'NONE', *, *, #877, .T. ) ;
#489 = AXIS2_PLACEMENT_3D ( 'NONE', #2551, #3090, #441 ) ;
#490 = CARTESIAN_POINT ( 'NONE',  ( -250.0000000000000000, -2.081899558550500674E-14, 27.50000000000000355 ) ) ;
#491 = DIRECTION ( 'NONE',  ( -0.000000000000000000, -0.000000000000000000, -1.000000000000000000 ) ) ;
#492 = FACE_OUTER_BOUND ( 'NONE', #2760, .T. ) ;
#493 = DIRECTION ( 'NONE',  ( -0.8660254037844341557, 0.5000000000000079936, 0.000000000000000000 ) ) ;
#494 = AXIS2_PLACEMENT_3D ( 'NONE', #3812, #61, #567 ) ;
#495 = ORIENTED_EDGE ( 'NONE', *, *, #1871, .T. ) ;
#496 = DIRECTION ( 'NONE',  ( -0.000000000000000000, 0.000000000000000000, 1.000000000000000000 ) ) ;
#497 = CARTESIAN_POINT ( 'NONE',  ( -244.6410161513760499, -20.00000000000068212, 10.00000000000000000 ) ) ;
#498 = DIRECTION ( 'NONE',  ( 1.000000000000000000, 0.000000000000000000, 0.000000000000000000 ) ) ;
#499 = EDGE_CURVE ( 'NONE', #453, #3574, #3507, .T. ) ;
#500 = ORIENTED_EDGE ( 'NONE', *, *, #2942, .T. ) ;
#501 = DIRECTION ( 'NONE',  ( 1.000000000000000000, 0.000000000000000000, 0.000000000000000000 ) ) ;
#502 = EDGE_CURVE ( 'NONE', #49, #3258, #1112, .T. ) ;
#503 = PLANE ( 'NONE',  #1410 ) ;
#504 = CARTESIAN_POINT ( 'NONE',  ( -33.01968857667963420, -3.429999999999665761, 15.90000000000000036 ) ) ;
#505 = VERTEX_POINT ( 'NONE', #18 ) ;
#506 = FACE_BOUND ( 'NONE', #771, .T. ) ;
#507 = AXIS2_PLACEMENT_3D ( 'NONE', #436, #1598, #1923 ) ;
#508 = CARTESIAN_POINT ( 'NONE',  ( 13.44044456622775208, 23.27953286501922037, 19.00000000000000000 ) ) ;
#509 = CARTESIAN_POINT ( 'NONE',  ( -162.4099999999999966, -40.00000000000004263, 8.000000000000000000 ) ) ;
#510 = CIRCLE ( 'NONE', #634, 2.590000000000008740 ) ;
#511 = VERTEX_POINT ( 'NONE', #2597 ) ;
#512 = VERTEX_POINT ( 'NONE', #1997 ) ;
#513 = DIRECTION ( 'NONE',  ( -0.000000000000000000, -0.000000000000000000, -1.000000000000000000 ) ) ;
#514 = CARTESIAN_POINT ( 'NONE',  ( -47.00000000000000000, 13.80000000000002913, 0.000000000000000000 ) ) ;
#515 = CARTESIAN_POINT ( 'NONE',  ( -120.0000000000000000, -40.00000000000002842, 8.000000000000000000 ) ) ;
#516 = ORIENTED_EDGE ( 'NONE', *, *, #3688, .F. ) ;
#517 = AXIS2_PLACEMENT_3D ( 'NONE', #2016, #3230, #3519 ) ;
#518 = DIRECTION ( 'NONE',  ( 0.000000000000000000, -0.000000000000000000, -1.000000000000000000 ) ) ;
#519 = VECTOR ( 'NONE', #3397, 1000.000000000000000 ) ;
#520 = CIRCLE ( 'NONE', #1446, 1.599999999999969447 ) ;
#521 = CARTESIAN_POINT ( 'NONE',  ( -210.0000000000000000, -2.571758278209442213E-14, 17.00000000000000000 ) ) ;
#522 = CARTESIAN_POINT ( 'NONE',  ( -56.00000000000000711, 9.797174393178719161E-16, 19.00000000000000000 ) ) ;
#523 = VERTEX_POINT ( 'NONE', #586 ) ;
#524 = CYLINDRICAL_SURFACE ( 'NONE', #2340, 2.590000000000008740 ) ;
#525 = DIRECTION ( 'NONE',  ( 0.8660254037844359321, -0.5000000000000047740, -0.000000000000000000 ) ) ;
#526 = FACE_OUTER_BOUND ( 'NONE', #1645, .T. ) ;
#527 = PLANE ( 'NONE',  #3286 ) ;
#528 = ORIENTED_EDGE ( 'NONE', *, *, #1374, .T. ) ;
#529 = DIRECTION ( 'NONE',  ( -0.4999999999999929501, 0.8660254037844428154, 0.000000000000000000 ) ) ;
#530 = CARTESIAN_POINT ( 'NONE',  ( 13.44044456622775208, 23.27953286501922037, 19.00000000000000000 ) ) ;
#531 = CARTESIAN_POINT ( 'NONE',  ( -244.6410161513767889, 19.99999999999946354, 10.00000000000000000 ) ) ;
#532 = FACE_OUTER_BOUND ( 'NONE', #2582, .T. ) ;
#533 = ORIENTED_EDGE ( 'NONE', *, *, #1798, .F. ) ;
#534 = CARTESIAN_POINT ( 'NONE',  ( -74.99999999999998579, 40.00000000000000000, 17.00000000000000000 ) ) ;
#535 = EDGE_CURVE ( 'NONE', #2815, #701, #2586, .T. ) ;
#536 = ORIENTED_EDGE ( 'NONE', *, *, #3576, .T. ) ;
#537 = ADVANCED_FACE ( 'NONE', ( #2371 ), #890, .F. ) ;
#538 = CYLINDRICAL_SURFACE ( 'NONE', #979, 2.590000000000008740 ) ;
#539 = CARTESIAN_POINT ( 'NONE',  ( -3.430000000000270610, -36.98031142332037291, 15.90000000000000036 ) ) ;
#540 = AXIS2_PLACEMENT_3D ( 'NONE', #3351, #953, #415 ) ;
#541 = EDGE_CURVE ( 'NONE', #675, #917, #2097, .T. ) ;
#542 = EDGE_LOOP ( 'NONE', ( #419, #733 ) ) ;
#543 = CARTESIAN_POINT ( 'NONE',  ( 33.01968857667954893, -3.430000000000111182, 15.90000000000000036 ) ) ;
#544 = DIRECTION ( 'NONE',  ( 1.000000000000000000, 0.000000000000000000, 0.000000000000000000 ) ) ;
#545 = DIRECTION ( 'NONE',  ( 1.149730560258028736E-14, 1.000000000000000000, 0.000000000000000000 ) ) ;
#546 = AXIS2_PLACEMENT_3D ( 'NONE', #3499, #3229, #2078 ) ;
#547 = CYLINDRICAL_SURFACE ( 'NONE', #1367, 1.599999999999969447 ) ;
#548 = EDGE_CURVE ( 'NONE', #438, #3473, #3631, .T. ) ;
#549 = AXIS2_PLACEMENT_3D ( 'NONE', #823, #1071, #1698 ) ;
#550 = ORIENTED_EDGE ( 'NONE', *, *, #2383, .T. ) ;
#551 = ORIENTED_EDGE ( 'NONE', *, *, #2762, .T. ) ;
#552 = ADVANCED_FACE ( 'NONE', ( #603 ), #2304, .F. ) ;
#553 = DIRECTION ( 'NONE',  ( 0.000000000000000000, 0.000000000000000000, -1.000000000000000000 ) ) ;
#554 = CARTESIAN_POINT ( 'NONE',  ( -156.9999999999999716, 15.39999999999996838, 0.000000000000000000 ) ) ;
#555 = FACE_OUTER_BOUND ( 'NONE', #2544, .T. ) ;
#556 = DIRECTION ( 'NONE',  ( 0.000000000000000000, 0.000000000000000000, -1.000000000000000000 ) ) ;
#557 = ORIENTED_EDGE ( 'NONE', *, *, #2599, .F. ) ;
#558 = EDGE_LOOP ( 'NONE', ( #3679, #1154, #1500, #3202 ) ) ;
#559 = FACE_BOUND ( 'NONE', #2390, .T. ) ;
#560 = CARTESIAN_POINT ( 'NONE',  ( -33.01968857667952761, 3.430000000000338556, 15.90000000000000036 ) ) ;
#561 = LINE ( 'NONE', #275, #3082 ) ;
#562 = CARTESIAN_POINT ( 'NONE',  ( 0.000000000000000000, 0.000000000000000000, 15.90000000000000036 ) ) ;
#563 = ORIENTED_EDGE ( 'NONE', *, *, #1983, .T. ) ;
#564 = CARTESIAN_POINT ( 'NONE',  ( 3.430000000000012594, 36.98031142332039423, 15.90000000000000036 ) ) ;
#565 = CARTESIAN_POINT ( 'NONE',  ( 33.01968857667961288, 3.429999999999893134, 15.90000000000000036 ) ) ;
#566 = EDGE_CURVE ( 'NONE', #463, #3016, #1286, .T. ) ;
#567 = DIRECTION ( 'NONE',  ( 1.000000000000000000, 0.000000000000000000, 0.000000000000000000 ) ) ;
#568 = ORIENTED_EDGE ( 'NONE', *, *, #2305, .F. ) ;
#569 = CARTESIAN_POINT ( 'NONE',  ( -5.145427500675006631E-14, -3.430000000000161364, 19.00000000000000000 ) ) ;
#570 = PLANE ( 'NONE',  #2703 ) ;
#571 = DIRECTION ( 'NONE',  ( -0.000000000000000000, -0.000000000000000000, -1.000000000000000000 ) ) ;
#572 = DIRECTION ( 'NONE',  ( -0.000000000000000000, 0.000000000000000000, 1.000000000000000000 ) ) ;
#573 = AXIS2_PLACEMENT_3D ( 'NONE', #610, #1184, #2396 ) ;
#574 = VERTEX_POINT ( 'NONE', #235 ) ;
#575 = EDGE_LOOP ( 'NONE', ( #2178, #3190 ) ) ;
#576 = VECTOR ( 'NONE', #1519, 1000.000000000000000 ) ;
#577 = ADVANCED_FACE ( 'NONE', ( #1469 ), #3484, .T. ) ;
#578 = CARTESIAN_POINT ( 'NONE',  ( -167.5899999999999750, -40.00000000000004263, 8.000000000000000000 ) ) ;
#579 = VECTOR ( 'NONE', #1707, 1000.000000000000000 ) ;
#580 = ORIENTED_EDGE ( 'NONE', *, *, #1913, .F. ) ;
#581 = EDGE_CURVE ( 'NONE', #300, #595, #2634, .T. ) ;
#582 = AXIS2_PLACEMENT_3D ( 'NONE', #1466, #2574, #1130 ) ;
#583 = DIRECTION ( 'NONE',  ( 0.000000000000000000, 0.000000000000000000, 1.000000000000000000 ) ) ;
#584 = LINE ( 'NONE', #3536, #2245 ) ;
#585 = EDGE_LOOP ( 'NONE', ( #668, #791, #1029, #2940 ) ) ;
#586 = CARTESIAN_POINT ( 'NONE',  ( 3.429999999999781224, -33.01968857667961998, 19.00000000000000000 ) ) ;
#587 = CYLINDRICAL_SURFACE ( 'NONE', #3477, 1.599999999999969447 ) ;
#588 = EDGE_CURVE ( 'NONE', #3070, #3036, #2350, .T. ) ;
#589 = DIRECTION ( 'NONE',  ( 1.000000000000000000, 0.000000000000000000, 0.000000000000000000 ) ) ;
#590 = ORIENTED_EDGE ( 'NONE', *, *, #2608, .T. ) ;
#591 = DIRECTION ( 'NONE',  ( -0.000000000000000000, -0.000000000000000000, -1.000000000000000000 ) ) ;
#592 = CARTESIAN_POINT ( 'NONE',  ( -3.430000000000270610, -36.98031142332037291, 19.00000000000000000 ) ) ;
#593 = DIRECTION ( 'NONE',  ( 1.000000000000000000, 0.000000000000000000, 0.000000000000000000 ) ) ;
#594 = ORIENTED_EDGE ( 'NONE', *, *, #486, .F. ) ;
#595 = VERTEX_POINT ( 'NONE', #111 ) ;
#596 = EDGE_CURVE ( 'NONE', #2671, #1463, #1968, .T. ) ;
#597 = FACE_BOUND ( 'NONE', #1098, .T. ) ;
#598 = EDGE_LOOP ( 'NONE', ( #2763, #1582, #1555, #269 ) ) ;
#599 = EDGE_CURVE ( 'NONE', #947, #1609, #3293, .T. ) ;
#600 = CARTESIAN_POINT ( 'NONE',  ( -32.59000000000001052, 40.00000000000000000, 10.00000000000000000 ) ) ;
#601 = VECTOR ( 'NONE', #556, 1000.000000000000000 ) ;
#602 = ORIENTED_EDGE ( 'NONE', *, *, #869, .F. ) ;
#603 = FACE_OUTER_BOUND ( 'NONE', #2376, .T. ) ;
#604 = DIRECTION ( 'NONE',  ( 0.000000000000000000, 0.000000000000000000, -1.000000000000000000 ) ) ;
#605 = CIRCLE ( 'NONE', #3687, 21.10000000000000853 ) ;
#606 = DIRECTION ( 'NONE',  ( -1.000000000000000000, 0.000000000000000000, 0.000000000000000000 ) ) ;
#607 = ORIENTED_EDGE ( 'NONE', *, *, #599, .T. ) ;
#608 = PLANE ( 'NONE',  #2430 ) ;
#609 = DIRECTION ( 'NONE',  ( -1.000000000000000000, 0.000000000000000000, 0.000000000000000000 ) ) ;
#610 = CARTESIAN_POINT ( 'NONE',  ( 0.000000000000000000, 0.000000000000000000, 17.00000000000000000 ) ) ;
#611 = CARTESIAN_POINT ( 'NONE',  ( -210.0000000000000000, -2.571758278209442213E-14, 17.00000000000000000 ) ) ;
#612 = AXIS2_PLACEMENT_3D ( 'NONE', #2900, #2617, #2922 ) ;
#613 = ORIENTED_EDGE ( 'NONE', *, *, #3529, .F. ) ;
#614 = ADVANCED_FACE ( 'NONE', ( #2751 ), #2099, .F. ) ;
#615 = ORIENTED_EDGE ( 'NONE', *, *, #3627, .T. ) ;
#616 = CARTESIAN_POINT ( 'NONE',  ( -74.99999999999998579, 40.00000000000000000, 19.00000000000000000 ) ) ;
#617 = CIRCLE ( 'NONE', #2279, 2.589999999999981206 ) ;
#618 = FACE_OUTER_BOUND ( 'NONE', #3675, .T. ) ;
#619 = EDGE_CURVE ( 'NONE', #2498, #845, #1274, .T. ) ;
#620 = ORIENTED_EDGE ( 'NONE', *, *, #3677, .F. ) ;
#621 = CARTESIAN_POINT ( 'NONE',  ( -30.00000000000000000, 40.00000000000000000, 19.00000000000000000 ) ) ;
#622 = EDGE_LOOP ( 'NONE', ( #1869, #2602, #500, #2226 ) ) ;
#623 = CARTESIAN_POINT ( 'NONE',  ( -27.44619903340939970, 0.000000000000000000, 19.00000000000000000 ) ) ;
#624 = CARTESIAN_POINT ( 'NONE',  ( -27.40999999999998948, 40.00000000000000000, 8.000000000000000000 ) ) ;
#625 = ORIENTED_EDGE ( 'NONE', *, *, #3353, .F. ) ;
#626 = DIRECTION ( 'NONE',  ( -1.000000000000000000, -2.828353493440447786E-16, 0.000000000000000000 ) ) ;
#627 = DIRECTION ( 'NONE',  ( -8.102862996104204446E-15, -1.000000000000000000, 0.000000000000000000 ) ) ;
#628 = DIRECTION ( 'NONE',  ( 0.000000000000000000, 0.000000000000000000, -1.000000000000000000 ) ) ;
#629 = CIRCLE ( 'NONE', #1108, 2.049999999999996270 ) ;
#630 = ORIENTED_EDGE ( 'NONE', *, *, #1574, .T. ) ;
#631 = ORIENTED_EDGE ( 'NONE', *, *, #457, .T. ) ;
#632 = PLANE ( 'NONE',  #3350 ) ;
#633 = CARTESIAN_POINT ( 'NONE',  ( -156.9999999999999716, -17.00000000000000355, 19.00000000000000000 ) ) ;
#634 = AXIS2_PLACEMENT_3D ( 'NONE', #1267, #2441, #671 ) ;
#635 = DIRECTION ( 'NONE',  ( 1.000000000000000000, 0.000000000000000000, 0.000000000000000000 ) ) ;
#636 = VERTEX_POINT ( 'NONE', #2428 ) ;
#637 = MECHANICAL_DESIGN_GEOMETRIC_PRESENTATION_REPRESENTATION (  '', ( #2552 ), #879 ) ;
#638 = CARTESIAN_POINT ( 'NONE',  ( 0.000000000000000000, 0.000000000000000000, 33.50000000000000000 ) ) ;
#639 = VECTOR ( 'NONE', #1514, 1000.000000000000000 ) ;
#640 = EDGE_LOOP ( 'NONE', ( #3527, #3448 ) ) ;
#641 = AXIS2_PLACEMENT_3D ( 'NONE', #2689, #77, #107 ) ;
#642 = DIRECTION ( 'NONE',  ( -1.000000000000000000, 0.000000000000000000, 0.000000000000000000 ) ) ;
#643 = CARTESIAN_POINT ( 'NONE',  ( -120.0000000000000000, 40.00000000000000000, 8.000000000000000000 ) ) ;
#644 = AXIS2_PLACEMENT_3D ( 'NONE', #24, #1201, #2931 ) ;
#645 = DIRECTION ( 'NONE',  ( -0.8660254037844309360, 0.5000000000000133227, 0.000000000000000000 ) ) ;
#646 = ORIENTED_EDGE ( 'NONE', *, *, #2752, .T. ) ;
#647 = CARTESIAN_POINT ( 'NONE',  ( -32.59000000000001052, 40.00000000000000000, 19.00000000000000000 ) ) ;
#648 = DIRECTION ( 'NONE',  ( 1.000000000000000000, -8.540855590488227308E-15, 0.000000000000000000 ) ) ;
#649 =( LENGTH_UNIT ( ) NAMED_UNIT ( * ) SI_UNIT ( .MILLI., .METRE. ) );
#650 = ORIENTED_EDGE ( 'NONE', *, *, #2195, .T. ) ;
#651 = ORIENTED_EDGE ( 'NONE', *, *, #1361, .F. ) ;
#652 = DIRECTION ( 'NONE',  ( 1.000000000000000000, 0.000000000000000000, 0.000000000000000000 ) ) ;
#653 = DIRECTION ( 'NONE',  ( -1.000000000000000000, 0.000000000000000000, 0.000000000000000000 ) ) ;
#654 = EDGE_CURVE ( 'NONE', #3727, #44, #1032, .T. ) ;
#655 = VERTEX_POINT ( 'NONE', #2391 ) ;
#656 = CARTESIAN_POINT ( 'NONE',  ( -30.00000000000000000, -40.00000000000001421, 19.00000000000000000 ) ) ;
#657 = EDGE_CURVE ( 'NONE', #865, #7, #984, .T. ) ;
#658 = VERTEX_POINT ( 'NONE', #1212 ) ;
#659 = DIRECTION ( 'NONE',  ( -1.000000000000000000, 0.000000000000000000, 0.000000000000000000 ) ) ;
#660 = LINE ( 'NONE', #681, #1439 ) ;
#661 = EDGE_CURVE ( 'NONE', #347, #1505, #1719, .T. ) ;
#662 = ORIENTED_EDGE ( 'NONE', *, *, #110, .F. ) ;
#663 = DIRECTION ( 'NONE',  ( -1.000000000000000000, 0.000000000000000000, 0.000000000000000000 ) ) ;
#664 = CARTESIAN_POINT ( 'NONE',  ( 5.295658960548224033E-14, 3.429999999999828741, 19.00000000000000000 ) ) ;
#665 = CIRCLE ( 'NONE', #2880, 44.99999999999998579 ) ;
#666 = ADVANCED_FACE ( 'NONE', ( #411 ), #2410, .F. ) ;
#667 = CARTESIAN_POINT ( 'NONE',  ( -30.00000000000000000, -40.00000000000001421, 8.000000000000000000 ) ) ;
#668 = ORIENTED_EDGE ( 'NONE', *, *, #1354, .F. ) ;
#669 = CARTESIAN_POINT ( 'NONE',  ( -210.0000000000000000, -2.571758278209442213E-14, 27.50000000000000355 ) ) ;
#670 = ORIENTED_EDGE ( 'NONE', *, *, #3012, .T. ) ;
#671 = DIRECTION ( 'NONE',  ( 1.000000000000000000, 0.000000000000000000, 0.000000000000000000 ) ) ;
#672 = CARTESIAN_POINT ( 'NONE',  ( -122.5900000000000034, -40.00000000000002842, 19.00000000000000000 ) ) ;
#673 = CIRCLE ( 'NONE', #2823, 2.590000000000008740 ) ;
#674 = DIRECTION ( 'NONE',  ( -0.000000000000000000, -0.000000000000000000, 1.000000000000000000 ) ) ;
#675 = VERTEX_POINT ( 'NONE', #2710 ) ;
#676 = AXIS2_PLACEMENT_3D ( 'NONE', #3093, #1898, #3730 ) ;
#677 = DIRECTION ( 'NONE',  ( -0.000000000000000000, -0.000000000000000000, -1.000000000000000000 ) ) ;
#678 = AXIS2_PLACEMENT_3D ( 'NONE', #1206, #1485, #3283 ) ;
#679 = ORIENTED_EDGE ( 'NONE', *, *, #753, .T. ) ;
#680 = CARTESIAN_POINT ( 'NONE',  ( -32.59000000000001052, 40.00000000000000000, 17.00000000000000000 ) ) ;
#681 = CARTESIAN_POINT ( 'NONE',  ( 31.03937715335916891, -9.367506770274758310E-14, 19.00000000000000000 ) ) ;
#682 = ADVANCED_FACE ( 'NONE', ( #3579 ), #927, .F. ) ;
#683 = ORIENTED_EDGE ( 'NONE', *, *, #1100, .F. ) ;
#684 = EDGE_CURVE ( 'NONE', #1505, #858, #2119, .T. ) ;
#685 = DIRECTION ( 'NONE',  ( 0.000000000000000000, 0.000000000000000000, -1.000000000000000000 ) ) ;
#686 = CARTESIAN_POINT ( 'NONE',  ( 35.00000000000000000, 3.666055405785290402E-13, 22.05182899632296056 ) ) ;
#687 = DIRECTION ( 'NONE',  ( -0.000000000000000000, -0.000000000000000000, 1.000000000000000000 ) ) ;
#688 = VERTEX_POINT ( 'NONE', #680 ) ;
#689 = ORIENTED_EDGE ( 'NONE', *, *, #548, .F. ) ;
#690 = DIRECTION ( 'NONE',  ( 1.000000000000000000, 2.828353493440447786E-16, 0.000000000000000000 ) ) ;
#691 = EDGE_LOOP ( 'NONE', ( #620, #2903, #2288, #1839, #1548 ) ) ;
#692 = EDGE_CURVE ( 'NONE', #1482, #2535, #2101, .T. ) ;
#693 = AXIS2_PLACEMENT_3D ( 'NONE', #3194, #2565, #2600 ) ;
#694 = DIRECTION ( 'NONE',  ( 1.000000000000000000, 0.000000000000000000, 0.000000000000000000 ) ) ;
#695 = VECTOR ( 'NONE', #1438, 1000.000000000000000 ) ;
#696 = ORIENTED_EDGE ( 'NONE', *, *, #1945, .F. ) ;
#697 = VECTOR ( 'NONE', #648, 1000.000000000000000 ) ;
#698 = DIRECTION ( 'NONE',  ( -0.000000000000000000, -0.000000000000000000, -1.000000000000000000 ) ) ;
#699 = DIRECTION ( 'NONE',  ( 1.000000000000000000, 0.000000000000000000, 0.000000000000000000 ) ) ;
#700 = AXIS2_PLACEMENT_3D ( 'NONE', #3046, #2753, #339 ) ;
#701 = VERTEX_POINT ( 'NONE', #1255 ) ;
#702 = DIRECTION ( 'NONE',  ( -0.000000000000000000, -0.000000000000000000, 1.000000000000000000 ) ) ;
#703 = DIRECTION ( 'NONE',  ( -1.000000000000000000, 8.540855590488227308E-15, 0.000000000000000000 ) ) ;
#704 = EDGE_CURVE ( 'NONE', #3355, #1709, #2708, .T. ) ;
#705 = VECTOR ( 'NONE', #93, 1000.000000000000000 ) ;
#706 = CARTESIAN_POINT ( 'NONE',  ( -77.58999999999998920, 40.00000000000000000, 10.00000000000000000 ) ) ;
#707 = ORIENTED_EDGE ( 'NONE', *, *, #20, .T. ) ;
#708 = CIRCLE ( 'NONE', #2564, 2.590000000000008740 ) ;
#709 = EDGE_LOOP ( 'NONE', ( #3447, #2082, #2532, #3291 ) ) ;
#710 = LINE ( 'NONE', #3057, #3717 ) ;
#711 = ADVANCED_FACE ( 'NONE', ( #1843 ), #3634, .T. ) ;
#712 = ORIENTED_EDGE ( 'NONE', *, *, #3295, .T. ) ;
#713 = DIRECTION ( 'NONE',  ( -0.000000000000000000, 0.000000000000000000, 1.000000000000000000 ) ) ;
#714 = DIRECTION ( 'NONE',  ( 1.000000000000000000, 0.000000000000000000, 0.000000000000000000 ) ) ;
#715 = EDGE_LOOP ( 'NONE', ( #2475, #3233, #2958, #413 ) ) ;
#716 = ADVANCED_FACE ( 'NONE', ( #1800 ), #2983, .F. ) ;
#717 = CARTESIAN_POINT ( 'NONE',  ( 37.04999999999999716, 3.668565931723542586E-13, 0.000000000000000000 ) ) ;
#718 = CARTESIAN_POINT ( 'NONE',  ( -122.5900000000000034, 40.00000000000000000, 17.00000000000000000 ) ) ;
#719 = ORIENTED_EDGE ( 'NONE', *, *, #1659, .F. ) ;
#720 = CARTESIAN_POINT ( 'NONE',  ( -117.4099999999999824, 40.00000000000000000, 8.000000000000000000 ) ) ;
#721 = DIRECTION ( 'NONE',  ( 0.000000000000000000, 0.000000000000000000, -1.000000000000000000 ) ) ;
#722 = CARTESIAN_POINT ( 'NONE',  ( -74.99999999999998579, -40.00000000000002842, 8.000000000000000000 ) ) ;
#723 = VERTEX_POINT ( 'NONE', #1825 ) ;
#724 = CIRCLE ( 'NONE', #1404, 2.590000000000008740 ) ;
#725 = VERTEX_POINT ( 'NONE', #3005 ) ;
#726 = FACE_OUTER_BOUND ( 'NONE', #3554, .T. ) ;
#727 = EDGE_CURVE ( 'NONE', #1805, #3071, #354, .T. ) ;
#728 = ORIENTED_EDGE ( 'NONE', *, *, #1, .T. ) ;
#729 = AXIS2_PLACEMENT_3D ( 'NONE', #2966, #832, #544 ) ;
#730 = CARTESIAN_POINT ( 'NONE',  ( 2.050000000000245404, -35.00000000000000000, 0.000000000000000000 ) ) ;
#731 = CARTESIAN_POINT ( 'NONE',  ( 38.96062284664083819, -1.422473250300981817E-13, 19.00000000000000000 ) ) ;
#732 = AXIS2_PLACEMENT_3D ( 'NONE', #2960, #3001, #1859 ) ;
#733 = ORIENTED_EDGE ( 'NONE', *, *, #3315, .F. ) ;
#734 = LINE ( 'NONE', #1643, #431 ) ;
#735 = DIRECTION ( 'NONE',  ( -1.000000000000000000, 8.102862996104204446E-15, 0.000000000000000000 ) ) ;
#736 = AXIS2_PLACEMENT_3D ( 'NONE', #1147, #212, #1389 ) ;
#737 = ORIENTED_EDGE ( 'NONE', *, *, #2479, .T. ) ;
#738 = DIRECTION ( 'NONE',  ( -1.000000000000000000, 0.000000000000000000, 0.000000000000000000 ) ) ;
#739 = LINE ( 'NONE', #2264, #2349 ) ;
#740 = FACE_OUTER_BOUND ( 'NONE', #3799, .T. ) ;
#741 = CARTESIAN_POINT ( 'NONE',  ( 33.01968857667961288, 3.429999999999893134, 15.90000000000000036 ) ) ;
#742 = VERTEX_POINT ( 'NONE', #163 ) ;
#743 = VERTEX_POINT ( 'NONE', #3145 ) ;
#744 = CARTESIAN_POINT ( 'NONE',  ( -117.4099999999999824, 40.00000000000000000, 19.00000000000000000 ) ) ;
#745 = PRODUCT_DEFINITION ( 'General', '', #1823, #1845 ) ;
#746 = ORIENTED_EDGE ( 'NONE', *, *, #2594, .F. ) ;
#747 = LINE ( 'NONE', #3061, #2747 ) ;
#748 = VECTOR ( 'NONE', #2473, 1000.000000000000114 ) ;
#749 = ORIENTED_EDGE ( 'NONE', *, *, #3284, .F. ) ;
#750 = DIRECTION ( 'NONE',  ( -0.000000000000000000, -0.000000000000000000, -1.000000000000000000 ) ) ;
#751 = CARTESIAN_POINT ( 'NONE',  ( -250.0000000000000000, -2.081899558550500674E-14, 27.50000000000000355 ) ) ;
#752 = AXIS2_PLACEMENT_3D ( 'NONE', #902, #1736, #1445 ) ;
#753 = EDGE_CURVE ( 'NONE', #3118, #1045, #673, .T. ) ;
#754 = EDGE_LOOP ( 'NONE', ( #889, #210 ) ) ;
#755 = VECTOR ( 'NONE', #3735, 1000.000000000000000 ) ;
#756 = CARTESIAN_POINT ( 'NONE',  ( 36.98031142332045107, 3.429999999999862048, 15.90000000000000036 ) ) ;
#757 = CARTESIAN_POINT ( 'NONE',  ( 31.03937715335916891, -9.367506770274758310E-14, 15.90000000000000036 ) ) ;
#758 = CIRCLE ( 'NONE', #2502, 1.599999999999969447 ) ;
#759 = FACE_OUTER_BOUND ( 'NONE', #2170, .T. ) ;
#760 = EDGE_LOOP ( 'NONE', ( #3780, #3374, #3161, #1176, #2252, #132 ) ) ;
#761 = PLANE ( 'NONE',  #2766 ) ;
#762 = CARTESIAN_POINT ( 'NONE',  ( 2.050000000000245404, -35.00000000000000000, 15.90000000000000036 ) ) ;
#763 = FACE_OUTER_BOUND ( 'NONE', #404, .T. ) ;
#764 = EDGE_LOOP ( 'NONE', ( #3062, #1442 ) ) ;
#765 = FACE_OUTER_BOUND ( 'NONE', #2054, .T. ) ;
#766 = EDGE_CURVE ( 'NONE', #505, #2161, #1591, .T. ) ;
#767 = DIRECTION ( 'NONE',  ( -0.000000000000000000, 0.000000000000000000, 1.000000000000000000 ) ) ;
#768 = VERTEX_POINT ( 'NONE', #3672 ) ;
#769 = DIRECTION ( 'NONE',  ( -1.000000000000000000, 0.000000000000000000, 0.000000000000000000 ) ) ;
#770 = DIRECTION ( 'NONE',  ( -1.000000000000000000, 0.000000000000000000, 0.000000000000000000 ) ) ;
#771 = EDGE_LOOP ( 'NONE', ( #131, #3113 ) ) ;
#772 = LINE ( 'NONE', #1059, #3262 ) ;
#773 = PLANE ( 'NONE',  #3053 ) ;
#774 = EDGE_CURVE ( 'NONE', #1407, #884, #2505, .T. ) ;
#775 = LINE ( 'NONE', #3772, #1988 ) ;
#776 = VERTEX_POINT ( 'NONE', #1606 ) ;
#777 = DIRECTION ( 'NONE',  ( -1.000000000000000000, 3.154042683594196230E-17, 0.000000000000000000 ) ) ;
#778 = DIRECTION ( 'NONE',  ( -0.000000000000000000, 0.000000000000000000, 1.000000000000000000 ) ) ;
#779 = ADVANCED_FACE ( 'NONE', ( #2786 ), #3401, .T. ) ;
#780 = CARTESIAN_POINT ( 'NONE',  ( 23.27953286501956498, 13.44044456622751760, 19.00000000000000000 ) ) ;
#781 = VECTOR ( 'NONE', #2255, 1000.000000000000000 ) ;
#782 = ORIENTED_EDGE ( 'NONE', *, *, #2497, .T. ) ;
#783 = DIRECTION ( 'NONE',  ( -0.000000000000000000, -0.000000000000000000, -1.000000000000000000 ) ) ;
#784 = LINE ( 'NONE', #1716, #1603 ) ;
#785 = CIRCLE ( 'NONE', #298, 2.589999999999981206 ) ;
#786 = EDGE_CURVE ( 'NONE', #1747, #2086, #1329, .T. ) ;
#787 = AXIS2_PLACEMENT_3D ( 'NONE', #2562, #1725, #1705 ) ;
#788 = DIRECTION ( 'NONE',  ( -1.000000000000000000, 1.489174820905637028E-14, -0.000000000000000000 ) ) ;
#789 = DIRECTION ( 'NONE',  ( 1.000000000000000000, 0.000000000000000000, 0.000000000000000000 ) ) ;
#790 = CIRCLE ( 'NONE', #676, 45.00000000000000711 ) ;
#791 = ORIENTED_EDGE ( 'NONE', *, *, #940, .F. ) ;
#792 = VECTOR ( 'NONE', #788, 1000.000000000000000 ) ;
#793 = DIRECTION ( 'NONE',  ( -0.000000000000000000, -0.000000000000000000, 1.000000000000000000 ) ) ;
#794 = LINE ( 'NONE', #1611, #755 ) ;
#795 = FACE_OUTER_BOUND ( 'NONE', #162, .T. ) ;
#796 = AXIS2_PLACEMENT_3D ( 'NONE', #2693, #645, #1827 ) ;
#797 = ORIENTED_EDGE ( 'NONE', *, *, #435, .F. ) ;
#798 = CARTESIAN_POINT ( 'NONE',  ( -156.9999999999999716, -17.00000000000000355, 8.000000000000000000 ) ) ;
#799 = CYLINDRICAL_SURFACE ( 'NONE', #3657, 2.589999999999981206 ) ;
#800 = ADVANCED_FACE ( 'NONE', ( #2836 ), #2557, .F. ) ;
#801 = VERTEX_POINT ( 'NONE', #717 ) ;
#802 = DIRECTION ( 'NONE',  ( -0.000000000000000000, -0.000000000000000000, 1.000000000000000000 ) ) ;
#803 = FACE_BOUND ( 'NONE', #2513, .T. ) ;
#804 = CARTESIAN_POINT ( 'NONE',  ( -117.4099999999999824, -40.00000000000002842, 17.00000000000000000 ) ) ;
#805 = CIRCLE ( 'NONE', #1491, 2.590000000000008740 ) ;
#806 = EDGE_CURVE ( 'NONE', #2498, #947, #790, .T. ) ;
#807 = EDGE_LOOP ( 'NONE', ( #2077, #1242 ) ) ;
#808 = CARTESIAN_POINT ( 'NONE',  ( -74.99999999999998579, 40.00000000000000000, 10.00000000000000000 ) ) ;
#809 = DIRECTION ( 'NONE',  ( 1.000000000000000000, 0.000000000000000000, 0.000000000000000000 ) ) ;
#810 = LINE ( 'NONE', #3540, #1190 ) ;
#811 = FACE_BOUND ( 'NONE', #3533, .T. ) ;
#812 = AXIS2_PLACEMENT_3D ( 'NONE', #3584, #3352, #1279 ) ;
#813 = EDGE_LOOP ( 'NONE', ( #2116, #2487, #1109, #1734, #2964 ) ) ;
#814 = DIRECTION ( 'NONE',  ( -0.000000000000000000, -0.000000000000000000, 1.000000000000000000 ) ) ;
#815 = EDGE_CURVE ( 'NONE', #2591, #2862, #3140, .T. ) ;
#816 = DIRECTION ( 'NONE',  ( 1.000000000000000000, 0.000000000000000000, -0.000000000000000000 ) ) ;
#817 = CIRCLE ( 'NONE', #700, 45.00000000000001421 ) ;
#818 = DIRECTION ( 'NONE',  ( -0.000000000000000000, -0.000000000000000000, -1.000000000000000000 ) ) ;
#819 = DIRECTION ( 'NONE',  ( 0.000000000000000000, 0.000000000000000000, -1.000000000000000000 ) ) ;
#820 = EDGE_CURVE ( 'NONE', #3318, #1885, #2520, .T. ) ;
#821 = EDGE_LOOP ( 'NONE', ( #104, #2361, #1302, #2468 ) ) ;
#822 = CARTESIAN_POINT ( 'NONE',  ( 0.000000000000000000, 0.000000000000000000, 0.000000000000000000 ) ) ;
#823 = CARTESIAN_POINT ( 'NONE',  ( -244.6410161513760499, -20.00000000000068212, 10.00000000000000000 ) ) ;
#824 = EDGE_CURVE ( 'NONE', #1709, #3557, #1955, .T. ) ;
#825 = EDGE_LOOP ( 'NONE', ( #1324, #2112, #2202, #1031 ) ) ;
#826 = FACE_BOUND ( 'NONE', #1191, .T. ) ;
#827 = CARTESIAN_POINT ( 'NONE',  ( -30.00000000000000000, 40.00000000000000000, 8.000000000000000000 ) ) ;
#828 = EDGE_CURVE ( 'NONE', #2320, #3055, #1053, .T. ) ;
#829 = EDGE_CURVE ( 'NONE', #3557, #194, #239, .T. ) ;
#830 = ORIENTED_EDGE ( 'NONE', *, *, #2718, .F. ) ;
#831 = DIRECTION ( 'NONE',  ( 1.000000000000000000, 0.000000000000000000, 0.000000000000000000 ) ) ;
#832 = DIRECTION ( 'NONE',  ( 0.000000000000000000, 0.000000000000000000, -1.000000000000000000 ) ) ;
#833 = DIRECTION ( 'NONE',  ( 0.8660254037844360431, -0.5000000000000044409, 0.000000000000000000 ) ) ;
#834 = FACE_BOUND ( 'NONE', #1277, .T. ) ;
#835 = ORIENTED_EDGE ( 'NONE', *, *, #849, .F. ) ;
#836 = ORIENTED_EDGE ( 'NONE', *, *, #828, .F. ) ;
#837 = DIRECTION ( 'NONE',  ( -2.312964634635743450E-16, 1.000000000000000000, 0.000000000000000000 ) ) ;
#838 = CARTESIAN_POINT ( 'NONE',  ( -210.0000000000000000, -2.571758278209442213E-14, 17.00000000000000000 ) ) ;
#839 = DIRECTION ( 'NONE',  ( -1.000000000000000000, 0.000000000000000000, 0.000000000000000000 ) ) ;
#840 = EDGE_LOOP ( 'NONE', ( #2185, #98, #900, #3442, #1353, #749 ) ) ;
#841 = ORIENTED_EDGE ( 'NONE', *, *, #2942, .F. ) ;
#842 = FACE_BOUND ( 'NONE', #3385, .T. ) ;
#843 = CIRCLE ( 'NONE', #1593, 2.050000000000000711 ) ;
#844 = FACE_OUTER_BOUND ( 'NONE', #3410, .T. ) ;
#845 = VERTEX_POINT ( 'NONE', #177 ) ;
#846 = DIRECTION ( 'NONE',  ( 0.000000000000000000, -0.000000000000000000, -1.000000000000000000 ) ) ;
#847 = CARTESIAN_POINT ( 'NONE',  ( -147.9999999999999716, -10.00000000000003020, 8.000000000000000000 ) ) ;
#848 = VECTOR ( 'NONE', #2485, 1000.000000000000000 ) ;
#849 = EDGE_CURVE ( 'NONE', #1315, #743, #617, .T. ) ;
#850 = CIRCLE ( 'NONE', #2589, 2.590000000000008740 ) ;
#851 = EDGE_LOOP ( 'NONE', ( #670, #3764 ) ) ;
#852 = DIRECTION ( 'NONE',  ( 0.000000000000000000, -0.000000000000000000, -1.000000000000000000 ) ) ;
#853 = CARTESIAN_POINT ( 'NONE',  ( -23.27953286501963959, -13.44044456622736661, 19.00000000000000000 ) ) ;
#854 = FACE_OUTER_BOUND ( 'NONE', #1018, .T. ) ;
#855 = AXIS2_PLACEMENT_3D ( 'NONE', #299, #3232, #929 ) ;
#856 = EDGE_CURVE ( 'NONE', #1773, #1400, #734, .T. ) ;
#857 = ORIENTED_EDGE ( 'NONE', *, *, #962, .T. ) ;
#858 = VERTEX_POINT ( 'NONE', #196 ) ;
#859 = FACE_BOUND ( 'NONE', #2256, .T. ) ;
#860 = ORIENTED_EDGE ( 'NONE', *, *, #1701, .T. ) ;
#861 = ADVANCED_FACE ( 'NONE', ( #141 ), #1312, .F. ) ;
#862 = CARTESIAN_POINT ( 'NONE',  ( -47.00000000000000000, -16.99999999999997513, 8.000000000000000000 ) ) ;
#863 = PLANE ( 'NONE',  #1937 ) ;
#864 = DIRECTION ( 'NONE',  ( -0.000000000000000000, -0.000000000000000000, 1.000000000000000000 ) ) ;
#865 = VERTEX_POINT ( 'NONE', #3709 ) ;
#866 = DIRECTION ( 'NONE',  ( -0.000000000000000000, -0.000000000000000000, 1.000000000000000000 ) ) ;
#867 = CARTESIAN_POINT ( 'NONE',  ( -244.6410161513767889, 19.99999999999946354, 10.00000000000000000 ) ) ;
#868 = DIRECTION ( 'NONE',  ( 1.000000000000000000, 0.000000000000000000, 0.000000000000000000 ) ) ;
#869 = EDGE_CURVE ( 'NONE', #402, #884, #3422, .T. ) ;
#870 = EDGE_LOOP ( 'NONE', ( #3628, #3040, #1512, #2, #2720, #219 ) ) ;
#871 = AXIS2_PLACEMENT_3D ( 'NONE', #3035, #3354, #222 ) ;
#872 = DIRECTION ( 'NONE',  ( 1.000000000000000000, 0.000000000000000000, 0.000000000000000000 ) ) ;
#873 = DIRECTION ( 'NONE',  ( -0.000000000000000000, -0.000000000000000000, -1.000000000000000000 ) ) ;
#874 = DIRECTION ( 'NONE',  ( -1.000000000000000000, 1.149730560258028894E-14, 0.000000000000000000 ) ) ;
#875 = VECTOR ( 'NONE', #2795, 1000.000000000000000 ) ;
#876 = ORIENTED_EDGE ( 'NONE', *, *, #50, .F. ) ;
#877 = EDGE_CURVE ( 'NONE', #363, #574, #1624, .T. ) ;
#878 = ORIENTED_EDGE ( 'NONE', *, *, #1268, .F. ) ;
#879 =( GEOMETRIC_REPRESENTATION_CONTEXT ( 3 ) GLOBAL_UNCERTAINTY_ASSIGNED_CONTEXT ( ( #1577 ) ) GLOBAL_UNIT_ASSIGNED_CONTEXT ( ( #2580, #2541, #1095 ) ) REPRESENTATION_CONTEXT ( 'NONE', 'WORKASPACE' ) );
#880 = FACE_OUTER_BOUND ( 'NONE', #1535, .T. ) ;
#881 = DIRECTION ( 'NONE',  ( -0.000000000000000000, -0.000000000000000000, 1.000000000000000000 ) ) ;
#882 = FACE_OUTER_BOUND ( 'NONE', #171, .T. ) ;
#883 = AXIS2_PLACEMENT_3D ( 'NONE', #142, #1023, #2209 ) ;
#884 = VERTEX_POINT ( 'NONE', #3514 ) ;
#885 = AXIS2_PLACEMENT_3D ( 'NONE', #2517, #2585, #409 ) ;
#886 = DIRECTION ( 'NONE',  ( 1.000000000000000000, 0.000000000000000000, 0.000000000000000000 ) ) ;
#887 = DIRECTION ( 'NONE',  ( 1.000000000000000000, 0.000000000000000000, 0.000000000000000000 ) ) ;
#888 = AXIS2_PLACEMENT_3D ( 'NONE', #2482, #2765, #3365 ) ;
#889 = ORIENTED_EDGE ( 'NONE', *, *, #3165, .F. ) ;
#890 = CYLINDRICAL_SURFACE ( 'NONE', #3325, 2.590000000000008740 ) ;
#891 = DIRECTION ( 'NONE',  ( 1.000000000000000000, 0.000000000000000000, 0.000000000000000000 ) ) ;
#892 = CARTESIAN_POINT ( 'NONE',  ( -156.9999999999999716, -15.40000000000000568, 19.00000000000000000 ) ) ;
#893 = ORIENTED_EDGE ( 'NONE', *, *, #692, .T. ) ;
#894 = CARTESIAN_POINT ( 'NONE',  ( -162.4099999999999966, -40.00000000000004263, 19.00000000000000000 ) ) ;
#895 = DIRECTION ( 'NONE',  ( -0.000000000000000000, -0.000000000000000000, 1.000000000000000000 ) ) ;
#896 = EDGE_CURVE ( 'NONE', #2740, #968, #1851, .T. ) ;
#897 = LINE ( 'NONE', #2022, #3729 ) ;
#898 = CARTESIAN_POINT ( 'NONE',  ( -122.5900000000000034, -40.00000000000002842, 17.00000000000000000 ) ) ;
#899 = ORIENTED_EDGE ( 'NONE', *, *, #654, .F. ) ;
#900 = ORIENTED_EDGE ( 'NONE', *, *, #919, .F. ) ;
#901 = ADVANCED_FACE ( 'NONE', ( #1991, #2855 ), #253, .T. ) ;
#902 = CARTESIAN_POINT ( 'NONE',  ( 0.000000000000000000, 35.00000000000000000, 22.05182899632296056 ) ) ;
#903 = DIRECTION ( 'NONE',  ( -0.000000000000000000, -0.000000000000000000, -1.000000000000000000 ) ) ;
#904 = EDGE_LOOP ( 'NONE', ( #1395, #1362 ) ) ;
#905 = PLANE ( 'NONE',  #455 ) ;
#906 = EDGE_LOOP ( 'NONE', ( #2663, #2554 ) ) ;
#907 = DIRECTION ( 'NONE',  ( 1.000000000000000000, 0.000000000000000000, 0.000000000000000000 ) ) ;
#908 = FACE_OUTER_BOUND ( 'NONE', #3517, .T. ) ;
#909 = CIRCLE ( 'NONE', #1340, 10.00000000000000888 ) ;
#910 = DIRECTION ( 'NONE',  ( 1.000000000000000000, 0.000000000000000000, 0.000000000000000000 ) ) ;
#911 = ORIENTED_EDGE ( 'NONE', *, *, #820, .F. ) ;
#912 = AXIS2_PLACEMENT_3D ( 'NONE', #1743, #3247, #1431 ) ;
#913 = DIRECTION ( 'NONE',  ( 0.8660254037844437036, 0.4999999999999911182, -0.000000000000000000 ) ) ;
#914 = PLANE ( 'NONE',  #2918 ) ;
#915 = CARTESIAN_POINT ( 'NONE',  ( -120.0000000000000000, 40.00000000000000000, 10.00000000000000000 ) ) ;
#916 = AXIS2_PLACEMENT_3D ( 'NONE', #1973, #3127, #769 ) ;
#917 = VERTEX_POINT ( 'NONE', #2573 ) ;
#918 = VERTEX_POINT ( 'NONE', #862 ) ;
#919 = EDGE_CURVE ( 'NONE', #3285, #3136, #561, .T. ) ;
#920 = FACE_OUTER_BOUND ( 'NONE', #906, .T. ) ;
#921 = CIRCLE ( 'NONE', #1911, 21.10000000000000853 ) ;
#922 = CARTESIAN_POINT ( 'NONE',  ( -77.58999999999998920, 40.00000000000000000, 19.00000000000000000 ) ) ;
#923 = CARTESIAN_POINT ( 'NONE',  ( -120.0000000000000000, -40.00000000000002842, 17.00000000000000000 ) ) ;
#924 = EDGE_LOOP ( 'NONE', ( #1567, #2134, #342, #2035, #186, #1824 ) ) ;
#925 = CARTESIAN_POINT ( 'NONE',  ( -120.0000000000000000, -40.00000000000002842, 17.00000000000000000 ) ) ;
#926 = ORIENTED_EDGE ( 'NONE', *, *, #1717, .F. ) ;
#927 = CYLINDRICAL_SURFACE ( 'NONE', #3757, 2.050000000000000711 ) ;
#928 = DIRECTION ( 'NONE',  ( 1.000000000000000000, 0.000000000000000000, 0.000000000000000000 ) ) ;
#929 = DIRECTION ( 'NONE',  ( 1.000000000000000000, 0.000000000000000000, 0.000000000000000000 ) ) ;
#930 = ORIENTED_EDGE ( 'NONE', *, *, #2089, .F. ) ;
#931 = EDGE_CURVE ( 'NONE', #523, #1667, #1702, .T. ) ;
#932 = CARTESIAN_POINT ( 'NONE',  ( -77.58999999999998920, -40.00000000000002842, 10.00000000000000000 ) ) ;
#933 = CYLINDRICAL_SURFACE ( 'NONE', #1621, 2.590000000000008740 ) ;
#934 = CARTESIAN_POINT ( 'NONE',  ( -29.22046713498029646, 16.87044456622808397, 19.00000000000000000 ) ) ;
#935 = ORIENTED_EDGE ( 'NONE', *, *, #3570, .T. ) ;
#936 = ORIENTED_EDGE ( 'NONE', *, *, #3403, .F. ) ;
#937 = CARTESIAN_POINT ( 'NONE',  ( -1.908195823574487804E-14, 31.03937715335916181, 15.90000000000000036 ) ) ;
#938 = LINE ( 'NONE', #2114, #3454 ) ;
#939 = CIRCLE ( 'NONE', #1683, 2.590000000000008740 ) ;
#940 = EDGE_CURVE ( 'NONE', #44, #3727, #850, .T. ) ;
#941 = ORIENTED_EDGE ( 'NONE', *, *, #50, .T. ) ;
#942 = VECTOR ( 'NONE', #1538, 1000.000000000000000 ) ;
#943 = CYLINDRICAL_SURFACE ( 'NONE', #732, 2.590000000000008740 ) ;
#944 = CARTESIAN_POINT ( 'NONE',  ( 36.98031142332045107, 3.429999999999862048, 15.90000000000000036 ) ) ;
#945 = ADVANCED_FACE ( 'NONE', ( #3746, #803 ), #3805, .T. ) ;
#946 = VECTOR ( 'NONE', #1625, 1000.000000000000000 ) ;
#947 = VERTEX_POINT ( 'NONE', #2630 ) ;
#948 = AXIS2_PLACEMENT_3D ( 'NONE', #522, #1448, #2299 ) ;
#949 = EDGE_CURVE ( 'NONE', #2161, #1814, #3696, .T. ) ;
#950 = CARTESIAN_POINT ( 'NONE',  ( -74.99999999999998579, -40.00000000000002842, 10.00000000000000000 ) ) ;
#951 = CARTESIAN_POINT ( 'NONE',  ( -29.22046713498029646, 16.87044456622808397, 19.00000000000000000 ) ) ;
#952 = ORIENTED_EDGE ( 'NONE', *, *, #1264, .T. ) ;
#953 = DIRECTION ( 'NONE',  ( 0.000000000000000000, 0.000000000000000000, -1.000000000000000000 ) ) ;
#954 = DIRECTION ( 'NONE',  ( -0.5000000000000079936, -0.8660254037844339337, -0.000000000000000000 ) ) ;
#955 = CARTESIAN_POINT ( 'NONE',  ( -36.98031142332035870, 3.430000000000399840, 15.90000000000000036 ) ) ;
#956 = ADVANCED_FACE ( 'NONE', ( #3168 ), #291, .F. ) ;
#957 = ORIENTED_EDGE ( 'NONE', *, *, #1175, .F. ) ;
#958 = ORIENTED_EDGE ( 'NONE', *, *, #475, .F. ) ;
#959 = FACE_OUTER_BOUND ( 'NONE', #3027, .T. ) ;
#960 = CARTESIAN_POINT ( 'NONE',  ( -164.9999999999999716, 40.00000000000000000, 17.00000000000000000 ) ) ;
#961 = EDGE_LOOP ( 'NONE', ( #247, #2404, #2523, #3705 ) ) ;
#962 = EDGE_CURVE ( 'NONE', #505, #290, #1722, .T. ) ;
#963 = CARTESIAN_POINT ( 'NONE',  ( 1.040834085586084414E-14, -45.00000000000000711, 19.00000000000000000 ) ) ;
#964 = EDGE_CURVE ( 'NONE', #701, #2654, #1408, .T. ) ;
#965 = ORIENTED_EDGE ( 'NONE', *, *, #3804, .T. ) ;
#966 = DIRECTION ( 'NONE',  ( -1.000000000000000000, 0.000000000000000000, 0.000000000000000000 ) ) ;
#967 = DIRECTION ( 'NONE',  ( -0.000000000000000000, -0.000000000000000000, -1.000000000000000000 ) ) ;
#968 = VERTEX_POINT ( 'NONE', #3766 ) ;
#969 = CARTESIAN_POINT ( 'NONE',  ( -37.04999999999999716, -1.222018468595096801E-13, 0.000000000000000000 ) ) ;
#970 = DIRECTION ( 'NONE',  ( -1.000000000000000000, 0.000000000000000000, 0.000000000000000000 ) ) ;
#971 = ADVANCED_FACE ( 'NONE', ( #3479, #1173, #1106, #2366, #1425, #826 ), #503, .F. ) ;
#972 = LINE ( 'NONE', #2791, #2052 ) ;
#973 = VECTOR ( 'NONE', #3426, 1000.000000000000000 ) ;
#974 = EDGE_LOOP ( 'NONE', ( #2952, #1785 ) ) ;
#975 = ORIENTED_EDGE ( 'NONE', *, *, #1, .F. ) ;
#976 = CARTESIAN_POINT ( 'NONE',  ( -2.828353493440452420E-15, 10.00000000000001599, 0.000000000000000000 ) ) ;
#977 = VECTOR ( 'NONE', #3310, 1000.000000000000000 ) ;
#978 = ORIENTED_EDGE ( 'NONE', *, *, #1957, .T. ) ;
#979 = AXIS2_PLACEMENT_3D ( 'NONE', #2323, #92, #2666 ) ;
#980 = DIRECTION ( 'NONE',  ( -1.000000000000000000, 0.000000000000000000, 0.000000000000000000 ) ) ;
#981 = CIRCLE ( 'NONE', #1228, 2.590000000000008740 ) ;
#982 = ADVANCED_FACE ( 'NONE', ( #2075 ), #538, .F. ) ;
#983 = EDGE_LOOP ( 'NONE', ( #2271, #2627, #1231, #926 ) ) ;
#984 = LINE ( 'NONE', #623, #3264 ) ;
#985 = CARTESIAN_POINT ( 'NONE',  ( -47.00000000000000000, -15.40000000000000568, 8.000000000000000000 ) ) ;
#986 = UNCERTAINTY_MEASURE_WITH_UNIT (LENGTH_MEASURE( 1.000000000000000082E-05 ), #649, 'distance_accuracy_value', 'NONE');
#987 = VERTEX_POINT ( 'NONE', #1250 ) ;
#988 = CARTESIAN_POINT ( 'NONE',  ( -210.0000000000000000, -2.571758278209442213E-14, 27.50000000000000355 ) ) ;
#989 = DIRECTION ( 'NONE',  ( 0.000000000000000000, 0.000000000000000000, 1.000000000000000000 ) ) ;
#990 = ADVANCED_FACE ( 'NONE', ( #2425 ), #943, .F. ) ;
#991 = DIRECTION ( 'NONE',  ( -0.000000000000000000, -0.000000000000000000, -1.000000000000000000 ) ) ;
#992 = ORIENTED_EDGE ( 'NONE', *, *, #374, .T. ) ;
#993 = VERTEX_POINT ( 'NONE', #2094 ) ;
#994 = DIRECTION ( 'NONE',  ( 0.4999999999999951150, -0.8660254037844414832, 0.000000000000000000 ) ) ;
#995 = VECTOR ( 'NONE', #2841, 1000.000000000000000 ) ;
#996 = EDGE_CURVE ( 'NONE', #3615, #2658, #3287, .T. ) ;
#997 = EDGE_LOOP ( 'NONE', ( #1076, #2275, #2146, #2384 ) ) ;
#998 = AXIS2_PLACEMENT_3D ( 'NONE', #1581, #3098, #1632 ) ;
#999 = DIRECTION ( 'NONE',  ( -0.000000000000000000, 0.000000000000000000, 1.000000000000000000 ) ) ;
#1000 = DIRECTION ( 'NONE',  ( -0.000000000000000000, 0.000000000000000000, 1.000000000000000000 ) ) ;
#1001 = AXIS2_PLACEMENT_3D ( 'NONE', #616, #3242, #2113 ) ;
#1002 = ORIENTED_EDGE ( 'NONE', *, *, #2725, .T. ) ;
#1003 = DIRECTION ( 'NONE',  ( 0.000000000000000000, 0.000000000000000000, -1.000000000000000000 ) ) ;
#1004 = DIRECTION ( 'NONE',  ( -0.000000000000000000, -0.000000000000000000, -1.000000000000000000 ) ) ;
#1005 = CIRCLE ( 'NONE', #150, 2.590000000000008740 ) ;
#1006 = EDGE_LOOP ( 'NONE', ( #407, #1322, #2616, #841 ) ) ;
#1007 = CARTESIAN_POINT ( 'NONE',  ( -74.99999999999998579, 40.00000000000000000, 10.00000000000000000 ) ) ;
#1008 = DIRECTION ( 'NONE',  ( -0.000000000000000000, 0.000000000000000000, 1.000000000000000000 ) ) ;
#1009 = CYLINDRICAL_SURFACE ( 'NONE', #2796, 2.049999999999996270 ) ;
#1010 = AXIS2_PLACEMENT_3D ( 'NONE', #3806, #3515, #2012 ) ;
#1011 = EDGE_CURVE ( 'NONE', #1833, #1117, #1569, .T. ) ;
#1012 = CYLINDRICAL_SURFACE ( 'NONE', #507, 2.590000000000008740 ) ;
#1013 = ORIENTED_EDGE ( 'NONE', *, *, #931, .F. ) ;
#1014 = AXIS2_PLACEMENT_3D ( 'NONE', #2605, #3777, #1164 ) ;
#1015 = ORIENTED_EDGE ( 'NONE', *, *, #2924, .F. ) ;
#1016 = ADVANCED_FACE ( 'NONE', ( #35 ), #2460, .F. ) ;
#1017 = DIRECTION ( 'NONE',  ( -0.000000000000000000, -0.000000000000000000, 1.000000000000000000 ) ) ;
#1018 = EDGE_LOOP ( 'NONE', ( #2830, #2354, #1642, #3092 ) ) ;
#1019 = DIRECTION ( 'NONE',  ( 1.000000000000000000, 5.361872562110132543E-16, 0.000000000000000000 ) ) ;
#1020 = DIRECTION ( 'NONE',  ( 1.000000000000000000, 0.000000000000000000, 0.000000000000000000 ) ) ;
#1021 = ORIENTED_EDGE ( 'NONE', *, *, #2111, .T. ) ;
#1022 = DIRECTION ( 'NONE',  ( -0.000000000000000000, -0.000000000000000000, 1.000000000000000000 ) ) ;
#1023 = DIRECTION ( 'NONE',  ( -0.000000000000000000, -0.000000000000000000, 1.000000000000000000 ) ) ;
#1024 = ORIENTED_EDGE ( 'NONE', *, *, #20, .F. ) ;
#1025 = PLANE ( 'NONE',  #3256 ) ;
#1026 = DIRECTION ( 'NONE',  ( -0.000000000000000000, 0.000000000000000000, 1.000000000000000000 ) ) ;
#1027 = EDGE_LOOP ( 'NONE', ( #1253, #1589, #1036, #26 ) ) ;
#1028 = AXIS2_PLACEMENT_3D ( 'NONE', #3298, #1829, #3010 ) ;
#1029 = ORIENTED_EDGE ( 'NONE', *, *, #3157, .T. ) ;
#1030 = CARTESIAN_POINT ( 'NONE',  ( 3.429999999999992610, 33.01968857667956314, 15.90000000000000036 ) ) ;
#1031 = ORIENTED_EDGE ( 'NONE', *, *, #60, .F. ) ;
#1032 = CIRCLE ( 'NONE', #2889, 2.590000000000008740 ) ;
#1033 = DIRECTION ( 'NONE',  ( 0.000000000000000000, -0.000000000000000000, -1.000000000000000000 ) ) ;
#1034 = DIRECTION ( 'NONE',  ( 1.000000000000000000, 0.000000000000000000, 0.000000000000000000 ) ) ;
#1035 = AXIS2_PLACEMENT_3D ( 'NONE', #1345, #1033, #1641 ) ;
#1036 = ORIENTED_EDGE ( 'NONE', *, *, #1638, .T. ) ;
#1037 = CARTESIAN_POINT ( 'NONE',  ( -30.00000000000000000, -40.00000000000001421, 19.00000000000000000 ) ) ;
#1038 = CARTESIAN_POINT ( 'NONE',  ( -3.430000000000012150, 33.01968857667959867, 19.00000000000000000 ) ) ;
#1039 = AXIS2_PLACEMENT_3D ( 'NONE', #3371, #721, #910 ) ;
#1040 = ORIENTED_EDGE ( 'NONE', *, *, #1857, .T. ) ;
#1041 = FACE_BOUND ( 'NONE', #754, .T. ) ;
#1042 = DIRECTION ( 'NONE',  ( 0.000000000000000000, 0.000000000000000000, -1.000000000000000000 ) ) ;
#1043 = ADVANCED_FACE ( 'NONE', ( #1508 ), #55, .F. ) ;
#1044 = EDGE_LOOP ( 'NONE', ( #2169, #287 ) ) ;
#1045 = VERTEX_POINT ( 'NONE', #1894 ) ;
#1046 = CARTESIAN_POINT ( 'NONE',  ( -38.96062284664084530, 4.093947403305264743E-13, 19.00000000000000000 ) ) ;
#1047 = VERTEX_POINT ( 'NONE', #462 ) ;
#1048 = DIRECTION ( 'NONE',  ( -0.4999999999999895639, 0.8660254037844445918, 0.000000000000000000 ) ) ;
#1049 = ORIENTED_EDGE ( 'NONE', *, *, #179, .T. ) ;
#1050 = AXIS2_PLACEMENT_3D ( 'NONE', #2542, #1062, #2250 ) ;
#1051 = VERTEX_POINT ( 'NONE', #730 ) ;
#1052 = EDGE_CURVE ( 'NONE', #2806, #3775, #3267, .T. ) ;
#1053 = LINE ( 'NONE', #2816, #2827 ) ;
#1054 = CARTESIAN_POINT ( 'NONE',  ( -167.5899999999999750, 40.00000000000000000, 19.00000000000000000 ) ) ;
#1055 = CIRCLE ( 'NONE', #1001, 2.590000000000008740 ) ;
#1056 = ADVANCED_FACE ( 'NONE', ( #3364 ), #136, .T. ) ;
#1057 = ORIENTED_EDGE ( 'NONE', *, *, #1011, .F. ) ;
#1058 = AXIS2_PLACEMENT_3D ( 'NONE', #1596, #2416, #65 ) ;
#1059 = CARTESIAN_POINT ( 'NONE',  ( -156.9999999999999716, -17.00000000000000355, 19.00000000000000000 ) ) ;
#1060 = CARTESIAN_POINT ( 'NONE',  ( -23.27953286501963959, -13.44044456622736661, 19.00000000000000000 ) ) ;
#1061 = CIRCLE ( 'NONE', #883, 2.590000000000008740 ) ;
#1062 = DIRECTION ( 'NONE',  ( -0.000000000000000000, 0.000000000000000000, 1.000000000000000000 ) ) ;
#1063 = ORIENTED_EDGE ( 'NONE', *, *, #869, .T. ) ;
#1064 = ORIENTED_EDGE ( 'NONE', *, *, #3059, .T. ) ;
#1065 = AXIS2_PLACEMENT_3D ( 'NONE', #925, #3592, #1193 ) ;
#1066 = CARTESIAN_POINT ( 'NONE',  ( 36.98031142332038002, -3.430000000000145377, 19.00000000000000000 ) ) ;
#1067 = ADVANCED_FACE ( 'NONE', ( #2516 ), #3418, .T. ) ;
#1068 = CIRCLE ( 'NONE', #3176, 2.589999999999981206 ) ;
#1069 = ORIENTED_EDGE ( 'NONE', *, *, #2910, .F. ) ;
#1070 = DIRECTION ( 'NONE',  ( 0.000000000000000000, 0.000000000000000000, 1.000000000000000000 ) ) ;
#1071 = DIRECTION ( 'NONE',  ( -0.000000000000000000, -0.000000000000000000, -1.000000000000000000 ) ) ;
#1072 = EDGE_LOOP ( 'NONE', ( #3623, #1492, #2242, #229 ) ) ;
#1073 = DIRECTION ( 'NONE',  ( 1.000000000000000000, 0.000000000000000000, 0.000000000000000000 ) ) ;
#1074 = DIRECTION ( 'NONE',  ( -0.000000000000000000, -0.000000000000000000, 1.000000000000000000 ) ) ;
#1075 = EDGE_CURVE ( 'NONE', #1103, #947, #3343, .T. ) ;
#1076 = ORIENTED_EDGE ( 'NONE', *, *, #3143, .T. ) ;
#1077 = CARTESIAN_POINT ( 'NONE',  ( 32.95000000000000995, 3.666055405785290402E-13, 15.90000000000000036 ) ) ;
#1078 = LINE ( 'NONE', #2229, #1115 ) ;
#1079 = DIRECTION ( 'NONE',  ( 1.000000000000000000, 0.000000000000000000, 0.000000000000000000 ) ) ;
#1080 = ORIENTED_EDGE ( 'NONE', *, *, #2070, .T. ) ;
#1081 = VERTEX_POINT ( 'NONE', #2764 ) ;
#1082 = LINE ( 'NONE', #2356, #2493 ) ;
#1083 = VERTEX_POINT ( 'NONE', #479 ) ;
#1084 = AXIS2_PLACEMENT_3D ( 'NONE', #1768, #2946, #3313 ) ;
#1085 = EDGE_CURVE ( 'NONE', #3318, #423, #1971, .T. ) ;
#1086 = EDGE_CURVE ( 'NONE', #2549, #7, #76, .T. ) ;
#1087 = AXIS2_PLACEMENT_3D ( 'NONE', #1396, #234, #1414 ) ;
#1088 = DIRECTION ( 'NONE',  ( 0.000000000000000000, 0.000000000000000000, 1.000000000000000000 ) ) ;
#1089 = CARTESIAN_POINT ( 'NONE',  ( -3.429999999999993943, 36.98031142332043686, 19.00000000000000000 ) ) ;
#1090 = AXIS2_PLACEMENT_3D ( 'NONE', #2015, #279, #1452 ) ;
#1091 = EDGE_CURVE ( 'NONE', #1287, #2671, #2500, .T. ) ;
#1092 = VERTEX_POINT ( 'NONE', #2203 ) ;
#1093 = FACE_BOUND ( 'NONE', #2784, .T. ) ;
#1094 = DIRECTION ( 'NONE',  ( -1.000000000000000000, 0.000000000000000000, 0.000000000000000000 ) ) ;
#1095 =( NAMED_UNIT ( * ) SI_UNIT ( $, .STERADIAN. ) SOLID_ANGLE_UNIT ( ) );
#1096 = CARTESIAN_POINT ( 'NONE',  ( 29.22046713498038528, -16.87044456622789212, 19.00000000000000000 ) ) ;
#1097 = ORIENTED_EDGE ( 'NONE', *, *, #3506, .F. ) ;
#1098 = EDGE_LOOP ( 'NONE', ( #2045, #1700 ) ) ;
#1099 = CARTESIAN_POINT ( 'NONE',  ( -162.4099999999999966, 40.00000000000000000, 17.00000000000000000 ) ) ;
#1100 = EDGE_CURVE ( 'NONE', #2740, #2987, #2799, .T. ) ;
#1101 = CARTESIAN_POINT ( 'NONE',  ( 3.429999999999737259, -36.98031142332045818, 15.90000000000000036 ) ) ;
#1102 = CARTESIAN_POINT ( 'NONE',  ( 2.444036937190193601E-13, -35.00000000000000000, 0.000000000000000000 ) ) ;
#1103 = VERTEX_POINT ( 'NONE', #2647 ) ;
#1104 = DIRECTION ( 'NONE',  ( -1.000000000000000000, 0.000000000000000000, 0.000000000000000000 ) ) ;
#1105 = EDGE_CURVE ( 'NONE', #1943, #2206, #784, .T. ) ;
#1106 = FACE_BOUND ( 'NONE', #2069, .T. ) ;
#1107 = LINE ( 'NONE', #2939, #154 ) ;
#1108 = AXIS2_PLACEMENT_3D ( 'NONE', #191, #518, #2550 ) ;
#1109 = ORIENTED_EDGE ( 'NONE', *, *, #306, .F. ) ;
#1110 = CARTESIAN_POINT ( 'NONE',  ( -72.40999999999996817, 40.00000000000000000, 17.00000000000000000 ) ) ;
#1111 = AXIS2_PLACEMENT_3D ( 'NONE', #155, #2421, #2163 ) ;
#1112 = LINE ( 'NONE', #564, #237 ) ;
#1113 = CARTESIAN_POINT ( 'NONE',  ( -231.0999999999999943, -2.571758278209442213E-14, 17.00000000000000000 ) ) ;
#1114 = CARTESIAN_POINT ( 'NONE',  ( 0.000000000000000000, 0.000000000000000000, 15.90000000000000036 ) ) ;
#1115 = VECTOR ( 'NONE', #3427, 1000.000000000000000 ) ;
#1116 = ORIENTED_EDGE ( 'NONE', *, *, #2383, .F. ) ;
#1117 = VERTEX_POINT ( 'NONE', #2629 ) ;
#1118 = EDGE_CURVE ( 'NONE', #3036, #1634, #2590, .T. ) ;
#1119 = CARTESIAN_POINT ( 'NONE',  ( 27.44619903340939970, 3.361189979502600419E-15, 19.00000000000000000 ) ) ;
#1120 = AXIS2_PLACEMENT_3D ( 'NONE', #2817, #3710, #1936 ) ;
#1121 = DIRECTION ( 'NONE',  ( -0.000000000000000000, -0.000000000000000000, 1.000000000000000000 ) ) ;
#1122 = DIRECTION ( 'NONE',  ( -0.4999999999999958367, 0.8660254037844411501, 0.000000000000000000 ) ) ;
#1123 = EDGE_LOOP ( 'NONE', ( #3060, #1650, #2018, #607 ) ) ;
#1124 = AXIS2_PLACEMENT_3D ( 'NONE', #3344, #1208, #3577 ) ;
#1125 = DIRECTION ( 'NONE',  ( 1.000000000000000000, 0.000000000000000000, 0.000000000000000000 ) ) ;
#1126 = PRODUCT_CONTEXT ( 'NONE', #1435, 'mechanical' ) ;
#1127 = LINE ( 'NONE', #2912, #1541 ) ;
#1128 = AXIS2_PLACEMENT_3D ( 'NONE', #3255, #628, #1458 ) ;
#1129 = DIRECTION ( 'NONE',  ( -1.000000000000000000, 0.000000000000000000, -0.000000000000000000 ) ) ;
#1130 = DIRECTION ( 'NONE',  ( 1.000000000000000000, 0.000000000000000000, 0.000000000000000000 ) ) ;
#1131 = ADVANCED_FACE ( 'NONE', ( #3803 ), #1759, .F. ) ;
#1132 = ORIENTED_EDGE ( 'NONE', *, *, #2758, .T. ) ;
#1133 = DIRECTION ( 'NONE',  ( 0.000000000000000000, 0.000000000000000000, 1.000000000000000000 ) ) ;
#1134 = LINE ( 'NONE', #2674, #2064 ) ;
#1135 = EDGE_CURVE ( 'NONE', #1639, #595, #3436, .T. ) ;
#1136 = ORIENTED_EDGE ( 'NONE', *, *, #919, .T. ) ;
#1137 = PRODUCT_RELATED_PRODUCT_CATEGORY ( 'part', '', ( #414 ) ) ;
#1138 = CARTESIAN_POINT ( 'NONE',  ( 5.361872562110121696E-16, 16.99999999999996092, 8.000000000000000000 ) ) ;
#1139 = DIRECTION ( 'NONE',  ( -1.000000000000000000, 0.000000000000000000, 0.000000000000000000 ) ) ;
#1140 = DIRECTION ( 'NONE',  ( 0.000000000000000000, 0.000000000000000000, -1.000000000000000000 ) ) ;
#1141 = DIRECTION ( 'NONE',  ( 1.000000000000000000, 0.000000000000000000, 0.000000000000000000 ) ) ;
#1142 = CARTESIAN_POINT ( 'NONE',  ( -31.03937715335916181, 3.070460552478948557E-13, 19.00000000000000000 ) ) ;
#1143 = EDGE_CURVE ( 'NONE', #2690, #2027, #2009, .T. ) ;
#1144 = ORIENTED_EDGE ( 'NONE', *, *, #962, .F. ) ;
#1145 = ORIENTED_EDGE ( 'NONE', *, *, #3015, .T. ) ;
#1146 = DIRECTION ( 'NONE',  ( 1.000000000000000000, 0.000000000000000000, 0.000000000000000000 ) ) ;
#1147 = CARTESIAN_POINT ( 'NONE',  ( -3.430000000000164029, 1.577430328674090810E-14, 19.00000000000000000 ) ) ;
#1148 = AXIS2_PLACEMENT_3D ( 'NONE', #3321, #864, #2326 ) ;
#1149 = EDGE_LOOP ( 'NONE', ( #190, #978 ) ) ;
#1150 = DIRECTION ( 'NONE',  ( 0.000000000000000000, 0.000000000000000000, -1.000000000000000000 ) ) ;
#1151 = CARTESIAN_POINT ( 'NONE',  ( -242.0510161513767855, 19.99999999999946354, 10.00000000000000000 ) ) ;
#1152 = EDGE_CURVE ( 'NONE', #38, #918, #3164, .T. ) ;
#1153 = VECTOR ( 'NONE', #100, 1000.000000000000000 ) ;
#1154 = ORIENTED_EDGE ( 'NONE', *, *, #3424, .F. ) ;
#1155 = DIRECTION ( 'NONE',  ( -0.000000000000000000, -0.000000000000000000, -1.000000000000000000 ) ) ;
#1156 = CARTESIAN_POINT ( 'NONE',  ( -27.40999999999998948, -40.00000000000001421, 19.00000000000000000 ) ) ;
#1157 = VECTOR ( 'NONE', #2188, 1000.000000000000000 ) ;
#1158 = FACE_OUTER_BOUND ( 'NONE', #1072, .T. ) ;
#1159 = EDGE_CURVE ( 'NONE', #3809, #432, #1127, .T. ) ;
#1160 = ADVANCED_BREP_SHAPE_REPRESENTATION ( 'Joint 2 change 8126', ( #2783, #3608 ), #3788 ) ;
#1161 = ORIENTED_EDGE ( 'NONE', *, *, #824, .T. ) ;
#1162 = LINE ( 'NONE', #1183, #3380 ) ;
#1163 = LINE ( 'NONE', #2063, #576 ) ;
#1164 = DIRECTION ( 'NONE',  ( 1.000000000000000000, 0.000000000000000000, 0.000000000000000000 ) ) ;
#1165 = CIRCLE ( 'NONE', #494, 2.590000000000008740 ) ;
#1166 = LINE ( 'NONE', #898, #2519 ) ;
#1167 = EDGE_CURVE ( 'NONE', #1311, #1605, #2033, .T. ) ;
#1168 = ORIENTED_EDGE ( 'NONE', *, *, #1636, .T. ) ;
#1169 = ORIENTED_EDGE ( 'NONE', *, *, #27, .T. ) ;
#1170 = CARTESIAN_POINT ( 'NONE',  ( -1.977584762613560088E-13, -31.03937715335915826, 19.00000000000000000 ) ) ;
#1171 = CARTESIAN_POINT ( 'NONE',  ( -34.99999999999999289, -1.222018468595096801E-13, 22.05182899632296056 ) ) ;
#1172 = ORIENTED_EDGE ( 'NONE', *, *, #2675, .T. ) ;
#1173 = FACE_BOUND ( 'NONE', #1243, .T. ) ;
#1174 = CYLINDRICAL_SURFACE ( 'NONE', #2619, 27.44619903340939970 ) ;
#1175 = EDGE_CURVE ( 'NONE', #1833, #2480, #3306, .T. ) ;
#1176 = ORIENTED_EDGE ( 'NONE', *, *, #182, .F. ) ;
#1177 = CYLINDRICAL_SURFACE ( 'NONE', #546, 21.10000000000000853 ) ;
#1178 = DIRECTION ( 'NONE',  ( -1.000000000000000000, 0.000000000000000000, 0.000000000000000000 ) ) ;
#1179 = CARTESIAN_POINT ( 'NONE',  ( 3.429999999999737259, -36.98031142332045818, 19.00000000000000000 ) ) ;
#1180 = ADVANCED_FACE ( 'NONE', ( #618 ), #2724, .T. ) ;
#1181 = EDGE_LOOP ( 'NONE', ( #69, #3378, #2139, #3568 ) ) ;
#1182 = AXIS2_PLACEMENT_3D ( 'NONE', #3793, #2268, #3117 ) ;
#1183 = CARTESIAN_POINT ( 'NONE',  ( -1.977584762613560088E-13, -31.03937715335915826, 15.90000000000000036 ) ) ;
#1184 = DIRECTION ( 'NONE',  ( -0.000000000000000000, 0.000000000000000000, 1.000000000000000000 ) ) ;
#1185 = DIRECTION ( 'NONE',  ( -0.000000000000000000, -0.000000000000000000, 1.000000000000000000 ) ) ;
#1186 = ORIENTED_EDGE ( 'NONE', *, *, #704, .T. ) ;
#1187 = ORIENTED_EDGE ( 'NONE', *, *, #3052, .T. ) ;
#1188 = AXIS2_PLACEMENT_3D ( 'NONE', #1060, #3097, #1960 ) ;
#1189 = CARTESIAN_POINT ( 'NONE',  ( -2.049999999999756017, -35.00000000000000000, 0.000000000000000000 ) ) ;
#1190 = VECTOR ( 'NONE', #545, 1000.000000000000000 ) ;
#1191 = EDGE_LOOP ( 'NONE', ( #379, #1914 ) ) ;
#1192 = VECTOR ( 'NONE', #1121, 1000.000000000000000 ) ;
#1193 = DIRECTION ( 'NONE',  ( 1.000000000000000000, 0.000000000000000000, 0.000000000000000000 ) ) ;
#1194 = AXIS2_PLACEMENT_3D ( 'NONE', #554, #1770, #2044 ) ;
#1195 = ORIENTED_EDGE ( 'NONE', *, *, #1750, .F. ) ;
#1196 = CARTESIAN_POINT ( 'NONE',  ( -210.0000000000000000, -2.571758278209442213E-14, 19.00000000000000000 ) ) ;
#1197 = DIRECTION ( 'NONE',  ( -1.000000000000000000, 5.036914835416134337E-15, 0.000000000000000000 ) ) ;
#1198 = ORIENTED_EDGE ( 'NONE', *, *, #1273, .T. ) ;
#1199 = CARTESIAN_POINT ( 'NONE',  ( -164.9999999999999716, -40.00000000000004263, 19.00000000000000000 ) ) ;
#1200 = CARTESIAN_POINT ( 'NONE',  ( -247.2310161513760249, -20.00000000000068212, 10.00000000000000000 ) ) ;
#1201 = DIRECTION ( 'NONE',  ( -0.000000000000000000, -0.000000000000000000, 1.000000000000000000 ) ) ;
#1202 = ORIENTED_EDGE ( 'NONE', *, *, #2730, .T. ) ;
#1203 = ORIENTED_EDGE ( 'NONE', *, *, #3336, .F. ) ;
#1204 = DIRECTION ( 'NONE',  ( -1.000000000000000000, 0.000000000000000000, -0.000000000000000000 ) ) ;
#1205 = LINE ( 'NONE', #1546, #1291 ) ;
#1206 = CARTESIAN_POINT ( 'NONE',  ( 35.00000000000000000, 3.666055405785290402E-13, 15.90000000000000036 ) ) ;
#1207 = ORIENTED_EDGE ( 'NONE', *, *, #3414, .F. ) ;
#1208 = DIRECTION ( 'NONE',  ( -0.000000000000000000, 0.000000000000000000, 1.000000000000000000 ) ) ;
#1209 = AXIS2_PLACEMENT_3D ( 'NONE', #892, #2081, #606 ) ;
#1210 = VECTOR ( 'NONE', #626, 1000.000000000000000 ) ;
#1211 = EDGE_LOOP ( 'NONE', ( #646, #1198 ) ) ;
#1212 = CARTESIAN_POINT ( 'NONE',  ( -47.00000000000000000, 13.80000000000002913, 19.00000000000000000 ) ) ;
#1213 = CARTESIAN_POINT ( 'NONE',  ( 13.44044456622745720, -23.27953286501958630, 19.00000000000000000 ) ) ;
#1214 = VECTOR ( 'NONE', #3370, 1000.000000000000000 ) ;
#1215 = ADVANCED_FACE ( 'NONE', ( #1245 ), #1564, .F. ) ;
#1216 = ORIENTED_EDGE ( 'NONE', *, *, #1091, .T. ) ;
#1217 = AXIS2_PLACEMENT_3D ( 'NONE', #200, #846, #2285 ) ;
#1218 = DIRECTION ( 'NONE',  ( -0.000000000000000000, -0.000000000000000000, 1.000000000000000000 ) ) ;
#1219 = CARTESIAN_POINT ( 'NONE',  ( -231.0999999999999943, -2.571758278209442213E-14, 17.00000000000000000 ) ) ;
#1220 = EDGE_CURVE ( 'NONE', #1405, #2027, #3512, .T. ) ;
#1221 = PLANE ( 'NONE',  #3668 ) ;
#1222 = CARTESIAN_POINT ( 'NONE',  ( -46.00000000000000711, 9.797174393178719161E-16, 19.00000000000000000 ) ) ;
#1223 = VECTOR ( 'NONE', #3783, 1000.000000000000000 ) ;
#1224 = VERTEX_POINT ( 'NONE', #672 ) ;
#1225 = EDGE_LOOP ( 'NONE', ( #3009, #651 ) ) ;
#1226 = EDGE_CURVE ( 'NONE', #3425, #214, #1665, .T. ) ;
#1227 = CARTESIAN_POINT ( 'NONE',  ( 5.295658960548224033E-14, 3.429999999999828741, 19.00000000000000000 ) ) ;
#1228 = AXIS2_PLACEMENT_3D ( 'NONE', #1503, #2956, #3243 ) ;
#1229 = DIRECTION ( 'NONE',  ( 1.000000000000000000, 0.000000000000000000, 0.000000000000000000 ) ) ;
#1230 = EDGE_CURVE ( 'NONE', #260, #193, #921, .T. ) ;
#1231 = ORIENTED_EDGE ( 'NONE', *, *, #481, .F. ) ;
#1232 = ADVANCED_FACE ( 'NONE', ( #3531 ), #72, .F. ) ;
#1233 = DIRECTION ( 'NONE',  ( -0.8660254037844329345, 0.5000000000000101030, 0.000000000000000000 ) ) ;
#1234 = ORIENTED_EDGE ( 'NONE', *, *, #3236, .T. ) ;
#1235 = CARTESIAN_POINT ( 'NONE',  ( -72.40999999999996817, 40.00000000000000000, 10.00000000000000000 ) ) ;
#1236 = DIRECTION ( 'NONE',  ( -0.000000000000000000, -0.000000000000000000, 1.000000000000000000 ) ) ;
#1237 = ORIENTED_EDGE ( 'NONE', *, *, #384, .T. ) ;
#1238 = FACE_OUTER_BOUND ( 'NONE', #94, .T. ) ;
#1239 = CARTESIAN_POINT ( 'NONE',  ( -3.430000000000012150, 33.01968857667959867, 19.00000000000000000 ) ) ;
#1240 = DIRECTION ( 'NONE',  ( -0.5000000000000132117, -0.8660254037844310471, 0.000000000000000000 ) ) ;
#1241 = DIRECTION ( 'NONE',  ( -0.000000000000000000, -0.000000000000000000, 1.000000000000000000 ) ) ;
#1242 = ORIENTED_EDGE ( 'NONE', *, *, #2758, .F. ) ;
#1243 = EDGE_LOOP ( 'NONE', ( #563, #1994 ) ) ;
#1244 = DIRECTION ( 'NONE',  ( -0.000000000000000000, -0.000000000000000000, -1.000000000000000000 ) ) ;
#1245 = FACE_OUTER_BOUND ( 'NONE', #2452, .T. ) ;
#1246 = AXIS2_PLACEMENT_3D ( 'NONE', #1984, #3721, #3102 ) ;
#1247 = EDGE_CURVE ( 'NONE', #2173, #1051, #1855, .T. ) ;
#1248 = EDGE_LOOP ( 'NONE', ( #830, #3246, #936, #719, #1602, #169 ) ) ;
#1249 = CIRCLE ( 'NONE', #2851, 2.590000000000008740 ) ;
#1250 = CARTESIAN_POINT ( 'NONE',  ( -77.58999999999998920, 40.00000000000000000, 17.00000000000000000 ) ) ;
#1251 = LINE ( 'NONE', #944, #2925 ) ;
#1252 = AXIS2_PLACEMENT_3D ( 'NONE', #3635, #1533, #928 ) ;
#1253 = ORIENTED_EDGE ( 'NONE', *, *, #2997, .F. ) ;
#1254 = AXIS2_PLACEMENT_3D ( 'NONE', #16, #232, #1778 ) ;
#1255 = CARTESIAN_POINT ( 'NONE',  ( -165.0000000000000000, -2.020667218593133100E-14, 33.50000000000000000 ) ) ;
#1256 = EDGE_CURVE ( 'NONE', #2868, #1450, #981, .T. ) ;
#1257 = DIRECTION ( 'NONE',  ( -0.000000000000000000, -0.000000000000000000, 1.000000000000000000 ) ) ;
#1258 = CIRCLE ( 'NONE', #2006, 2.049999999999996270 ) ;
#1259 = ORIENTED_EDGE ( 'NONE', *, *, #2253, .F. ) ;
#1260 = LINE ( 'NONE', #3096, #1597 ) ;
#1261 = EDGE_CURVE ( 'NONE', #1103, #2414, #1205, .T. ) ;
#1262 = CARTESIAN_POINT ( 'NONE',  ( -32.59000000000001052, -40.00000000000001421, 10.00000000000000000 ) ) ;
#1263 = CARTESIAN_POINT ( 'NONE',  ( 3.429999999999781224, -33.01968857667961998, 15.90000000000000036 ) ) ;
#1264 = EDGE_CURVE ( 'NONE', #511, #124, #1794, .T. ) ;
#1265 = VERTEX_POINT ( 'NONE', #311 ) ;
#1266 = VERTEX_POINT ( 'NONE', #922 ) ;
#1267 = CARTESIAN_POINT ( 'NONE',  ( -74.99999999999998579, 40.00000000000000000, 19.00000000000000000 ) ) ;
#1268 = EDGE_CURVE ( 'NONE', #2662, #776, #938, .T. ) ;
#1269 = VERTEX_POINT ( 'NONE', #633 ) ;
#1270 = CARTESIAN_POINT ( 'NONE',  ( -3.430000000000223093, -33.01968857667954182, 19.00000000000000000 ) ) ;
#1271 = DIRECTION ( 'NONE',  ( 0.000000000000000000, -0.000000000000000000, -1.000000000000000000 ) ) ;
#1272 = ORIENTED_EDGE ( 'NONE', *, *, #1915, .F. ) ;
#1273 = EDGE_CURVE ( 'NONE', #1224, #2920, #12, .T. ) ;
#1274 = LINE ( 'NONE', #3045, #977 ) ;
#1275 = LINE ( 'NONE', #1844, #2130 ) ;
#1276 = AXIS2_PLACEMENT_3D ( 'NONE', #1441, #3433, #209 ) ;
#1277 = EDGE_LOOP ( 'NONE', ( #1723, #3021 ) ) ;
#1278 = DIRECTION ( 'NONE',  ( -0.000000000000000000, -0.000000000000000000, 1.000000000000000000 ) ) ;
#1279 = DIRECTION ( 'NONE',  ( 1.000000000000000000, 0.000000000000000000, 0.000000000000000000 ) ) ;
#1280 = EDGE_CURVE ( 'NONE', #2658, #3285, #350, .T. ) ;
#1281 = CARTESIAN_POINT ( 'NONE',  ( 31.03937715335916891, -9.367506770274758310E-14, 15.90000000000000036 ) ) ;
#1282 = CIRCLE ( 'NONE', #787, 2.050000000000000711 ) ;
#1283 = ORIENTED_EDGE ( 'NONE', *, *, #3157, .F. ) ;
#1284 = ORIENTED_EDGE ( 'NONE', *, *, #896, .T. ) ;
#1285 = CARTESIAN_POINT ( 'NONE',  ( 29.22046713498076187, 16.87044456622753685, 19.00000000000000000 ) ) ;
#1286 = CIRCLE ( 'NONE', #2773, 40.00000000000000711 ) ;
#1287 = VERTEX_POINT ( 'NONE', #2132 ) ;
#1288 = AXIS2_PLACEMENT_3D ( 'NONE', #2870, #3205, #3476 ) ;
#1289 = DIRECTION ( 'NONE',  ( 1.000000000000000000, 0.000000000000000000, 0.000000000000000000 ) ) ;
#1290 = CARTESIAN_POINT ( 'NONE',  ( -247.2310161513760249, -20.00000000000068212, 8.000000000000000000 ) ) ;
#1291 = VECTOR ( 'NONE', #903, 1000.000000000000000 ) ;
#1292 = ORIENTED_EDGE ( 'NONE', *, *, #1411, .T. ) ;
#1293 = ADVANCED_FACE ( 'NONE', ( #882 ), #2321, .T. ) ;
#1294 = DIRECTION ( 'NONE',  ( -0.000000000000000000, -0.000000000000000000, -1.000000000000000000 ) ) ;
#1295 = CARTESIAN_POINT ( 'NONE',  ( -47.00000000000000711, 15.39999999999999503, 19.00000000000000000 ) ) ;
#1296 = EDGE_CURVE ( 'NONE', #3071, #1613, #185, .T. ) ;
#1297 = ORIENTED_EDGE ( 'NONE', *, *, #1717, .T. ) ;
#1298 = DIRECTION ( 'NONE',  ( -0.000000000000000000, -0.000000000000000000, 1.000000000000000000 ) ) ;
#1299 = PLANE ( 'NONE',  #1931 ) ;
#1300 = LINE ( 'NONE', #741, #2749 ) ;
#1301 = EDGE_LOOP ( 'NONE', ( #1097, #975, #159, #3708 ) ) ;
#1302 = ORIENTED_EDGE ( 'NONE', *, *, #1673, .F. ) ;
#1303 = DIRECTION ( 'NONE',  ( -0.000000000000000000, -0.000000000000000000, -1.000000000000000000 ) ) ;
#1304 = CIRCLE ( 'NONE', #3465, 45.00000000000000711 ) ;
#1305 = ORIENTED_EDGE ( 'NONE', *, *, #2910, .T. ) ;
#1306 = DIRECTION ( 'NONE',  ( 1.000000000000000000, 0.000000000000000000, 0.000000000000000000 ) ) ;
#1307 = AXIS2_PLACEMENT_3D ( 'NONE', #2890, #3779, #2867 ) ;
#1308 = DIRECTION ( 'NONE',  ( 1.000000000000000000, 0.000000000000000000, 0.000000000000000000 ) ) ;
#1309 = DIRECTION ( 'NONE',  ( 0.000000000000000000, 0.000000000000000000, -1.000000000000000000 ) ) ;
#1310 = AXIS2_PLACEMENT_3D ( 'NONE', #2624, #873, #3198 ) ;
#1311 = VERTEX_POINT ( 'NONE', #2686 ) ;
#1312 = CYLINDRICAL_SURFACE ( 'NONE', #2412, 10.00000000000000178 ) ;
#1313 = DIRECTION ( 'NONE',  ( 0.5000000000000078826, 0.8660254037844340447, 0.000000000000000000 ) ) ;
#1314 = CIRCLE ( 'NONE', #1124, 10.00000000000000888 ) ;
#1315 = VERTEX_POINT ( 'NONE', #1776 ) ;
#1316 = CARTESIAN_POINT ( 'NONE',  ( -162.4099999999999966, -40.00000000000004263, 10.00000000000000000 ) ) ;
#1317 = DIRECTION ( 'NONE',  ( 0.000000000000000000, 0.000000000000000000, -1.000000000000000000 ) ) ;
#1318 = DIRECTION ( 'NONE',  ( -1.000000000000000000, 1.500124635765237402E-14, 0.000000000000000000 ) ) ;
#1319 = CIRCLE ( 'NONE', #888, 2.050000000000000711 ) ;
#1320 = EDGE_CURVE ( 'NONE', #353, #1399, #1545, .T. ) ;
#1321 = LINE ( 'NONE', #1281, #748 ) ;
#1322 = ORIENTED_EDGE ( 'NONE', *, *, #1143, .T. ) ;
#1323 = VECTOR ( 'NONE', #1185, 1000.000000000000000 ) ;
#1324 = ORIENTED_EDGE ( 'NONE', *, *, #1649, .F. ) ;
#1325 = FACE_BOUND ( 'NONE', #1149, .T. ) ;
#1326 = EDGE_LOOP ( 'NONE', ( #1419, #1359 ) ) ;
#1327 = CARTESIAN_POINT ( 'NONE',  ( -2.049999999999756017, -35.00000000000000000, 22.05182899632296056 ) ) ;
#1328 = EDGE_LOOP ( 'NONE', ( #2162, #1655, #1297, #3220 ) ) ;
#1329 = LINE ( 'NONE', #1935, #2469 ) ;
#1330 = CARTESIAN_POINT ( 'NONE',  ( -244.6410161513767889, 19.99999999999946354, 10.00000000000000000 ) ) ;
#1331 = EDGE_CURVE ( 'NONE', #3794, #2824, #1413, .T. ) ;
#1332 = VERTEX_POINT ( 'NONE', #31 ) ;
#1333 = CARTESIAN_POINT ( 'NONE',  ( -3.430000000000012150, 33.01968857667959867, 15.90000000000000036 ) ) ;
#1334 = DIRECTION ( 'NONE',  ( 1.000000000000000000, -1.193529819696431811E-14, 0.000000000000000000 ) ) ;
#1335 = ORIENTED_EDGE ( 'NONE', *, *, #2472, .F. ) ;
#1336 = CLOSED_SHELL ( 'NONE', ( #2047, #2636, #2560, #1043, #3616, #218, #2652, #1131, #3441, #3560, #3606, #1394, #2632, #198, #1232, #800, #14, #666, #1587, #537, #1453, #614, #1566, #2604, #3637, #1215, #861, #3273, #1180, #711, #956, #2882, #2187, #428, #2818, #1401, #2031, #1909, #3041, #2463, #2871, #3791, #34, #293, #1516, #3134, #2543, #2317, #1874, #1551, #2447, #1293, #2623, #2885, #2159, #2829, #2657, #2833, #2555, #1016, #716, #1841, #3073, #3681, #2915, #2327, #3725, #2325, #2852, #1850, #3223, #971, #2510, #2201, #315, #1922, #3361, #2397, #945, #1790, #3622, #682, #2365, #2145, #1666, #156, #1511, #43, #3185, #1473, #2058, #2483, #375, #1067, #1986, #2449, #3008, #2034, #2934, #3320, #3456, #2023, #1888, #461, #1821, #158, #901, #3147, #2938, #2433, #2080, #779, #2353, #1056, #552, #2154, #1932, #2785, #1626, #2533, #982, #2572, #277, #577, #990, #3278, #1970, #1804 ) ) ;
#1337 = EDGE_LOOP ( 'NONE', ( #1284, #3464 ) ) ;
#1338 = EDGE_CURVE ( 'NONE', #987, #363, #3389, .T. ) ;
#1339 = CARTESIAN_POINT ( 'NONE',  ( -156.9999999999999716, -13.80000000000000604, 8.000000000000000000 ) ) ;
#1340 = AXIS2_PLACEMENT_3D ( 'NONE', #3334, #685, #3640 ) ;
#1341 = EDGE_CURVE ( 'NONE', #688, #57, #1818, .T. ) ;
#1342 = VERTEX_POINT ( 'NONE', #2423 ) ;
#1343 = CYLINDRICAL_SURFACE ( 'NONE', #1927, 2.590000000000008740 ) ;
#1344 = AXIS2_PLACEMENT_3D ( 'NONE', #3114, #181, #3130 ) ;
#1345 = CARTESIAN_POINT ( 'NONE',  ( 0.000000000000000000, 35.00000000000000000, 15.90000000000000036 ) ) ;
#1346 = EDGE_CURVE ( 'NONE', #1380, #3067, #2540, .T. ) ;
#1347 = AXIS2_PLACEMENT_3D ( 'NONE', #1037, #2770, #1073 ) ;
#1348 = EDGE_LOOP ( 'NONE', ( #679, #2553, #3141, #3197 ) ) ;
#1349 = ORIENTED_EDGE ( 'NONE', *, *, #996, .T. ) ;
#1350 = CARTESIAN_POINT ( 'NONE',  ( -56.00000000000000711, 9.797174393178719161E-16, 0.000000000000000000 ) ) ;
#1351 = DIRECTION ( 'NONE',  ( 0.8660254037844397068, 0.4999999999999981681, -0.000000000000000000 ) ) ;
#1352 = AXIS2_PLACEMENT_3D ( 'NONE', #1171, #366, #653 ) ;
#1353 = ORIENTED_EDGE ( 'NONE', *, *, #996, .F. ) ;
#1354 = EDGE_CURVE ( 'NONE', #3727, #1450, #739, .T. ) ;
#1355 = FACE_BOUND ( 'NONE', #3600, .T. ) ;
#1356 = SURFACE_SIDE_STYLE ('',( #2509 ) ) ;
#1357 = CARTESIAN_POINT ( 'NONE',  ( -38.96062284664084530, 4.093947403305264743E-13, 15.90000000000000036 ) ) ;
#1358 = VERTEX_POINT ( 'NONE', #3150 ) ;
#1359 = ORIENTED_EDGE ( 'NONE', *, *, #406, .F. ) ;
#1360 = DIRECTION ( 'NONE',  ( 0.8660254037844441477, 0.4999999999999905076, 0.000000000000000000 ) ) ;
#1361 = EDGE_CURVE ( 'NONE', #2538, #865, #2832, .T. ) ;
#1362 = ORIENTED_EDGE ( 'NONE', *, *, #1374, .F. ) ;
#1363 = DIRECTION ( 'NONE',  ( 1.000000000000000000, 0.000000000000000000, -0.000000000000000000 ) ) ;
#1364 = EDGE_CURVE ( 'NONE', #117, #2444, #2714, .T. ) ;
#1365 = DIRECTION ( 'NONE',  ( 1.000000000000000000, 0.000000000000000000, 0.000000000000000000 ) ) ;
#1366 = EDGE_LOOP ( 'NONE', ( #224, #3077, #551, #2104, #590, #2687 ) ) ;
#1367 = AXIS2_PLACEMENT_3D ( 'NONE', #1961, #2860, #1079 ) ;
#1368 = ORIENTED_EDGE ( 'NONE', *, *, #2479, .F. ) ;
#1369 = DIRECTION ( 'NONE',  ( 1.000000000000000000, 0.000000000000000000, 0.000000000000000000 ) ) ;
#1370 = CARTESIAN_POINT ( 'NONE',  ( -3.430000000000223093, -33.01968857667954182, 15.90000000000000036 ) ) ;
#1371 = AXIS2_PLACEMENT_3D ( 'NONE', #228, #1812, #2150 ) ;
#1372 = VERTEX_POINT ( 'NONE', #1745 ) ;
#1373 = AXIS2_PLACEMENT_3D ( 'NONE', #167, #1334, #1669 ) ;
#1374 = EDGE_CURVE ( 'NONE', #801, #2507, #3206, .T. ) ;
#1375 = DIRECTION ( 'NONE',  ( -0.000000000000000000, -0.000000000000000000, 1.000000000000000000 ) ) ;
#1376 = CARTESIAN_POINT ( 'NONE',  ( -188.8999999999999773, -2.571758278209442213E-14, 27.50000000000000355 ) ) ;
#1377 = VECTOR ( 'NONE', #1426, 1000.000000000000000 ) ;
#1378 = DIRECTION ( 'NONE',  ( 0.000000000000000000, 0.000000000000000000, -1.000000000000000000 ) ) ;
#1379 = ORIENTED_EDGE ( 'NONE', *, *, #766, .T. ) ;
#1380 = VERTEX_POINT ( 'NONE', #1179 ) ;
#1381 = VECTOR ( 'NONE', #677, 1000.000000000000000 ) ;
#1382 = CYLINDRICAL_SURFACE ( 'NONE', #204, 2.049999999999996270 ) ;
#1383 = DIRECTION ( 'NONE',  ( -0.000000000000000000, -0.000000000000000000, 1.000000000000000000 ) ) ;
#1384 = AXIS2_PLACEMENT_3D ( 'NONE', #2887, #442, #2782 ) ;
#1385 = FACE_OUTER_BOUND ( 'NONE', #825, .T. ) ;
#1386 = ORIENTED_EDGE ( 'NONE', *, *, #2253, .T. ) ;
#1387 = CARTESIAN_POINT ( 'NONE',  ( -164.9999999999999716, 40.00000000000000000, 17.00000000000000000 ) ) ;
#1388 = DIRECTION ( 'NONE',  ( -0.8660254037844410391, -0.4999999999999958922, -0.000000000000000000 ) ) ;
#1389 = DIRECTION ( 'NONE',  ( 4.598922241032115418E-15, 1.000000000000000000, 0.000000000000000000 ) ) ;
#1390 = EDGE_CURVE ( 'NONE', #109, #1400, #3271, .T. ) ;
#1391 = ORIENTED_EDGE ( 'NONE', *, *, #949, .T. ) ;
#1392 = DIRECTION ( 'NONE',  ( -4.598922241032114630E-15, -1.000000000000000000, 0.000000000000000000 ) ) ;
#1393 = DIRECTION ( 'NONE',  ( -1.000000000000000000, 0.000000000000000000, 0.000000000000000000 ) ) ;
#1394 = ADVANCED_FACE ( 'NONE', ( #1803 ), #3249, .F. ) ;
#1395 = ORIENTED_EDGE ( 'NONE', *, *, #3755, .F. ) ;
#1396 = CARTESIAN_POINT ( 'NONE',  ( -210.0000000000000000, -2.571758278209442213E-14, 8.000000000000000000 ) ) ;
#1397 = DIRECTION ( 'NONE',  ( 0.8660254037844360431, -0.5000000000000044409, 0.000000000000000000 ) ) ;
#1398 = PLANE ( 'NONE',  #3591 ) ;
#1399 = VERTEX_POINT ( 'NONE', #2985 ) ;
#1400 = VERTEX_POINT ( 'NONE', #2039 ) ;
#1401 = ADVANCED_FACE ( 'NONE', ( #1766 ), #341, .T. ) ;
#1402 = PLANE ( 'NONE',  #3534 ) ;
#1403 = DIRECTION ( 'NONE',  ( -1.000000000000000000, 0.000000000000000000, 0.000000000000000000 ) ) ;
#1404 = AXIS2_PLACEMENT_3D ( 'NONE', #3759, #1730, #2289 ) ;
#1405 = VERTEX_POINT ( 'NONE', #2944 ) ;
#1406 = DIRECTION ( 'NONE',  ( 1.000000000000000000, 0.000000000000000000, 0.000000000000000000 ) ) ;
#1407 = VERTEX_POINT ( 'NONE', #3212 ) ;
#1408 = LINE ( 'NONE', #15, #1474 ) ;
#1409 = DIRECTION ( 'NONE',  ( 1.000000000000000000, 0.000000000000000000, 0.000000000000000000 ) ) ;
#1410 = AXIS2_PLACEMENT_3D ( 'NONE', #2011, #3535, #3187 ) ;
#1411 = EDGE_CURVE ( 'NONE', #1933, #268, #1165, .T. ) ;
#1412 = ORIENTED_EDGE ( 'NONE', *, *, #1091, .F. ) ;
#1413 = CIRCLE ( 'NONE', #78, 2.590000000000008740 ) ;
#1414 = DIRECTION ( 'NONE',  ( -1.000000000000000000, 0.000000000000000000, 0.000000000000000000 ) ) ;
#1415 = DIRECTION ( 'NONE',  ( -0.000000000000000000, -0.000000000000000000, 1.000000000000000000 ) ) ;
#1416 = LINE ( 'NONE', #1454, #579 ) ;
#1417 = DIRECTION ( 'NONE',  ( 0.000000000000000000, 0.000000000000000000, -1.000000000000000000 ) ) ;
#1418 = VERTEX_POINT ( 'NONE', #2926 ) ;
#1419 = ORIENTED_EDGE ( 'NONE', *, *, #1220, .F. ) ;
#1420 = CARTESIAN_POINT ( 'NONE',  ( -34.99999999999999289, -1.222018468595096801E-13, 0.000000000000000000 ) ) ;
#1421 = FACE_OUTER_BOUND ( 'NONE', #75, .T. ) ;
#1422 = DIRECTION ( 'NONE',  ( -0.000000000000000000, -0.000000000000000000, 1.000000000000000000 ) ) ;
#1423 = EDGE_LOOP ( 'NONE', ( #2528, #1989, #2700, #1677 ) ) ;
#1424 = DIRECTION ( 'NONE',  ( -0.000000000000000000, -0.000000000000000000, 1.000000000000000000 ) ) ;
#1425 = FACE_BOUND ( 'NONE', #904, .T. ) ;
#1426 = DIRECTION ( 'NONE',  ( 0.000000000000000000, 0.000000000000000000, -1.000000000000000000 ) ) ;
#1427 = VECTOR ( 'NONE', #2311, 1000.000000000000000 ) ;
#1428 = DIRECTION ( 'NONE',  ( -0.000000000000000000, 0.000000000000000000, 1.000000000000000000 ) ) ;
#1429 = EDGE_LOOP ( 'NONE', ( #516, #1481, #1486, #410 ) ) ;
#1430 = VECTOR ( 'NONE', #1303, 1000.000000000000000 ) ;
#1431 = DIRECTION ( 'NONE',  ( -1.000000000000000000, 0.000000000000000000, 0.000000000000000000 ) ) ;
#1432 = CYLINDRICAL_SURFACE ( 'NONE', #3166, 45.00000000000000711 ) ;
#1433 = DIRECTION ( 'NONE',  ( 1.000000000000000000, 0.000000000000000000, 0.000000000000000000 ) ) ;
#1434 = AXIS2_PLACEMENT_3D ( 'NONE', #1477, #627, #2315 ) ;
#1435 = APPLICATION_CONTEXT ( 'automotive_design' ) ;
#1436 = ORIENTED_EDGE ( 'NONE', *, *, #1354, .T. ) ;
#1437 = FACE_OUTER_BOUND ( 'NONE', #2883, .T. ) ;
#1438 = DIRECTION ( 'NONE',  ( -0.000000000000000000, -0.000000000000000000, -1.000000000000000000 ) ) ;
#1439 = VECTOR ( 'NONE', #2138, 1000.000000000000000 ) ;
#1440 = DIRECTION ( 'NONE',  ( -1.000000000000000000, 0.000000000000000000, 0.000000000000000000 ) ) ;
#1441 = CARTESIAN_POINT ( 'NONE',  ( 0.000000000000000000, 35.00000000000000000, 22.05182899632296056 ) ) ;
#1442 = ORIENTED_EDGE ( 'NONE', *, *, #335, .F. ) ;
#1443 = VECTOR ( 'NONE', #2135, 1000.000000000000000 ) ;
#1444 = ORIENTED_EDGE ( 'NONE', *, *, #2667, .T. ) ;
#1445 = DIRECTION ( 'NONE',  ( -1.000000000000000000, 0.000000000000000000, 0.000000000000000000 ) ) ;
#1446 = AXIS2_PLACEMENT_3D ( 'NONE', #2972, #2681, #48 ) ;
#1447 = DIRECTION ( 'NONE',  ( 1.000000000000000000, 0.000000000000000000, 0.000000000000000000 ) ) ;
#1448 = DIRECTION ( 'NONE',  ( -0.000000000000000000, 0.000000000000000000, 1.000000000000000000 ) ) ;
#1449 = CARTESIAN_POINT ( 'NONE',  ( -242.0510161513760465, -20.00000000000068212, 10.00000000000000000 ) ) ;
#1450 = VERTEX_POINT ( 'NONE', #281 ) ;
#1451 = AXIS2_PLACEMENT_3D ( 'NONE', #2950, #304, #3013 ) ;
#1452 = DIRECTION ( 'NONE',  ( 1.000000000000000000, 0.000000000000000000, 0.000000000000000000 ) ) ;
#1453 = ADVANCED_FACE ( 'NONE', ( #1158 ), #2373, .F. ) ;
#1454 = CARTESIAN_POINT ( 'NONE',  ( -45.40000000000003411, -15.40000000000000568, 0.000000000000000000 ) ) ;
#1455 = ORIENTED_EDGE ( 'NONE', *, *, #774, .T. ) ;
#1456 = DIRECTION ( 'NONE',  ( 0.4999999999999896194, -0.8660254037844445918, 0.000000000000000000 ) ) ;
#1457 = CARTESIAN_POINT ( 'NONE',  ( -210.0000000000000000, -45.00000000000005684, 19.00000000000000000 ) ) ;
#1458 = DIRECTION ( 'NONE',  ( -1.000000000000000000, 0.000000000000000000, 0.000000000000000000 ) ) ;
#1459 = EDGE_LOOP ( 'NONE', ( #2908, #2561 ) ) ;
#1460 = ORIENTED_EDGE ( 'NONE', *, *, #541, .T. ) ;
#1461 = DIRECTION ( 'NONE',  ( 0.5000000000000133227, 0.8660254037844308250, 0.000000000000000000 ) ) ;
#1462 = EDGE_CURVE ( 'NONE', #3768, #307, #1479, .T. ) ;
#1463 = VERTEX_POINT ( 'NONE', #3542 ) ;
#1464 = AXIS2_PLACEMENT_3D ( 'NONE', #1672, #2567, #2002 ) ;
#1465 = CARTESIAN_POINT ( 'NONE',  ( -47.00000000000000711, 15.39999999999999503, 0.000000000000000000 ) ) ;
#1466 = CARTESIAN_POINT ( 'NONE',  ( 0.000000000000000000, 0.000000000000000000, 10.00000000000000000 ) ) ;
#1467 = EDGE_CURVE ( 'NONE', #2332, #1269, #2266, .T. ) ;
#1468 = ORIENTED_EDGE ( 'NONE', *, *, #596, .T. ) ;
#1469 = FACE_OUTER_BOUND ( 'NONE', #764, .T. ) ;
#1470 = PLANE ( 'NONE',  #2676 ) ;
#1471 = VECTOR ( 'NONE', #80, 1000.000000000000000 ) ;
#1472 = CARTESIAN_POINT ( 'NONE',  ( -74.99999999999998579, -40.00000000000002842, 19.00000000000000000 ) ) ;
#1473 = ADVANCED_FACE ( 'NONE', ( #1782 ), #2968, .T. ) ;
#1474 = VECTOR ( 'NONE', #1720, 1000.000000000000000 ) ;
#1475 = ORIENTED_EDGE ( 'NONE', *, *, #258, .T. ) ;
#1476 = CARTESIAN_POINT ( 'NONE',  ( -156.9999999999999716, -15.40000000000000568, 8.000000000000000000 ) ) ;
#1477 = CARTESIAN_POINT ( 'NONE',  ( 2.779282007663871836E-14, 3.430000000000160920, 19.00000000000000000 ) ) ;
#1478 = DIRECTION ( 'NONE',  ( 1.000000000000000000, 0.000000000000000000, 0.000000000000000000 ) ) ;
#1479 = CIRCLE ( 'NONE', #1588, 2.590000000000008740 ) ;
#1480 = LINE ( 'NONE', #2698, #2021 ) ;
#1481 = ORIENTED_EDGE ( 'NONE', *, *, #3213, .T. ) ;
#1482 = VERTEX_POINT ( 'NONE', #1449 ) ;
#1483 = DIRECTION ( 'NONE',  ( -0.000000000000000000, -0.000000000000000000, -1.000000000000000000 ) ) ;
#1484 = DIRECTION ( 'NONE',  ( -1.000000000000000000, 8.540855590488227308E-15, -0.000000000000000000 ) ) ;
#1485 = DIRECTION ( 'NONE',  ( 0.000000000000000000, -0.000000000000000000, -1.000000000000000000 ) ) ;
#1486 = ORIENTED_EDGE ( 'NONE', *, *, #192, .T. ) ;
#1487 = LINE ( 'NONE', #963, #1443 ) ;
#1488 = ORIENTED_EDGE ( 'NONE', *, *, #3391, .F. ) ;
#1489 = CARTESIAN_POINT ( 'NONE',  ( -164.9999999999999716, 40.00000000000000000, 8.000000000000000000 ) ) ;
#1490 = DIRECTION ( 'NONE',  ( -0.000000000000000000, -0.000000000000000000, 1.000000000000000000 ) ) ;
#1491 = AXIS2_PLACEMENT_3D ( 'NONE', #3699, #1026, #2511 ) ;
#1492 = ORIENTED_EDGE ( 'NONE', *, *, #1341, .T. ) ;
#1493 = VECTOR ( 'NONE', #2844, 1000.000000000000000 ) ;
#1494 = DIRECTION ( 'NONE',  ( 0.000000000000000000, -0.000000000000000000, -1.000000000000000000 ) ) ;
#1495 = CYLINDRICAL_SURFACE ( 'NONE', #3782, 10.00000000000000888 ) ;
#1496 = CARTESIAN_POINT ( 'NONE',  ( -210.0000000000000000, -2.571758278209442213E-14, 19.00000000000000355 ) ) ;
#1497 = AXIS2_PLACEMENT_3D ( 'NONE', #2144, #3319, #385 ) ;
#1498 = ORIENTED_EDGE ( 'NONE', *, *, #3341, .T. ) ;
#1499 = EDGE_CURVE ( 'NONE', #2293, #512, #1740, .T. ) ;
#1500 = ORIENTED_EDGE ( 'NONE', *, *, #2359, .T. ) ;
#1501 = CIRCLE ( 'NONE', #3660, 2.589999999999981206 ) ;
#1502 = CARTESIAN_POINT ( 'NONE',  ( 0.000000000000000000, 0.000000000000000000, 10.00000000000000000 ) ) ;
#1503 = CARTESIAN_POINT ( 'NONE',  ( -74.99999999999998579, -40.00000000000002842, 8.000000000000000000 ) ) ;
#1504 = VECTOR ( 'NONE', #2771, 1000.000000000000000 ) ;
#1505 = VERTEX_POINT ( 'NONE', #2919 ) ;
#1506 = EDGE_CURVE ( 'NONE', #260, #1047, #3808, .T. ) ;
#1507 = AXIS2_PLACEMENT_3D ( 'NONE', #531, #1604, #1034 ) ;
#1508 = FACE_OUTER_BOUND ( 'NONE', #1910, .T. ) ;
#1509 = DIRECTION ( 'NONE',  ( -0.000000000000000000, -0.000000000000000000, -1.000000000000000000 ) ) ;
#1510 = CIRCLE ( 'NONE', #1694, 1.599999999999990319 ) ;
#1511 = ADVANCED_FACE ( 'NONE', ( #368 ), #1547, .F. ) ;
#1512 = ORIENTED_EDGE ( 'NONE', *, *, #2331, .T. ) ;
#1513 = CARTESIAN_POINT ( 'NONE',  ( -156.9999999999999716, -13.80000000000000604, 0.000000000000000000 ) ) ;
#1514 = DIRECTION ( 'NONE',  ( -0.000000000000000000, -0.000000000000000000, 1.000000000000000000 ) ) ;
#1515 = VECTOR ( 'NONE', #687, 1000.000000000000000 ) ;
#1516 = ADVANCED_FACE ( 'NONE', ( #2907 ), #227, .T. ) ;
#1517 = EDGE_LOOP ( 'NONE', ( #2704, #330, #2825, #3711 ) ) ;
#1518 = CARTESIAN_POINT ( 'NONE',  ( -210.0000000000000000, -2.571758278209442213E-14, 17.00000000000000000 ) ) ;
#1519 = DIRECTION ( 'NONE',  ( -0.000000000000000000, -0.000000000000000000, -1.000000000000000000 ) ) ;
#1520 = DIRECTION ( 'NONE',  ( -0.000000000000000000, -0.000000000000000000, 1.000000000000000000 ) ) ;
#1521 = EDGE_CURVE ( 'NONE', #1051, #2173, #3624, .T. ) ;
#1522 = EDGE_LOOP ( 'NONE', ( #313, #1820, #1942, #2853 ) ) ;
#1523 = EDGE_CURVE ( 'NONE', #8, #2206, #3704, .T. ) ;
#1524 = VERTEX_POINT ( 'NONE', #3415 ) ;
#1525 = LINE ( 'NONE', #2976, #2914 ) ;
#1526 = CARTESIAN_POINT ( 'NONE',  ( -16.87044456622764699, 29.22046713498069437, 19.00000000000000000 ) ) ;
#1527 = CARTESIAN_POINT ( 'NONE',  ( -32.59000000000001052, 40.00000000000000000, 17.00000000000000000 ) ) ;
#1528 = VERTEX_POINT ( 'NONE', #245 ) ;
#1529 = DIRECTION ( 'NONE',  ( 1.000000000000000000, 0.000000000000000000, 0.000000000000000000 ) ) ;
#1530 = VECTOR ( 'NONE', #1838, 1000.000000000000000 ) ;
#1531 = ORIENTED_EDGE ( 'NONE', *, *, #2718, .T. ) ;
#1532 = DIRECTION ( 'NONE',  ( -0.000000000000000000, -0.000000000000000000, -1.000000000000000000 ) ) ;
#1533 = DIRECTION ( 'NONE',  ( 0.000000000000000000, 0.000000000000000000, 1.000000000000000000 ) ) ;
#1534 = DIRECTION ( 'NONE',  ( 0.000000000000000000, 0.000000000000000000, -1.000000000000000000 ) ) ;
#1535 = EDGE_LOOP ( 'NONE', ( #1671, #206, #3356, #3652 ) ) ;
#1536 = AXIS2_PLACEMENT_3D ( 'NONE', #40, #2691, #966 ) ;
#1537 = DIRECTION ( 'NONE',  ( 0.000000000000000000, 0.000000000000000000, -1.000000000000000000 ) ) ;
#1538 = DIRECTION ( 'NONE',  ( -0.000000000000000000, -0.000000000000000000, -1.000000000000000000 ) ) ;
#1539 = CARTESIAN_POINT ( 'NONE',  ( 36.98031142332038002, -3.430000000000145377, 15.90000000000000036 ) ) ;
#1540 = DIRECTION ( 'NONE',  ( 1.000000000000000000, 0.000000000000000000, 0.000000000000000000 ) ) ;
#1541 = VECTOR ( 'NONE', #1484, 1000.000000000000000 ) ;
#1542 = ORIENTED_EDGE ( 'NONE', *, *, #3241, .T. ) ;
#1543 = EDGE_LOOP ( 'NONE', ( #2884, #2222, #935, #1064 ) ) ;
#1544 = CARTESIAN_POINT ( 'NONE',  ( -30.00000000000000000, -40.00000000000001421, 17.00000000000000000 ) ) ;
#1545 = CIRCLE ( 'NONE', #678, 2.049999999999996270 ) ;
#1546 = CARTESIAN_POINT ( 'NONE',  ( -210.0000000000000000, 45.00000000000000000, 19.00000000000000000 ) ) ;
#1547 = CYLINDRICAL_SURFACE ( 'NONE', #1148, 2.590000000000008740 ) ;
#1548 = ORIENTED_EDGE ( 'NONE', *, *, #2875, .F. ) ;
#1549 = EDGE_CURVE ( 'NONE', #2444, #117, #2948, .T. ) ;
#1550 = LINE ( 'NONE', #3324, #705 ) ;
#1551 = ADVANCED_FACE ( 'NONE', ( #555 ), #1654, .T. ) ;
#1552 = ORIENTED_EDGE ( 'NONE', *, *, #815, .F. ) ;
#1553 = CARTESIAN_POINT ( 'NONE',  ( 9.453492713791213459E-22, 45.00000000000000711, 19.00000000000000000 ) ) ;
#1554 = DIRECTION ( 'NONE',  ( -0.000000000000000000, -0.000000000000000000, 1.000000000000000000 ) ) ;
#1555 = ORIENTED_EDGE ( 'NONE', *, *, #1684, .T. ) ;
#1556 = CYLINDRICAL_SURFACE ( 'NONE', #362, 10.00000000000000178 ) ;
#1557 = DIRECTION ( 'NONE',  ( -1.000000000000000000, 0.000000000000000000, 0.000000000000000000 ) ) ;
#1558 = EDGE_CURVE ( 'NONE', #1463, #347, #2547, .T. ) ;
#1559 = DIRECTION ( 'NONE',  ( -0.000000000000000000, 0.000000000000000000, 1.000000000000000000 ) ) ;
#1560 = AXIS2_PLACEMENT_3D ( 'NONE', #1715, #802, #1656 ) ;
#1561 = ORIENTED_EDGE ( 'NONE', *, *, #2167, .F. ) ;
#1562 = VERTEX_POINT ( 'NONE', #266 ) ;
#1563 = FACE_OUTER_BOUND ( 'NONE', #1543, .T. ) ;
#1564 = CYLINDRICAL_SURFACE ( 'NONE', #1352, 2.050000000000003375 ) ;
#1565 = VECTOR ( 'NONE', #3469, 1000.000000000000000 ) ;
#1566 = ADVANCED_FACE ( 'NONE', ( #763 ), #1675, .F. ) ;
#1567 = ORIENTED_EDGE ( 'NONE', *, *, #1499, .F. ) ;
#1568 = AXIS2_PLACEMENT_3D ( 'NONE', #2679, #263, #47 ) ;
#1569 = LINE ( 'NONE', #1270, #2103 ) ;
#1570 = DIRECTION ( 'NONE',  ( 1.000000000000000000, -7.883866698912196959E-15, -0.000000000000000000 ) ) ;
#1571 = AXIS2_PLACEMENT_3D ( 'NONE', #430, #1608, #2787 ) ;
#1572 = ORIENTED_EDGE ( 'NONE', *, *, #2707, .F. ) ;
#1573 = CIRCLE ( 'NONE', #3726, 27.44619903340939970 ) ;
#1574 = EDGE_CURVE ( 'NONE', #3317, #2987, #3438, .T. ) ;
#1575 = DIRECTION ( 'NONE',  ( 1.000000000000000000, 0.000000000000000000, 0.000000000000000000 ) ) ;
#1576 = LINE ( 'NONE', #81, #3296 ) ;
#1577 = UNCERTAINTY_MEASURE_WITH_UNIT (LENGTH_MEASURE( 1.000000000000000082E-05 ), #2580, 'distance_accuracy_value', 'NONE');
#1578 = ORIENTED_EDGE ( 'NONE', *, *, #3063, .T. ) ;
#1579 = DIRECTION ( 'NONE',  ( -0.8660254037844329345, 0.5000000000000098810, 0.000000000000000000 ) ) ;
#1580 = CARTESIAN_POINT ( 'NONE',  ( -30.00000000000000000, 40.00000000000000000, 10.00000000000000000 ) ) ;
#1581 = CARTESIAN_POINT ( 'NONE',  ( -244.6410161513760499, -20.00000000000068212, 8.000000000000000000 ) ) ;
#1582 = ORIENTED_EDGE ( 'NONE', *, *, #335, .T. ) ;
#1583 = ORIENTED_EDGE ( 'NONE', *, *, #3612, .F. ) ;
#1584 = LINE ( 'NONE', #105, #2297 ) ;
#1585 = ORIENTED_EDGE ( 'NONE', *, *, #1390, .F. ) ;
#1586 = DIRECTION ( 'NONE',  ( -1.000000000000000000, 0.000000000000000000, 0.000000000000000000 ) ) ;
#1587 = ADVANCED_FACE ( 'NONE', ( #532 ), #1713, .F. ) ;
#1588 = AXIS2_PLACEMENT_3D ( 'NONE', #1472, #2059, #589 ) ;
#1589 = ORIENTED_EDGE ( 'NONE', *, *, #3432, .T. ) ;
#1590 = EDGE_CURVE ( 'NONE', #1399, #801, #246, .T. ) ;
#1591 = LINE ( 'NONE', #2208, #848 ) ;
#1592 = DIRECTION ( 'NONE',  ( -0.000000000000000000, -0.000000000000000000, 1.000000000000000000 ) ) ;
#1593 = AXIS2_PLACEMENT_3D ( 'NONE', #2678, #1494, #2988 ) ;
#1594 = ORIENTED_EDGE ( 'NONE', *, *, #3570, .F. ) ;
#1595 = LINE ( 'NONE', #450, #3323 ) ;
#1596 = CARTESIAN_POINT ( 'NONE',  ( -210.0000000000000000, -2.571758278209442213E-14, 27.50000000000000355 ) ) ;
#1597 = VECTOR ( 'NONE', #3620, 1000.000000000000000 ) ;
#1598 = DIRECTION ( 'NONE',  ( -0.000000000000000000, -0.000000000000000000, 1.000000000000000000 ) ) ;
#1599 = EDGE_LOOP ( 'NONE', ( #2007, #1925 ) ) ;
#1600 = ORIENTED_EDGE ( 'NONE', *, *, #1750, .T. ) ;
#1601 = CARTESIAN_POINT ( 'NONE',  ( -162.4099999999999966, 40.00000000000000000, 10.00000000000000000 ) ) ;
#1602 = ORIENTED_EDGE ( 'NONE', *, *, #1757, .F. ) ;
#1603 = VECTOR ( 'NONE', #1388, 1000.000000000000114 ) ;
#1604 = DIRECTION ( 'NONE',  ( -0.000000000000000000, -0.000000000000000000, 1.000000000000000000 ) ) ;
#1605 = VERTEX_POINT ( 'NONE', #6 ) ;
#1606 = CARTESIAN_POINT ( 'NONE',  ( -3.429999999999993943, 36.98031142332043686, 15.90000000000000036 ) ) ;
#1607 = EDGE_CURVE ( 'NONE', #968, #3317, #1480, .T. ) ;
#1608 = DIRECTION ( 'NONE',  ( -0.000000000000000000, -0.000000000000000000, -1.000000000000000000 ) ) ;
#1609 = VERTEX_POINT ( 'NONE', #2641 ) ;
#1610 = CARTESIAN_POINT ( 'NONE',  ( -38.96062284664084530, 4.093947403305264743E-13, 19.00000000000000000 ) ) ;
#1611 = CARTESIAN_POINT ( 'NONE',  ( -1.486905836551549079E-15, 45.00000000000000711, 8.000000000000000000 ) ) ;
#1612 = ORIENTED_EDGE ( 'NONE', *, *, #2863, .T. ) ;
#1613 = VERTEX_POINT ( 'NONE', #2109 ) ;
#1614 = CARTESIAN_POINT ( 'NONE',  ( 1.540743955509788682E-30, -45.00000000000000711, 8.000000000000000000 ) ) ;
#1615 = CIRCLE ( 'NONE', #3774, 27.44619903340939970 ) ;
#1616 = ORIENTED_EDGE ( 'NONE', *, *, #2769, .F. ) ;
#1617 = EDGE_CURVE ( 'NONE', #3434, #858, #3549, .T. ) ;
#1618 = EDGE_CURVE ( 'NONE', #2824, #1224, #1166, .T. ) ;
#1619 = CARTESIAN_POINT ( 'NONE',  ( -30.00000000000000000, 40.00000000000000000, 10.00000000000000000 ) ) ;
#1620 = CARTESIAN_POINT ( 'NONE',  ( -34.99999999999999289, -1.222018468595096801E-13, 22.05182899632296056 ) ) ;
#1621 = AXIS2_PLACEMENT_3D ( 'NONE', #1580, #2756, #970 ) ;
#1622 = ORIENTED_EDGE ( 'NONE', *, *, #3213, .F. ) ;
#1623 = CIRCLE ( 'NONE', #1688, 40.00000000000000711 ) ;
#1624 = LINE ( 'NONE', #2804, #2346 ) ;
#1625 = DIRECTION ( 'NONE',  ( 1.193529819696431811E-14, 1.000000000000000000, -0.000000000000000000 ) ) ;
#1626 = ADVANCED_FACE ( 'NONE', ( #361 ), #1789, .F. ) ;
#1627 = AXIS2_PLACEMENT_3D ( 'NONE', #2426, #1271, #390 ) ;
#1628 = ORIENTED_EDGE ( 'NONE', *, *, #2957, .F. ) ;
#1629 = FACE_OUTER_BOUND ( 'NONE', #2337, .T. ) ;
#1630 = DIRECTION ( 'NONE',  ( 1.000000000000000000, 0.000000000000000000, 0.000000000000000000 ) ) ;
#1631 = EDGE_CURVE ( 'NONE', #1047, #2726, #1948, .T. ) ;
#1632 = DIRECTION ( 'NONE',  ( 1.000000000000000000, 0.000000000000000000, 0.000000000000000000 ) ) ;
#1633 = ORIENTED_EDGE ( 'NONE', *, *, #1105, .F. ) ;
#1634 = VERTEX_POINT ( 'NONE', #1222 ) ;
#1635 = FACE_OUTER_BOUND ( 'NONE', #1248, .T. ) ;
#1636 = EDGE_CURVE ( 'NONE', #2459, #2332, #2418, .T. ) ;
#1637 = APPLICATION_CONTEXT ( 'automotive_design' ) ;
#1638 = EDGE_CURVE ( 'NONE', #3118, #3768, #2437, .T. ) ;
#1639 = VERTEX_POINT ( 'NONE', #955 ) ;
#1640 = DIRECTION ( 'NONE',  ( -0.000000000000000000, -0.000000000000000000, -1.000000000000000000 ) ) ;
#1641 = DIRECTION ( 'NONE',  ( 1.000000000000000000, 0.000000000000000000, 0.000000000000000000 ) ) ;
#1642 = ORIENTED_EDGE ( 'NONE', *, *, #1346, .F. ) ;
#1643 = CARTESIAN_POINT ( 'NONE',  ( -56.00000000000000711, 10.00000000000000000, 0.000000000000000000 ) ) ;
#1644 = LINE ( 'NONE', #1370, #946 ) ;
#1645 = EDGE_LOOP ( 'NONE', ( #3307, #79, #2797, #1349 ) ) ;
#1646 = CARTESIAN_POINT ( 'NONE',  ( 38.96062284664083819, -1.422473250300981817E-13, 15.90000000000000036 ) ) ;
#1647 = LINE ( 'NONE', #508, #1993 ) ;
#1648 = DIRECTION ( 'NONE',  ( 1.000000000000000000, -1.500124635765237402E-14, 0.000000000000000000 ) ) ;
#1649 = EDGE_CURVE ( 'NONE', #1315, #3492, #1753, .T. ) ;
#1650 = ORIENTED_EDGE ( 'NONE', *, *, #1261, .F. ) ;
#1651 = DIRECTION ( 'NONE',  ( 1.000000000000000000, 0.000000000000000000, 0.000000000000000000 ) ) ;
#1652 = EDGE_LOOP ( 'NONE', ( #2495, #2001, #3578, #2733, #2046 ) ) ;
#1653 = LINE ( 'NONE', #3180, #1565 ) ;
#1654 = PLANE ( 'NONE',  #2087 ) ;
#1655 = ORIENTED_EDGE ( 'NONE', *, *, #1945, .T. ) ;
#1656 = DIRECTION ( 'NONE',  ( 1.000000000000000000, 0.000000000000000000, 0.000000000000000000 ) ) ;
#1657 = AXIS2_PLACEMENT_3D ( 'NONE', #3367, #464, #125 ) ;
#1658 = DIRECTION ( 'NONE',  ( -0.000000000000000000, -0.000000000000000000, 1.000000000000000000 ) ) ;
#1659 = EDGE_CURVE ( 'NONE', #2810, #2861, #1300, .T. ) ;
#1660 = AXIS2_PLACEMENT_3D ( 'NONE', #2916, #216, #1129 ) ;
#1661 = ORIENTED_EDGE ( 'NONE', *, *, #2322, .F. ) ;
#1662 = VERTEX_POINT ( 'NONE', #2492 ) ;
#1663 = DIRECTION ( 'NONE',  ( 0.000000000000000000, -0.000000000000000000, -1.000000000000000000 ) ) ;
#1664 = DIRECTION ( 'NONE',  ( -0.000000000000000000, -0.000000000000000000, 1.000000000000000000 ) ) ;
#1665 = CIRCLE ( 'NONE', #2895, 2.590000000000008740 ) ;
#1666 = ADVANCED_FACE ( 'NONE', ( #3388 ), #1012, .F. ) ;
#1667 = VERTEX_POINT ( 'NONE', #1263 ) ;
#1668 = LINE ( 'NONE', #2302, #973 ) ;
#1669 = DIRECTION ( 'NONE',  ( 1.193529819696431811E-14, 1.000000000000000000, 0.000000000000000000 ) ) ;
#1670 = DIRECTION ( 'NONE',  ( 1.000000000000000000, 0.000000000000000000, 0.000000000000000000 ) ) ;
#1671 = ORIENTED_EDGE ( 'NONE', *, *, #2303, .T. ) ;
#1672 = CARTESIAN_POINT ( 'NONE',  ( -74.99999999999998579, 40.00000000000000000, 17.00000000000000000 ) ) ;
#1673 = EDGE_CURVE ( 'NONE', #3544, #3086, #389, .T. ) ;
#1674 = LINE ( 'NONE', #1099, #1742 ) ;
#1675 = CYLINDRICAL_SURFACE ( 'NONE', #1276, 2.050000000000000711 ) ;
#1676 = LINE ( 'NONE', #1142, #2177 ) ;
#1677 = ORIENTED_EDGE ( 'NONE', *, *, #1364, .T. ) ;
#1678 = PLANE ( 'NONE',  #3047 ) ;
#1679 = EDGE_CURVE ( 'NONE', #1372, #993, #138, .T. ) ;
#1680 = EDGE_LOOP ( 'NONE', ( #3421, #3395 ) ) ;
#1681 = CARTESIAN_POINT ( 'NONE',  ( 3.429999999999781224, -33.01968857667961998, 19.00000000000000000 ) ) ;
#1682 = CARTESIAN_POINT ( 'NONE',  ( -120.0000000000000000, 40.00000000000000000, 19.00000000000000000 ) ) ;
#1683 = AXIS2_PLACEMENT_3D ( 'NONE', #2761, #3626, #1908 ) ;
#1684 = EDGE_CURVE ( 'NONE', #1092, #1613, #2809, .T. ) ;
#1685 = EDGE_LOOP ( 'NONE', ( #3773, #3399 ) ) ;
#1686 = VECTOR ( 'NONE', #1808, 999.9999999999998863 ) ;
#1687 = DIRECTION ( 'NONE',  ( -0.000000000000000000, -0.000000000000000000, 1.000000000000000000 ) ) ;
#1688 = AXIS2_PLACEMENT_3D ( 'NONE', #3029, #3294, #2172 ) ;
#1689 = CARTESIAN_POINT ( 'NONE',  ( -31.03937715335916181, 3.070460552478948557E-13, 15.90000000000000036 ) ) ;
#1690 = EDGE_LOOP ( 'NONE', ( #2215, #1498, #2098, #2858 ) ) ;
#1691 = ORIENTED_EDGE ( 'NONE', *, *, #824, .F. ) ;
#1692 = FACE_OUTER_BOUND ( 'NONE', #1044, .T. ) ;
#1693 = CARTESIAN_POINT ( 'NONE',  ( 2.444036937190193601E-13, -35.00000000000000000, 22.05182899632296056 ) ) ;
#1694 = AXIS2_PLACEMENT_3D ( 'NONE', #2108, #323, #67 ) ;
#1695 = CARTESIAN_POINT ( 'NONE',  ( -31.03937715335916181, 3.070460552478948557E-13, 15.90000000000000036 ) ) ;
#1696 = ORIENTED_EDGE ( 'NONE', *, *, #475, .T. ) ;
#1697 = LINE ( 'NONE', #2849, #3155 ) ;
#1698 = DIRECTION ( 'NONE',  ( -1.000000000000000000, 0.000000000000000000, 0.000000000000000000 ) ) ;
#1699 = EDGE_CURVE ( 'NONE', #3562, #688, #3160, .T. ) ;
#1700 = ORIENTED_EDGE ( 'NONE', *, *, #2239, .T. ) ;
#1701 = EDGE_CURVE ( 'NONE', #884, #1870, #972, .T. ) ;
#1702 = LINE ( 'NONE', #1681, #2653 ) ;
#1703 = DIRECTION ( 'NONE',  ( -1.000000000000000000, 2.838638415234776052E-16, -0.000000000000000000 ) ) ;
#1704 = ORIENTED_EDGE ( 'NONE', *, *, #2070, .F. ) ;
#1705 = DIRECTION ( 'NONE',  ( -1.000000000000000000, 0.000000000000000000, 0.000000000000000000 ) ) ;
#1706 = DIRECTION ( 'NONE',  ( -0.000000000000000000, -0.000000000000000000, 1.000000000000000000 ) ) ;
#1707 = DIRECTION ( 'NONE',  ( -0.000000000000000000, -0.000000000000000000, 1.000000000000000000 ) ) ;
#1708 = DIRECTION ( 'NONE',  ( -0.5000000000000078826, -0.8660254037844340447, 0.000000000000000000 ) ) ;
#1709 = VERTEX_POINT ( 'NONE', #1889 ) ;
#1710 = ORIENTED_EDGE ( 'NONE', *, *, #139, .T. ) ;
#1711 = CARTESIAN_POINT ( 'NONE',  ( 35.00000000000000000, 3.666055405785290402E-13, 22.05182899632296056 ) ) ;
#1712 = CARTESIAN_POINT ( 'NONE',  ( 3.430000000000012594, 36.98031142332039423, 19.00000000000000000 ) ) ;
#1713 = CYLINDRICAL_SURFACE ( 'NONE', #3189, 2.589999999999981206 ) ;
#1714 = ORIENTED_EDGE ( 'NONE', *, *, #445, .T. ) ;
#1715 = CARTESIAN_POINT ( 'NONE',  ( -164.9999999999999716, 40.00000000000000000, 10.00000000000000000 ) ) ;
#1716 = CARTESIAN_POINT ( 'NONE',  ( -1.908195823574487804E-14, 31.03937715335916181, 15.90000000000000036 ) ) ;
#1717 = EDGE_CURVE ( 'NONE', #1862, #1605, #2757, .T. ) ;
#1718 = CIRCLE ( 'NONE', #2705, 9.999999999999994671 ) ;
#1719 = CIRCLE ( 'NONE', #305, 1.599999999999969447 ) ;
#1720 = DIRECTION ( 'NONE',  ( -0.000000000000000000, -0.000000000000000000, -1.000000000000000000 ) ) ;
#1721 = CARTESIAN_POINT ( 'NONE',  ( 0.000000000000000000, 0.000000000000000000, 17.00000000000000000 ) ) ;
#1722 = CIRCLE ( 'NONE', #2160, 2.589999999999981206 ) ;
#1723 = ORIENTED_EDGE ( 'NONE', *, *, #3695, .F. ) ;
#1724 = AXIS2_PLACEMENT_3D ( 'NONE', #2579, #1008, #2193 ) ;
#1725 = DIRECTION ( 'NONE',  ( 0.000000000000000000, 0.000000000000000000, -1.000000000000000000 ) ) ;
#1726 = CARTESIAN_POINT ( 'NONE',  ( -32.59000000000001052, -40.00000000000001421, 17.00000000000000000 ) ) ;
#1727 = FACE_OUTER_BOUND ( 'NONE', #558, .T. ) ;
#1728 = PLANE ( 'NONE',  #2732 ) ;
#1729 = ORIENTED_EDGE ( 'NONE', *, *, #3749, .T. ) ;
#1730 = DIRECTION ( 'NONE',  ( 0.000000000000000000, 0.000000000000000000, -1.000000000000000000 ) ) ;
#1731 = LINE ( 'NONE', #2971, #695 ) ;
#1732 = DIRECTION ( 'NONE',  ( 1.000000000000000000, 0.000000000000000000, 0.000000000000000000 ) ) ;
#1733 = DIRECTION ( 'NONE',  ( -0.8660254037844410391, -0.4999999999999957812, 0.000000000000000000 ) ) ;
#1734 = ORIENTED_EDGE ( 'NONE', *, *, #2730, .F. ) ;
#1735 = ORIENTED_EDGE ( 'NONE', *, *, #3807, .T. ) ;
#1736 = DIRECTION ( 'NONE',  ( 0.000000000000000000, 0.000000000000000000, -1.000000000000000000 ) ) ;
#1737 = EDGE_CURVE ( 'NONE', #2448, #2143, #805, .T. ) ;
#1738 = CARTESIAN_POINT ( 'NONE',  ( 0.000000000000000000, 0.000000000000000000, 15.90000000000000036 ) ) ;
#1739 = CARTESIAN_POINT ( 'NONE',  ( 0.000000000000000000, 0.000000000000000000, 19.00000000000000000 ) ) ;
#1740 = LINE ( 'NONE', #74, #1530 ) ;
#1741 = ORIENTED_EDGE ( 'NONE', *, *, #2199, .T. ) ;
#1742 = VECTOR ( 'NONE', #225, 1000.000000000000000 ) ;
#1743 = CARTESIAN_POINT ( 'NONE',  ( -210.0000000000000000, -2.571758278209442213E-14, 33.50000000000000000 ) ) ;
#1744 = DIRECTION ( 'NONE',  ( 0.8660254037844328234, -0.5000000000000099920, 0.000000000000000000 ) ) ;
#1745 = CARTESIAN_POINT ( 'NONE',  ( -32.59000000000001052, -40.00000000000001421, 8.000000000000000000 ) ) ;
#1746 = VECTOR ( 'NONE', #2696, 1000.000000000000000 ) ;
#1747 = VERTEX_POINT ( 'NONE', #151 ) ;
#1748 = LINE ( 'NONE', #2928, #3020 ) ;
#1749 = CARTESIAN_POINT ( 'NONE',  ( -32.59000000000001052, -40.00000000000001421, 19.00000000000000000 ) ) ;
#1750 = EDGE_CURVE ( 'NONE', #1287, #2992, #2176, .T. ) ;
#1751 = AXIS2_PLACEMENT_3D ( 'NONE', #2224, #1664, #2837 ) ;
#1752 = DIRECTION ( 'NONE',  ( 1.000000000000000000, 5.361872562110132543E-16, 0.000000000000000000 ) ) ;
#1753 = LINE ( 'NONE', #3238, #1515 ) ;
#1754 = EDGE_LOOP ( 'NONE', ( #63, #2129, #488, #1763 ) ) ;
#1755 = AXIS2_PLACEMENT_3D ( 'NONE', #3225, #3245, #2345 ) ;
#1756 = EDGE_LOOP ( 'NONE', ( #1186, #631 ) ) ;
#1757 = EDGE_CURVE ( 'NONE', #432, #2810, #1321, .T. ) ;
#1758 = FACE_BOUND ( 'NONE', #2583, .T. ) ;
#1759 = CYLINDRICAL_SURFACE ( 'NONE', #549, 2.589999999999981206 ) ;
#1760 = ORIENTED_EDGE ( 'NONE', *, *, #2246, .F. ) ;
#1761 = DIRECTION ( 'NONE',  ( 1.000000000000000000, 0.000000000000000000, -0.000000000000000000 ) ) ;
#1762 = FACE_OUTER_BOUND ( 'NONE', #1690, .T. ) ;
#1763 = ORIENTED_EDGE ( 'NONE', *, *, #2089, .T. ) ;
#1764 = DIRECTION ( 'NONE',  ( 1.000000000000000000, 0.000000000000000000, 0.000000000000000000 ) ) ;
#1765 = PLANE ( 'NONE',  #334 ) ;
#1766 = FACE_OUTER_BOUND ( 'NONE', #3332, .T. ) ;
#1767 = ORIENTED_EDGE ( 'NONE', *, *, #3674, .T. ) ;
#1768 = CARTESIAN_POINT ( 'NONE',  ( -120.0000000000000000, 40.00000000000000000, 19.00000000000000000 ) ) ;
#1769 = CARTESIAN_POINT ( 'NONE',  ( 32.95000000000000995, 3.666055405785290402E-13, 0.000000000000000000 ) ) ;
#1770 = DIRECTION ( 'NONE',  ( -0.000000000000000000, -0.000000000000000000, 1.000000000000000000 ) ) ;
#1771 = EDGE_CURVE ( 'NONE', #2806, #1342, #3678, .T. ) ;
#1772 = ORIENTED_EDGE ( 'NONE', *, *, #2670, .T. ) ;
#1773 = VERTEX_POINT ( 'NONE', #3316 ) ;
#1774 = DIRECTION ( 'NONE',  ( 1.000000000000000000, -1.543923895203641109E-14, 0.000000000000000000 ) ) ;
#1775 = CARTESIAN_POINT ( 'NONE',  ( -247.2310161513767923, 19.99999999999946354, 10.00000000000000000 ) ) ;
#1776 = CARTESIAN_POINT ( 'NONE',  ( -167.5899999999999750, -40.00000000000004263, 17.00000000000000000 ) ) ;
#1777 = ORIENTED_EDGE ( 'NONE', *, *, #1506, .F. ) ;
#1778 = DIRECTION ( 'NONE',  ( 1.000000000000000000, 0.000000000000000000, 0.000000000000000000 ) ) ;
#1779 = ORIENTED_EDGE ( 'NONE', *, *, #2246, .T. ) ;
#1780 = CARTESIAN_POINT ( 'NONE',  ( -30.00000000000000000, -40.00000000000001421, 17.00000000000000000 ) ) ;
#1781 = CYLINDRICAL_SURFACE ( 'NONE', #2379, 2.589999999999981206 ) ;
#1782 = FACE_OUTER_BOUND ( 'NONE', #3144, .T. ) ;
#1783 = EDGE_CURVE ( 'NONE', #1463, #1562, #2548, .T. ) ;
#1784 = AXIS2_PLACEMENT_3D ( 'NONE', #1465, #2298, #2650 ) ;
#1785 = ORIENTED_EDGE ( 'NONE', *, *, #3022, .F. ) ;
#1786 = CARTESIAN_POINT ( 'NONE',  ( 3.469446951953614189E-15, 38.96062284664083819, 15.90000000000000036 ) ) ;
#1787 = PLANE ( 'NONE',  #573 ) ;
#1788 = DIRECTION ( 'NONE',  ( 0.000000000000000000, 0.000000000000000000, 1.000000000000000000 ) ) ;
#1789 = CYLINDRICAL_SURFACE ( 'NONE', #1451, 2.589999999999981206 ) ;
#1790 = ADVANCED_FACE ( 'NONE', ( #3487, #184 ), #3716, .T. ) ;
#1791 = EDGE_LOOP ( 'NONE', ( #495, #1795 ) ) ;
#1792 = ORIENTED_EDGE ( 'NONE', *, *, #3556, .F. ) ;
#1793 = CARTESIAN_POINT ( 'NONE',  ( -162.4099999999999966, 40.00000000000000000, 10.00000000000000000 ) ) ;
#1794 = LINE ( 'NONE', #1775, #3638 ) ;
#1795 = ORIENTED_EDGE ( 'NONE', *, *, #1338, .T. ) ;
#1796 = DIRECTION ( 'NONE',  ( 1.000000000000000000, 0.000000000000000000, 0.000000000000000000 ) ) ;
#1797 = LINE ( 'NONE', #1860, #3300 ) ;
#1798 = EDGE_CURVE ( 'NONE', #290, #505, #2368, .T. ) ;
#1799 = ORIENTED_EDGE ( 'NONE', *, *, #1957, .F. ) ;
#1800 = FACE_OUTER_BOUND ( 'NONE', #1181, .T. ) ;
#1801 = CARTESIAN_POINT ( 'NONE',  ( -210.0000000000000000, -45.00000000000005684, 8.000000000000000000 ) ) ;
#1802 = CIRCLE ( 'NONE', #1560, 2.589999999999981206 ) ;
#1803 = FACE_OUTER_BOUND ( 'NONE', #3095, .T. ) ;
#1804 = ADVANCED_FACE ( 'NONE', ( #3177 ), #1398, .T. ) ;
#1805 = VERTEX_POINT ( 'NONE', #3756 ) ;
#1806 = VECTOR ( 'NONE', #2362, 1000.000000000000000 ) ;
#1807 = DIRECTION ( 'NONE',  ( -0.000000000000000000, -0.000000000000000000, -1.000000000000000000 ) ) ;
#1808 = DIRECTION ( 'NONE',  ( -0.4999999999999871214, 0.8660254037844460351, 0.000000000000000000 ) ) ;
#1809 = DIRECTION ( 'NONE',  ( -0.000000000000000000, -0.000000000000000000, 1.000000000000000000 ) ) ;
#1810 = AXIS2_PLACEMENT_3D ( 'NONE', #183, #2563, #451 ) ;
#1811 = CARTESIAN_POINT ( 'NONE',  ( -156.9999999999999716, 16.99999999999996447, 0.000000000000000000 ) ) ;
#1812 = DIRECTION ( 'NONE',  ( -0.000000000000000000, -0.000000000000000000, 1.000000000000000000 ) ) ;
#1813 = VERTEX_POINT ( 'NONE', #3153 ) ;
#1814 = VERTEX_POINT ( 'NONE', #509 ) ;
#1815 = VECTOR ( 'NONE', #3559, 1000.000000000000000 ) ;
#1816 = FACE_BOUND ( 'NONE', #2607, .T. ) ;
#1817 = CARTESIAN_POINT ( 'NONE',  ( -120.0000000000000000, -40.00000000000002842, 19.00000000000000000 ) ) ;
#1818 = LINE ( 'NONE', #1527, #1975 ) ;
#1819 = VECTOR ( 'NONE', #2897, 1000.000000000000000 ) ;
#1820 = ORIENTED_EDGE ( 'NONE', *, *, #2205, .T. ) ;
#1821 = ADVANCED_FACE ( 'NONE', ( #834, #238 ), #2017, .T. ) ;
#1822 = CARTESIAN_POINT ( 'NONE',  ( -122.5900000000000034, -40.00000000000002842, 10.00000000000000000 ) ) ;
#1823 = PRODUCT_DEFINITION_FORMATION_WITH_SPECIFIED_SOURCE ( 'Symmetric', '', #414, .NOT_KNOWN. ) ;
#1824 = ORIENTED_EDGE ( 'NONE', *, *, #2675, .F. ) ;
#1825 = CARTESIAN_POINT ( 'NONE',  ( -45.40000000000003411, -15.40000000000000568, 19.00000000000000000 ) ) ;
#1826 = CARTESIAN_POINT ( 'NONE',  ( -56.00000000000000000, -10.00000000000000000, 8.000000000000000000 ) ) ;
#1827 = DIRECTION ( 'NONE',  ( -0.5000000000000133227, -0.8660254037844309360, 0.000000000000000000 ) ) ;
#1828 = ORIENTED_EDGE ( 'NONE', *, *, #1361, .T. ) ;
#1829 = DIRECTION ( 'NONE',  ( 0.000000000000000000, 0.000000000000000000, -1.000000000000000000 ) ) ;
#1830 = LINE ( 'NONE', #358, #1876 ) ;
#1831 = LINE ( 'NONE', #934, #3486 ) ;
#1832 = EDGE_CURVE ( 'NONE', #8, #725, #775, .T. ) ;
#1833 = VERTEX_POINT ( 'NONE', #1980 ) ;
#1834 = ORIENTED_EDGE ( 'NONE', *, *, #3171, .T. ) ;
#1835 = DIRECTION ( 'NONE',  ( -0.000000000000000000, -0.000000000000000000, -1.000000000000000000 ) ) ;
#1836 = DIRECTION ( 'NONE',  ( 0.000000000000000000, 0.000000000000000000, 1.000000000000000000 ) ) ;
#1837 = EDGE_CURVE ( 'NONE', #440, #376, #3736, .T. ) ;
#1838 = DIRECTION ( 'NONE',  ( 0.4999999999999925060, -0.8660254037844429265, 0.000000000000000000 ) ) ;
#1839 = ORIENTED_EDGE ( 'NONE', *, *, #3059, .F. ) ;
#1840 = CARTESIAN_POINT ( 'NONE',  ( -162.4099999999999966, -40.00000000000004263, 10.00000000000000000 ) ) ;
#1841 = ADVANCED_FACE ( 'NONE', ( #759 ), #547, .F. ) ;
#1842 = ORIENTED_EDGE ( 'NONE', *, *, #1771, .T. ) ;
#1843 = FACE_OUTER_BOUND ( 'NONE', #3214, .T. ) ;
#1844 = CARTESIAN_POINT ( 'NONE',  ( 3.469446951953614189E-15, 38.96062284664083819, 19.00000000000000000 ) ) ;
#1845 = PRODUCT_DEFINITION_CONTEXT ( 'detailed design', #1637, 'design' ) ;
#1846 = VERTEX_POINT ( 'NONE', #3133 ) ;
#1847 = AXIS2_PLACEMENT_3D ( 'NONE', #3346, #2450, #394 ) ;
#1848 = DIRECTION ( 'NONE',  ( 0.5000000000000098810, 0.8660254037844329345, -0.000000000000000000 ) ) ;
#1849 = CYLINDRICAL_SURFACE ( 'NONE', #812, 21.10000000000000853 ) ;
#1850 = ADVANCED_FACE ( 'NONE', ( #3408 ), #1728, .T. ) ;
#1851 = CIRCLE ( 'NONE', #310, 18.82500000000000995 ) ;
#1852 = EDGE_LOOP ( 'NONE', ( #602, #316, #2388, #3154, #3550, #477 ) ) ;
#1853 = ORIENTED_EDGE ( 'NONE', *, *, #806, .F. ) ;
#1854 = DIRECTION ( 'NONE',  ( 0.000000000000000000, -0.000000000000000000, -1.000000000000000000 ) ) ;
#1855 = CIRCLE ( 'NONE', #2478, 2.050000000000000711 ) ;
#1856 = CARTESIAN_POINT ( 'NONE',  ( -3.429999999999829186, 4.093807281558556920E-14, 19.00000000000000000 ) ) ;
#1857 = EDGE_CURVE ( 'NONE', #3473, #438, #201, .T. ) ;
#1858 = ORIENTED_EDGE ( 'NONE', *, *, #2577, .T. ) ;
#1859 = DIRECTION ( 'NONE',  ( -1.000000000000000000, 0.000000000000000000, 0.000000000000000000 ) ) ;
#1860 = CARTESIAN_POINT ( 'NONE',  ( 36.98031142332045107, 3.429999999999862048, 19.00000000000000000 ) ) ;
#1861 = EDGE_CURVE ( 'NONE', #1407, #1528, #471, .T. ) ;
#1862 = VERTEX_POINT ( 'NONE', #2822 ) ;
#1863 = DIRECTION ( 'NONE',  ( 1.000000000000000000, 0.000000000000000000, 0.000000000000000000 ) ) ;
#1864 = PLANE ( 'NONE',  #3167 ) ;
#1865 = VERTEX_POINT ( 'NONE', #1689 ) ;
#1866 = FACE_OUTER_BOUND ( 'NONE', #3148, .T. ) ;
#1867 = LINE ( 'NONE', #3299, #697 ) ;
#1868 = VECTOR ( 'NONE', #783, 1000.000000000000000 ) ;
#1869 = ORIENTED_EDGE ( 'NONE', *, *, #1143, .F. ) ;
#1870 = VERTEX_POINT ( 'NONE', #1357 ) ;
#1871 = EDGE_CURVE ( 'NONE', #363, #987, #324, .T. ) ;
#1872 = DIRECTION ( 'NONE',  ( -0.8660254037844425934, -0.4999999999999930611, -0.000000000000000000 ) ) ;
#1873 = AXIS2_PLACEMENT_3D ( 'NONE', #2310, #3066, #3203 ) ;
#1874 = ADVANCED_FACE ( 'NONE', ( #795 ), #2581, .T. ) ;
#1875 = ORIENTED_EDGE ( 'NONE', *, *, #2670, .F. ) ;
#1876 = VECTOR ( 'NONE', #954, 1000.000000000000227 ) ;
#1877 = DIRECTION ( 'NONE',  ( -0.000000000000000000, 0.000000000000000000, 1.000000000000000000 ) ) ;
#1878 = VECTOR ( 'NONE', #3188, 1000.000000000000000 ) ;
#1879 = ORIENTED_EDGE ( 'NONE', *, *, #896, .F. ) ;
#1880 = EDGE_LOOP ( 'NONE', ( #625, #835 ) ) ;
#1881 = AXIS2_PLACEMENT_3D ( 'NONE', #3670, #121, #1586 ) ;
#1882 = DIRECTION ( 'NONE',  ( -1.000000000000000000, 2.838638415234776052E-16, 0.000000000000000000 ) ) ;
#1883 = LINE ( 'NONE', #412, #1504 ) ;
#1884 = CIRCLE ( 'NONE', #644, 2.589999999999981206 ) ;
#1885 = VERTEX_POINT ( 'NONE', #3463 ) ;
#1886 = DIRECTION ( 'NONE',  ( -1.000000000000000000, 0.000000000000000000, 0.000000000000000000 ) ) ;
#1887 = DIRECTION ( 'NONE',  ( 1.000000000000000000, 0.000000000000000000, 0.000000000000000000 ) ) ;
#1888 = ADVANCED_FACE ( 'NONE', ( #811, #2000 ), #527, .T. ) ;
#1889 = CARTESIAN_POINT ( 'NONE',  ( -32.94999999999999574, -1.219507942656844869E-13, 15.90000000000000036 ) ) ;
#1890 = ORIENTED_EDGE ( 'NONE', *, *, #727, .T. ) ;
#1891 = ORIENTED_EDGE ( 'NONE', *, *, #1737, .F. ) ;
#1892 = LINE ( 'NONE', #2131, #33 ) ;
#1893 = EDGE_LOOP ( 'NONE', ( #3338, #2982, #2484, #1002, #3302, #1272 ) ) ;
#1894 = CARTESIAN_POINT ( 'NONE',  ( -77.58999999999998920, -40.00000000000002842, 17.00000000000000000 ) ) ;
#1895 = LINE ( 'NONE', #514, #1192 ) ;
#1896 = VERTEX_POINT ( 'NONE', #3417 ) ;
#1897 = AXIS2_PLACEMENT_3D ( 'NONE', #1102, #819, #839 ) ;
#1898 = DIRECTION ( 'NONE',  ( -0.000000000000000000, 0.000000000000000000, 1.000000000000000000 ) ) ;
#1899 = FACE_OUTER_BOUND ( 'NONE', #2645, .T. ) ;
#1900 = CIRCLE ( 'NONE', #359, 2.589999999999981206 ) ;
#1901 = ORIENTED_EDGE ( 'NONE', *, *, #1521, .F. ) ;
#1902 = DIRECTION ( 'NONE',  ( 1.000000000000000000, 0.000000000000000000, 0.000000000000000000 ) ) ;
#1903 = PRESENTATION_STYLE_ASSIGNMENT (( #3387 ) ) ;
#1904 = DIRECTION ( 'NONE',  ( 0.000000000000000000, 0.000000000000000000, -1.000000000000000000 ) ) ;
#1905 = VECTOR ( 'NONE', #3192, 1000.000000000000000 ) ;
#1906 = ORIENTED_EDGE ( 'NONE', *, *, #3292, .T. ) ;
#1907 = ORIENTED_EDGE ( 'NONE', *, *, #1052, .T. ) ;
#1908 = DIRECTION ( 'NONE',  ( 1.000000000000000000, 0.000000000000000000, 0.000000000000000000 ) ) ;
#1909 = ADVANCED_FACE ( 'NONE', ( #2892 ), #1678, .T. ) ;
#1910 = EDGE_LOOP ( 'NONE', ( #689, #1767, #3178, #2545 ) ) ;
#1911 = AXIS2_PLACEMENT_3D ( 'NONE', #2386, #1836, #2363 ) ;
#1912 = CARTESIAN_POINT ( 'NONE',  ( -30.00000000000000000, 40.00000000000000000, 17.00000000000000000 ) ) ;
#1913 = EDGE_CURVE ( 'NONE', #2149, #3647, #443, .T. ) ;
#1914 = ORIENTED_EDGE ( 'NONE', *, *, #387, .F. ) ;
#1915 = EDGE_CURVE ( 'NONE', #2320, #1265, #1304, .T. ) ;
#1916 = DIRECTION ( 'NONE',  ( 0.000000000000000000, -0.000000000000000000, -1.000000000000000000 ) ) ;
#1917 = CARTESIAN_POINT ( 'NONE',  ( -72.40999999999996817, -40.00000000000002842, 17.00000000000000000 ) ) ;
#1918 = EDGE_CURVE ( 'NONE', #3633, #1524, #1697, .T. ) ;
#1919 = ORIENTED_EDGE ( 'NONE', *, *, #2743, .T. ) ;
#1920 = CARTESIAN_POINT ( 'NONE',  ( -77.58999999999998920, -40.00000000000002842, 19.00000000000000000 ) ) ;
#1921 = DIRECTION ( 'NONE',  ( 0.000000000000000000, 0.000000000000000000, -1.000000000000000000 ) ) ;
#1922 = ADVANCED_FACE ( 'NONE', ( #765 ), #3123, .F. ) ;
#1923 = DIRECTION ( 'NONE',  ( 1.000000000000000000, 0.000000000000000000, 0.000000000000000000 ) ) ;
#1924 = ORIENTED_EDGE ( 'NONE', *, *, #2962, .T. ) ;
#1925 = ORIENTED_EDGE ( 'NONE', *, *, #173, .F. ) ;
#1926 = LINE ( 'NONE', #1066, #3409 ) ;
#1927 = AXIS2_PLACEMENT_3D ( 'NONE', #534, #1424, #1125 ) ;
#1928 = ORIENTED_EDGE ( 'NONE', *, *, #3804, .F. ) ;
#1929 = DIRECTION ( 'NONE',  ( -0.000000000000000000, 0.000000000000000000, 1.000000000000000000 ) ) ;
#1930 = AXIS2_PLACEMENT_3D ( 'NONE', #2254, #778, #3431 ) ;
#1931 = AXIS2_PLACEMENT_3D ( 'NONE', #416, #2736, #130 ) ;
#1932 = ADVANCED_FACE ( 'NONE', ( #230 ), #3743, .F. ) ;
#1933 = VERTEX_POINT ( 'NONE', #3493 ) ;
#1934 = AXIS2_PLACEMENT_3D ( 'NONE', #466, #1004, #770 ) ;
#1935 = CARTESIAN_POINT ( 'NONE',  ( -2.706168622523819067E-13, -38.96062284664083819, 19.00000000000000000 ) ) ;
#1936 = DIRECTION ( 'NONE',  ( 1.000000000000000000, 2.838638415234776052E-16, 0.000000000000000000 ) ) ;
#1937 = AXIS2_PLACEMENT_3D ( 'NONE', #1721, #2367, #1409 ) ;
#1938 = ORIENTED_EDGE ( 'NONE', *, *, #173, .T. ) ;
#1939 = CARTESIAN_POINT ( 'NONE',  ( -27.40999999999998948, 40.00000000000000000, 10.00000000000000000 ) ) ;
#1940 = DIRECTION ( 'NONE',  ( -1.000000000000000000, 0.000000000000000000, 0.000000000000000000 ) ) ;
#1941 = DIRECTION ( 'NONE',  ( -3.304235192336775389E-17, 1.000000000000000000, 0.000000000000000000 ) ) ;
#1942 = ORIENTED_EDGE ( 'NONE', *, *, #786, .F. ) ;
#1943 = VERTEX_POINT ( 'NONE', #3453 ) ;
#1944 = FACE_OUTER_BOUND ( 'NONE', #2241, .T. ) ;
#1945 = EDGE_CURVE ( 'NONE', #2237, #1862, #1802, .T. ) ;
#1946 = DIRECTION ( 'NONE',  ( 1.000000000000000000, 0.000000000000000000, 0.000000000000000000 ) ) ;
#1947 = ORIENTED_EDGE ( 'NONE', *, *, #144, .T. ) ;
#1948 = CIRCLE ( 'NONE', #465, 21.10000000000000853 ) ;
#1949 = CARTESIAN_POINT ( 'NONE',  ( -29.22046713498085779, -16.87044456622734501, 19.00000000000000000 ) ) ;
#1950 = DIRECTION ( 'NONE',  ( 0.000000000000000000, 0.000000000000000000, 1.000000000000000000 ) ) ;
#1951 = EDGE_CURVE ( 'NONE', #3420, #180, #3162, .T. ) ;
#1952 = CARTESIAN_POINT ( 'NONE',  ( -1.486905836551549079E-15, 45.00000000000000711, 19.00000000000000000 ) ) ;
#1953 = ORIENTED_EDGE ( 'NONE', *, *, #1247, .F. ) ;
#1954 = ORIENTED_EDGE ( 'NONE', *, *, #3107, .T. ) ;
#1955 = LINE ( 'NONE', #3111, #426 ) ;
#1956 = LINE ( 'NONE', #3731, #273 ) ;
#1957 = EDGE_CURVE ( 'NONE', #1399, #353, #629, .T. ) ;
#1958 = ORIENTED_EDGE ( 'NONE', *, *, #1798, .T. ) ;
#1959 = LINE ( 'NONE', #1333, #2959 ) ;
#1960 = DIRECTION ( 'NONE',  ( 0.4999999999999871214, -0.8660254037844461461, 0.000000000000000000 ) ) ;
#1961 = CARTESIAN_POINT ( 'NONE',  ( -47.00000000000000000, -15.40000000000000568, 0.000000000000000000 ) ) ;
#1962 = ORIENTED_EDGE ( 'NONE', *, *, #2743, .F. ) ;
#1963 = CIRCLE ( 'NONE', #2642, 1.599999999999990319 ) ;
#1964 = CARTESIAN_POINT ( 'NONE',  ( 0.000000000000000000, 0.000000000000000000, 17.00000000000000000 ) ) ;
#1965 = LINE ( 'NONE', #1030, #1493 ) ;
#1966 = EDGE_CURVE ( 'NONE', #2535, #3544, #3435, .T. ) ;
#1967 = EDGE_LOOP ( 'NONE', ( #580, #3257, #3702, #308 ) ) ;
#1968 = CIRCLE ( 'NONE', #1536, 1.599999999999969447 ) ;
#1969 = CARTESIAN_POINT ( 'NONE',  ( -188.8999999999999773, -2.313357803589350672E-14, 17.00000000000000000 ) ) ;
#1970 = ADVANCED_FACE ( 'NONE', ( #2588 ), #3781, .F. ) ;
#1971 = CIRCLE ( 'NONE', #2474, 2.590000000000008740 ) ;
#1972 = ORIENTED_EDGE ( 'NONE', *, *, #3707, .T. ) ;
#1973 = CARTESIAN_POINT ( 'NONE',  ( -34.99999999999999289, -1.222018468595096801E-13, 0.000000000000000000 ) ) ;
#1974 = DIRECTION ( 'NONE',  ( -0.5000000000000133227, -0.8660254037844309360, -0.000000000000000000 ) ) ;
#1975 = VECTOR ( 'NONE', #3340, 1000.000000000000000 ) ;
#1976 = ORIENTED_EDGE ( 'NONE', *, *, #1230, .F. ) ;
#1977 = CARTESIAN_POINT ( 'NONE',  ( -33.01968857667963420, -3.429999999999665761, 15.90000000000000036 ) ) ;
#1978 = DIRECTION ( 'NONE',  ( -0.000000000000000000, -0.000000000000000000, -1.000000000000000000 ) ) ;
#1979 = CARTESIAN_POINT ( 'NONE',  ( -56.00000000000000711, 9.797174393178719161E-16, 8.000000000000000000 ) ) ;
#1980 = CARTESIAN_POINT ( 'NONE',  ( -3.430000000000223093, -33.01968857667954182, 19.00000000000000000 ) ) ;
#1981 = EDGE_LOOP ( 'NONE', ( #557, #3437, #1919, #2465 ) ) ;
#1982 = FACE_OUTER_BOUND ( 'NONE', #2041, .T. ) ;
#1983 = EDGE_CURVE ( 'NONE', #7, #2549, #1615, .T. ) ;
#1984 = CARTESIAN_POINT ( 'NONE',  ( 0.000000000000000000, 0.000000000000000000, 19.00000000000000000 ) ) ;
#1985 = LINE ( 'NONE', #1101, #2003 ) ;
#1986 = ADVANCED_FACE ( 'NONE', ( #248 ), #1343, .F. ) ;
#1987 = ORIENTED_EDGE ( 'NONE', *, *, #3030, .T. ) ;
#1988 = VECTOR ( 'NONE', #2230, 1000.000000000000114 ) ;
#1989 = ORIENTED_EDGE ( 'NONE', *, *, #1857, .F. ) ;
#1990 = AXIS2_PLACEMENT_3D ( 'NONE', #207, #2546, #816 ) ;
#1991 = FACE_OUTER_BOUND ( 'NONE', #3586, .T. ) ;
#1992 = LINE ( 'NONE', #3169, #1878 ) ;
#1993 = VECTOR ( 'NONE', #1397, 1000.000000000000114 ) ;
#1994 = ORIENTED_EDGE ( 'NONE', *, *, #1086, .T. ) ;
#1995 = AXIS2_PLACEMENT_3D ( 'NONE', #470, #3152, #1630 ) ;
#1996 = FACE_BOUND ( 'NONE', #542, .T. ) ;
#1997 = CARTESIAN_POINT ( 'NONE',  ( 33.01968857667954893, -3.430000000000111182, 19.00000000000000000 ) ) ;
#1998 = DIRECTION ( 'NONE',  ( 1.000000000000000000, 0.000000000000000000, 0.000000000000000000 ) ) ;
#1999 = AXIS2_PLACEMENT_3D ( 'NONE', #3692, #3146, #3402 ) ;
#2000 = FACE_OUTER_BOUND ( 'NONE', #3613, .T. ) ;
#2001 = ORIENTED_EDGE ( 'NONE', *, *, #1390, .T. ) ;
#2002 = DIRECTION ( 'NONE',  ( 1.000000000000000000, 0.000000000000000000, 0.000000000000000000 ) ) ;
#2003 = VECTOR ( 'NONE', #3470, 1000.000000000000000 ) ;
#2004 = DIRECTION ( 'NONE',  ( 0.000000000000000000, 0.000000000000000000, -1.000000000000000000 ) ) ;
#2005 = CARTESIAN_POINT ( 'NONE',  ( -27.40999999999998948, 40.00000000000000000, 17.00000000000000000 ) ) ;
#2006 = AXIS2_PLACEMENT_3D ( 'NONE', #285, #1140, #2335 ) ;
#2007 = ORIENTED_EDGE ( 'NONE', *, *, #535, .F. ) ;
#2008 = DIRECTION ( 'NONE',  ( -0.000000000000000000, 0.000000000000000000, 1.000000000000000000 ) ) ;
#2009 = LINE ( 'NONE', #1969, #2712 ) ;
#2010 = ORIENTED_EDGE ( 'NONE', *, *, #877, .F. ) ;
#2011 = CARTESIAN_POINT ( 'NONE',  ( 0.000000000000000000, 0.000000000000000000, 0.000000000000000000 ) ) ;
#2012 = DIRECTION ( 'NONE',  ( -1.000000000000000000, 0.000000000000000000, 0.000000000000000000 ) ) ;
#2013 = ORIENTED_EDGE ( 'NONE', *, *, #2025, .T. ) ;
#2014 = DIRECTION ( 'NONE',  ( 1.000000000000000000, 0.000000000000000000, 0.000000000000000000 ) ) ;
#2015 = CARTESIAN_POINT ( 'NONE',  ( 0.000000000000000000, 0.000000000000000000, 10.00000000000000000 ) ) ;
#2016 = CARTESIAN_POINT ( 'NONE',  ( -156.9999999999999716, 16.99999999999996447, 0.000000000000000000 ) ) ;
#2017 = PLANE ( 'NONE',  #693 ) ;
#2018 = ORIENTED_EDGE ( 'NONE', *, *, #1075, .T. ) ;
#2019 = ORIENTED_EDGE ( 'NONE', *, *, #2608, .F. ) ;
#2020 = DIRECTION ( 'NONE',  ( -1.000000000000000000, -2.312964634635743450E-16, 0.000000000000000000 ) ) ;
#2021 = VECTOR ( 'NONE', #68, 1000.000000000000000 ) ;
#2022 = CARTESIAN_POINT ( 'NONE',  ( -117.4099999999999824, -40.00000000000002842, 10.00000000000000000 ) ) ;
#2023 = ADVANCED_FACE ( 'NONE', ( #2953 ), #3800, .F. ) ;
#2024 = CARTESIAN_POINT ( 'NONE',  ( 37.04999999999999716, 3.668565931723542586E-13, 22.05182899632296056 ) ) ;
#2025 = EDGE_CURVE ( 'NONE', #1870, #1639, #3137, .T. ) ;
#2026 = ORIENTED_EDGE ( 'NONE', *, *, #856, .T. ) ;
#2027 = VERTEX_POINT ( 'NONE', #3795 ) ;
#2028 = CARTESIAN_POINT ( 'NONE',  ( -167.5899999999999750, 40.00000000000000000, 17.00000000000000000 ) ) ;
#2029 = VECTOR ( 'NONE', #1298, 1000.000000000000000 ) ;
#2030 = EDGE_LOOP ( 'NONE', ( #2061, #17, #1116, #1172 ) ) ;
#2031 = ADVANCED_FACE ( 'NONE', ( #3215 ), #608, .T. ) ;
#2032 = PLANE ( 'NONE',  #2801 ) ;
#2033 = CIRCLE ( 'NONE', #371, 2.589999999999981206 ) ;
#2034 = ADVANCED_FACE ( 'NONE', ( #2225 ), #370, .T. ) ;
#2035 = ORIENTED_EDGE ( 'NONE', *, *, #1918, .F. ) ;
#2036 = VECTOR ( 'NONE', #3581, 1000.000000000000000 ) ;
#2037 = LINE ( 'NONE', #1726, #2527 ) ;
#2038 = CARTESIAN_POINT ( 'NONE',  ( -32.59000000000001052, -40.00000000000001421, 17.00000000000000000 ) ) ;
#2039 = CARTESIAN_POINT ( 'NONE',  ( -56.00000000000000711, 10.00000000000000000, 19.00000000000000000 ) ) ;
#2040 = EDGE_CURVE ( 'NONE', #595, #1865, #2499, .T. ) ;
#2041 = EDGE_LOOP ( 'NONE', ( #2781, #536 ) ) ;
#2042 = DIRECTION ( 'NONE',  ( 1.000000000000000000, 0.000000000000000000, 0.000000000000000000 ) ) ;
#2043 = FACE_OUTER_BOUND ( 'NONE', #2399, .T. ) ;
#2044 = DIRECTION ( 'NONE',  ( 1.000000000000000000, 0.000000000000000000, 0.000000000000000000 ) ) ;
#2045 = ORIENTED_EDGE ( 'NONE', *, *, #3642, .T. ) ;
#2046 = ORIENTED_EDGE ( 'NONE', *, *, #2231, .F. ) ;
#2047 = ADVANCED_FACE ( 'NONE', ( #2066 ), #3183, .F. ) ;
#2048 = FACE_OUTER_BOUND ( 'NONE', #585, .T. ) ;
#2049 = ORIENTED_EDGE ( 'NONE', *, *, #1338, .F. ) ;
#2050 = DIRECTION ( 'NONE',  ( 0.000000000000000000, 0.000000000000000000, -1.000000000000000000 ) ) ;
#2051 = CARTESIAN_POINT ( 'NONE',  ( -156.9999999999999716, -13.80000000000000604, 19.00000000000000000 ) ) ;
#2052 = VECTOR ( 'NONE', #2526, 1000.000000000000227 ) ;
#2053 = EDGE_CURVE ( 'NONE', #1083, #1865, #1676, .T. ) ;
#2054 = EDGE_LOOP ( 'NONE', ( #3452, #1145, #3263, #369 ) ) ;
#2055 = VECTOR ( 'NONE', #420, 1000.000000000000114 ) ;
#2056 = CARTESIAN_POINT ( 'NONE',  ( -30.00000000000000000, 40.00000000000000000, 8.000000000000000000 ) ) ;
#2057 = LINE ( 'NONE', #1113, #3723 ) ;
#2058 = ADVANCED_FACE ( 'NONE', ( #1385 ), #2336, .F. ) ;
#2059 = DIRECTION ( 'NONE',  ( 0.000000000000000000, -0.000000000000000000, -1.000000000000000000 ) ) ;
#2060 = VECTOR ( 'NONE', #3753, 1000.000000000000000 ) ;
#2061 = ORIENTED_EDGE ( 'NONE', *, *, #2342, .T. ) ;
#2062 = CARTESIAN_POINT ( 'NONE',  ( -164.9999999999999716, -40.00000000000004263, 19.00000000000000000 ) ) ;
#2063 = CARTESIAN_POINT ( 'NONE',  ( -117.4099999999999824, 40.00000000000000000, 10.00000000000000000 ) ) ;
#2064 = VECTOR ( 'NONE', #604, 1000.000000000000000 ) ;
#2065 = CARTESIAN_POINT ( 'NONE',  ( -117.4099999999999824, -40.00000000000002842, 17.00000000000000000 ) ) ;
#2066 = FACE_OUTER_BOUND ( 'NONE', #983, .T. ) ;
#2067 = EDGE_LOOP ( 'NONE', ( #2155, #3494 ) ) ;
#2068 = CIRCLE ( 'NONE', #885, 2.589999999999981206 ) ;
#2069 = EDGE_LOOP ( 'NONE', ( #1368, #3375 ) ) ;
#2070 = EDGE_CURVE ( 'NONE', #1814, #2161, #3471, .T. ) ;
#2071 = DIRECTION ( 'NONE',  ( -1.543923895203641109E-14, -1.000000000000000000, 0.000000000000000000 ) ) ;
#2072 = DIRECTION ( 'NONE',  ( -1.000000000000000000, 0.000000000000000000, 0.000000000000000000 ) ) ;
#2073 = AXIS2_PLACEMENT_3D ( 'NONE', #3525, #3798, #2991 ) ;
#2074 = ORIENTED_EDGE ( 'NONE', *, *, #3341, .F. ) ;
#2075 = FACE_OUTER_BOUND ( 'NONE', #1423, .T. ) ;
#2076 = FACE_BOUND ( 'NONE', #2813, .T. ) ;
#2077 = ORIENTED_EDGE ( 'NONE', *, *, #2393, .F. ) ;
#2078 = DIRECTION ( 'NONE',  ( 1.000000000000000000, 0.000000000000000000, 0.000000000000000000 ) ) ;
#2079 = FACE_OUTER_BOUND ( 'NONE', #3227, .T. ) ;
#2080 = ADVANCED_FACE ( 'NONE', ( #2048 ), #2402, .F. ) ;
#2081 = DIRECTION ( 'NONE',  ( 0.000000000000000000, 0.000000000000000000, 1.000000000000000000 ) ) ;
#2082 = ORIENTED_EDGE ( 'NONE', *, *, #1618, .T. ) ;
#2083 = DIRECTION ( 'NONE',  ( -1.000000000000000000, 0.000000000000000000, 0.000000000000000000 ) ) ;
#2084 = DIRECTION ( 'NONE',  ( 1.000000000000000000, 0.000000000000000000, 0.000000000000000000 ) ) ;
#2085 = CARTESIAN_POINT ( 'NONE',  ( -162.4099999999999966, 40.00000000000000000, 17.00000000000000000 ) ) ;
#2086 = VERTEX_POINT ( 'NONE', #71 ) ;
#2087 = AXIS2_PLACEMENT_3D ( 'NONE', #2866, #1122, #1733 ) ;
#2088 = ORIENTED_EDGE ( 'NONE', *, *, #1226, .T. ) ;
#2089 = EDGE_CURVE ( 'NONE', #574, #1266, #1055, .T. ) ;
#2090 = FACE_BOUND ( 'NONE', #1326, .T. ) ;
#2091 = DIRECTION ( 'NONE',  ( -0.000000000000000000, -0.000000000000000000, 1.000000000000000000 ) ) ;
#2092 = ORIENTED_EDGE ( 'NONE', *, *, #2707, .T. ) ;
#2093 = VECTOR ( 'NONE', #1687, 1000.000000000000000 ) ;
#2094 = CARTESIAN_POINT ( 'NONE',  ( -27.40999999999998948, -40.00000000000001421, 8.000000000000000000 ) ) ;
#2095 = EDGE_CURVE ( 'NONE', #2237, #1311, #2339, .T. ) ;
#2096 = DIRECTION ( 'NONE',  ( 1.000000000000000000, 0.000000000000000000, 0.000000000000000000 ) ) ;
#2097 = CIRCLE ( 'NONE', #729, 2.590000000000008740 ) ;
#2098 = ORIENTED_EDGE ( 'NONE', *, *, #1983, .F. ) ;
#2099 = CYLINDRICAL_SURFACE ( 'NONE', #424, 2.590000000000008740 ) ;
#2100 = CARTESIAN_POINT ( 'NONE',  ( -147.9999999999999716, -10.00000000000003020, 0.000000000000000000 ) ) ;
#2101 = CIRCLE ( 'NONE', #3693, 2.589999999999981206 ) ;
#2102 = DIRECTION ( 'NONE',  ( -1.000000000000000000, 0.000000000000000000, 0.000000000000000000 ) ) ;
#2103 = VECTOR ( 'NONE', #2406, 1000.000000000000000 ) ;
#2104 = ORIENTED_EDGE ( 'NONE', *, *, #1915, .T. ) ;
#2105 = CARTESIAN_POINT ( 'NONE',  ( -36.98031142332035870, 3.430000000000399840, 15.90000000000000036 ) ) ;
#2106 = CARTESIAN_POINT ( 'NONE',  ( 33.01968857667961288, 3.429999999999893134, 19.00000000000000000 ) ) ;
#2107 = PLANE ( 'NONE',  #1434 ) ;
#2108 = CARTESIAN_POINT ( 'NONE',  ( -156.9999999999999716, 15.39999999999996838, 19.00000000000000000 ) ) ;
#2109 = CARTESIAN_POINT ( 'NONE',  ( -77.58999999999998920, 40.00000000000000000, 8.000000000000000000 ) ) ;
#2110 = ORIENTED_EDGE ( 'NONE', *, *, #486, .T. ) ;
#2111 = EDGE_CURVE ( 'NONE', #165, #3633, #1525, .T. ) ;
#2112 = ORIENTED_EDGE ( 'NONE', *, *, #849, .T. ) ;
#2113 = DIRECTION ( 'NONE',  ( 1.000000000000000000, 0.000000000000000000, 0.000000000000000000 ) ) ;
#2114 = CARTESIAN_POINT ( 'NONE',  ( -3.429999999999993943, 36.98031142332043686, 15.90000000000000036 ) ) ;
#2115 = DIRECTION ( 'NONE',  ( 1.000000000000000000, 0.000000000000000000, 0.000000000000000000 ) ) ;
#2116 = ORIENTED_EDGE ( 'NONE', *, *, #332, .F. ) ;
#2117 = DIRECTION ( 'NONE',  ( -1.000000000000000000, 0.000000000000000000, -0.000000000000000000 ) ) ;
#2118 = ORIENTED_EDGE ( 'NONE', *, *, #457, .F. ) ;
#2119 = LINE ( 'NONE', #95, #1471 ) ;
#2120 = LINE ( 'NONE', #112, #1815 ) ;
#2121 = AXIS2_PLACEMENT_3D ( 'NONE', #2738, #1559, #2196 ) ;
#2122 = ORIENTED_EDGE ( 'NONE', *, *, #2313, .T. ) ;
#2123 = VECTOR ( 'NONE', #327, 1000.000000000000000 ) ;
#2124 = CYLINDRICAL_SURFACE ( 'NONE', #3745, 18.82500000000000995 ) ;
#2125 = DIRECTION ( 'NONE',  ( 8.540855590488227308E-15, 1.000000000000000000, -0.000000000000000000 ) ) ;
#2126 = AXIS2_PLACEMENT_3D ( 'NONE', #2471, #989, #1887 ) ;
#2127 = DIRECTION ( 'NONE',  ( -0.000000000000000000, -0.000000000000000000, 1.000000000000000000 ) ) ;
#2128 = ORIENTED_EDGE ( 'NONE', *, *, #1523, .T. ) ;
#2129 = ORIENTED_EDGE ( 'NONE', *, *, #1871, .F. ) ;
#2130 = VECTOR ( 'NONE', #967, 1000.000000000000000 ) ;
#2131 = CARTESIAN_POINT ( 'NONE',  ( -156.9999999999999716, -17.00000000000000355, 0.000000000000000000 ) ) ;
#2132 = CARTESIAN_POINT ( 'NONE',  ( -156.9999999999999716, 13.79999999999996874, 8.000000000000000000 ) ) ;
#2133 = CIRCLE ( 'NONE', #1065, 2.590000000000008740 ) ;
#2134 = ORIENTED_EDGE ( 'NONE', *, *, #2227, .F. ) ;
#2135 = DIRECTION ( 'NONE',  ( 1.000000000000000000, 2.312964634635742957E-16, 0.000000000000000000 ) ) ;
#2136 = ORIENTED_EDGE ( 'NONE', *, *, #535, .T. ) ;
#2137 = DIRECTION ( 'NONE',  ( 1.000000000000000000, 0.000000000000000000, 0.000000000000000000 ) ) ;
#2138 = DIRECTION ( 'NONE',  ( -0.000000000000000000, -0.000000000000000000, -1.000000000000000000 ) ) ;
#2139 = ORIENTED_EDGE ( 'NONE', *, *, #3336, .T. ) ;
#2140 = LINE ( 'NONE', #1610, #1153 ) ;
#2141 = LINE ( 'NONE', #664, #146 ) ;
#2142 = EDGE_LOOP ( 'NONE', ( #2122, #1954, #2431, #3392 ) ) ;
#2143 = VERTEX_POINT ( 'NONE', #29 ) ;
#2144 = CARTESIAN_POINT ( 'NONE',  ( -210.0000000000000000, -2.571758278209442213E-14, 19.00000000000000000 ) ) ;
#2145 = ADVANCED_FACE ( 'NONE', ( #3495 ), #3530, .F. ) ;
#2146 = ORIENTED_EDGE ( 'NONE', *, *, #3642, .F. ) ;
#2147 = CARTESIAN_POINT ( 'NONE',  ( -27.40999999999998948, 40.00000000000000000, 10.00000000000000000 ) ) ;
#2148 = CIRCLE ( 'NONE', #1028, 45.00000000000001421 ) ;
#2149 = VERTEX_POINT ( 'NONE', #2028 ) ;
#2150 = DIRECTION ( 'NONE',  ( 1.000000000000000000, 0.000000000000000000, 0.000000000000000000 ) ) ;
#2151 = DIRECTION ( 'NONE',  ( -0.000000000000000000, -0.000000000000000000, -1.000000000000000000 ) ) ;
#2152 = CARTESIAN_POINT ( 'NONE',  ( -250.0000000000000000, -2.081899558550500674E-14, 33.50000000000000000 ) ) ;
#2153 = CIRCLE ( 'NONE', #482, 44.99999999999998579 ) ;
#2154 = ADVANCED_FACE ( 'NONE', ( #920 ), #632, .T. ) ;
#2155 = ORIENTED_EDGE ( 'NONE', *, *, #1364, .F. ) ;
#2156 = AXIS2_PLACEMENT_3D ( 'NONE', #317, #3752, #1094 ) ;
#2157 = CARTESIAN_POINT ( 'NONE',  ( -210.0000000000000000, -2.571758278209442213E-14, 19.00000000000000000 ) ) ;
#2158 = CARTESIAN_POINT ( 'NONE',  ( -3.430000000000012150, 33.01968857667959867, 15.90000000000000036 ) ) ;
#2159 = ADVANCED_FACE ( 'NONE', ( #880 ), #3221, .T. ) ;
#2160 = AXIS2_PLACEMENT_3D ( 'NONE', #2592, #231, #886 ) ;
#2161 = VERTEX_POINT ( 'NONE', #578 ) ;
#2162 = ORIENTED_EDGE ( 'NONE', *, *, #2095, .F. ) ;
#2163 = DIRECTION ( 'NONE',  ( 1.000000000000000000, 0.000000000000000000, 0.000000000000000000 ) ) ;
#2164 = VECTOR ( 'NONE', #491, 1000.000000000000000 ) ;
#2165 = DIRECTION ( 'NONE',  ( 1.000000000000000000, 0.000000000000000000, 0.000000000000000000 ) ) ;
#2166 = EDGE_LOOP ( 'NONE', ( #2283, #2476, #3587, #427 ) ) ;
#2167 = EDGE_CURVE ( 'NONE', #3625, #768, #2955, .T. ) ;
#2168 = CARTESIAN_POINT ( 'NONE',  ( -74.99999999999998579, -40.00000000000002842, 10.00000000000000000 ) ) ;
#2169 = ORIENTED_EDGE ( 'NONE', *, *, #3143, .F. ) ;
#2170 = EDGE_LOOP ( 'NONE', ( #1069, #448, #965, #712 ) ) ;
#2171 = CARTESIAN_POINT ( 'NONE',  ( -47.00000000000000711, 15.39999999999999503, 19.00000000000000000 ) ) ;
#2172 = DIRECTION ( 'NONE',  ( 1.000000000000000000, 0.000000000000000000, 0.000000000000000000 ) ) ;
#2173 = VERTEX_POINT ( 'NONE', #1189 ) ;
#2174 = FACE_OUTER_BOUND ( 'NONE', #961, .T. ) ;
#2175 = LINE ( 'NONE', #1239, #942 ) ;
#2176 = LINE ( 'NONE', #168, #2236 ) ;
#2177 = VECTOR ( 'NONE', #2847, 1000.000000000000000 ) ;
#2178 = ORIENTED_EDGE ( 'NONE', *, *, #1226, .F. ) ;
#2179 = ORIENTED_EDGE ( 'NONE', *, *, #3032, .T. ) ;
#2180 = CARTESIAN_POINT ( 'NONE',  ( 33.01968857667961288, 3.429999999999893134, 19.00000000000000000 ) ) ;
#2181 = AXIS2_PLACEMENT_3D ( 'NONE', #1544, #1854, #3359 ) ;
#2182 = ORIENTED_EDGE ( 'NONE', *, *, #332, .T. ) ;
#2183 = CYLINDRICAL_SURFACE ( 'NONE', #2990, 21.10000000000000853 ) ;
#2184 = VECTOR ( 'NONE', #257, 1000.000000000000000 ) ;
#2185 = ORIENTED_EDGE ( 'NONE', *, *, #1832, .F. ) ;
#2186 = VECTOR ( 'NONE', #2324, 1000.000000000000000 ) ;
#2187 = ADVANCED_FACE ( 'NONE', ( #1816, #842, #309, #2995, #1758, #597, #2090, #3260, #2664, #559, #859, #2911, #2684, #2628, #52 ), #2935, .T. ) ;
#2188 = DIRECTION ( 'NONE',  ( -0.000000000000000000, -0.000000000000000000, -1.000000000000000000 ) ) ;
#2189 = CARTESIAN_POINT ( 'NONE',  ( -30.00000000000000000, 40.00000000000000000, 19.00000000000000000 ) ) ;
#2190 = AXIS2_PLACEMENT_3D ( 'NONE', #915, #1809, #2357 ) ;
#2191 = ORIENTED_EDGE ( 'NONE', *, *, #2769, .T. ) ;
#2192 = DIRECTION ( 'NONE',  ( -0.000000000000000000, -0.000000000000000000, -1.000000000000000000 ) ) ;
#2193 = DIRECTION ( 'NONE',  ( 1.000000000000000000, 0.000000000000000000, 0.000000000000000000 ) ) ;
#2194 = LINE ( 'NONE', #115, #3413 ) ;
#2195 = EDGE_CURVE ( 'NONE', #1528, #1083, #3510, .T. ) ;
#2196 = DIRECTION ( 'NONE',  ( 1.000000000000000000, 0.000000000000000000, 0.000000000000000000 ) ) ;
#2197 = ORIENTED_EDGE ( 'NONE', *, *, #2342, .F. ) ;
#2198 = ORIENTED_EDGE ( 'NONE', *, *, #3677, .T. ) ;
#2199 = EDGE_CURVE ( 'NONE', #2086, #3304, #2646, .T. ) ;
#2200 = LINE ( 'NONE', #133, #1430 ) ;
#2201 = ADVANCED_FACE ( 'NONE', ( #2701 ), #3072, .T. ) ;
#2202 = ORIENTED_EDGE ( 'NONE', *, *, #264, .T. ) ;
#2203 = CARTESIAN_POINT ( 'NONE',  ( -77.58999999999998920, 40.00000000000000000, 10.00000000000000000 ) ) ;
#2204 = CYLINDRICAL_SURFACE ( 'NONE', #2803, 2.050000000000003375 ) ;
#2205 = EDGE_CURVE ( 'NONE', #3067, #2086, #87, .T. ) ;
#2206 = VERTEX_POINT ( 'NONE', #937 ) ;
#2207 = EDGE_CURVE ( 'NONE', #636, #2936, #3593, .T. ) ;
#2208 = CARTESIAN_POINT ( 'NONE',  ( -167.5899999999999750, -40.00000000000004263, 10.00000000000000000 ) ) ;
#2209 = DIRECTION ( 'NONE',  ( 1.000000000000000000, 0.000000000000000000, 0.000000000000000000 ) ) ;
#2210 = VECTOR ( 'NONE', #814, 1000.000000000000000 ) ;
#2211 = EDGE_LOOP ( 'NONE', ( #176, #90, #2301, #568 ) ) ;
#2212 = CARTESIAN_POINT ( 'NONE',  ( -56.00000000000000711, 9.797174393178719161E-16, 8.000000000000000000 ) ) ;
#2213 = CARTESIAN_POINT ( 'NONE',  ( -2.050000000000000711, 35.00000000000000000, 22.05182899632296056 ) ) ;
#2214 = AXIS2_PLACEMENT_3D ( 'NONE', #3596, #2466, #2137 ) ;
#2215 = ORIENTED_EDGE ( 'NONE', *, *, #3505, .T. ) ;
#2216 = EDGE_LOOP ( 'NONE', ( #3104, #893, #2348, #3722 ) ) ;
#2217 = PLANE ( 'NONE',  #329 ) ;
#2218 = VECTOR ( 'NONE', #3455, 1000.000000000000000 ) ;
#2219 = ORIENTED_EDGE ( 'NONE', *, *, #2611, .T. ) ;
#2220 = AXIS2_PLACEMENT_3D ( 'NONE', #1817, #2996, #1229 ) ;
#2221 = CARTESIAN_POINT ( 'NONE',  ( -1.977584762613560088E-13, -31.03937715335915826, 19.00000000000000000 ) ) ;
#2222 = ORIENTED_EDGE ( 'NONE', *, *, #596, .F. ) ;
#2223 = CARTESIAN_POINT ( 'NONE',  ( -32.59000000000001052, 40.00000000000000000, 10.00000000000000000 ) ) ;
#2224 = CARTESIAN_POINT ( 'NONE',  ( -30.00000000000000000, -40.00000000000001421, 17.00000000000000000 ) ) ;
#2225 = FACE_OUTER_BOUND ( 'NONE', #1680, .T. ) ;
#2226 = ORIENTED_EDGE ( 'NONE', *, *, #1220, .T. ) ;
#2227 = EDGE_CURVE ( 'NONE', #152, #2293, #3588, .T. ) ;
#2228 = CARTESIAN_POINT ( 'NONE',  ( 0.000000000000000000, 0.000000000000000000, 19.00000000000000000 ) ) ;
#2229 = CARTESIAN_POINT ( 'NONE',  ( -188.8999999999999773, -2.571758278209442213E-14, 19.00000000000000355 ) ) ;
#2230 = DIRECTION ( 'NONE',  ( 0.8660254037844410391, 0.4999999999999958367, 0.000000000000000000 ) ) ;
#2231 = EDGE_CURVE ( 'NONE', #1662, #3036, #710, .T. ) ;
#2232 = ORIENTED_EDGE ( 'NONE', *, *, #2207, .T. ) ;
#2233 = ORIENTED_EDGE ( 'NONE', *, *, #3165, .T. ) ;
#2234 = DIRECTION ( 'NONE',  ( 1.000000000000000000, 0.000000000000000000, 0.000000000000000000 ) ) ;
#2235 = PRODUCT_DEFINITION_SHAPE ( 'NONE', 'NONE',  #745 ) ;
#2236 = VECTOR ( 'NONE', #116, 1000.000000000000000 ) ;
#2237 = VERTEX_POINT ( 'NONE', #1601 ) ;
#2238 = AXIS2_PLACEMENT_3D ( 'NONE', #1227, #2071, #1774 ) ;
#2239 = EDGE_CURVE ( 'NONE', #1813, #124, #939, .T. ) ;
#2240 = CIRCLE ( 'NONE', #1810, 2.590000000000008740 ) ;
#2241 = EDGE_LOOP ( 'NONE', ( #2612, #1947, #1561, #1578 ) ) ;
#2242 = ORIENTED_EDGE ( 'NONE', *, *, #3400, .T. ) ;
#2243 = CARTESIAN_POINT ( 'NONE',  ( -164.9999999999999716, -40.00000000000004263, 17.00000000000000000 ) ) ;
#2244 = DIRECTION ( 'NONE',  ( 0.8660254037844341557, -0.5000000000000079936, 0.000000000000000000 ) ) ;
#2245 = VECTOR ( 'NONE', #3497, 1000.000000000000000 ) ;
#2246 = EDGE_CURVE ( 'NONE', #38, #1269, #1892, .T. ) ;
#2247 = EDGE_LOOP ( 'NONE', ( #2494, #2338 ) ) ;
#2248 = FACE_BOUND ( 'NONE', #760, .T. ) ;
#2249 = CARTESIAN_POINT ( 'NONE',  ( 0.000000000000000000, 0.000000000000000000, 10.00000000000000000 ) ) ;
#2250 = DIRECTION ( 'NONE',  ( 1.000000000000000000, 0.000000000000000000, 0.000000000000000000 ) ) ;
#2251 = ORIENTED_EDGE ( 'NONE', *, *, #2872, .T. ) ;
#2252 = ORIENTED_EDGE ( 'NONE', *, *, #3807, .F. ) ;
#2253 = EDGE_CURVE ( 'NONE', #1613, #3071, #3049, .T. ) ;
#2254 = CARTESIAN_POINT ( 'NONE',  ( 0.000000000000000000, 0.000000000000000000, 0.000000000000000000 ) ) ;
#2255 = DIRECTION ( 'NONE',  ( -0.000000000000000000, -0.000000000000000000, -1.000000000000000000 ) ) ;
#2256 = EDGE_LOOP ( 'NONE', ( #1468, #187, #707, #483, #1216 ) ) ;
#2257 = DIRECTION ( 'NONE',  ( -0.000000000000000000, -0.000000000000000000, -1.000000000000000000 ) ) ;
#2258 = APPLICATION_PROTOCOL_DEFINITION ( 'draft international standard', 'automotive_design', 1998, #1435 ) ;
#2259 = DIRECTION ( 'NONE',  ( -0.000000000000000000, -0.000000000000000000, 1.000000000000000000 ) ) ;
#2260 = LINE ( 'NONE', #751, #3105 ) ;
#2261 = VECTOR ( 'NONE', #25, 1000.000000000000000 ) ;
#2262 = VERTEX_POINT ( 'NONE', #405 ) ;
#2263 = LINE ( 'NONE', #3460, #175 ) ;
#2264 = CARTESIAN_POINT ( 'NONE',  ( -72.40999999999996817, -40.00000000000002842, 10.00000000000000000 ) ) ;
#2265 = PLANE ( 'NONE',  #1188 ) ;
#2266 = CIRCLE ( 'NONE', #1209, 1.599999999999990319 ) ;
#2267 = EDGE_CURVE ( 'NONE', #1528, #402, #1584, .T. ) ;
#2268 = DIRECTION ( 'NONE',  ( 0.000000000000000000, 0.000000000000000000, -1.000000000000000000 ) ) ;
#2269 = ORIENTED_EDGE ( 'NONE', *, *, #2267, .F. ) ;
#2270 = AXIS2_PLACEMENT_3D ( 'NONE', #2377, #2355, #609 ) ;
#2271 = ORIENTED_EDGE ( 'NONE', *, *, #3732, .T. ) ;
#2272 = CARTESIAN_POINT ( 'NONE',  ( -46.00000000000000711, 9.797174393178719161E-16, 8.000000000000000000 ) ) ;
#2273 = EDGE_CURVE ( 'NONE', #1266, #574, #510, .T. ) ;
#2274 = AXIS2_PLACEMENT_3D ( 'NONE', #1007, #2192, #663 ) ;
#2275 = ORIENTED_EDGE ( 'NONE', *, *, #108, .T. ) ;
#2276 = DIRECTION ( 'NONE',  ( 3.205467292565839904E-16, -1.000000000000000000, 0.000000000000000000 ) ) ;
#2277 = APPLICATION_PROTOCOL_DEFINITION ( 'draft international standard', 'automotive_design', 1998, #1637 ) ;
#2278 = DIRECTION ( 'NONE',  ( -0.000000000000000000, -0.000000000000000000, -1.000000000000000000 ) ) ;
#2279 = AXIS2_PLACEMENT_3D ( 'NONE', #2243, #1916, #429 ) ;
#2280 = ORIENTED_EDGE ( 'NONE', *, *, #1617, .T. ) ;
#2281 = DIRECTION ( 'NONE',  ( 1.000000000000000000, 0.000000000000000000, 0.000000000000000000 ) ) ;
#2282 = FACE_OUTER_BOUND ( 'NONE', #1459, .T. ) ;
#2283 = ORIENTED_EDGE ( 'NONE', *, *, #581, .T. ) ;
#2284 = CARTESIAN_POINT ( 'NONE',  ( -120.0000000000000000, -40.00000000000002842, 17.00000000000000000 ) ) ;
#2285 = DIRECTION ( 'NONE',  ( 1.000000000000000000, 0.000000000000000000, 0.000000000000000000 ) ) ;
#2286 = FACE_OUTER_BOUND ( 'NONE', #2166, .T. ) ;
#2287 = CARTESIAN_POINT ( 'NONE',  ( 38.96062284664083819, -1.422473250300981817E-13, 15.90000000000000036 ) ) ;
#2288 = ORIENTED_EDGE ( 'NONE', *, *, #661, .F. ) ;
#2289 = DIRECTION ( 'NONE',  ( 1.000000000000000000, 0.000000000000000000, 0.000000000000000000 ) ) ;
#2290 = FACE_OUTER_BOUND ( 'NONE', #2999, .T. ) ;
#2291 = DIRECTION ( 'NONE',  ( 1.000000000000000000, 0.000000000000000000, 0.000000000000000000 ) ) ;
#2292 = DIRECTION ( 'NONE',  ( 0.4999999999999872324, -0.8660254037844460351, -0.000000000000000000 ) ) ;
#2293 = VERTEX_POINT ( 'NONE', #3646 ) ;
#2294 = CARTESIAN_POINT ( 'NONE',  ( -30.00000000000000000, -40.00000000000001421, 10.00000000000000000 ) ) ;
#2295 = AXIS2_PLACEMENT_3D ( 'NONE', #667, #1904, #3084 ) ;
#2296 = VERTEX_POINT ( 'NONE', #2780 ) ;
#2297 = VECTOR ( 'NONE', #2742, 1000.000000000000000 ) ;
#2298 = DIRECTION ( 'NONE',  ( -0.000000000000000000, -0.000000000000000000, 1.000000000000000000 ) ) ;
#2299 = DIRECTION ( 'NONE',  ( 1.000000000000000000, 0.000000000000000000, 0.000000000000000000 ) ) ;
#2300 = CIRCLE ( 'NONE', #1995, 45.00000000000000711 ) ;
#2301 = ORIENTED_EDGE ( 'NONE', *, *, #3022, .T. ) ;
#2302 = CARTESIAN_POINT ( 'NONE',  ( 32.95000000000000995, 3.666055405785290402E-13, 22.05182899632296056 ) ) ;
#2303 = EDGE_CURVE ( 'NONE', #1418, #1639, #2200, .T. ) ;
#2304 = CYLINDRICAL_SURFACE ( 'NONE', #2156, 2.590000000000008740 ) ;
#2305 = EDGE_CURVE ( 'NONE', #3574, #463, #3376, .T. ) ;
#2306 = LINE ( 'NONE', #41, #2184 ) ;
#2307 = CIRCLE ( 'NONE', #948, 10.00000000000000178 ) ;
#2308 = CARTESIAN_POINT ( 'NONE',  ( 0.000000000000000000, 0.000000000000000000, 10.00000000000000000 ) ) ;
#2309 = ORIENTED_EDGE ( 'NONE', *, *, #3684, .T. ) ;
#2310 = CARTESIAN_POINT ( 'NONE',  ( -164.9999999999999716, -40.00000000000004263, 8.000000000000000000 ) ) ;
#2311 = DIRECTION ( 'NONE',  ( 0.5000000000000146549, 0.8660254037844301589, -0.000000000000000000 ) ) ;
#2312 = ORIENTED_EDGE ( 'NONE', *, *, #3597, .F. ) ;
#2313 = EDGE_CURVE ( 'NONE', #3285, #776, #2496, .T. ) ;
#2314 = CIRCLE ( 'NONE', #2073, 2.590000000000008740 ) ;
#2315 = DIRECTION ( 'NONE',  ( 1.000000000000000000, -8.102862996104204446E-15, 0.000000000000000000 ) ) ;
#2316 = CARTESIAN_POINT ( 'NONE',  ( -74.99999999999998579, -40.00000000000002842, 19.00000000000000000 ) ) ;
#2317 = ADVANCED_FACE ( 'NONE', ( #726 ), #3088, .T. ) ;
#2318 = ORIENTED_EDGE ( 'NONE', *, *, #1659, .T. ) ;
#2319 = CARTESIAN_POINT ( 'NONE',  ( 0.000000000000000000, 0.000000000000000000, 8.000000000000000000 ) ) ;
#2320 = VERTEX_POINT ( 'NONE', #1614 ) ;
#2321 = PLANE ( 'NONE',  #736 ) ;
#2322 = EDGE_CURVE ( 'NONE', #152, #2861, #2723, .T. ) ;
#2323 = CARTESIAN_POINT ( 'NONE',  ( -120.0000000000000000, -40.00000000000002842, 10.00000000000000000 ) ) ;
#2324 = DIRECTION ( 'NONE',  ( -0.000000000000000000, -0.000000000000000000, 1.000000000000000000 ) ) ;
#2325 = ADVANCED_FACE ( 'NONE', ( #959 ), #439, .T. ) ;
#2326 = DIRECTION ( 'NONE',  ( 1.000000000000000000, 0.000000000000000000, 0.000000000000000000 ) ) ;
#2327 = ADVANCED_FACE ( 'NONE', ( #1563 ), #2457, .F. ) ;
#2328 = EDGE_LOOP ( 'NONE', ( #3186, #3639, #1842, #1714 ) ) ;
#2329 = CARTESIAN_POINT ( 'NONE',  ( -169.9999999999999716, -2.571758278209442213E-14, 33.50000000000000000 ) ) ;
#2330 = PLANE ( 'NONE',  #517 ) ;
#2331 = EDGE_CURVE ( 'NONE', #742, #2498, #3163, .T. ) ;
#2332 = VERTEX_POINT ( 'NONE', #3703 ) ;
#2333 = DIRECTION ( 'NONE',  ( -0.8660254037844428154, -0.4999999999999929501, 0.000000000000000000 ) ) ;
#2334 = FACE_OUTER_BOUND ( 'NONE', #3671, .T. ) ;
#2335 = DIRECTION ( 'NONE',  ( -1.000000000000000000, 0.000000000000000000, 0.000000000000000000 ) ) ;
#2336 = CYLINDRICAL_SURFACE ( 'NONE', #1371, 2.589999999999981206 ) ;
#2337 = EDGE_LOOP ( 'NONE', ( #3569, #174, #3044, #85 ) ) ;
#2338 = ORIENTED_EDGE ( 'NONE', *, *, #654, .T. ) ;
#2339 = LINE ( 'NONE', #1793, #2123 ) ;
#2340 = AXIS2_PLACEMENT_3D ( 'NONE', #2284, #3713, #831 ) ;
#2341 = EDGE_LOOP ( 'NONE', ( #1622, #1891, #1729, #2233 ) ) ;
#2342 = EDGE_CURVE ( 'NONE', #165, #3809, #1926, .T. ) ;
#2343 = AXIS2_PLACEMENT_3D ( 'NONE', #1513, #3617, #1882 ) ;
#2344 = DIRECTION ( 'NONE',  ( 1.000000000000000000, 0.000000000000000000, 0.000000000000000000 ) ) ;
#2345 = DIRECTION ( 'NONE',  ( 1.000000000000000000, 0.000000000000000000, 0.000000000000000000 ) ) ;
#2346 = VECTOR ( 'NONE', #3224, 1000.000000000000000 ) ;
#2347 = DIRECTION ( 'NONE',  ( -0.000000000000000000, -0.000000000000000000, 1.000000000000000000 ) ) ;
#2348 = ORIENTED_EDGE ( 'NONE', *, *, #1966, .T. ) ;
#2349 = VECTOR ( 'NONE', #1978, 1000.000000000000000 ) ;
#2350 = LINE ( 'NONE', #3518, #3080 ) ;
#2351 = CARTESIAN_POINT ( 'NONE',  ( 16.87044456622778199, 29.22046713498045634, 19.00000000000000000 ) ) ;
#2352 = CARTESIAN_POINT ( 'NONE',  ( -30.00000000000000000, 40.00000000000000000, 17.00000000000000000 ) ) ;
#2353 = ADVANCED_FACE ( 'NONE', ( #2584 ), #799, .F. ) ;
#2354 = ORIENTED_EDGE ( 'NONE', *, *, #3597, .T. ) ;
#2355 = DIRECTION ( 'NONE',  ( -0.000000000000000000, -0.000000000000000000, 1.000000000000000000 ) ) ;
#2356 = CARTESIAN_POINT ( 'NONE',  ( 16.87044456622745159, -29.22046713498078674, 19.00000000000000000 ) ) ;
#2357 = DIRECTION ( 'NONE',  ( 1.000000000000000000, 0.000000000000000000, 0.000000000000000000 ) ) ;
#2358 = CARTESIAN_POINT ( 'NONE',  ( -156.9999999999999716, -13.80000000000000604, 0.000000000000000000 ) ) ;
#2359 = EDGE_CURVE ( 'NONE', #3647, #1896, #1674, .T. ) ;
#2360 = ORIENTED_EDGE ( 'NONE', *, *, #252, .T. ) ;
#2361 = ORIENTED_EDGE ( 'NONE', *, *, #188, .T. ) ;
#2362 = DIRECTION ( 'NONE',  ( -0.000000000000000000, -0.000000000000000000, -1.000000000000000000 ) ) ;
#2363 = DIRECTION ( 'NONE',  ( 1.000000000000000000, 0.000000000000000000, 0.000000000000000000 ) ) ;
#2364 = VERTEX_POINT ( 'NONE', #2272 ) ;
#2365 = ADVANCED_FACE ( 'NONE', ( #2290 ), #1382, .F. ) ;
#2366 = FACE_BOUND ( 'NONE', #3758, .T. ) ;
#2367 = DIRECTION ( 'NONE',  ( -0.000000000000000000, 0.000000000000000000, 1.000000000000000000 ) ) ;
#2368 = CIRCLE ( 'NONE', #2669, 2.589999999999981206 ) ;
#2369 = ORIENTED_EDGE ( 'NONE', *, *, #1086, .F. ) ;
#2370 = AXIS2_PLACEMENT_3D ( 'NONE', #456, #2864, #2812 ) ;
#2371 = FACE_OUTER_BOUND ( 'NONE', #70, .T. ) ;
#2372 = CARTESIAN_POINT ( 'NONE',  ( -45.40000000000003411, -15.40000000000000568, 8.000000000000000000 ) ) ;
#2373 = CYLINDRICAL_SURFACE ( 'NONE', #2965, 2.590000000000008740 ) ;
#2374 = EDGE_CURVE ( 'NONE', #3258, #1943, #1965, .T. ) ;
#2375 = CIRCLE ( 'NONE', #1058, 21.10000000000000853 ) ;
#2376 = EDGE_LOOP ( 'NONE', ( #2644, #1234, #3156, #2622 ) ) ;
#2377 = CARTESIAN_POINT ( 'NONE',  ( -47.00000000000000000, -15.40000000000000568, 8.000000000000000000 ) ) ;
#2378 = CARTESIAN_POINT ( 'NONE',  ( 45.00000000000000711, 5.510910596163090344E-15, 19.00000000000000000 ) ) ;
#2379 = AXIS2_PLACEMENT_3D ( 'NONE', #318, #1490, #236 ) ;
#2380 = PLANE ( 'NONE',  #2387 ) ;
#2381 = ORIENTED_EDGE ( 'NONE', *, *, #657, .T. ) ;
#2382 = CIRCLE ( 'NONE', #1627, 2.590000000000008740 ) ;
#2383 = EDGE_CURVE ( 'NONE', #512, #432, #1653, .T. ) ;
#2384 = ORIENTED_EDGE ( 'NONE', *, *, #1264, .F. ) ;
#2385 = CARTESIAN_POINT ( 'NONE',  ( 0.000000000000000000, 0.000000000000000000, 8.000000000000000000 ) ) ;
#2386 = CARTESIAN_POINT ( 'NONE',  ( -210.0000000000000000, -2.571758278209442213E-14, 19.00000000000000355 ) ) ;
#2387 = AXIS2_PLACEMENT_3D ( 'NONE', #5, #874, #3548 ) ;
#2388 = ORIENTED_EDGE ( 'NONE', *, *, #2040, .F. ) ;
#2389 = FACE_BOUND ( 'NONE', #974, .T. ) ;
#2390 = EDGE_LOOP ( 'NONE', ( #1987, #3411, #3750, #941, #3279 ) ) ;
#2391 = CARTESIAN_POINT ( 'NONE',  ( -2.049999999999756017, -35.00000000000000000, 15.90000000000000036 ) ) ;
#2392 = DIRECTION ( 'NONE',  ( -0.000000000000000000, -0.000000000000000000, 1.000000000000000000 ) ) ;
#2393 = EDGE_CURVE ( 'NONE', #1081, #845, #3655, .T. ) ;
#2394 = EDGE_LOOP ( 'NONE', ( #930, #3667 ) ) ;
#2395 = CARTESIAN_POINT ( 'NONE',  ( -242.0510161513767855, 19.99999999999946354, 10.00000000000000000 ) ) ;
#2396 = DIRECTION ( 'NONE',  ( 1.000000000000000000, 0.000000000000000000, 0.000000000000000000 ) ) ;
#2397 = ADVANCED_FACE ( 'NONE', ( #1635, #1325 ), #3120, .T. ) ;
#2398 = CARTESIAN_POINT ( 'NONE',  ( -156.9999999999999716, 15.39999999999996838, 8.000000000000000000 ) ) ;
#2399 = EDGE_LOOP ( 'NONE', ( #1040, #351 ) ) ;
#2400 = AXIS2_PLACEMENT_3D ( 'NONE', #3741, #2828, #1946 ) ;
#2401 = EDGE_LOOP ( 'NONE', ( #3345, #3054, #1488, #1834 ) ) ;
#2402 = CYLINDRICAL_SURFACE ( 'NONE', #3099, 2.590000000000008740 ) ;
#2403 = CARTESIAN_POINT ( 'NONE',  ( 2.444036937190193601E-13, -35.00000000000000000, 0.000000000000000000 ) ) ;
#2404 = ORIENTED_EDGE ( 'NONE', *, *, #3506, .T. ) ;
#2405 = AXIS2_PLACEMENT_3D ( 'NONE', #988, #702, #1902 ) ;
#2406 = DIRECTION ( 'NONE',  ( -0.000000000000000000, -0.000000000000000000, -1.000000000000000000 ) ) ;
#2407 = CARTESIAN_POINT ( 'NONE',  ( -156.9999999999999716, 16.99999999999996803, 8.000000000000000000 ) ) ;
#2408 = CIRCLE ( 'NONE', #3446, 2.589999999999981206 ) ;
#2409 = VERTEX_POINT ( 'NONE', #1046 ) ;
#2410 = CYLINDRICAL_SURFACE ( 'NONE', #2214, 2.590000000000008740 ) ;
#2411 = DIRECTION ( 'NONE',  ( -0.8660254037844441477, -0.4999999999999905076, 0.000000000000000000 ) ) ;
#2412 = AXIS2_PLACEMENT_3D ( 'NONE', #1350, #2259, #2536 ) ;
#2413 = VECTOR ( 'NONE', #3018, 1000.000000000000000 ) ;
#2414 = VERTEX_POINT ( 'NONE', #3412 ) ;
#2415 = DIRECTION ( 'NONE',  ( 1.000000000000000000, 0.000000000000000000, 0.000000000000000000 ) ) ;
#2416 = DIRECTION ( 'NONE',  ( 0.000000000000000000, 0.000000000000000000, 1.000000000000000000 ) ) ;
#2417 = FACE_OUTER_BOUND ( 'NONE', #3582, .T. ) ;
#2418 = LINE ( 'NONE', #2358, #195 ) ;
#2419 = VERTEX_POINT ( 'NONE', #744 ) ;
#2420 = ORIENTED_EDGE ( 'NONE', *, *, #3012, .F. ) ;
#2421 = DIRECTION ( 'NONE',  ( -0.000000000000000000, -0.000000000000000000, 1.000000000000000000 ) ) ;
#2422 = DIRECTION ( 'NONE',  ( 0.000000000000000000, 0.000000000000000000, -1.000000000000000000 ) ) ;
#2423 = CARTESIAN_POINT ( 'NONE',  ( -2.050000000000000711, 35.00000000000000000, 0.000000000000000000 ) ) ;
#2424 = ORIENTED_EDGE ( 'NONE', *, *, #3289, .T. ) ;
#2425 = FACE_OUTER_BOUND ( 'NONE', #1981, .T. ) ;
#2426 = CARTESIAN_POINT ( 'NONE',  ( -74.99999999999998579, -40.00000000000002842, 17.00000000000000000 ) ) ;
#2427 = ORIENTED_EDGE ( 'NONE', *, *, #3151, .T. ) ;
#2428 = CARTESIAN_POINT ( 'NONE',  ( -27.40999999999998948, -40.00000000000001421, 17.00000000000000000 ) ) ;
#2429 = FACE_OUTER_BOUND ( 'NONE', #397, .T. ) ;
#2430 = AXIS2_PLACEMENT_3D ( 'NONE', #569, #3333, #1318 ) ;
#2431 = ORIENTED_EDGE ( 'NONE', *, *, #3000, .F. ) ;
#2432 = AXIS2_PLACEMENT_3D ( 'NONE', #1420, #3275, #1139 ) ;
#2433 = ADVANCED_FACE ( 'NONE', ( #1692 ), #2217, .T. ) ;
#2434 = DIRECTION ( 'NONE',  ( -0.000000000000000000, 0.000000000000000000, 1.000000000000000000 ) ) ;
#2435 = PLANE ( 'NONE',  #3475 ) ;
#2436 = VECTOR ( 'NONE', #221, 1000.000000000000000 ) ;
#2437 = LINE ( 'NONE', #3605, #2575 ) ;
#2438 = EDGE_LOOP ( 'NONE', ( #2512, #1063, #2665, #383 ) ) ;
#2439 = VERTEX_POINT ( 'NONE', #762 ) ;
#2440 = AXIS2_PLACEMENT_3D ( 'NONE', #1682, #217, #3368 ) ;
#2441 = DIRECTION ( 'NONE',  ( -0.000000000000000000, 0.000000000000000000, 1.000000000000000000 ) ) ;
#2442 = DIRECTION ( 'NONE',  ( 1.000000000000000000, 0.000000000000000000, 0.000000000000000000 ) ) ;
#2443 = AXIS2_PLACEMENT_3D ( 'NONE', #621, #1877, #694 ) ;
#2444 = VERTEX_POINT ( 'NONE', #2531 ) ;
#2445 = DIRECTION ( 'NONE',  ( -0.8660254037844360431, 0.5000000000000044409, 0.000000000000000000 ) ) ;
#2446 = LINE ( 'NONE', #352, #2993 ) ;
#2447 = ADVANCED_FACE ( 'NONE', ( #3740 ), #1402, .T. ) ;
#2448 = VERTEX_POINT ( 'NONE', #3158 ) ;
#2449 = ADVANCED_FACE ( 'NONE', ( #2826 ), #170, .T. ) ;
#2450 = DIRECTION ( 'NONE',  ( 0.000000000000000000, -0.000000000000000000, -1.000000000000000000 ) ) ;
#2451 = DIRECTION ( 'NONE',  ( 1.000000000000000000, 0.000000000000000000, 0.000000000000000000 ) ) ;
#2452 = EDGE_LOOP ( 'NONE', ( #2118, #1161, #3129, #3789 ) ) ;
#2453 = LINE ( 'NONE', #2508, #3023 ) ;
#2454 = CYLINDRICAL_SURFACE ( 'NONE', #271, 2.590000000000008740 ) ;
#2455 = ORIENTED_EDGE ( 'NONE', *, *, #1699, .F. ) ;
#2456 = ORIENTED_EDGE ( 'NONE', *, *, #270, .T. ) ;
#2457 = CYLINDRICAL_SURFACE ( 'NONE', #1111, 1.599999999999969447 ) ;
#2458 = DIRECTION ( 'NONE',  ( 0.000000000000000000, -0.000000000000000000, -1.000000000000000000 ) ) ;
#2459 = VERTEX_POINT ( 'NONE', #1339 ) ;
#2460 = CYLINDRICAL_SURFACE ( 'NONE', #3330, 1.599999999999990319 ) ;
#2461 = FACE_OUTER_BOUND ( 'NONE', #3393, .T. ) ;
#2462 = AXIS2_PLACEMENT_3D ( 'NONE', #780, #2606, #476 ) ;
#2463 = ADVANCED_FACE ( 'NONE', ( #1944 ), #474, .T. ) ;
#2464 = ORIENTED_EDGE ( 'NONE', *, *, #3400, .F. ) ;
#2465 = ORIENTED_EDGE ( 'NONE', *, *, #3032, .F. ) ;
#2466 = DIRECTION ( 'NONE',  ( -0.000000000000000000, -0.000000000000000000, 1.000000000000000000 ) ) ;
#2467 = CYLINDRICAL_SURFACE ( 'NONE', #337, 2.590000000000008740 ) ;
#2468 = ORIENTED_EDGE ( 'NONE', *, *, #1966, .F. ) ;
#2469 = VECTOR ( 'NONE', #1294, 1000.000000000000000 ) ;
#2470 = DIRECTION ( 'NONE',  ( 1.000000000000000000, 0.000000000000000000, 0.000000000000000000 ) ) ;
#2471 = CARTESIAN_POINT ( 'NONE',  ( -210.0000000000000000, -2.571758278209442213E-14, 27.50000000000000355 ) ) ;
#2472 = EDGE_CURVE ( 'NONE', #1747, #1380, #1082, .T. ) ;
#2473 = DIRECTION ( 'NONE',  ( -0.4999999999999912847, 0.8660254037844435926, -0.000000000000000000 ) ) ;
#2474 = AXIS2_PLACEMENT_3D ( 'NONE', #1619, #1658, #1289 ) ;
#2475 = ORIENTED_EDGE ( 'NONE', *, *, #1618, .F. ) ;
#2476 = ORIENTED_EDGE ( 'NONE', *, *, #2040, .T. ) ;
#2477 = CARTESIAN_POINT ( 'NONE',  ( -169.9999999999999716, -2.571758278209442213E-14, 27.50000000000000355 ) ) ;
#2478 = AXIS2_PLACEMENT_3D ( 'NONE', #2403, #2422, #2072 ) ;
#2479 = EDGE_CURVE ( 'NONE', #194, #3557, #267, .T. ) ;
#2480 = VERTEX_POINT ( 'NONE', #592 ) ;
#2481 = CARTESIAN_POINT ( 'NONE',  ( 0.000000000000000000, 0.000000000000000000, 0.000000000000000000 ) ) ;
#2482 = CARTESIAN_POINT ( 'NONE',  ( 2.444036937190193601E-13, -35.00000000000000000, 15.90000000000000036 ) ) ;
#2483 = ADVANCED_FACE ( 'NONE', ( #242 ), #1787, .T. ) ;
#2484 = ORIENTED_EDGE ( 'NONE', *, *, #3043, .F. ) ;
#2485 = DIRECTION ( 'NONE',  ( -0.000000000000000000, -0.000000000000000000, -1.000000000000000000 ) ) ;
#2486 = FACE_OUTER_BOUND ( 'NONE', #2626, .T. ) ;
#2487 = ORIENTED_EDGE ( 'NONE', *, *, #215, .F. ) ;
#2488 = DIRECTION ( 'NONE',  ( -0.000000000000000000, -0.000000000000000000, 1.000000000000000000 ) ) ;
#2489 = AXIS2_PLACEMENT_3D ( 'NONE', #1096, #493, #1708 ) ;
#2490 = CARTESIAN_POINT ( 'NONE',  ( -120.0000000000000000, 40.00000000000000000, 10.00000000000000000 ) ) ;
#2491 = EDGE_CURVE ( 'NONE', #3473, #117, #1731, .T. ) ;
#2492 = CARTESIAN_POINT ( 'NONE',  ( -147.9999999999999716, -10.00000000000003020, 19.00000000000000000 ) ) ;
#2493 = VECTOR ( 'NONE', #3253, 1000.000000000000114 ) ;
#2494 = ORIENTED_EDGE ( 'NONE', *, *, #940, .T. ) ;
#2495 = ORIENTED_EDGE ( 'NONE', *, *, #3390, .F. ) ;
#2496 = LINE ( 'NONE', #119, #2734 ) ;
#2497 = EDGE_CURVE ( 'NONE', #1265, #1609, #331, .T. ) ;
#2498 = VERTEX_POINT ( 'NONE', #2378 ) ;
#2499 = LINE ( 'NONE', #1695, #3714 ) ;
#2500 = LINE ( 'NONE', #3669, #3451 ) ;
#2501 = CARTESIAN_POINT ( 'NONE',  ( -30.00000000000000000, -40.00000000000001421, 17.00000000000000000 ) ) ;
#2502 = AXIS2_PLACEMENT_3D ( 'NONE', #1295, #2984, #2692 ) ;
#2503 = ORIENTED_EDGE ( 'NONE', *, *, #3250, .T. ) ;
#2504 = AXIS2_PLACEMENT_3D ( 'NONE', #2316, #137, #1020 ) ;
#2505 = LINE ( 'NONE', #3691, #1157 ) ;
#2506 = CYLINDRICAL_SURFACE ( 'NONE', #1934, 21.10000000000000853 ) ;
#2507 = VERTEX_POINT ( 'NONE', #1769 ) ;
#2508 = CARTESIAN_POINT ( 'NONE',  ( -27.40999999999998948, 40.00000000000000000, 17.00000000000000000 ) ) ;
#2509 = SURFACE_STYLE_FILL_AREA ( #3698 ) ;
#2510 = ADVANCED_FACE ( 'NONE', ( #2334 ), #1495, .F. ) ;
#2511 = DIRECTION ( 'NONE',  ( 1.000000000000000000, 0.000000000000000000, 0.000000000000000000 ) ) ;
#2512 = ORIENTED_EDGE ( 'NONE', *, *, #2267, .T. ) ;
#2513 = EDGE_LOOP ( 'NONE', ( #2633, #3109 ) ) ;
#2514 = DIRECTION ( 'NONE',  ( -1.000000000000000000, 0.000000000000000000, 0.000000000000000000 ) ) ;
#2515 = ORIENTED_EDGE ( 'NONE', *, *, #815, .T. ) ;
#2516 = FACE_OUTER_BOUND ( 'NONE', #2566, .T. ) ;
#2517 = CARTESIAN_POINT ( 'NONE',  ( -244.6410161513760499, -20.00000000000068212, 10.00000000000000000 ) ) ;
#2518 = ORIENTED_EDGE ( 'NONE', *, *, #1837, .T. ) ;
#2519 = VECTOR ( 'NONE', #2127, 1000.000000000000000 ) ;
#2520 = LINE ( 'NONE', #2223, #3511 ) ;
#2521 = DIRECTION ( 'NONE',  ( -0.000000000000000000, -0.000000000000000000, -1.000000000000000000 ) ) ;
#2522 = VECTOR ( 'NONE', #45, 1000.000000000000000 ) ;
#2523 = ORIENTED_EDGE ( 'NONE', *, *, #250, .T. ) ;
#2524 = FACE_BOUND ( 'NONE', #1211, .T. ) ;
#2525 = FILL_AREA_STYLE_COLOUR ( '', #2615 ) ;
#2526 = DIRECTION ( 'NONE',  ( -0.4999999999999907851, 0.8660254037844439257, -0.000000000000000000 ) ) ;
#2527 = VECTOR ( 'NONE', #296, 1000.000000000000000 ) ;
#2528 = ORIENTED_EDGE ( 'NONE', *, *, #3674, .F. ) ;
#2529 = EDGE_LOOP ( 'NONE', ( #857, #1958 ) ) ;
#2530 = EDGE_CURVE ( 'NONE', #1083, #300, #2905, .T. ) ;
#2531 = CARTESIAN_POINT ( 'NONE',  ( -117.4099999999999824, -40.00000000000002842, 8.000000000000000000 ) ) ;
#2532 = ORIENTED_EDGE ( 'NONE', *, *, #2752, .F. ) ;
#2533 = ADVANCED_FACE ( 'NONE', ( #3776 ), #2603, .T. ) ;
#2534 = ORIENTED_EDGE ( 'NONE', *, *, #3398, .F. ) ;
#2535 = VERTEX_POINT ( 'NONE', #1200 ) ;
#2536 = DIRECTION ( 'NONE',  ( 1.000000000000000000, 0.000000000000000000, 0.000000000000000000 ) ) ;
#2537 = CARTESIAN_POINT ( 'NONE',  ( 23.27953286501917418, -13.44044456622783912, 19.00000000000000000 ) ) ;
#2538 = VERTEX_POINT ( 'NONE', #1119 ) ;
#2539 = FACE_OUTER_BOUND ( 'NONE', #870, .T. ) ;
#2540 = LINE ( 'NONE', #3131, #2164 ) ;
#2541 =( NAMED_UNIT ( * ) PLANE_ANGLE_UNIT ( ) SI_UNIT ( $, .RADIAN. ) );
#2542 = CARTESIAN_POINT ( 'NONE',  ( -74.99999999999998579, 40.00000000000000000, 17.00000000000000000 ) ) ;
#2543 = ADVANCED_FACE ( 'NONE', ( #3564 ), #2107, .T. ) ;
#2544 = EDGE_LOOP ( 'NONE', ( #3219, #2794, #2576, #2954 ) ) ;
#2545 = ORIENTED_EDGE ( 'NONE', *, *, #2491, .F. ) ;
#2546 = DIRECTION ( 'NONE',  ( 0.000000000000000000, -0.000000000000000000, 1.000000000000000000 ) ) ;
#2547 = LINE ( 'NONE', #3182, #3683 ) ;
#2548 = CIRCLE ( 'NONE', #871, 1.599999999999969447 ) ;
#2549 = VERTEX_POINT ( 'NONE', #2947 ) ;
#2550 = DIRECTION ( 'NONE',  ( 1.000000000000000000, 0.000000000000000000, 0.000000000000000000 ) ) ;
#2551 = CARTESIAN_POINT ( 'NONE',  ( -244.6410161513760499, -20.00000000000068212, 10.00000000000000000 ) ) ;
#2552 = STYLED_ITEM ( 'NONE', ( #1903 ), #2783 ) ;
#2553 = ORIENTED_EDGE ( 'NONE', *, *, #2997, .T. ) ;
#2554 = ORIENTED_EDGE ( 'NONE', *, *, #3236, .F. ) ;
#2555 = ADVANCED_FACE ( 'NONE', ( #2639 ), #3490, .F. ) ;
#2556 = CIRCLE ( 'NONE', #1999, 45.00000000000001421 ) ;
#2557 = CYLINDRICAL_SURFACE ( 'NONE', #10, 2.590000000000008740 ) ;
#2558 = FACE_OUTER_BOUND ( 'NONE', #622, .T. ) ;
#2559 = AXIS2_PLACEMENT_3D ( 'NONE', #2168, #36, #980 ) ;
#2560 = ADVANCED_FACE ( 'NONE', ( #3503 ), #23, .F. ) ;
#2561 = ORIENTED_EDGE ( 'NONE', *, *, #1913, .T. ) ;
#2562 = CARTESIAN_POINT ( 'NONE',  ( 0.000000000000000000, 35.00000000000000000, 0.000000000000000000 ) ) ;
#2563 = DIRECTION ( 'NONE',  ( 0.000000000000000000, -0.000000000000000000, -1.000000000000000000 ) ) ;
#2564 = AXIS2_PLACEMENT_3D ( 'NONE', #346, #1520, #593 ) ;
#2565 = DIRECTION ( 'NONE',  ( 0.000000000000000000, 0.000000000000000000, 1.000000000000000000 ) ) ;
#2566 = EDGE_LOOP ( 'NONE', ( #388, #356 ) ) ;
#2567 = DIRECTION ( 'NONE',  ( -0.000000000000000000, -0.000000000000000000, 1.000000000000000000 ) ) ;
#2568 = DIRECTION ( 'NONE',  ( -0.8660254037844360431, 0.5000000000000044409, 0.000000000000000000 ) ) ;
#2569 = ORIENTED_EDGE ( 'NONE', *, *, #2875, .T. ) ;
#2570 = DIRECTION ( 'NONE',  ( 1.000000000000000000, 3.205467292565839904E-16, 0.000000000000000000 ) ) ;
#2571 =( NAMED_UNIT ( * ) PLANE_ANGLE_UNIT ( ) SI_UNIT ( $, .RADIAN. ) );
#2572 = ADVANCED_FACE ( 'NONE', ( #2043 ), #914, .T. ) ;
#2573 = CARTESIAN_POINT ( 'NONE',  ( -32.59000000000001052, -40.00000000000001421, 10.00000000000000000 ) ) ;
#2574 = DIRECTION ( 'NONE',  ( 0.000000000000000000, 0.000000000000000000, -1.000000000000000000 ) ) ;
#2575 = VECTOR ( 'NONE', #3526, 1000.000000000000000 ) ;
#2576 = ORIENTED_EDGE ( 'NONE', *, *, #1523, .F. ) ;
#2577 = EDGE_CURVE ( 'NONE', #2969, #3055, #3217, .T. ) ;
#2578 = FACE_BOUND ( 'NONE', #1652, .T. ) ;
#2579 = CARTESIAN_POINT ( 'NONE',  ( 0.000000000000000000, 0.000000000000000000, 19.00000000000000000 ) ) ;
#2580 =( LENGTH_UNIT ( ) NAMED_UNIT ( * ) SI_UNIT ( .MILLI., .METRE. ) );
#2581 = PLANE ( 'NONE',  #2489 ) ;
#2582 = EDGE_LOOP ( 'NONE', ( #2975, #28, #3662, #3207 ) ) ;
#2583 = EDGE_LOOP ( 'NONE', ( #3689, #1612 ) ) ;
#2584 = FACE_OUTER_BOUND ( 'NONE', #2216, .T. ) ;
#2585 = DIRECTION ( 'NONE',  ( -0.000000000000000000, -0.000000000000000000, 1.000000000000000000 ) ) ;
#2586 = CIRCLE ( 'NONE', #912, 45.00000000000001421 ) ;
#2587 = ORIENTED_EDGE ( 'NONE', *, *, #1256, .F. ) ;
#2588 = FACE_OUTER_BOUND ( 'NONE', #1328, .T. ) ;
#2589 = AXIS2_PLACEMENT_3D ( 'NONE', #3457, #2050, #1447 ) ;
#2590 = CIRCLE ( 'NONE', #1288, 10.00000000000000178 ) ;
#2591 = VERTEX_POINT ( 'NONE', #1749 ) ;
#2592 = CARTESIAN_POINT ( 'NONE',  ( -164.9999999999999716, -40.00000000000004263, 10.00000000000000000 ) ) ;
#2593 = CARTESIAN_POINT ( 'NONE',  ( 3.430000000000012594, 36.98031142332039423, 15.90000000000000036 ) ) ;
#2594 = EDGE_CURVE ( 'NONE', #3633, #376, #2930, .T. ) ;
#2595 = ORIENTED_EDGE ( 'NONE', *, *, #3295, .F. ) ;
#2596 = FACE_BOUND ( 'NONE', #3100, .T. ) ;
#2597 = CARTESIAN_POINT ( 'NONE',  ( -247.2310161513767923, 19.99999999999946354, 10.00000000000000000 ) ) ;
#2598 = FACE_OUTER_BOUND ( 'NONE', #3733, .T. ) ;
#2599 = EDGE_CURVE ( 'NONE', #214, #268, #1163, .T. ) ;
#2600 = DIRECTION ( 'NONE',  ( 1.000000000000000000, 0.000000000000000000, -0.000000000000000000 ) ) ;
#2601 = ORIENTED_EDGE ( 'NONE', *, *, #3739, .F. ) ;
#2602 = ORIENTED_EDGE ( 'NONE', *, *, #3684, .F. ) ;
#2603 = PLANE ( 'NONE',  #1568 ) ;
#2604 = ADVANCED_FACE ( 'NONE', ( #84 ), #1009, .F. ) ;
#2605 = CARTESIAN_POINT ( 'NONE',  ( -244.6410161513767889, 19.99999999999946354, 8.000000000000000000 ) ) ;
#2606 = DIRECTION ( 'NONE',  ( 0.8660254037844429265, 0.4999999999999925615, -0.000000000000000000 ) ) ;
#2607 = EDGE_LOOP ( 'NONE', ( #3369, #118 ) ) ;
#2608 = EDGE_CURVE ( 'NONE', #1265, #1081, #2194, .T. ) ;
#2609 =( NAMED_UNIT ( * ) SI_UNIT ( $, .STERADIAN. ) SOLID_ANGLE_UNIT ( ) );
#2610 = AXIS2_PLACEMENT_3D ( 'NONE', #3765, #1640, #172 ) ;
#2611 = EDGE_CURVE ( 'NONE', #3136, #2662, #2175, .T. ) ;
#2612 = ORIENTED_EDGE ( 'NONE', *, *, #1011, .T. ) ;
#2613 = VECTOR ( 'NONE', #1461, 1000.000000000000114 ) ;
#2614 = CARTESIAN_POINT ( 'NONE',  ( -228.8249999999999886, -2.341218518269952855E-14, 19.00000000000000355 ) ) ;
#2615 = COLOUR_RGB ( '',0.7921568627450980005, 0.8196078431372548767, 0.9333333333333333481 ) ;
#2616 = ORIENTED_EDGE ( 'NONE', *, *, #406, .T. ) ;
#2617 = DIRECTION ( 'NONE',  ( 0.000000000000000000, 0.000000000000000000, -1.000000000000000000 ) ) ;
#2618 = CARTESIAN_POINT ( 'NONE',  ( -77.58999999999998920, -40.00000000000002842, 8.000000000000000000 ) ) ;
#2619 = AXIS2_PLACEMENT_3D ( 'NONE', #1739, #3767, #1393 ) ;
#2620 = CARTESIAN_POINT ( 'NONE',  ( -1.486905836551549079E-15, 45.00000000000000711, 19.00000000000000000 ) ) ;
#2621 = EDGE_LOOP ( 'NONE', ( #458, #2464 ) ) ;
#2622 = ORIENTED_EDGE ( 'NONE', *, *, #467, .F. ) ;
#2623 = ADVANCED_FACE ( 'NONE', ( #3603 ), #1299, .T. ) ;
#2624 = CARTESIAN_POINT ( 'NONE',  ( -74.99999999999998579, 40.00000000000000000, 10.00000000000000000 ) ) ;
#2625 = LINE ( 'NONE', #3567, #1323 ) ;
#2626 = EDGE_LOOP ( 'NONE', ( #958, #3501, #2503, #1552 ) ) ;
#2627 = ORIENTED_EDGE ( 'NONE', *, *, #2095, .T. ) ;
#2628 = FACE_BOUND ( 'NONE', #3590, .T. ) ;
#2629 = CARTESIAN_POINT ( 'NONE',  ( -3.430000000000223093, -33.01968857667954182, 15.90000000000000036 ) ) ;
#2630 = CARTESIAN_POINT ( 'NONE',  ( 9.453492713791213459E-22, 45.00000000000000711, 19.00000000000000000 ) ) ;
#2631 = DIRECTION ( 'NONE',  ( 1.000000000000000000, 0.000000000000000000, 0.000000000000000000 ) ) ;
#2632 = ADVANCED_FACE ( 'NONE', ( #2989 ), #1849, .F. ) ;
#2633 = ORIENTED_EDGE ( 'NONE', *, *, #3612, .T. ) ;
#2634 = LINE ( 'NONE', #3810, #3200 ) ;
#2635 = CARTESIAN_POINT ( 'NONE',  ( -117.4099999999999824, -40.00000000000002842, 19.00000000000000000 ) ) ;
#2636 = ADVANCED_FACE ( 'NONE', ( #399 ), #2454, .F. ) ;
#2637 = VERTEX_POINT ( 'NONE', #1219 ) ;
#2638 = LINE ( 'NONE', #3252, #2522 ) ;
#2639 = FACE_OUTER_BOUND ( 'NONE', #278, .T. ) ;
#2640 = CARTESIAN_POINT ( 'NONE',  ( 2.050000000000000711, 35.00000000000000000, 15.90000000000000036 ) ) ;
#2641 = CARTESIAN_POINT ( 'NONE',  ( -8.266365894244635122E-15, 45.00000000000000711, 8.000000000000000000 ) ) ;
#2642 = AXIS2_PLACEMENT_3D ( 'NONE', #1476, #3274, #2083 ) ;
#2643 = EDGE_CURVE ( 'NONE', #917, #1372, #3621, .T. ) ;
#2644 = ORIENTED_EDGE ( 'NONE', *, *, #3521, .F. ) ;
#2645 = EDGE_LOOP ( 'NONE', ( #2074, #1828, #2381, #2369 ) ) ;
#2646 = LINE ( 'NONE', #3552, #2850 ) ;
#2647 = CARTESIAN_POINT ( 'NONE',  ( -210.0000000000000000, 44.99999999999998579, 19.00000000000000000 ) ) ;
#2648 = AXIS2_PLACEMENT_3D ( 'NONE', #808, #793, #3443 ) ;
#2649 = EDGE_LOOP ( 'NONE', ( #1386, #3272 ) ) ;
#2650 = DIRECTION ( 'NONE',  ( 1.000000000000000000, 0.000000000000000000, 0.000000000000000000 ) ) ;
#2651 = DIRECTION ( 'NONE',  ( 0.000000000000000000, -0.000000000000000000, -1.000000000000000000 ) ) ;
#2652 = ADVANCED_FACE ( 'NONE', ( #3659 ), #933, .F. ) ;
#2653 = VECTOR ( 'NONE', #2937, 1000.000000000000000 ) ;
#2654 = VERTEX_POINT ( 'NONE', #3051 ) ;
#2655 = CARTESIAN_POINT ( 'NONE',  ( -16.87044456622797028, -29.22046713498036397, 19.00000000000000000 ) ) ;
#2656 = CARTESIAN_POINT ( 'NONE',  ( 0.000000000000000000, 0.000000000000000000, 19.00000000000000000 ) ) ;
#2657 = ADVANCED_FACE ( 'NONE', ( #3641 ), #2435, .T. ) ;
#2658 = VERTEX_POINT ( 'NONE', #345 ) ;
#2659 = LINE ( 'NONE', #2395, #3254 ) ;
#2660 = CARTESIAN_POINT ( 'NONE',  ( 1.040834085586084414E-14, -45.00000000000000711, 19.00000000000000000 ) ) ;
#2661 = DIRECTION ( 'NONE',  ( 1.000000000000000000, 0.000000000000000000, 0.000000000000000000 ) ) ;
#2662 = VERTEX_POINT ( 'NONE', #2158 ) ;
#2663 = ORIENTED_EDGE ( 'NONE', *, *, #1085, .F. ) ;
#2664 = FACE_BOUND ( 'NONE', #813, .T. ) ;
#2665 = ORIENTED_EDGE ( 'NONE', *, *, #774, .F. ) ;
#2666 = DIRECTION ( 'NONE',  ( -1.000000000000000000, 0.000000000000000000, 0.000000000000000000 ) ) ;
#2667 = EDGE_CURVE ( 'NONE', #2726, #1047, #2375, .T. ) ;
#2668 = CARTESIAN_POINT ( 'NONE',  ( -47.00000000000000000, -13.80000000000003801, 8.000000000000000000 ) ) ;
#2669 = AXIS2_PLACEMENT_3D ( 'NONE', #203, #1417, #1670 ) ;
#2670 = EDGE_CURVE ( 'NONE', #1450, #2868, #1249, .T. ) ;
#2671 = VERTEX_POINT ( 'NONE', #101 ) ;
#2672 = VECTOR ( 'NONE', #1244, 1000.000000000000000 ) ;
#2673 = DIRECTION ( 'NONE',  ( 0.000000000000000000, 0.000000000000000000, -1.000000000000000000 ) ) ;
#2674 = CARTESIAN_POINT ( 'NONE',  ( 2.050000000000000711, 35.00000000000000000, 22.05182899632296056 ) ) ;
#2675 = EDGE_CURVE ( 'NONE', #512, #165, #1867, .T. ) ;
#2676 = AXIS2_PLACEMENT_3D ( 'NONE', #3193, #1197, #3211 ) ;
#2677 = ORIENTED_EDGE ( 'NONE', *, *, #3755, .T. ) ;
#2678 = CARTESIAN_POINT ( 'NONE',  ( 0.000000000000000000, 35.00000000000000000, 15.90000000000000036 ) ) ;
#2679 = CARTESIAN_POINT ( 'NONE',  ( 0.000000000000000000, 0.000000000000000000, 10.00000000000000000 ) ) ;
#2680 = VECTOR ( 'NONE', #3618, 1000.000000000000000 ) ;
#2681 = DIRECTION ( 'NONE',  ( 0.000000000000000000, 0.000000000000000000, 1.000000000000000000 ) ) ;
#2682 = EDGE_LOOP ( 'NONE', ( #876, #1168, #3349, #1760 ) ) ;
#2683 = ORIENTED_EDGE ( 'NONE', *, *, #766, .F. ) ;
#2684 = FACE_BOUND ( 'NONE', #1685, .T. ) ;
#2685 = DIRECTION ( 'NONE',  ( -0.000000000000000000, -0.000000000000000000, -1.000000000000000000 ) ) ;
#2686 = CARTESIAN_POINT ( 'NONE',  ( -162.4099999999999966, 40.00000000000000000, 8.000000000000000000 ) ) ;
#2687 = ORIENTED_EDGE ( 'NONE', *, *, #2393, .T. ) ;
#2688 = CARTESIAN_POINT ( 'NONE',  ( -120.0000000000000000, -40.00000000000002842, 10.00000000000000000 ) ) ;
#2689 = CARTESIAN_POINT ( 'NONE',  ( -164.9999999999999716, 40.00000000000000000, 17.00000000000000000 ) ) ;
#2690 = VERTEX_POINT ( 'NONE', #3069 ) ;
#2691 = DIRECTION ( 'NONE',  ( -0.000000000000000000, -0.000000000000000000, 1.000000000000000000 ) ) ;
#2692 = DIRECTION ( 'NONE',  ( 1.000000000000000000, 0.000000000000000000, 0.000000000000000000 ) ) ;
#2693 = CARTESIAN_POINT ( 'NONE',  ( -23.27953286501908892, 13.44044456622799011, 19.00000000000000000 ) ) ;
#2694 = ORIENTED_EDGE ( 'NONE', *, *, #2205, .F. ) ;
#2695 = CARTESIAN_POINT ( 'NONE',  ( -210.0000000000000000, -2.571758278209442213E-14, 19.00000000000000000 ) ) ;
#2696 = DIRECTION ( 'NONE',  ( -0.000000000000000000, -0.000000000000000000, -1.000000000000000000 ) ) ;
#2697 = CARTESIAN_POINT ( 'NONE',  ( -164.9999999999999716, 40.00000000000000000, 19.00000000000000000 ) ) ;
#2698 = CARTESIAN_POINT ( 'NONE',  ( -228.8249999999999886, -2.341218518269952855E-14, 17.00000000000000000 ) ) ;
#2699 = EDGE_LOOP ( 'NONE', ( #3656, #1305, #2842, #3737 ) ) ;
#2700 = ORIENTED_EDGE ( 'NONE', *, *, #2491, .T. ) ;
#2701 = FACE_OUTER_BOUND ( 'NONE', #3126, .T. ) ;
#2702 = DIRECTION ( 'NONE',  ( -1.000000000000000000, 0.000000000000000000, 0.000000000000000000 ) ) ;
#2703 = AXIS2_PLACEMENT_3D ( 'NONE', #343, #64, #2970 ) ;
#2704 = ORIENTED_EDGE ( 'NONE', *, *, #1783, .F. ) ;
#2705 = AXIS2_PLACEMENT_3D ( 'NONE', #2212, #3386, #738 ) ;
#2706 = LINE ( 'NONE', #3555, #3419 ) ;
#2707 = EDGE_CURVE ( 'NONE', #3574, #453, #393, .T. ) ;
#2708 = CIRCLE ( 'NONE', #1847, 2.050000000000003375 ) ;
#2709 = ORIENTED_EDGE ( 'NONE', *, *, #856, .F. ) ;
#2710 = CARTESIAN_POINT ( 'NONE',  ( -27.40999999999998948, -40.00000000000001421, 10.00000000000000000 ) ) ;
#2711 = CARTESIAN_POINT ( 'NONE',  ( -72.40999999999996817, 40.00000000000000000, 8.000000000000000000 ) ) ;
#2712 = VECTOR ( 'NONE', #2278, 1000.000000000000000 ) ;
#2713 = CARTESIAN_POINT ( 'NONE',  ( -2.828353493440452420E-15, 10.00000000000001599, 19.00000000000000000 ) ) ;
#2714 = CIRCLE ( 'NONE', #1039, 2.590000000000008740 ) ;
#2715 = ORIENTED_EDGE ( 'NONE', *, *, #1506, .T. ) ;
#2716 = CARTESIAN_POINT ( 'NONE',  ( -2.828353493440452420E-15, 10.00000000000001599, 8.000000000000000000 ) ) ;
#2717 = DIRECTION ( 'NONE',  ( 0.000000000000000000, 0.000000000000000000, -1.000000000000000000 ) ) ;
#2718 = EDGE_CURVE ( 'NONE', #376, #3809, #1830, .T. ) ;
#2719 = CARTESIAN_POINT ( 'NONE',  ( -47.00000000000000000, -16.99999999999997513, 0.000000000000000000 ) ) ;
#2720 = ORIENTED_EDGE ( 'NONE', *, *, #1075, .F. ) ;
#2721 = ORIENTED_EDGE ( 'NONE', *, *, #1261, .T. ) ;
#2722 = EDGE_CURVE ( 'NONE', #300, #1418, #2141, .T. ) ;
#2723 = LINE ( 'NONE', #2180, #2672 ) ;
#2724 = CYLINDRICAL_SURFACE ( 'NONE', #3331, 45.00000000000000711 ) ;
#2725 = EDGE_CURVE ( 'NONE', #2414, #1609, #794, .T. ) ;
#2726 = VERTEX_POINT ( 'NONE', #1376 ) ;
#2727 = DIRECTION ( 'NONE',  ( 1.000000000000000000, 0.000000000000000000, 0.000000000000000000 ) ) ;
#2728 = ORIENTED_EDGE ( 'NONE', *, *, #89, .F. ) ;
#2729 = CARTESIAN_POINT ( 'NONE',  ( -244.6410161513760499, -20.00000000000068212, 10.00000000000000000 ) ) ;
#2730 = EDGE_CURVE ( 'NONE', #1773, #2364, #37, .T. ) ;
#2731 = DIRECTION ( 'NONE',  ( 0.5000000000000132117, 0.8660254037844310471, 0.000000000000000000 ) ) ;
#2732 = AXIS2_PLACEMENT_3D ( 'NONE', #2620, #1941, #2902 ) ;
#2733 = ORIENTED_EDGE ( 'NONE', *, *, #1118, .F. ) ;
#2734 = VECTOR ( 'NONE', #1835, 1000.000000000000000 ) ;
#2735 = CARTESIAN_POINT ( 'NONE',  ( -56.00000000000000711, 9.797174393178719161E-16, 0.000000000000000000 ) ) ;
#2736 = DIRECTION ( 'NONE',  ( 0.4999999999999984457, -0.8660254037844395958, 0.000000000000000000 ) ) ;
#2737 = AXIS2_PLACEMENT_3D ( 'NONE', #322, #3547, #3235 ) ;
#2738 = CARTESIAN_POINT ( 'NONE',  ( -30.00000000000000000, 40.00000000000000000, 17.00000000000000000 ) ) ;
#2739 = ORIENTED_EDGE ( 'NONE', *, *, #387, .T. ) ;
#2740 = VERTEX_POINT ( 'NONE', #3115 ) ;
#2741 = CIRCLE ( 'NONE', #39, 1.599999999999969447 ) ;
#2742 = DIRECTION ( 'NONE',  ( -0.000000000000000000, -0.000000000000000000, -1.000000000000000000 ) ) ;
#2743 = EDGE_CURVE ( 'NONE', #3425, #1933, #2840, .T. ) ;
#2744 = CARTESIAN_POINT ( 'NONE',  ( -74.99999999999998579, 40.00000000000000000, 8.000000000000000000 ) ) ;
#2745 = VECTOR ( 'NONE', #1703, 1000.000000000000000 ) ;
#2746 = ORIENTED_EDGE ( 'NONE', *, *, #108, .F. ) ;
#2747 = VECTOR ( 'NONE', #3379, 1000.000000000000000 ) ;
#2748 = DIRECTION ( 'NONE',  ( -0.000000000000000000, 0.000000000000000000, 1.000000000000000000 ) ) ;
#2749 = VECTOR ( 'NONE', #3643, 1000.000000000000227 ) ;
#2750 = ORIENTED_EDGE ( 'NONE', *, *, #1499, .T. ) ;
#2751 = FACE_OUTER_BOUND ( 'NONE', #1348, .T. ) ;
#2752 = EDGE_CURVE ( 'NONE', #2920, #1224, #2240, .T. ) ;
#2753 = DIRECTION ( 'NONE',  ( -0.000000000000000000, -0.000000000000000000, 1.000000000000000000 ) ) ;
#2754 = ORIENTED_EDGE ( 'NONE', *, *, #1085, .T. ) ;
#2755 = CARTESIAN_POINT ( 'NONE',  ( -117.4099999999999824, 40.00000000000000000, 10.00000000000000000 ) ) ;
#2756 = DIRECTION ( 'NONE',  ( -0.000000000000000000, -0.000000000000000000, -1.000000000000000000 ) ) ;
#2757 = LINE ( 'NONE', #401, #2846 ) ;
#2758 = EDGE_CURVE ( 'NONE', #845, #1081, #2300, .T. ) ;
#2759 = ORIENTED_EDGE ( 'NONE', *, *, #3151, .F. ) ;
#2760 = EDGE_LOOP ( 'NONE', ( #3309, #2427, #1057, #295 ) ) ;
#2761 = CARTESIAN_POINT ( 'NONE',  ( -244.6410161513767889, 19.99999999999946354, 8.000000000000000000 ) ) ;
#2762 = EDGE_CURVE ( 'NONE', #742, #2320, #2790, .T. ) ;
#2763 = ORIENTED_EDGE ( 'NONE', *, *, #727, .F. ) ;
#2764 = CARTESIAN_POINT ( 'NONE',  ( -45.00000000000000711, 0.000000000000000000, 0.000000000000000000 ) ) ;
#2765 = DIRECTION ( 'NONE',  ( 0.000000000000000000, -0.000000000000000000, -1.000000000000000000 ) ) ;
#2766 = AXIS2_PLACEMENT_3D ( 'NONE', #1964, #496, #2843 ) ;
#2767 = VECTOR ( 'NONE', #591, 1000.000000000000000 ) ;
#2768 = EDGE_LOOP ( 'NONE', ( #103, #696 ) ) ;
#2769 = EDGE_CURVE ( 'NONE', #193, #2726, #1078, .T. ) ;
#2770 = DIRECTION ( 'NONE',  ( 0.000000000000000000, -0.000000000000000000, -1.000000000000000000 ) ) ;
#2771 = DIRECTION ( 'NONE',  ( -0.000000000000000000, -0.000000000000000000, -1.000000000000000000 ) ) ;
#2772 = ORIENTED_EDGE ( 'NONE', *, *, #182, .T. ) ;
#2773 = AXIS2_PLACEMENT_3D ( 'NONE', #2878, #1133, #2941 ) ;
#2774 = CARTESIAN_POINT ( 'NONE',  ( -231.0999999999999943, -2.313357803589350672E-14, 19.00000000000000355 ) ) ;
#2775 = DIRECTION ( 'NONE',  ( -0.000000000000000000, -0.000000000000000000, -1.000000000000000000 ) ) ;
#2776 = EDGE_CURVE ( 'NONE', #3136, #8, #1647, .T. ) ;
#2777 = AXIS2_PLACEMENT_3D ( 'NONE', #2873, #1150, #2344 ) ;
#2778 = ORIENTED_EDGE ( 'NONE', *, *, #502, .F. ) ;
#2779 = ORIENTED_EDGE ( 'NONE', *, *, #286, .T. ) ;
#2780 = CARTESIAN_POINT ( 'NONE',  ( -255.0000000000000000, -2.571758278209442213E-14, 8.000000000000007105 ) ) ;
#2781 = ORIENTED_EDGE ( 'NONE', *, *, #1699, .T. ) ;
#2782 = DIRECTION ( 'NONE',  ( -1.000000000000000000, 0.000000000000000000, 0.000000000000000000 ) ) ;
#2783 = MANIFOLD_SOLID_BREP ( 'Boss-Extrude7', #1336 ) ;
#2784 = EDGE_LOOP ( 'NONE', ( #3201, #2515 ) ) ;
#2785 = ADVANCED_FACE ( 'NONE', ( #740 ), #773, .T. ) ;
#2786 = FACE_OUTER_BOUND ( 'NONE', #2247, .T. ) ;
#2787 = DIRECTION ( 'NONE',  ( -1.000000000000000000, 0.000000000000000000, 0.000000000000000000 ) ) ;
#2788 = EDGE_LOOP ( 'NONE', ( #2128, #2933, #82, #134 ) ) ;
#2789 = DIRECTION ( 'NONE',  ( 0.8660254037844324904, -0.5000000000000106581, -0.000000000000000000 ) ) ;
#2790 = LINE ( 'NONE', #148, #2436 ) ;
#2791 = CARTESIAN_POINT ( 'NONE',  ( -38.96062284664084530, 4.093947403305264743E-13, 15.90000000000000036 ) ) ;
#2792 = AXIS2_PLACEMENT_3D ( 'NONE', #976, #365, #690 ) ;
#2793 = ORIENTED_EDGE ( 'NONE', *, *, #3043, .T. ) ;
#2794 = ORIENTED_EDGE ( 'NONE', *, *, #1105, .T. ) ;
#2795 = DIRECTION ( 'NONE',  ( -0.000000000000000000, -0.000000000000000000, 1.000000000000000000 ) ) ;
#2796 = AXIS2_PLACEMENT_3D ( 'NONE', #686, #3372, #1557 ) ;
#2797 = ORIENTED_EDGE ( 'NONE', *, *, #2962, .F. ) ;
#2798 = VECTOR ( 'NONE', #2411, 1000.000000000000000 ) ;
#2799 = LINE ( 'NONE', #160, #1223 ) ;
#2800 = DIRECTION ( 'NONE',  ( 0.000000000000000000, 0.000000000000000000, -1.000000000000000000 ) ) ;
#2801 = AXIS2_PLACEMENT_3D ( 'NONE', #562, #2748, #1529 ) ;
#2802 = ORIENTED_EDGE ( 'NONE', *, *, #135, .F. ) ;
#2803 = AXIS2_PLACEMENT_3D ( 'NONE', #1620, #1309, #243 ) ;
#2804 = CARTESIAN_POINT ( 'NONE',  ( -72.40999999999996817, 40.00000000000000000, 17.00000000000000000 ) ) ;
#2805 = LINE ( 'NONE', #504, #396 ) ;
#2806 = VERTEX_POINT ( 'NONE', #3407 ) ;
#2807 = CYLINDRICAL_SURFACE ( 'NONE', #2405, 40.00000000000000711 ) ;
#2808 = PLANE ( 'NONE',  #1373 ) ;
#2809 = LINE ( 'NONE', #706, #30 ) ;
#2810 = VERTEX_POINT ( 'NONE', #757 ) ;
#2811 = ORIENTED_EDGE ( 'NONE', *, *, #1918, .T. ) ;
#2812 = DIRECTION ( 'NONE',  ( 1.000000000000000000, 0.000000000000000000, 0.000000000000000000 ) ) ;
#2813 = EDGE_LOOP ( 'NONE', ( #1907, #3014 ) ) ;
#2814 = DIRECTION ( 'NONE',  ( 1.000000000000000000, 0.000000000000000000, 0.000000000000000000 ) ) ;
#2815 = VERTEX_POINT ( 'NONE', #434 ) ;
#2816 = CARTESIAN_POINT ( 'NONE',  ( 1.040834085586084414E-14, -45.00000000000000711, 8.000000000000000000 ) ) ;
#2817 = CARTESIAN_POINT ( 'NONE',  ( -156.9999999999999716, -17.00000000000000355, 0.000000000000000000 ) ) ;
#2818 = ADVANCED_FACE ( 'NONE', ( #2286 ), #2265, .T. ) ;
#2819 = ORIENTED_EDGE ( 'NONE', *, *, #2667, .F. ) ;
#2820 = FACE_BOUND ( 'NONE', #2621, .T. ) ;
#2821 = CIRCLE ( 'NONE', #540, 2.590000000000008740 ) ;
#2822 = CARTESIAN_POINT ( 'NONE',  ( -167.5899999999999750, 40.00000000000000000, 10.00000000000000000 ) ) ;
#2823 = AXIS2_PLACEMENT_3D ( 'NONE', #484, #1663, #3382 ) ;
#2824 = VERTEX_POINT ( 'NONE', #3132 ) ;
#2825 = ORIENTED_EDGE ( 'NONE', *, *, #661, .T. ) ;
#2826 = FACE_OUTER_BOUND ( 'NONE', #1791, .T. ) ;
#2827 = VECTOR ( 'NONE', #3078, 1000.000000000000000 ) ;
#2828 = DIRECTION ( 'NONE',  ( 0.000000000000000000, 0.000000000000000000, 1.000000000000000000 ) ) ;
#2829 = ADVANCED_FACE ( 'NONE', ( #492 ), #2808, .T. ) ;
#2830 = ORIENTED_EDGE ( 'NONE', *, *, #931, .T. ) ;
#2831 = DIRECTION ( 'NONE',  ( -0.000000000000000000, -0.000000000000000000, 1.000000000000000000 ) ) ;
#2832 = CIRCLE ( 'NONE', #1724, 27.44619903340939970 ) ;
#2833 = ADVANCED_FACE ( 'NONE', ( #202 ), #1470, .T. ) ;
#2834 = ORIENTED_EDGE ( 'NONE', *, *, #1467, .F. ) ;
#2835 = ORIENTED_EDGE ( 'NONE', *, *, #3250, .F. ) ;
#2836 = FACE_OUTER_BOUND ( 'NONE', #1429, .T. ) ;
#2837 = DIRECTION ( 'NONE',  ( 1.000000000000000000, 0.000000000000000000, 0.000000000000000000 ) ) ;
#2838 = ORIENTED_EDGE ( 'NONE', *, *, #1771, .F. ) ;
#2839 = DIRECTION ( 'NONE',  ( 1.000000000000000000, 2.838638415234776052E-16, 0.000000000000000000 ) ) ;
#2840 = LINE ( 'NONE', #3462, #2060 ) ;
#2841 = DIRECTION ( 'NONE',  ( 0.4999999999999947820, -0.8660254037844417052, -0.000000000000000000 ) ) ;
#2842 = ORIENTED_EDGE ( 'NONE', *, *, #3712, .T. ) ;
#2843 = DIRECTION ( 'NONE',  ( 1.000000000000000000, 0.000000000000000000, 0.000000000000000000 ) ) ;
#2844 = DIRECTION ( 'NONE',  ( -5.036914835416134337E-15, -1.000000000000000000, -0.000000000000000000 ) ) ;
#2845 = DIRECTION ( 'NONE',  ( 0.000000000000000000, 0.000000000000000000, -1.000000000000000000 ) ) ;
#2846 = VECTOR ( 'NONE', #3373, 1000.000000000000000 ) ;
#2847 = DIRECTION ( 'NONE',  ( -0.000000000000000000, -0.000000000000000000, -1.000000000000000000 ) ) ;
#2848 = ORIENTED_EDGE ( 'NONE', *, *, #417, .T. ) ;
#2849 = CARTESIAN_POINT ( 'NONE',  ( 29.22046713498076187, 16.87044456622753685, 19.00000000000000000 ) ) ;
#2850 = VECTOR ( 'NONE', #349, 1000.000000000000114 ) ;
#2851 = AXIS2_PLACEMENT_3D ( 'NONE', #722, #2717, #3335 ) ;
#2852 = ADVANCED_FACE ( 'NONE', ( #3175 ), #1432, .T. ) ;
#2853 = ORIENTED_EDGE ( 'NONE', *, *, #2472, .T. ) ;
#2854 = AXIS2_PLACEMENT_3D ( 'NONE', #2189, #3112, #789 ) ;
#2855 = FACE_BOUND ( 'NONE', #1337, .T. ) ;
#2856 = LINE ( 'NONE', #3654, #3664 ) ;
#2857 = AXIS2_PLACEMENT_3D ( 'NONE', #827, #2961, #2631 ) ;
#2858 = ORIENTED_EDGE ( 'NONE', *, *, #657, .F. ) ;
#2859 = FACE_BOUND ( 'NONE', #2394, .T. ) ;
#2860 = DIRECTION ( 'NONE',  ( -0.000000000000000000, -0.000000000000000000, 1.000000000000000000 ) ) ;
#2861 = VERTEX_POINT ( 'NONE', #565 ) ;
#2862 = VERTEX_POINT ( 'NONE', #1156 ) ;
#2863 = EDGE_CURVE ( 'NONE', #3086, #3544, #1501, .T. ) ;
#2864 = DIRECTION ( 'NONE',  ( -0.000000000000000000, 0.000000000000000000, 1.000000000000000000 ) ) ;
#2865 = CARTESIAN_POINT ( 'NONE',  ( -32.94999999999999574, -1.219507942656844869E-13, 0.000000000000000000 ) ) ;
#2866 = CARTESIAN_POINT ( 'NONE',  ( -13.44044456622760464, 23.27953286501950814, 19.00000000000000000 ) ) ;
#2867 = DIRECTION ( 'NONE',  ( -1.000000000000000000, 0.000000000000000000, 0.000000000000000000 ) ) ;
#2868 = VERTEX_POINT ( 'NONE', #2618 ) ;
#2869 = CARTESIAN_POINT ( 'NONE',  ( -247.2310161513760249, -20.00000000000068212, 10.00000000000000000 ) ) ;
#2870 = CARTESIAN_POINT ( 'NONE',  ( -56.00000000000000711, 9.797174393178719161E-16, 19.00000000000000000 ) ) ;
#2871 = ADVANCED_FACE ( 'NONE', ( #2079 ), #1765, .T. ) ;
#2872 = EDGE_CURVE ( 'NONE', #3775, #1846, #1134, .T. ) ;
#2873 = CARTESIAN_POINT ( 'NONE',  ( -164.9999999999999716, -40.00000000000004263, 8.000000000000000000 ) ) ;
#2874 = CARTESIAN_POINT ( 'NONE',  ( -37.04999999999999716, -1.222018468595096801E-13, 15.90000000000000036 ) ) ;
#2875 = EDGE_CURVE ( 'NONE', #2992, #658, #2306, .T. ) ;
#2876 = ORIENTED_EDGE ( 'NONE', *, *, #619, .T. ) ;
#2877 = FACE_BOUND ( 'NONE', #1225, .T. ) ;
#2878 = CARTESIAN_POINT ( 'NONE',  ( -210.0000000000000000, -2.571758278209442213E-14, 33.50000000000000000 ) ) ;
#2879 = FACE_OUTER_BOUND ( 'NONE', #3522, .T. ) ;
#2880 = AXIS2_PLACEMENT_3D ( 'NONE', #2695, #22, #2042 ) ;
#2881 = CARTESIAN_POINT ( 'NONE',  ( -210.0000000000000000, -2.571758278209442213E-14, 27.50000000000000355 ) ) ;
#2882 = ADVANCED_FACE ( 'NONE', ( #3792 ), #587, .F. ) ;
#2883 = EDGE_LOOP ( 'NONE', ( #2049, #113, #418, #2010 ) ) ;
#2884 = ORIENTED_EDGE ( 'NONE', *, *, #1558, .F. ) ;
#2885 = ADVANCED_FACE ( 'NONE', ( #526 ), #2923, .T. ) ;
#2886 = DIRECTION ( 'NONE',  ( 0.5000000000000045519, 0.8660254037844361541, -0.000000000000000000 ) ) ;
#2887 = CARTESIAN_POINT ( 'NONE',  ( -164.9999999999999716, -40.00000000000004263, 10.00000000000000000 ) ) ;
#2888 = CARTESIAN_POINT ( 'NONE',  ( -164.9999999999999716, -40.00000000000004263, 17.00000000000000000 ) ) ;
#2889 = AXIS2_PLACEMENT_3D ( 'NONE', #950, #2673, #3328 ) ;
#2890 = CARTESIAN_POINT ( 'NONE',  ( -164.9999999999999716, 40.00000000000000000, 10.00000000000000000 ) ) ;
#2891 = ORIENTED_EDGE ( 'NONE', *, *, #3076, .F. ) ;
#2892 = FACE_OUTER_BOUND ( 'NONE', #444, .T. ) ;
#2893 = AXIS2_PLACEMENT_3D ( 'NONE', #3649, #767, #1365 ) ;
#2894 = CARTESIAN_POINT ( 'NONE',  ( 4.825685305899107949E-15, -16.99999999999996092, 8.000000000000000000 ) ) ;
#2895 = AXIS2_PLACEMENT_3D ( 'NONE', #11, #3611, #3572 ) ;
#2896 = VERTEX_POINT ( 'NONE', #2372 ) ;
#2897 = DIRECTION ( 'NONE',  ( -0.000000000000000000, -0.000000000000000000, 1.000000000000000000 ) ) ;
#2898 = ORIENTED_EDGE ( 'NONE', *, *, #3521, .T. ) ;
#2899 = FACE_BOUND ( 'NONE', #3537, .T. ) ;
#2900 = CARTESIAN_POINT ( 'NONE',  ( -120.0000000000000000, -40.00000000000002842, 10.00000000000000000 ) ) ;
#2901 = DIRECTION ( 'NONE',  ( -0.000000000000000000, -0.000000000000000000, 1.000000000000000000 ) ) ;
#2902 = DIRECTION ( 'NONE',  ( -1.000000000000000000, -3.304235192336775389E-17, 0.000000000000000000 ) ) ;
#2903 = ORIENTED_EDGE ( 'NONE', *, *, #684, .F. ) ;
#2904 = CARTESIAN_POINT ( 'NONE',  ( -1.908195823574487804E-14, 31.03937715335916181, 19.00000000000000000 ) ) ;
#2905 = LINE ( 'NONE', #853, #1686 ) ;
#2906 = CARTESIAN_POINT ( 'NONE',  ( -156.9999999999999716, 13.79999999999996874, 0.000000000000000000 ) ) ;
#2907 = FACE_OUTER_BOUND ( 'NONE', #3632, .T. ) ;
#2908 = ORIENTED_EDGE ( 'NONE', *, *, #3424, .T. ) ;
#2909 = EDGE_LOOP ( 'NONE', ( #3280, #1879, #3719, #3720 ) ) ;
#2910 = EDGE_CURVE ( 'NONE', #2896, #723, #1416, .T. ) ;
#2911 = FACE_BOUND ( 'NONE', #364, .T. ) ;
#2912 = CARTESIAN_POINT ( 'NONE',  ( 33.01968857667954893, -3.430000000000111182, 15.90000000000000036 ) ) ;
#2913 = AXIS2_PLACEMENT_3D ( 'NONE', #3724, #2276, #2570 ) ;
#2914 = VECTOR ( 'NONE', #3281, 1000.000000000000114 ) ;
#2915 = ADVANCED_FACE ( 'NONE', ( #2879 ), #2330, .F. ) ;
#2916 = CARTESIAN_POINT ( 'NONE',  ( 0.000000000000000000, 0.000000000000000000, 17.00000000000000000 ) ) ;
#2917 = CARTESIAN_POINT ( 'NONE',  ( -37.04999999999999716, -1.222018468595096801E-13, 22.05182899632296056 ) ) ;
#2918 = AXIS2_PLACEMENT_3D ( 'NONE', #3524, #553, #3797 ) ;
#2919 = CARTESIAN_POINT ( 'NONE',  ( -47.00000000000000711, 16.99999999999996092, 19.00000000000000000 ) ) ;
#2920 = VERTEX_POINT ( 'NONE', #2635 ) ;
#2921 = VECTOR ( 'NONE', #735, 1000.000000000000000 ) ;
#2922 = DIRECTION ( 'NONE',  ( 1.000000000000000000, 0.000000000000000000, 0.000000000000000000 ) ) ;
#2923 = PLANE ( 'NONE',  #2986 ) ;
#2924 = EDGE_CURVE ( 'NONE', #1380, #523, #810, .T. ) ;
#2925 = VECTOR ( 'NONE', #1570, 1000.000000000000000 ) ;
#2926 = CARTESIAN_POINT ( 'NONE',  ( -36.98031142332035870, 3.430000000000399840, 19.00000000000000000 ) ) ;
#2927 = ORIENTED_EDGE ( 'NONE', *, *, #3391, .T. ) ;
#2928 = CARTESIAN_POINT ( 'NONE',  ( -29.22046713498085779, -16.87044456622734501, 19.00000000000000000 ) ) ;
#2929 = AXIS2_PLACEMENT_3D ( 'NONE', #2398, #265, #1440 ) ;
#2930 = LINE ( 'NONE', #284, #3103 ) ;
#2931 = DIRECTION ( 'NONE',  ( 1.000000000000000000, 0.000000000000000000, 0.000000000000000000 ) ) ;
#2932 = VERTEX_POINT ( 'NONE', #847 ) ;
#2933 = ORIENTED_EDGE ( 'NONE', *, *, #435, .T. ) ;
#2934 = ADVANCED_FACE ( 'NONE', ( #1727 ), #1781, .F. ) ;
#2935 = PLANE ( 'NONE',  #2981 ) ;
#2936 = VERTEX_POINT ( 'NONE', #2038 ) ;
#2937 = DIRECTION ( 'NONE',  ( -0.000000000000000000, -0.000000000000000000, -1.000000000000000000 ) ) ;
#2938 = ADVANCED_FACE ( 'NONE', ( #2598 ), #3500, .F. ) ;
#2939 = CARTESIAN_POINT ( 'NONE',  ( 3.429999999999826077, -1.727661788547646476E-14, 19.00000000000000000 ) ) ;
#2940 = ORIENTED_EDGE ( 'NONE', *, *, #1256, .T. ) ;
#2941 = DIRECTION ( 'NONE',  ( 1.000000000000000000, 0.000000000000000000, 0.000000000000000000 ) ) ;
#2942 = EDGE_CURVE ( 'NONE', #2637, #1405, #2057, .T. ) ;
#2943 = DIRECTION ( 'NONE',  ( -0.000000000000000000, -0.000000000000000000, -1.000000000000000000 ) ) ;
#2944 = CARTESIAN_POINT ( 'NONE',  ( -231.0999999999999943, -2.571758278209442213E-14, 8.000000000000000000 ) ) ;
#2945 = EDGE_LOOP ( 'NONE', ( #1976, #2715, #3609, #1616 ) ) ;
#2946 = DIRECTION ( 'NONE',  ( -0.000000000000000000, 0.000000000000000000, 1.000000000000000000 ) ) ;
#2947 = CARTESIAN_POINT ( 'NONE',  ( 27.44619903340939970, 3.361189979502600419E-15, 0.000000000000000000 ) ) ;
#2948 = CIRCLE ( 'NONE', #62, 2.590000000000008740 ) ;
#2949 = DIRECTION ( 'NONE',  ( 5.361872562110132543E-16, -1.000000000000000000, 0.000000000000000000 ) ) ;
#2950 = CARTESIAN_POINT ( 'NONE',  ( -164.9999999999999716, -40.00000000000004263, 10.00000000000000000 ) ) ;
#2951 = CIRCLE ( 'NONE', #2270, 1.599999999999969447 ) ;
#2952 = ORIENTED_EDGE ( 'NONE', *, *, #566, .F. ) ;
#2953 = FACE_OUTER_BOUND ( 'NONE', #3694, .T. ) ;
#2954 = ORIENTED_EDGE ( 'NONE', *, *, #1832, .T. ) ;
#2955 = LINE ( 'NONE', #1170, #1806 ) ;
#2956 = DIRECTION ( 'NONE',  ( 0.000000000000000000, 0.000000000000000000, -1.000000000000000000 ) ) ;
#2957 = EDGE_CURVE ( 'NONE', #2293, #2810, #660, .T. ) ;
#2958 = ORIENTED_EDGE ( 'NONE', *, *, #3326, .T. ) ;
#2959 = VECTOR ( 'NONE', #3697, 1000.000000000000114 ) ;
#2960 = CARTESIAN_POINT ( 'NONE',  ( -120.0000000000000000, 40.00000000000000000, 10.00000000000000000 ) ) ;
#2961 = DIRECTION ( 'NONE',  ( -0.000000000000000000, -0.000000000000000000, 1.000000000000000000 ) ) ;
#2962 = EDGE_CURVE ( 'NONE', #3615, #3258, #2120, .T. ) ;
#2963 = AXIS2_PLACEMENT_3D ( 'NONE', #2481, #999, #1308 ) ;
#2964 = ORIENTED_EDGE ( 'NONE', *, *, #110, .T. ) ;
#2965 = AXIS2_PLACEMENT_3D ( 'NONE', #2352, #3520, #868 ) ;
#2966 = CARTESIAN_POINT ( 'NONE',  ( -30.00000000000000000, -40.00000000000001421, 10.00000000000000000 ) ) ;
#2967 = CARTESIAN_POINT ( 'NONE',  ( -13.44044456622790307, -23.27953286501914576, 19.00000000000000000 ) ) ;
#2968 = PLANE ( 'NONE',  #3377 ) ;
#2969 = VERTEX_POINT ( 'NONE', #3270 ) ;
#2970 = DIRECTION ( 'NONE',  ( 1.000000000000000000, 0.000000000000000000, 0.000000000000000000 ) ) ;
#2971 = CARTESIAN_POINT ( 'NONE',  ( -122.5900000000000034, -40.00000000000002842, 10.00000000000000000 ) ) ;
#2972 = CARTESIAN_POINT ( 'NONE',  ( -47.00000000000000000, -15.40000000000000568, 19.00000000000000000 ) ) ;
#2973 = CARTESIAN_POINT ( 'NONE',  ( -210.0000000000000000, -2.571758278209442213E-14, 27.50000000000000355 ) ) ;
#2974 = ORIENTED_EDGE ( 'NONE', *, *, #566, .T. ) ;
#2975 = ORIENTED_EDGE ( 'NONE', *, *, #3353, .T. ) ;
#2976 = CARTESIAN_POINT ( 'NONE',  ( 29.22046713498038528, -16.87044456622789212, 19.00000000000000000 ) ) ;
#2977 = CARTESIAN_POINT ( 'NONE',  ( -164.9999999999999716, 40.00000000000000000, 8.000000000000000000 ) ) ;
#2978 = EDGE_LOOP ( 'NONE', ( #1924, #140, #3728, #437 ) ) ;
#2979 = AXIS2_PLACEMENT_3D ( 'NONE', #1387, #1929, #1406 ) ;
#2980 = CARTESIAN_POINT ( 'NONE',  ( 0.000000000000000000, 0.000000000000000000, 19.00000000000000000 ) ) ;
#2981 = AXIS2_PLACEMENT_3D ( 'NONE', #2385, #3802, #1204 ) ;
#2982 = ORIENTED_EDGE ( 'NONE', *, *, #3125, .F. ) ;
#2983 = PLANE ( 'NONE',  #2343 ) ;
#2984 = DIRECTION ( 'NONE',  ( 0.000000000000000000, 0.000000000000000000, 1.000000000000000000 ) ) ;
#2985 = CARTESIAN_POINT ( 'NONE',  ( 37.04999999999999716, 3.668565931723542586E-13, 15.90000000000000036 ) ) ;
#2986 = AXIS2_PLACEMENT_3D ( 'NONE', #2351, #280, #833 ) ;
#2987 = VERTEX_POINT ( 'NONE', #3311 ) ;
#2988 = DIRECTION ( 'NONE',  ( 1.000000000000000000, 0.000000000000000000, 0.000000000000000000 ) ) ;
#2989 = FACE_OUTER_BOUND ( 'NONE', #2945, .T. ) ;
#2990 = AXIS2_PLACEMENT_3D ( 'NONE', #838, #818, #3181 ) ;
#2991 = DIRECTION ( 'NONE',  ( 1.000000000000000000, 0.000000000000000000, 0.000000000000000000 ) ) ;
#2992 = VERTEX_POINT ( 'NONE', #96 ) ;
#2993 = VECTOR ( 'NONE', #372, 1000.000000000000000 ) ;
#2994 = ORIENTED_EDGE ( 'NONE', *, *, #1521, .T. ) ;
#2995 = FACE_BOUND ( 'NONE', #3138, .T. ) ;
#2996 = DIRECTION ( 'NONE',  ( 0.000000000000000000, -0.000000000000000000, -1.000000000000000000 ) ) ;
#2997 = EDGE_CURVE ( 'NONE', #1045, #307, #1576, .T. ) ;
#2998 = CIRCLE ( 'NONE', #2929, 1.599999999999990319 ) ;
#2999 = EDGE_LOOP ( 'NONE', ( #3048, #106, #1237, #2677 ) ) ;
#3000 = EDGE_CURVE ( 'NONE', #2658, #49, #1275, .T. ) ;
#3001 = DIRECTION ( 'NONE',  ( -0.000000000000000000, -0.000000000000000000, -1.000000000000000000 ) ) ;
#3002 = DIRECTION ( 'NONE',  ( -0.000000000000000000, 0.000000000000000000, 1.000000000000000000 ) ) ;
#3003 = EDGE_CURVE ( 'NONE', #987, #1266, #395, .T. ) ;
#3004 = ORIENTED_EDGE ( 'NONE', *, *, #3472, .F. ) ;
#3005 = CARTESIAN_POINT ( 'NONE',  ( 3.429999999999992610, 33.01968857667956314, 19.00000000000000000 ) ) ;
#3006 = FACE_OUTER_BOUND ( 'NONE', #2341, .T. ) ;
#3007 = CARTESIAN_POINT ( 'NONE',  ( 35.00000000000000000, 3.666055405785290402E-13, 0.000000000000000000 ) ) ;
#3008 = ADVANCED_FACE ( 'NONE', ( #3006 ), #2467, .F. ) ;
#3009 = ORIENTED_EDGE ( 'NONE', *, *, #3505, .F. ) ;
#3010 = DIRECTION ( 'NONE',  ( -1.000000000000000000, 0.000000000000000000, 0.000000000000000000 ) ) ;
#3011 = DIRECTION ( 'NONE',  ( -1.000000000000000000, 0.000000000000000000, 0.000000000000000000 ) ) ;
#3012 = EDGE_CURVE ( 'NONE', #193, #260, #3228, .T. ) ;
#3013 = DIRECTION ( 'NONE',  ( -1.000000000000000000, 0.000000000000000000, 0.000000000000000000 ) ) ;
#3014 = ORIENTED_EDGE ( 'NONE', *, *, #135, .T. ) ;
#3015 = EDGE_CURVE ( 'NONE', #2932, #1662, #378, .T. ) ;
#3016 = VERTEX_POINT ( 'NONE', #2152 ) ;
#3017 = DIRECTION ( 'NONE',  ( -0.8660254037844414832, -0.4999999999999951150, 0.000000000000000000 ) ) ;
#3018 = DIRECTION ( 'NONE',  ( -1.193529819696431811E-14, -1.000000000000000000, 0.000000000000000000 ) ) ;
#3019 = CARTESIAN_POINT ( 'NONE',  ( -74.99999999999998579, 40.00000000000000000, 17.00000000000000000 ) ) ;
#3020 = VECTOR ( 'NONE', #1456, 1000.000000000000000 ) ;
#3021 = ORIENTED_EDGE ( 'NONE', *, *, #1574, .F. ) ;
#3022 = EDGE_CURVE ( 'NONE', #3016, #463, #1623, .T. ) ;
#3023 = VECTOR ( 'NONE', #2488, 1000.000000000000000 ) ;
#3024 = CARTESIAN_POINT ( 'NONE',  ( 16.87044456622778199, 29.22046713498045634, 19.00000000000000000 ) ) ;
#3025 = CARTESIAN_POINT ( 'NONE',  ( -167.5899999999999750, -40.00000000000004263, 19.00000000000000000 ) ) ;
#3026 = AXIS2_PLACEMENT_3D ( 'NONE', #2056, #1415, #1764 ) ;
#3027 = EDGE_LOOP ( 'NONE', ( #3482, #1938, #1187, #3122, #348, #2779 ) ) ;
#3028 = DIRECTION ( 'NONE',  ( -0.000000000000000000, -0.000000000000000000, 1.000000000000000000 ) ) ;
#3029 = CARTESIAN_POINT ( 'NONE',  ( -210.0000000000000000, -2.571758278209442213E-14, 33.50000000000000000 ) ) ;
#3030 = EDGE_CURVE ( 'NONE', #918, #2896, #2741, .T. ) ;
#3031 = VERTEX_POINT ( 'NONE', #624 ) ;
#3032 = EDGE_CURVE ( 'NONE', #268, #1933, #1005, .T. ) ;
#3033 = CARTESIAN_POINT ( 'NONE',  ( -188.8999999999999773, -2.571758278209442213E-14, 19.00000000000000355 ) ) ;
#3034 = CARTESIAN_POINT ( 'NONE',  ( -2.929513467537316430E-14, -3.429999999999829630, 19.00000000000000000 ) ) ;
#3035 = CARTESIAN_POINT ( 'NONE',  ( -47.00000000000000711, 15.39999999999999503, 8.000000000000000000 ) ) ;
#3036 = VERTEX_POINT ( 'NONE', #126 ) ;
#3037 = ORIENTED_EDGE ( 'NONE', *, *, #1757, .T. ) ;
#3038 = CARTESIAN_POINT ( 'NONE',  ( -2.706168622523819067E-13, -38.96062284664083819, 15.90000000000000036 ) ) ;
#3039 = CARTESIAN_POINT ( 'NONE',  ( 0.000000000000000000, 0.000000000000000000, 19.00000000000000000 ) ) ;
#3040 = ORIENTED_EDGE ( 'NONE', *, *, #3414, .T. ) ;
#3041 = ADVANCED_FACE ( 'NONE', ( #908 ), #1864, .T. ) ;
#3042 = CARTESIAN_POINT ( 'NONE',  ( -27.40999999999998948, 40.00000000000000000, 19.00000000000000000 ) ) ;
#3043 = EDGE_CURVE ( 'NONE', #2414, #2296, #817, .T. ) ;
#3044 = ORIENTED_EDGE ( 'NONE', *, *, #588, .T. ) ;
#3045 = CARTESIAN_POINT ( 'NONE',  ( 45.00000000000000711, 5.510910596163090344E-15, 19.00000000000000000 ) ) ;
#3046 = CARTESIAN_POINT ( 'NONE',  ( -210.0000000000000000, -2.571758278209442213E-14, 8.000000000000007105 ) ) ;
#3047 = AXIS2_PLACEMENT_3D ( 'NONE', #1949, #3706, #1048 ) ;
#3048 = ORIENTED_EDGE ( 'NONE', *, *, #1590, .F. ) ;
#3049 = CIRCLE ( 'NONE', #391, 2.590000000000008740 ) ;
#3050 = FACE_OUTER_BOUND ( 'NONE', #598, .T. ) ;
#3051 = CARTESIAN_POINT ( 'NONE',  ( -165.0000000000000000, -2.020667218593133100E-14, 19.00000000000000000 ) ) ;
#3052 = EDGE_CURVE ( 'NONE', #2815, #2296, #1883, .T. ) ;
#3053 = AXIS2_PLACEMENT_3D ( 'NONE', #2249, #1921, #3715 ) ;
#3054 = ORIENTED_EDGE ( 'NONE', *, *, #3403, .T. ) ;
#3055 = VERTEX_POINT ( 'NONE', #1801 ) ;
#3056 = CIRCLE ( 'NONE', #2854, 2.590000000000008740 ) ;
#3057 = CARTESIAN_POINT ( 'NONE',  ( 3.205467292565834480E-15, -9.999999999999982236, 19.00000000000000000 ) ) ;
#3058 = AXIS2_PLACEMENT_3D ( 'NONE', #2501, #3091, #714 ) ;
#3059 = EDGE_CURVE ( 'NONE', #658, #347, #758, .T. ) ;
#3060 = ORIENTED_EDGE ( 'NONE', *, *, #2725, .F. ) ;
#3061 = CARTESIAN_POINT ( 'NONE',  ( 2.050000000000245404, -35.00000000000000000, 22.05182899632296056 ) ) ;
#3062 = ORIENTED_EDGE ( 'NONE', *, *, #3707, .F. ) ;
#3063 = EDGE_CURVE ( 'NONE', #3625, #1833, #59, .T. ) ;
#3064 = DIRECTION ( 'NONE',  ( -0.000000000000000000, -0.000000000000000000, 1.000000000000000000 ) ) ;
#3065 = DIRECTION ( 'NONE',  ( 0.8660254037844310471, -0.5000000000000132117, 0.000000000000000000 ) ) ;
#3066 = DIRECTION ( 'NONE',  ( 0.000000000000000000, 0.000000000000000000, -1.000000000000000000 ) ) ;
#3067 = VERTEX_POINT ( 'NONE', #355 ) ;
#3068 = FACE_OUTER_BOUND ( 'NONE', #2211, .T. ) ;
#3069 = CARTESIAN_POINT ( 'NONE',  ( -188.8999999999999773, -2.313357803589350672E-14, 17.00000000000000000 ) ) ;
#3070 = VERTEX_POINT ( 'NONE', #1826 ) ;
#3071 = VERTEX_POINT ( 'NONE', #2711 ) ;
#3072 = PLANE ( 'NONE',  #2792 ) ;
#3073 = ADVANCED_FACE ( 'NONE', ( #2429 ), #3598, .F. ) ;
#3074 = ORIENTED_EDGE ( 'NONE', *, *, #1684, .F. ) ;
#3075 = FACE_OUTER_BOUND ( 'NONE', #3240, .T. ) ;
#3076 = EDGE_CURVE ( 'NONE', #453, #3016, #2260, .T. ) ;
#3077 = ORIENTED_EDGE ( 'NONE', *, *, #2331, .F. ) ;
#3078 = DIRECTION ( 'NONE',  ( -1.000000000000000000, -2.312964634635742957E-16, 0.000000000000000000 ) ) ;
#3079 = CYLINDRICAL_SURFACE ( 'NONE', #1571, 27.44619903340939970 ) ;
#3080 = VECTOR ( 'NONE', #866, 1000.000000000000000 ) ;
#3081 = VERTEX_POINT ( 'NONE', #1054 ) ;
#3082 = VECTOR ( 'NONE', #1392, 1000.000000000000000 ) ;
#3083 = DIRECTION ( 'NONE',  ( 1.000000000000000000, 0.000000000000000000, 0.000000000000000000 ) ) ;
#3084 = DIRECTION ( 'NONE',  ( 1.000000000000000000, 0.000000000000000000, 0.000000000000000000 ) ) ;
#3085 = VECTOR ( 'NONE', #3589, 1000.000000000000114 ) ;
#3086 = VERTEX_POINT ( 'NONE', #3440 ) ;
#3087 = EDGE_LOOP ( 'NONE', ( #32, #1583, #145, #3801 ) ) ;
#3088 = PLANE ( 'NONE',  #3290 ) ;
#3089 = ORIENTED_EDGE ( 'NONE', *, *, #3468, .F. ) ;
#3090 = DIRECTION ( 'NONE',  ( 0.000000000000000000, 0.000000000000000000, -1.000000000000000000 ) ) ;
#3091 = DIRECTION ( 'NONE',  ( 0.000000000000000000, -0.000000000000000000, -1.000000000000000000 ) ) ;
#3092 = ORIENTED_EDGE ( 'NONE', *, *, #2924, .T. ) ;
#3093 = CARTESIAN_POINT ( 'NONE',  ( 0.000000000000000000, 0.000000000000000000, 19.00000000000000000 ) ) ;
#3094 = FACE_OUTER_BOUND ( 'NONE', #3184, .T. ) ;
#3095 = EDGE_LOOP ( 'NONE', ( #3594, #153, #630, #683 ) ) ;
#3096 = CARTESIAN_POINT ( 'NONE',  ( 3.429999999999992610, 33.01968857667956314, 19.00000000000000000 ) ) ;
#3097 = DIRECTION ( 'NONE',  ( -0.8660254037844461461, -0.4999999999999871214, 0.000000000000000000 ) ) ;
#3098 = DIRECTION ( 'NONE',  ( -0.000000000000000000, -0.000000000000000000, 1.000000000000000000 ) ) ;
#3099 = AXIS2_PLACEMENT_3D ( 'NONE', #272, #1483, #3571 ) ;
#3100 = EDGE_LOOP ( 'NONE', ( #86, #2534, #1015, #1335, #594, #957 ) ) ;
#3101 = ORIENTED_EDGE ( 'NONE', *, *, #3259, .F. ) ;
#3102 = DIRECTION ( 'NONE',  ( 1.000000000000000000, 0.000000000000000000, 0.000000000000000000 ) ) ;
#3103 = VECTOR ( 'NONE', #4, 1000.000000000000000 ) ;
#3104 = ORIENTED_EDGE ( 'NONE', *, *, #188, .F. ) ;
#3105 = VECTOR ( 'NONE', #178, 1000.000000000000000 ) ;
#3106 = DIRECTION ( 'NONE',  ( -0.4999999999999951150, 0.8660254037844414832, 0.000000000000000000 ) ) ;
#3107 = EDGE_CURVE ( 'NONE', #776, #49, #2856, .T. ) ;
#3108 = AXIS2_PLACEMENT_3D ( 'NONE', #292, #2651, #887 ) ;
#3109 = ORIENTED_EDGE ( 'NONE', *, *, #3259, .T. ) ;
#3110 = AXIS2_PLACEMENT_3D ( 'NONE', #611, #1788, #1478 ) ;
#3111 = CARTESIAN_POINT ( 'NONE',  ( -32.94999999999999574, -1.219507942656844869E-13, 22.05182899632296056 ) ) ;
#3112 = DIRECTION ( 'NONE',  ( -0.000000000000000000, 0.000000000000000000, 1.000000000000000000 ) ) ;
#3113 = ORIENTED_EDGE ( 'NONE', *, *, #3602, .T. ) ;
#3114 = CARTESIAN_POINT ( 'NONE',  ( 0.000000000000000000, 35.00000000000000000, 0.000000000000000000 ) ) ;
#3115 = CARTESIAN_POINT ( 'NONE',  ( -191.1749999999999829, -2.571758278209442213E-14, 17.00000000000000000 ) ) ;
#3116 = EDGE_CURVE ( 'NONE', #3416, #57, #3056, .T. ) ;
#3117 = DIRECTION ( 'NONE',  ( 1.000000000000000000, 0.000000000000000000, 0.000000000000000000 ) ) ;
#3118 = VERTEX_POINT ( 'NONE', #1917 ) ;
#3119 = FACE_OUTER_BOUND ( 'NONE', #1522, .T. ) ;
#3120 = PLANE ( 'NONE',  #1990 ) ;
#3121 = EDGE_CURVE ( 'NONE', #1865, #402, #2805, .T. ) ;
#3122 = ORIENTED_EDGE ( 'NONE', *, *, #3125, .T. ) ;
#3123 = PLANE ( 'NONE',  #2913 ) ;
#3124 = DIRECTION ( 'NONE',  ( 1.000000000000000000, 3.304235192336775389E-17, 0.000000000000000000 ) ) ;
#3125 = EDGE_CURVE ( 'NONE', #2296, #3055, #2556, .T. ) ;
#3126 = EDGE_LOOP ( 'NONE', ( #2026, #1585, #3297, #662 ) ) ;
#3127 = DIRECTION ( 'NONE',  ( 0.000000000000000000, 0.000000000000000000, -1.000000000000000000 ) ) ;
#3128 = LINE ( 'NONE', #3673, #2921 ) ;
#3129 = ORIENTED_EDGE ( 'NONE', *, *, #829, .T. ) ;
#3130 = DIRECTION ( 'NONE',  ( -1.000000000000000000, 0.000000000000000000, 0.000000000000000000 ) ) ;
#3131 = CARTESIAN_POINT ( 'NONE',  ( 3.429999999999737259, -36.98031142332045818, 19.00000000000000000 ) ) ;
#3132 = CARTESIAN_POINT ( 'NONE',  ( -122.5900000000000034, -40.00000000000002842, 17.00000000000000000 ) ) ;
#3133 = CARTESIAN_POINT ( 'NONE',  ( 2.050000000000000711, 35.00000000000000000, 0.000000000000000000 ) ) ;
#3134 = ADVANCED_FACE ( 'NONE', ( #3094 ), #164, .T. ) ;
#3135 = AXIS2_PLACEMENT_3D ( 'NONE', #3461, #3790, #256 ) ;
#3136 = VERTEX_POINT ( 'NONE', #1038 ) ;
#3137 = LINE ( 'NONE', #2105, #1427 ) ;
#3138 = EDGE_LOOP ( 'NONE', ( #1906, #3312 ) ) ;
#3139 = CARTESIAN_POINT ( 'NONE',  ( 0.000000000000000000, 0.000000000000000000, 10.00000000000000000 ) ) ;
#3140 = CIRCLE ( 'NONE', #1347, 2.590000000000008740 ) ;
#3141 = ORIENTED_EDGE ( 'NONE', *, *, #1462, .F. ) ;
#3142 = AXIS2_PLACEMENT_3D ( 'NONE', #328, #3261, #53 ) ;
#3143 = EDGE_CURVE ( 'NONE', #511, #3268, #3784, .T. ) ;
#3144 = EDGE_LOOP ( 'NONE', ( #382, #1792 ) ) ;
#3145 = CARTESIAN_POINT ( 'NONE',  ( -162.4099999999999966, -40.00000000000004263, 17.00000000000000000 ) ) ;
#3146 = DIRECTION ( 'NONE',  ( -0.000000000000000000, -0.000000000000000000, 1.000000000000000000 ) ) ;
#3147 = ADVANCED_FACE ( 'NONE', ( #2558 ), #2506, .F. ) ;
#3148 = EDGE_LOOP ( 'NONE', ( #240, #1741, #2728, #2110 ) ) ;
#3149 = CARTESIAN_POINT ( 'NONE',  ( -167.5899999999999750, 40.00000000000000000, 17.00000000000000000 ) ) ;
#3150 = CARTESIAN_POINT ( 'NONE',  ( -122.5900000000000034, 40.00000000000000000, 19.00000000000000000 ) ) ;
#3151 = EDGE_CURVE ( 'NONE', #3304, #1117, #1644, .T. ) ;
#3152 = DIRECTION ( 'NONE',  ( -0.000000000000000000, 0.000000000000000000, 1.000000000000000000 ) ) ;
#3153 = CARTESIAN_POINT ( 'NONE',  ( -242.0510161513767855, 19.99999999999946354, 8.000000000000000000 ) ) ;
#3154 = ORIENTED_EDGE ( 'NONE', *, *, #1135, .F. ) ;
#3155 = VECTOR ( 'NONE', #3106, 1000.000000000000114 ) ;
#3156 = ORIENTED_EDGE ( 'NONE', *, *, #820, .T. ) ;
#3157 = EDGE_CURVE ( 'NONE', #44, #2868, #1956, .T. ) ;
#3158 = CARTESIAN_POINT ( 'NONE',  ( -117.4099999999999824, 40.00000000000000000, 17.00000000000000000 ) ) ;
#3159 = FACE_OUTER_BOUND ( 'NONE', #3607, .T. ) ;
#3160 = CIRCLE ( 'NONE', #2121, 2.590000000000008740 ) ;
#3161 = ORIENTED_EDGE ( 'NONE', *, *, #1861, .F. ) ;
#3162 = LINE ( 'NONE', #459, #3532 ) ;
#3163 = CIRCLE ( 'NONE', #1246, 45.00000000000000711 ) ;
#3164 = LINE ( 'NONE', #2894, #3204 ) ;
#3165 = EDGE_CURVE ( 'NONE', #2419, #1358, #3538, .T. ) ;
#3166 = AXIS2_PLACEMENT_3D ( 'NONE', #2656, #2943, #1178 ) ;
#3167 = AXIS2_PLACEMENT_3D ( 'NONE', #951, #3065, #2731 ) ;
#3168 = FACE_OUTER_BOUND ( 'NONE', #1517, .T. ) ;
#3169 = CARTESIAN_POINT ( 'NONE',  ( -27.40999999999998948, -40.00000000000001421, 17.00000000000000000 ) ) ;
#3170 = CIRCLE ( 'NONE', #641, 2.589999999999981206 ) ;
#3171 = EDGE_CURVE ( 'NONE', #1524, #152, #3128, .T. ) ;
#3172 = ORIENTED_EDGE ( 'NONE', *, *, #144, .F. ) ;
#3173 = FACE_BOUND ( 'NONE', #924, .T. ) ;
#3174 = DIRECTION ( 'NONE',  ( -0.000000000000000000, -0.000000000000000000, 1.000000000000000000 ) ) ;
#3175 = FACE_OUTER_BOUND ( 'NONE', #1366, .T. ) ;
#3176 = AXIS2_PLACEMENT_3D ( 'NONE', #2697, #572, #2661 ) ;
#3177 = FACE_OUTER_BOUND ( 'NONE', #2768, .T. ) ;
#3178 = ORIENTED_EDGE ( 'NONE', *, *, #1549, .T. ) ;
#3179 = PLANE ( 'NONE',  #3565 ) ;
#3180 = CARTESIAN_POINT ( 'NONE',  ( 33.01968857667954893, -3.430000000000111182, 19.00000000000000000 ) ) ;
#3181 = DIRECTION ( 'NONE',  ( -1.000000000000000000, 0.000000000000000000, 0.000000000000000000 ) ) ;
#3182 = CARTESIAN_POINT ( 'NONE',  ( -45.40000000000003411, 15.39999999999999503, 0.000000000000000000 ) ) ;
#3183 = CYLINDRICAL_SURFACE ( 'NONE', #1307, 2.589999999999981206 ) ;
#3184 = EDGE_LOOP ( 'NONE', ( #3680, #2318, #1661, #13 ) ) ;
#3185 = ADVANCED_FACE ( 'NONE', ( #2486 ), #485, .F. ) ;
#3186 = ORIENTED_EDGE ( 'NONE', *, *, #2872, .F. ) ;
#3187 = DIRECTION ( 'NONE',  ( 1.000000000000000000, 0.000000000000000000, 0.000000000000000000 ) ) ;
#3188 = DIRECTION ( 'NONE',  ( -0.000000000000000000, -0.000000000000000000, 1.000000000000000000 ) ) ;
#3189 = AXIS2_PLACEMENT_3D ( 'NONE', #2888, #1422, #1141 ) ;
#3190 = ORIENTED_EDGE ( 'NONE', *, *, #3661, .F. ) ;
#3191 = FACE_OUTER_BOUND ( 'NONE', #715, .T. ) ;
#3192 = DIRECTION ( 'NONE',  ( 0.8660254037844329345, -0.5000000000000098810, 0.000000000000000000 ) ) ;
#3193 = CARTESIAN_POINT ( 'NONE',  ( 3.429999999999826077, -1.727661788547646476E-14, 19.00000000000000000 ) ) ;
#3194 = CARTESIAN_POINT ( 'NONE',  ( -210.0000000000000000, -2.571758278209442213E-14, 19.00000000000000355 ) ) ;
#3195 = ORIENTED_EDGE ( 'NONE', *, *, #1341, .F. ) ;
#3196 = AXIS2_PLACEMENT_3D ( 'NONE', #380, #3601, #1886 ) ;
#3197 = ORIENTED_EDGE ( 'NONE', *, *, #1638, .F. ) ;
#3198 = DIRECTION ( 'NONE',  ( -1.000000000000000000, 0.000000000000000000, 0.000000000000000000 ) ) ;
#3199 = FACE_OUTER_BOUND ( 'NONE', #128, .T. ) ;
#3200 = VECTOR ( 'NONE', #1155, 1000.000000000000000 ) ;
#3201 = ORIENTED_EDGE ( 'NONE', *, *, #3468, .T. ) ;
#3202 = ORIENTED_EDGE ( 'NONE', *, *, #3718, .T. ) ;
#3203 = DIRECTION ( 'NONE',  ( 1.000000000000000000, 0.000000000000000000, 0.000000000000000000 ) ) ;
#3204 = VECTOR ( 'NONE', #249, 1000.000000000000000 ) ;
#3205 = DIRECTION ( 'NONE',  ( -0.000000000000000000, 0.000000000000000000, 1.000000000000000000 ) ) ;
#3206 = CIRCLE ( 'NONE', #3700, 2.049999999999996270 ) ;
#3207 = ORIENTED_EDGE ( 'NONE', *, *, #264, .F. ) ;
#3208 = CARTESIAN_POINT ( 'NONE',  ( -46.00000000000000711, 9.797174393178719161E-16, 0.000000000000000000 ) ) ;
#3209 = ORIENTED_EDGE ( 'NONE', *, *, #2239, .F. ) ;
#3210 = LINE ( 'NONE', #2655, #1905 ) ;
#3211 = DIRECTION ( 'NONE',  ( -5.036914835416134337E-15, -1.000000000000000000, 0.000000000000000000 ) ) ;
#3212 = CARTESIAN_POINT ( 'NONE',  ( -36.98031142332047239, -3.429999999999607141, 19.00000000000000000 ) ) ;
#3213 = EDGE_CURVE ( 'NONE', #2143, #1358, #197, .T. ) ;
#3214 = EDGE_LOOP ( 'NONE', ( #2136, #3498, #1710, #2721, #2793, #3322 ) ) ;
#3215 = FACE_OUTER_BOUND ( 'NONE', #2438, .T. ) ;
#3216 = CARTESIAN_POINT ( 'NONE',  ( -47.00000000000000000, -13.80000000000003801, 19.00000000000000000 ) ) ;
#3217 = LINE ( 'NONE', #1457, #449 ) ;
#3218 = DIRECTION ( 'NONE',  ( 0.000000000000000000, 0.000000000000000000, 1.000000000000000000 ) ) ;
#3219 = ORIENTED_EDGE ( 'NONE', *, *, #319, .T. ) ;
#3220 = ORIENTED_EDGE ( 'NONE', *, *, #1167, .F. ) ;
#3221 = PLANE ( 'NONE',  #2238 ) ;
#3222 = AXIS2_PLACEMENT_3D ( 'NONE', #1114, #259, #1433 ) ;
#3223 = ADVANCED_FACE ( 'NONE', ( #1899 ), #3079, .F. ) ;
#3224 = DIRECTION ( 'NONE',  ( -0.000000000000000000, -0.000000000000000000, 1.000000000000000000 ) ) ;
#3225 = CARTESIAN_POINT ( 'NONE',  ( -164.9999999999999716, 40.00000000000000000, 19.00000000000000000 ) ) ;
#3226 = AXIS2_PLACEMENT_3D ( 'NONE', #1979, #1317, #1940 ) ;
#3227 = EDGE_LOOP ( 'NONE', ( #325, #1475, #1013, #288 ) ) ;
#3228 = CIRCLE ( 'NONE', #1252, 21.10000000000000853 ) ;
#3229 = DIRECTION ( 'NONE',  ( -0.000000000000000000, -0.000000000000000000, 1.000000000000000000 ) ) ;
#3230 = DIRECTION ( 'NONE',  ( 3.154042683594196230E-17, 1.000000000000000000, 0.000000000000000000 ) ) ;
#3231 = VECTOR ( 'NONE', #3266, 1000.000000000000000 ) ;
#3232 = DIRECTION ( 'NONE',  ( -0.000000000000000000, -0.000000000000000000, 1.000000000000000000 ) ) ;
#3233 = ORIENTED_EDGE ( 'NONE', *, *, #3450, .T. ) ;
#3234 = CARTESIAN_POINT ( 'NONE',  ( -242.0510161513760465, -20.00000000000068212, 10.00000000000000000 ) ) ;
#3235 = DIRECTION ( 'NONE',  ( -1.000000000000000000, 0.000000000000000000, 0.000000000000000000 ) ) ;
#3236 = EDGE_CURVE ( 'NONE', #423, #3318, #1061, .T. ) ;
#3237 = LINE ( 'NONE', #2719, #344 ) ;
#3238 = CARTESIAN_POINT ( 'NONE',  ( -167.5899999999999750, -40.00000000000004263, 17.00000000000000000 ) ) ;
#3239 = ORIENTED_EDGE ( 'NONE', *, *, #258, .F. ) ;
#3240 = EDGE_LOOP ( 'NONE', ( #533, #123, #1080, #2683 ) ) ;
#3241 = EDGE_CURVE ( 'NONE', #3355, #194, #3383, .T. ) ;
#3242 = DIRECTION ( 'NONE',  ( -0.000000000000000000, 0.000000000000000000, 1.000000000000000000 ) ) ;
#3243 = DIRECTION ( 'NONE',  ( 1.000000000000000000, 0.000000000000000000, 0.000000000000000000 ) ) ;
#3244 = ORIENTED_EDGE ( 'NONE', *, *, #704, .F. ) ;
#3245 = DIRECTION ( 'NONE',  ( -0.000000000000000000, 0.000000000000000000, 1.000000000000000000 ) ) ;
#3246 = ORIENTED_EDGE ( 'NONE', *, *, #1837, .F. ) ;
#3247 = DIRECTION ( 'NONE',  ( 0.000000000000000000, 0.000000000000000000, -1.000000000000000000 ) ) ;
#3248 = DIRECTION ( 'NONE',  ( -0.5000000000000101030, -0.8660254037844329345, 0.000000000000000000 ) ) ;
#3249 = CYLINDRICAL_SURFACE ( 'NONE', #855, 18.82500000000000995 ) ;
#3250 = EDGE_CURVE ( 'NONE', #636, #2862, #1992, .T. ) ;
#3251 = ORIENTED_EDGE ( 'NONE', *, *, #1411, .F. ) ;
#3252 = CARTESIAN_POINT ( 'NONE',  ( -3.430000000000270610, -36.98031142332037291, 19.00000000000000000 ) ) ;
#3253 = DIRECTION ( 'NONE',  ( 0.8660254037844427044, 0.4999999999999929501, 0.000000000000000000 ) ) ;
#3254 = VECTOR ( 'NONE', #1807, 1000.000000000000000 ) ;
#3255 = CARTESIAN_POINT ( 'NONE',  ( -210.0000000000000000, -2.571758278209442213E-14, 17.00000000000000000 ) ) ;
#3256 = AXIS2_PLACEMENT_3D ( 'NONE', #398, #1848, #1579 ) ;
#3257 = ORIENTED_EDGE ( 'NONE', *, *, #422, .T. ) ;
#3258 = VERTEX_POINT ( 'NONE', #2593 ) ;
#3259 = EDGE_CURVE ( 'NONE', #2439, #655, #211, .T. ) ;
#3260 = FACE_OUTER_BOUND ( 'NONE', #1893, .T. ) ;
#3261 = DIRECTION ( 'NONE',  ( 0.000000000000000000, 0.000000000000000000, -1.000000000000000000 ) ) ;
#3262 = VECTOR ( 'NONE', #2839, 1000.000000000000000 ) ;
#3263 = ORIENTED_EDGE ( 'NONE', *, *, #2231, .T. ) ;
#3264 = VECTOR ( 'NONE', #58, 1000.000000000000000 ) ;
#3265 = CARTESIAN_POINT ( 'NONE',  ( -156.9999999999999716, -15.40000000000000568, 0.000000000000000000 ) ) ;
#3266 = DIRECTION ( 'NONE',  ( -0.000000000000000000, -0.000000000000000000, -1.000000000000000000 ) ) ;
#3267 = CIRCLE ( 'NONE', #1035, 2.050000000000000711 ) ;
#3268 = VERTEX_POINT ( 'NONE', #1151 ) ;
#3269 = CARTESIAN_POINT ( 'NONE',  ( 2.444036937190193601E-13, -35.00000000000000000, 22.05182899632296056 ) ) ;
#3270 = CARTESIAN_POINT ( 'NONE',  ( -210.0000000000000000, -45.00000000000005684, 19.00000000000000000 ) ) ;
#3271 = LINE ( 'NONE', #2713, #2036 ) ;
#3272 = ORIENTED_EDGE ( 'NONE', *, *, #1296, .T. ) ;
#3273 = ADVANCED_FACE ( 'NONE', ( #1762 ), #1174, .F. ) ;
#3274 = DIRECTION ( 'NONE',  ( -0.000000000000000000, -0.000000000000000000, 1.000000000000000000 ) ) ;
#3275 = DIRECTION ( 'NONE',  ( 0.000000000000000000, 0.000000000000000000, -1.000000000000000000 ) ) ;
#3276 = CYLINDRICAL_SURFACE ( 'NONE', #1194, 1.599999999999990319 ) ;
#3277 = DIRECTION ( 'NONE',  ( 0.000000000000000000, 0.000000000000000000, 1.000000000000000000 ) ) ;
#3278 = ADVANCED_FACE ( 'NONE', ( #276 ), #3480, .T. ) ;
#3279 = ORIENTED_EDGE ( 'NONE', *, *, #1152, .T. ) ;
#3280 = ORIENTED_EDGE ( 'NONE', *, *, #1607, .F. ) ;
#3281 = DIRECTION ( 'NONE',  ( 0.5000000000000078826, 0.8660254037844340447, 0.000000000000000000 ) ) ;
#3282 = DIRECTION ( 'NONE',  ( 4.598922241032114630E-15, 1.000000000000000000, -0.000000000000000000 ) ) ;
#3283 = DIRECTION ( 'NONE',  ( 1.000000000000000000, 0.000000000000000000, 0.000000000000000000 ) ) ;
#3284 = EDGE_CURVE ( 'NONE', #725, #3615, #1107, .T. ) ;
#3285 = VERTEX_POINT ( 'NONE', #1089 ) ;
#3286 = AXIS2_PLACEMENT_3D ( 'NONE', #2881, #1070, #1363 ) ;
#3287 = LINE ( 'NONE', #3024, #3575 ) ;
#3288 = LINE ( 'NONE', #1840, #3231 ) ;
#3289 = EDGE_CURVE ( 'NONE', #1634, #1400, #2307, .T. ) ;
#3290 = AXIS2_PLACEMENT_3D ( 'NONE', #1285, #3017, #994 ) ;
#3291 = ORIENTED_EDGE ( 'NONE', *, *, #3326, .F. ) ;
#3292 = EDGE_CURVE ( 'NONE', #1885, #3031, #102, .T. ) ;
#3293 = LINE ( 'NONE', #1553, #3754 ) ;
#3294 = DIRECTION ( 'NONE',  ( 0.000000000000000000, 0.000000000000000000, 1.000000000000000000 ) ) ;
#3295 = EDGE_CURVE ( 'NONE', #2262, #723, #213, .T. ) ;
#3296 = VECTOR ( 'NONE', #1257, 1000.000000000000000 ) ;
#3297 = ORIENTED_EDGE ( 'NONE', *, *, #27, .F. ) ;
#3298 = CARTESIAN_POINT ( 'NONE',  ( -210.0000000000000000, -2.571758278209442213E-14, 33.50000000000000000 ) ) ;
#3299 = CARTESIAN_POINT ( 'NONE',  ( -2.929513467537316430E-14, -3.429999999999829630, 19.00000000000000000 ) ) ;
#3300 = VECTOR ( 'NONE', #1509, 1000.000000000000000 ) ;
#3301 = CARTESIAN_POINT ( 'NONE',  ( 0.000000000000000000, 0.000000000000000000, 0.000000000000000000 ) ) ;
#3302 = ORIENTED_EDGE ( 'NONE', *, *, #2497, .F. ) ;
#3303 = CIRCLE ( 'NONE', #3110, 18.82500000000000995 ) ;
#3304 = VERTEX_POINT ( 'NONE', #539 ) ;
#3305 = DIRECTION ( 'NONE',  ( -0.000000000000000000, -0.000000000000000000, 1.000000000000000000 ) ) ;
#3306 = LINE ( 'NONE', #1856, #2413 ) ;
#3307 = ORIENTED_EDGE ( 'NONE', *, *, #3000, .T. ) ;
#3308 = FACE_OUTER_BOUND ( 'NONE', #1599, .T. ) ;
#3309 = ORIENTED_EDGE ( 'NONE', *, *, #89, .T. ) ;
#3310 = DIRECTION ( 'NONE',  ( -0.000000000000000000, -0.000000000000000000, -1.000000000000000000 ) ) ;
#3311 = CARTESIAN_POINT ( 'NONE',  ( -191.1749999999999829, -2.571758278209442213E-14, 19.00000000000000355 ) ) ;
#3312 = ORIENTED_EDGE ( 'NONE', *, *, #467, .T. ) ;
#3313 = DIRECTION ( 'NONE',  ( 1.000000000000000000, 0.000000000000000000, 0.000000000000000000 ) ) ;
#3314 = DIRECTION ( 'NONE',  ( -0.000000000000000000, -0.000000000000000000, -1.000000000000000000 ) ) ;
#3315 = EDGE_CURVE ( 'NONE', #3081, #1896, #3785, .T. ) ;
#3316 = CARTESIAN_POINT ( 'NONE',  ( -56.00000000000000711, 10.00000000000000000, 8.000000000000000000 ) ) ;
#3317 = VERTEX_POINT ( 'NONE', #2614 ) ;
#3318 = VERTEX_POINT ( 'NONE', #600 ) ;
#3319 = DIRECTION ( 'NONE',  ( -0.000000000000000000, -0.000000000000000000, -1.000000000000000000 ) ) ;
#3320 = ADVANCED_FACE ( 'NONE', ( #2282 ), #863, .T. ) ;
#3321 = CARTESIAN_POINT ( 'NONE',  ( -30.00000000000000000, 40.00000000000000000, 17.00000000000000000 ) ) ;
#3322 = ORIENTED_EDGE ( 'NONE', *, *, #3052, .F. ) ;
#3323 = VECTOR ( 'NONE', #2789, 1000.000000000000000 ) ;
#3324 = CARTESIAN_POINT ( 'NONE',  ( -3.917321013024005329E-15, -13.80000000000005222, 8.000000000000000000 ) ) ;
#3325 = AXIS2_PLACEMENT_3D ( 'NONE', #1780, #1706, #3539 ) ;
#3326 = EDGE_CURVE ( 'NONE', #3794, #2920, #3458, .T. ) ;
#3327 = ORIENTED_EDGE ( 'NONE', *, *, #2303, .F. ) ;
#3328 = DIRECTION ( 'NONE',  ( 1.000000000000000000, 0.000000000000000000, 0.000000000000000000 ) ) ;
#3329 = DIRECTION ( 'NONE',  ( -1.000000000000000000, 0.000000000000000000, 0.000000000000000000 ) ) ;
#3330 = AXIS2_PLACEMENT_3D ( 'NONE', #3265, #3629, #1796 ) ;
#3331 = AXIS2_PLACEMENT_3D ( 'NONE', #3039, #386, #2702 ) ;
#3332 = EDGE_LOOP ( 'NONE', ( #54, #3342, #2269, #650 ) ) ;
#3333 = DIRECTION ( 'NONE',  ( 1.500124635765237402E-14, 1.000000000000000000, -0.000000000000000000 ) ) ;
#3334 = CARTESIAN_POINT ( 'NONE',  ( -147.9999999999999716, -2.681976490132702584E-14, 8.000000000000000000 ) ) ;
#3335 = DIRECTION ( 'NONE',  ( 1.000000000000000000, 0.000000000000000000, 0.000000000000000000 ) ) ;
#3336 = EDGE_CURVE ( 'NONE', #180, #2332, #254, .T. ) ;
#3337 = ORIENTED_EDGE ( 'NONE', *, *, #60, .T. ) ;
#3338 = ORIENTED_EDGE ( 'NONE', *, *, #828, .T. ) ;
#3339 = DIRECTION ( 'NONE',  ( 1.000000000000000000, 3.205467292565839904E-16, 0.000000000000000000 ) ) ;
#3340 = DIRECTION ( 'NONE',  ( -0.000000000000000000, -0.000000000000000000, 1.000000000000000000 ) ) ;
#3341 = EDGE_CURVE ( 'NONE', #2538, #2549, #584, .T. ) ;
#3342 = ORIENTED_EDGE ( 'NONE', *, *, #3121, .T. ) ;
#3343 = LINE ( 'NONE', #1952, #3636 ) ;
#3344 = CARTESIAN_POINT ( 'NONE',  ( -147.9999999999999716, -2.681976490132702584E-14, 19.00000000000000000 ) ) ;
#3345 = ORIENTED_EDGE ( 'NONE', *, *, #2322, .T. ) ;
#3346 = CARTESIAN_POINT ( 'NONE',  ( -34.99999999999999289, -1.222018468595096801E-13, 15.90000000000000036 ) ) ;
#3347 = CARTESIAN_POINT ( 'NONE',  ( -120.0000000000000000, 40.00000000000000000, 17.00000000000000000 ) ) ;
#3348 = AXIS2_PLACEMENT_3D ( 'NONE', #2294, #2257, #478 ) ;
#3349 = ORIENTED_EDGE ( 'NONE', *, *, #1467, .T. ) ;
#3350 = AXIS2_PLACEMENT_3D ( 'NONE', #1502, #9, #1146 ) ;
#3351 = CARTESIAN_POINT ( 'NONE',  ( -30.00000000000000000, -40.00000000000001421, 8.000000000000000000 ) ) ;
#3352 = DIRECTION ( 'NONE',  ( -0.000000000000000000, -0.000000000000000000, 1.000000000000000000 ) ) ;
#3353 = EDGE_CURVE ( 'NONE', #743, #1315, #274, .T. ) ;
#3354 = DIRECTION ( 'NONE',  ( -0.000000000000000000, -0.000000000000000000, 1.000000000000000000 ) ) ;
#3355 = VERTEX_POINT ( 'NONE', #2874 ) ;
#3356 = ORIENTED_EDGE ( 'NONE', *, *, #581, .F. ) ;
#3357 = EDGE_CURVE ( 'NONE', #2364, #1634, #3786, .T. ) ;
#3358 = AXIS2_PLACEMENT_3D ( 'NONE', #867, #3771, #3811 ) ;
#3359 = DIRECTION ( 'NONE',  ( 1.000000000000000000, 0.000000000000000000, 0.000000000000000000 ) ) ;
#3360 = CIRCLE ( 'NONE', #3666, 2.590000000000008740 ) ;
#3361 = ADVANCED_FACE ( 'NONE', ( #844, #2076 ), #2032, .T. ) ;
#3362 = ORIENTED_EDGE ( 'NONE', *, *, #3566, .T. ) ;
#3363 = CIRCLE ( 'NONE', #1014, 2.590000000000008740 ) ;
#3364 = FACE_OUTER_BOUND ( 'NONE', #640, .T. ) ;
#3365 = DIRECTION ( 'NONE',  ( 1.000000000000000000, 0.000000000000000000, 0.000000000000000000 ) ) ;
#3366 = EDGE_LOOP ( 'NONE', ( #1799, #3509, #528, #3429 ) ) ;
#3367 = CARTESIAN_POINT ( 'NONE',  ( 0.000000000000000000, 0.000000000000000000, 10.00000000000000000 ) ) ;
#3368 = DIRECTION ( 'NONE',  ( 1.000000000000000000, 0.000000000000000000, 0.000000000000000000 ) ) ;
#3369 = ORIENTED_EDGE ( 'NONE', *, *, #481, .T. ) ;
#3370 = DIRECTION ( 'NONE',  ( -1.000000000000000000, -3.205467292565839904E-16, 0.000000000000000000 ) ) ;
#3371 = CARTESIAN_POINT ( 'NONE',  ( -120.0000000000000000, -40.00000000000002842, 8.000000000000000000 ) ) ;
#3372 = DIRECTION ( 'NONE',  ( 0.000000000000000000, 0.000000000000000000, -1.000000000000000000 ) ) ;
#3373 = DIRECTION ( 'NONE',  ( -0.000000000000000000, -0.000000000000000000, -1.000000000000000000 ) ) ;
#3374 = ORIENTED_EDGE ( 'NONE', *, *, #2195, .F. ) ;
#3375 = ORIENTED_EDGE ( 'NONE', *, *, #829, .F. ) ;
#3376 = LINE ( 'NONE', #2477, #875 ) ;
#3377 = AXIS2_PLACEMENT_3D ( 'NONE', #3787, #1428, #2165 ) ;
#3378 = ORIENTED_EDGE ( 'NONE', *, *, #1951, .T. ) ;
#3379 = DIRECTION ( 'NONE',  ( 0.000000000000000000, 0.000000000000000000, -1.000000000000000000 ) ) ;
#3380 = VECTOR ( 'NONE', #913, 1000.000000000000114 ) ;
#3381 = ORIENTED_EDGE ( 'NONE', *, *, #599, .F. ) ;
#3382 = DIRECTION ( 'NONE',  ( 1.000000000000000000, 0.000000000000000000, 0.000000000000000000 ) ) ;
#3383 = LINE ( 'NONE', #2917, #1377 ) ;
#3384 = CIRCLE ( 'NONE', #3026, 2.590000000000008740 ) ;
#3385 = EDGE_LOOP ( 'NONE', ( #1292, #2179 ) ) ;
#3386 = DIRECTION ( 'NONE',  ( 0.000000000000000000, 0.000000000000000000, -1.000000000000000000 ) ) ;
#3387 = SURFACE_STYLE_USAGE ( .BOTH. , #1356 ) ;
#3388 = FACE_OUTER_BOUND ( 'NONE', #1027, .T. ) ;
#3389 = CIRCLE ( 'NONE', #373, 2.590000000000008740 ) ;
#3390 = EDGE_CURVE ( 'NONE', #109, #1662, #1314, .T. ) ;
#3391 = EDGE_CURVE ( 'NONE', #1524, #440, #1797, .T. ) ;
#3392 = ORIENTED_EDGE ( 'NONE', *, *, #1280, .T. ) ;
#3393 = EDGE_LOOP ( 'NONE', ( #899, #1436, #1772, #1283 ) ) ;
#3394 = DIRECTION ( 'NONE',  ( 0.000000000000000000, 0.000000000000000000, -1.000000000000000000 ) ) ;
#3395 = ORIENTED_EDGE ( 'NONE', *, *, #3688, .T. ) ;
#3396 = DIRECTION ( 'NONE',  ( -0.000000000000000000, -0.000000000000000000, -1.000000000000000000 ) ) ;
#3397 = DIRECTION ( 'NONE',  ( 0.000000000000000000, 0.000000000000000000, -1.000000000000000000 ) ) ;
#3398 = EDGE_CURVE ( 'NONE', #523, #3625, #2706, .T. ) ;
#3399 = ORIENTED_EDGE ( 'NONE', *, *, #250, .F. ) ;
#3400 = EDGE_CURVE ( 'NONE', #57, #3416, #3478, .T. ) ;
#3401 = PLANE ( 'NONE',  #1657 ) ;
#3402 = DIRECTION ( 'NONE',  ( -1.000000000000000000, 0.000000000000000000, 0.000000000000000000 ) ) ;
#3403 = EDGE_CURVE ( 'NONE', #2861, #440, #1251, .T. ) ;
#3404 = ORIENTED_EDGE ( 'NONE', *, *, #3390, .T. ) ;
#3405 = CARTESIAN_POINT ( 'NONE',  ( -117.4099999999999824, -40.00000000000002842, 10.00000000000000000 ) ) ;
#3406 = AXIS2_PLACEMENT_3D ( 'NONE', #669, #3466, #1651 ) ;
#3407 = CARTESIAN_POINT ( 'NONE',  ( -2.050000000000000711, 35.00000000000000000, 15.90000000000000036 ) ) ;
#3408 = FACE_OUTER_BOUND ( 'NONE', #1123, .T. ) ;
#3409 = VECTOR ( 'NONE', #3682, 1000.000000000000000 ) ;
#3410 = EDGE_LOOP ( 'NONE', ( #797, #1633, #3488, #2778, #468, #878 ) ) ;
#3411 = ORIENTED_EDGE ( 'NONE', *, *, #149, .T. ) ;
#3412 = CARTESIAN_POINT ( 'NONE',  ( -210.0000000000000000, 45.00000000000000000, 8.000000000000007105 ) ) ;
#3413 = VECTOR ( 'NONE', #2775, 1000.000000000000000 ) ;
#3414 = EDGE_CURVE ( 'NONE', #2969, #742, #1487, .T. ) ;
#3415 = CARTESIAN_POINT ( 'NONE',  ( 36.98031142332045107, 3.429999999999862048, 19.00000000000000000 ) ) ;
#3416 = VERTEX_POINT ( 'NONE', #3042 ) ;
#3417 = CARTESIAN_POINT ( 'NONE',  ( -162.4099999999999966, 40.00000000000000000, 19.00000000000000000 ) ) ;
#3418 = PLANE ( 'NONE',  #2893 ) ;
#3419 = VECTOR ( 'NONE', #1233, 999.9999999999998863 ) ;
#3420 = VERTEX_POINT ( 'NONE', #2668 ) ;
#3421 = ORIENTED_EDGE ( 'NONE', *, *, #1737, .T. ) ;
#3422 = LINE ( 'NONE', #446, #792 ) ;
#3423 = DIRECTION ( 'NONE',  ( -0.000000000000000000, -0.000000000000000000, 1.000000000000000000 ) ) ;
#3424 = EDGE_CURVE ( 'NONE', #3647, #2149, #3170, .T. ) ;
#3425 = VERTEX_POINT ( 'NONE', #314 ) ;
#3426 = DIRECTION ( 'NONE',  ( 0.000000000000000000, 0.000000000000000000, -1.000000000000000000 ) ) ;
#3427 = DIRECTION ( 'NONE',  ( -0.000000000000000000, -0.000000000000000000, 1.000000000000000000 ) ) ;
#3428 = DIRECTION ( 'NONE',  ( 1.000000000000000000, 0.000000000000000000, 0.000000000000000000 ) ) ;
#3429 = ORIENTED_EDGE ( 'NONE', *, *, #384, .F. ) ;
#3430 = LINE ( 'NONE', #1138, #66 ) ;
#3431 = DIRECTION ( 'NONE',  ( 1.000000000000000000, 0.000000000000000000, 0.000000000000000000 ) ) ;
#3432 = EDGE_CURVE ( 'NONE', #1045, #3118, #2382, .T. ) ;
#3433 = DIRECTION ( 'NONE',  ( 0.000000000000000000, 0.000000000000000000, -1.000000000000000000 ) ) ;
#3434 = VERTEX_POINT ( 'NONE', #2407 ) ;
#3435 = LINE ( 'NONE', #2869, #1868 ) ;
#3436 = LINE ( 'NONE', #560, #2218 ) ;
#3437 = ORIENTED_EDGE ( 'NONE', *, *, #3661, .T. ) ;
#3438 = CIRCLE ( 'NONE', #2400, 18.82500000000000995 ) ;
#3439 = CARTESIAN_POINT ( 'NONE',  ( -120.0000000000000000, 40.00000000000000000, 17.00000000000000000 ) ) ;
#3440 = CARTESIAN_POINT ( 'NONE',  ( -242.0510161513760465, -20.00000000000068212, 8.000000000000000000 ) ) ;
#3441 = ADVANCED_FACE ( 'NONE', ( #2461 ), #3630, .F. ) ;
#3442 = ORIENTED_EDGE ( 'NONE', *, *, #1280, .F. ) ;
#3443 = DIRECTION ( 'NONE',  ( 1.000000000000000000, 0.000000000000000000, 0.000000000000000000 ) ) ;
#3444 = CIRCLE ( 'NONE', #1087, 21.10000000000000853 ) ;
#3445 = CARTESIAN_POINT ( 'NONE',  ( -5.145427500675006631E-14, -3.430000000000161364, 19.00000000000000000 ) ) ;
#3446 = AXIS2_PLACEMENT_3D ( 'NONE', #1489, #3174, #809 ) ;
#3447 = ORIENTED_EDGE ( 'NONE', *, *, #1331, .T. ) ;
#3448 = ORIENTED_EDGE ( 'NONE', *, *, #692, .F. ) ;
#3449 = CARTESIAN_POINT ( 'NONE',  ( 13.44044456622745720, -23.27953286501958630, 19.00000000000000000 ) ) ;
#3450 = EDGE_CURVE ( 'NONE', #2824, #3794, #2133, .T. ) ;
#3451 = VECTOR ( 'NONE', #1019, 1000.000000000000000 ) ;
#3452 = ORIENTED_EDGE ( 'NONE', *, *, #215, .T. ) ;
#3453 = CARTESIAN_POINT ( 'NONE',  ( 3.429999999999992610, 33.01968857667956314, 15.90000000000000036 ) ) ;
#3454 = VECTOR ( 'NONE', #3282, 1000.000000000000000 ) ;
#3455 = DIRECTION ( 'NONE',  ( 1.000000000000000000, -1.543923895203641109E-14, -0.000000000000000000 ) ) ;
#3456 = ADVANCED_FACE ( 'NONE', ( #2389, #3308 ), #905, .F. ) ;
#3457 = CARTESIAN_POINT ( 'NONE',  ( -74.99999999999998579, -40.00000000000002842, 10.00000000000000000 ) ) ;
#3458 = LINE ( 'NONE', #804, #1819 ) ;
#3459 = ORIENTED_EDGE ( 'NONE', *, *, #3116, .T. ) ;
#3460 = CARTESIAN_POINT ( 'NONE',  ( -47.00000000000000711, 16.99999999999996092, 0.000000000000000000 ) ) ;
#3461 = CARTESIAN_POINT ( 'NONE',  ( -210.0000000000000000, -2.571758278209442213E-14, 27.50000000000000355 ) ) ;
#3462 = CARTESIAN_POINT ( 'NONE',  ( -122.5900000000000034, 40.00000000000000000, 10.00000000000000000 ) ) ;
#3463 = CARTESIAN_POINT ( 'NONE',  ( -32.59000000000001052, 40.00000000000000000, 8.000000000000000000 ) ) ;
#3464 = ORIENTED_EDGE ( 'NONE', *, *, #3690, .T. ) ;
#3465 = AXIS2_PLACEMENT_3D ( 'NONE', #2319, #3474, #1104 ) ;
#3466 = DIRECTION ( 'NONE',  ( -0.000000000000000000, -0.000000000000000000, 1.000000000000000000 ) ) ;
#3467 = CARTESIAN_POINT ( 'NONE',  ( -147.9999999999999716, 9.999999999999973355, 0.000000000000000000 ) ) ;
#3468 = EDGE_CURVE ( 'NONE', #2862, #2591, #3604, .T. ) ;
#3469 = DIRECTION ( 'NONE',  ( -0.000000000000000000, -0.000000000000000000, -1.000000000000000000 ) ) ;
#3470 = DIRECTION ( 'NONE',  ( -1.116881115679227929E-14, -1.000000000000000000, -0.000000000000000000 ) ) ;
#3471 = CIRCLE ( 'NONE', #1873, 2.589999999999981206 ) ;
#3472 = EDGE_CURVE ( 'NONE', #290, #1814, #3288, .T. ) ;
#3473 = VERTEX_POINT ( 'NONE', #1822 ) ;
#3474 = DIRECTION ( 'NONE',  ( 0.000000000000000000, 0.000000000000000000, -1.000000000000000000 ) ) ;
#3475 = AXIS2_PLACEMENT_3D ( 'NONE', #3034, #2125, #703 ) ;
#3476 = DIRECTION ( 'NONE',  ( 1.000000000000000000, 0.000000000000000000, 0.000000000000000000 ) ) ;
#3477 = AXIS2_PLACEMENT_3D ( 'NONE', #19, #2392, #1998 ) ;
#3478 = CIRCLE ( 'NONE', #2443, 2.590000000000008740 ) ;
#3479 = FACE_OUTER_BOUND ( 'NONE', #807, .T. ) ;
#3480 = PLANE ( 'NONE',  #582 ) ;
#3481 = CIRCLE ( 'NONE', #3546, 18.82500000000000995 ) ;
#3482 = ORIENTED_EDGE ( 'NONE', *, *, #964, .F. ) ;
#3483 = DIRECTION ( 'NONE',  ( -0.000000000000000000, 0.000000000000000000, 1.000000000000000000 ) ) ;
#3484 = PLANE ( 'NONE',  #1090 ) ;
#3485 = DIRECTION ( 'NONE',  ( -0.000000000000000000, -0.000000000000000000, -1.000000000000000000 ) ) ;
#3486 = VECTOR ( 'NONE', #1240, 999.9999999999998863 ) ;
#3487 = FACE_OUTER_BOUND ( 'NONE', #1852, .T. ) ;
#3488 = ORIENTED_EDGE ( 'NONE', *, *, #2374, .F. ) ;
#3489 = LINE ( 'NONE', #3467, #2210 ) ;
#3490 = PLANE ( 'NONE',  #3595 ) ;
#3491 = FACE_OUTER_BOUND ( 'NONE', #1006, .T. ) ;
#3492 = VERTEX_POINT ( 'NONE', #3025 ) ;
#3493 = CARTESIAN_POINT ( 'NONE',  ( -122.5900000000000034, 40.00000000000000000, 8.000000000000000000 ) ) ;
#3494 = ORIENTED_EDGE ( 'NONE', *, *, #1549, .F. ) ;
#3495 = FACE_OUTER_BOUND ( 'NONE', #2328, .T. ) ;
#3496 = ORIENTED_EDGE ( 'NONE', *, *, #1268, .T. ) ;
#3497 = DIRECTION ( 'NONE',  ( -0.000000000000000000, -0.000000000000000000, -1.000000000000000000 ) ) ;
#3498 = ORIENTED_EDGE ( 'NONE', *, *, #964, .T. ) ;
#3499 = CARTESIAN_POINT ( 'NONE',  ( -210.0000000000000000, -2.571758278209442213E-14, 19.00000000000000355 ) ) ;
#3500 = CYLINDRICAL_SURFACE ( 'NONE', #3358, 2.590000000000008740 ) ;
#3501 = ORIENTED_EDGE ( 'NONE', *, *, #3556, .T. ) ;
#3502 = DIRECTION ( 'NONE',  ( -1.000000000000000000, 0.000000000000000000, 0.000000000000000000 ) ) ;
#3503 = FACE_OUTER_BOUND ( 'NONE', #51, .T. ) ;
#3504 = CARTESIAN_POINT ( 'NONE',  ( -72.40999999999996817, -40.00000000000002842, 19.00000000000000000 ) ) ;
#3505 = EDGE_CURVE ( 'NONE', #865, #2538, #1573, .T. ) ;
#3506 = EDGE_CURVE ( 'NONE', #675, #993, #2446, .T. ) ;
#3507 = CIRCLE ( 'NONE', #3135, 40.00000000000000711 ) ;
#3508 = ORIENTED_EDGE ( 'NONE', *, *, #949, .F. ) ;
#3509 = ORIENTED_EDGE ( 'NONE', *, *, #1590, .T. ) ;
#3510 = LINE ( 'NONE', #289, #2613 ) ;
#3511 = VECTOR ( 'NONE', #750, 1000.000000000000000 ) ;
#3512 = CIRCLE ( 'NONE', #3142, 21.10000000000000853 ) ;
#3513 = ORIENTED_EDGE ( 'NONE', *, *, #3432, .F. ) ;
#3514 = CARTESIAN_POINT ( 'NONE',  ( -36.98031142332047239, -3.429999999999607141, 15.90000000000000036 ) ) ;
#3515 = DIRECTION ( 'NONE',  ( 0.000000000000000000, 0.000000000000000000, 1.000000000000000000 ) ) ;
#3516 = EDGE_CURVE ( 'NONE', #3420, #2459, #1550, .T. ) ;
#3517 = EDGE_LOOP ( 'NONE', ( #2360, #2013, #3327, #1735 ) ) ;
#3518 = CARTESIAN_POINT ( 'NONE',  ( -56.00000000000000000, -10.00000000000000000, 0.000000000000000000 ) ) ;
#3519 = DIRECTION ( 'NONE',  ( -1.000000000000000000, 3.154042683594196230E-17, 0.000000000000000000 ) ) ;
#3520 = DIRECTION ( 'NONE',  ( -0.000000000000000000, -0.000000000000000000, 1.000000000000000000 ) ) ;
#3521 = EDGE_CURVE ( 'NONE', #423, #3031, #3614, .T. ) ;
#3522 = EDGE_LOOP ( 'NONE', ( #1024, #992, #241, #233 ) ) ;
#3523 = FACE_OUTER_BOUND ( 'NONE', #2909, .T. ) ;
#3524 = CARTESIAN_POINT ( 'NONE',  ( 0.000000000000000000, 0.000000000000000000, 10.00000000000000000 ) ) ;
#3525 = CARTESIAN_POINT ( 'NONE',  ( -120.0000000000000000, 40.00000000000000000, 17.00000000000000000 ) ) ;
#3526 = DIRECTION ( 'NONE',  ( -0.000000000000000000, -0.000000000000000000, 1.000000000000000000 ) ) ;
#3527 = ORIENTED_EDGE ( 'NONE', *, *, #3543, .F. ) ;
#3528 = EDGE_LOOP ( 'NONE', ( #1777, #2420, #2191, #1444 ) ) ;
#3529 = EDGE_CURVE ( 'NONE', #655, #2173, #3650, .T. ) ;
#3530 = CYLINDRICAL_SURFACE ( 'NONE', #752, 2.050000000000000711 ) ;
#3531 = FACE_OUTER_BOUND ( 'NONE', #1967, .T. ) ;
#3532 = VECTOR ( 'NONE', #2831, 1000.000000000000000 ) ;
#3533 = EDGE_LOOP ( 'NONE', ( #2819, #392 ) ) ;
#3534 = AXIS2_PLACEMENT_3D ( 'NONE', #530, #2886, #2568 ) ;
#3535 = DIRECTION ( 'NONE',  ( -0.000000000000000000, 0.000000000000000000, 1.000000000000000000 ) ) ;
#3536 = CARTESIAN_POINT ( 'NONE',  ( 27.44619903340939970, 3.361189979502600419E-15, 19.00000000000000000 ) ) ;
#3537 = EDGE_LOOP ( 'NONE', ( #2834, #1203, #21, #2595, #3619 ) ) ;
#3538 = CIRCLE ( 'NONE', #2440, 2.590000000000008740 ) ;
#3539 = DIRECTION ( 'NONE',  ( 1.000000000000000000, 0.000000000000000000, 0.000000000000000000 ) ) ;
#3540 = CARTESIAN_POINT ( 'NONE',  ( 3.430000000000160920, -3.943575821685223397E-14, 19.00000000000000000 ) ) ;
#3541 = CIRCLE ( 'NONE', #1507, 2.590000000000008740 ) ;
#3542 = CARTESIAN_POINT ( 'NONE',  ( -45.40000000000003411, 15.39999999999999503, 8.000000000000000000 ) ) ;
#3543 = EDGE_CURVE ( 'NONE', #2535, #1482, #2068, .T. ) ;
#3544 = VERTEX_POINT ( 'NONE', #1290 ) ;
#3545 = CARTESIAN_POINT ( 'NONE',  ( -147.9999999999999716, 9.999999999999973355, 19.00000000000000000 ) ) ;
#3546 = AXIS2_PLACEMENT_3D ( 'NONE', #1496, #3218, #1732 ) ;
#3547 = DIRECTION ( 'NONE',  ( 0.000000000000000000, 0.000000000000000000, -1.000000000000000000 ) ) ;
#3548 = DIRECTION ( 'NONE',  ( -1.149730560258028894E-14, -1.000000000000000000, 0.000000000000000000 ) ) ;
#3549 = LINE ( 'NONE', #1811, #2261 ) ;
#3550 = ORIENTED_EDGE ( 'NONE', *, *, #2025, .F. ) ;
#3551 = ORIENTED_EDGE ( 'NONE', *, *, #252, .F. ) ;
#3552 = CARTESIAN_POINT ( 'NONE',  ( -3.430000000000270610, -36.98031142332037291, 15.90000000000000036 ) ) ;
#3553 = DIRECTION ( 'NONE',  ( 1.000000000000000000, 0.000000000000000000, 0.000000000000000000 ) ) ;
#3554 = EDGE_LOOP ( 'NONE', ( #2927, #2518, #746, #2811 ) ) ;
#3555 = CARTESIAN_POINT ( 'NONE',  ( -13.44044456622790307, -23.27953286501914576, 19.00000000000000000 ) ) ;
#3556 = EDGE_CURVE ( 'NONE', #2936, #636, #400, .T. ) ;
#3557 = VERTEX_POINT ( 'NONE', #2865 ) ;
#3558 = CARTESIAN_POINT ( 'NONE',  ( -74.99999999999998579, -40.00000000000002842, 17.00000000000000000 ) ) ;
#3559 = DIRECTION ( 'NONE',  ( -0.000000000000000000, -0.000000000000000000, -1.000000000000000000 ) ) ;
#3560 = ADVANCED_FACE ( 'NONE', ( #3686 ), #226, .F. ) ;
#3561 = VECTOR ( 'NONE', #2347, 1000.000000000000000 ) ;
#3562 = VERTEX_POINT ( 'NONE', #2005 ) ;
#3563 = CARTESIAN_POINT ( 'NONE',  ( -122.5900000000000034, -40.00000000000002842, 8.000000000000000000 ) ) ;
#3564 = FACE_OUTER_BOUND ( 'NONE', #2401, .T. ) ;
#3565 = AXIS2_PLACEMENT_3D ( 'NONE', #473, #529, #2333 ) ;
#3566 = EDGE_CURVE ( 'NONE', #3268, #511, #3541, .T. ) ;
#3567 = CARTESIAN_POINT ( 'NONE',  ( -117.4099999999999824, 40.00000000000000000, 17.00000000000000000 ) ) ;
#3568 = ORIENTED_EDGE ( 'NONE', *, *, #1636, .F. ) ;
#3569 = ORIENTED_EDGE ( 'NONE', *, *, #3357, .F. ) ;
#3570 = EDGE_CURVE ( 'NONE', #2671, #658, #1895, .T. ) ;
#3571 = DIRECTION ( 'NONE',  ( -1.000000000000000000, 0.000000000000000000, 0.000000000000000000 ) ) ;
#3572 = DIRECTION ( 'NONE',  ( 1.000000000000000000, 0.000000000000000000, 0.000000000000000000 ) ) ;
#3573 = CIRCLE ( 'NONE', #1344, 2.050000000000000711 ) ;
#3574 = VERTEX_POINT ( 'NONE', #3761 ) ;
#3575 = VECTOR ( 'NONE', #2445, 1000.000000000000227 ) ;
#3576 = EDGE_CURVE ( 'NONE', #688, #3562, #3360, .T. ) ;
#3577 = DIRECTION ( 'NONE',  ( 1.000000000000000000, 0.000000000000000000, 0.000000000000000000 ) ) ;
#3578 = ORIENTED_EDGE ( 'NONE', *, *, #3289, .F. ) ;
#3579 = FACE_OUTER_BOUND ( 'NONE', #3087, .T. ) ;
#3580 = CARTESIAN_POINT ( 'NONE',  ( -77.58999999999998920, 40.00000000000000000, 17.00000000000000000 ) ) ;
#3581 = DIRECTION ( 'NONE',  ( 1.000000000000000000, 2.828353493440447786E-16, 0.000000000000000000 ) ) ;
#3582 = EDGE_LOOP ( 'NONE', ( #1412, #1600, #2569, #1594 ) ) ;
#3583 = CARTESIAN_POINT ( 'NONE',  ( 36.98031142332038002, -3.430000000000145377, 19.00000000000000000 ) ) ;
#3584 = CARTESIAN_POINT ( 'NONE',  ( -210.0000000000000000, -2.571758278209442213E-14, 19.00000000000000355 ) ) ;
#3585 = CARTESIAN_POINT ( 'NONE',  ( -72.40999999999996817, -40.00000000000002842, 10.00000000000000000 ) ) ;
#3586 = EDGE_LOOP ( 'NONE', ( #2309, #1049 ) ) ;
#3587 = ORIENTED_EDGE ( 'NONE', *, *, #2053, .F. ) ;
#3588 = LINE ( 'NONE', #3665, #2055 ) ;
#3589 = DIRECTION ( 'NONE',  ( -0.8660254037844394848, -0.4999999999999983902, 0.000000000000000000 ) ) ;
#3590 = EDGE_LOOP ( 'NONE', ( #3508, #1704 ) ) ;
#3591 = AXIS2_PLACEMENT_3D ( 'NONE', #2308, #1378, #3428 ) ;
#3592 = DIRECTION ( 'NONE',  ( 0.000000000000000000, -0.000000000000000000, -1.000000000000000000 ) ) ;
#3593 = CIRCLE ( 'NONE', #2181, 2.590000000000008740 ) ;
#3594 = ORIENTED_EDGE ( 'NONE', *, *, #3690, .F. ) ;
#3595 = AXIS2_PLACEMENT_3D ( 'NONE', #2660, #837, #2020 ) ;
#3596 = CARTESIAN_POINT ( 'NONE',  ( -120.0000000000000000, -40.00000000000002842, 17.00000000000000000 ) ) ;
#3597 = EDGE_CURVE ( 'NONE', #1667, #3067, #1985, .T. ) ;
#3598 = PLANE ( 'NONE',  #1120 ) ;
#3599 = AXIS2_PLACEMENT_3D ( 'NONE', #2537, #2244, #1313 ) ;
#3600 = EDGE_LOOP ( 'NONE', ( #3738, #3337 ) ) ;
#3601 = DIRECTION ( 'NONE',  ( -0.000000000000000000, -0.000000000000000000, -1.000000000000000000 ) ) ;
#3602 = EDGE_CURVE ( 'NONE', #307, #3768, #340, .T. ) ;
#3603 = FACE_OUTER_BOUND ( 'NONE', #2142, .T. ) ;
#3604 = CIRCLE ( 'NONE', #42, 2.590000000000008740 ) ;
#3605 = CARTESIAN_POINT ( 'NONE',  ( -72.40999999999996817, -40.00000000000002842, 17.00000000000000000 ) ) ;
#3606 = ADVANCED_FACE ( 'NONE', ( #3491 ), #2183, .F. ) ;
#3607 = EDGE_LOOP ( 'NONE', ( #1691, #3244, #1542, #737 ) ) ;
#3608 = AXIS2_PLACEMENT_3D ( 'NONE', #3301, #1950, #501 ) ;
#3609 = ORIENTED_EDGE ( 'NONE', *, *, #1631, .T. ) ;
#3610 = CARTESIAN_POINT ( 'NONE',  ( -74.99999999999998579, 40.00000000000000000, 8.000000000000000000 ) ) ;
#3611 = DIRECTION ( 'NONE',  ( -0.000000000000000000, -0.000000000000000000, 1.000000000000000000 ) ) ;
#3612 = EDGE_CURVE ( 'NONE', #655, #2439, #1319, .T. ) ;
#3613 = EDGE_LOOP ( 'NONE', ( #2092, #472 ) ) ;
#3614 = LINE ( 'NONE', #2147, #1381 ) ;
#3615 = VERTEX_POINT ( 'NONE', #1712 ) ;
#3616 = ADVANCED_FACE ( 'NONE', ( #3075 ), #425, .F. ) ;
#3617 = DIRECTION ( 'NONE',  ( 2.838638415234776052E-16, 1.000000000000000000, 0.000000000000000000 ) ) ;
#3618 = DIRECTION ( 'NONE',  ( -0.000000000000000000, -0.000000000000000000, 1.000000000000000000 ) ) ;
#3619 = ORIENTED_EDGE ( 'NONE', *, *, #417, .F. ) ;
#3620 = DIRECTION ( 'NONE',  ( -0.000000000000000000, -0.000000000000000000, -1.000000000000000000 ) ) ;
#3621 = LINE ( 'NONE', #1262, #1746 ) ;
#3622 = ADVANCED_FACE ( 'NONE', ( #3159 ), #2204, .F. ) ;
#3623 = ORIENTED_EDGE ( 'NONE', *, *, #3576, .F. ) ;
#3624 = CIRCLE ( 'NONE', #1897, 2.050000000000000711 ) ;
#3625 = VERTEX_POINT ( 'NONE', #2221 ) ;
#3626 = DIRECTION ( 'NONE',  ( -0.000000000000000000, -0.000000000000000000, 1.000000000000000000 ) ) ;
#3627 = EDGE_CURVE ( 'NONE', #2439, #1051, #747, .T. ) ;
#3628 = ORIENTED_EDGE ( 'NONE', *, *, #286, .F. ) ;
#3629 = DIRECTION ( 'NONE',  ( -0.000000000000000000, -0.000000000000000000, 1.000000000000000000 ) ) ;
#3630 = CYLINDRICAL_SURFACE ( 'NONE', #2559, 2.590000000000008740 ) ;
#3631 = CIRCLE ( 'NONE', #612, 2.590000000000008740 ) ;
#3632 = EDGE_LOOP ( 'NONE', ( #550, #3037, #1628, #2750 ) ) ;
#3633 = VERTEX_POINT ( 'NONE', #731 ) ;
#3634 = CYLINDRICAL_SURFACE ( 'NONE', #367, 45.00000000000001421 ) ;
#3635 = CARTESIAN_POINT ( 'NONE',  ( -210.0000000000000000, -2.571758278209442213E-14, 19.00000000000000355 ) ) ;
#3636 = VECTOR ( 'NONE', #3124, 1000.000000000000000 ) ;
#3637 = ADVANCED_FACE ( 'NONE', ( #1421 ), #161, .F. ) ;
#3638 = VECTOR ( 'NONE', #2685, 1000.000000000000000 ) ;
#3639 = ORIENTED_EDGE ( 'NONE', *, *, #1052, .F. ) ;
#3640 = DIRECTION ( 'NONE',  ( -1.000000000000000000, 0.000000000000000000, 0.000000000000000000 ) ) ;
#3641 = FACE_OUTER_BOUND ( 'NONE', #2030, .T. ) ;
#3642 = EDGE_CURVE ( 'NONE', #124, #1813, #3363, .T. ) ;
#3643 = DIRECTION ( 'NONE',  ( 0.5000000000000064393, 0.8660254037844348218, -0.000000000000000000 ) ) ;
#3644 = EDGE_LOOP ( 'NONE', ( #2088, #3685, #3251, #1962 ) ) ;
#3645 = EDGE_LOOP ( 'NONE', ( #2694, #2312, #3239, #3172, #2759, #205 ) ) ;
#3646 = CARTESIAN_POINT ( 'NONE',  ( 31.03937715335916891, -9.367506770274758310E-14, 19.00000000000000000 ) ) ;
#3647 = VERTEX_POINT ( 'NONE', #2085 ) ;
#3648 = CARTESIAN_POINT ( 'NONE',  ( 0.000000000000000000, 0.000000000000000000, 17.00000000000000000 ) ) ;
#3649 = CARTESIAN_POINT ( 'NONE',  ( 0.000000000000000000, 0.000000000000000000, 17.00000000000000000 ) ) ;
#3650 = LINE ( 'NONE', #1327, #519 ) ;
#3651 = VECTOR ( 'NONE', #1648, 1000.000000000000000 ) ;
#3652 = ORIENTED_EDGE ( 'NONE', *, *, #2722, .T. ) ;
#3653 = DIRECTION ( 'NONE',  ( -0.000000000000000000, -0.000000000000000000, 1.000000000000000000 ) ) ;
#3654 = CARTESIAN_POINT ( 'NONE',  ( 3.469446951953614189E-15, 38.96062284664083819, 15.90000000000000036 ) ) ;
#3655 = CIRCLE ( 'NONE', #1930, 45.00000000000000711 ) ;
#3656 = ORIENTED_EDGE ( 'NONE', *, *, #149, .F. ) ;
#3657 = AXIS2_PLACEMENT_3D ( 'NONE', #497, #513, #3760 ) ;
#3658 = CYLINDRICAL_SURFACE ( 'NONE', #2274, 2.590000000000008740 ) ;
#3659 = FACE_OUTER_BOUND ( 'NONE', #223, .T. ) ;
#3660 = AXIS2_PLACEMENT_3D ( 'NONE', #297, #2901, #891 ) ;
#3661 = EDGE_CURVE ( 'NONE', #214, #3425, #403, .T. ) ;
#3662 = ORIENTED_EDGE ( 'NONE', *, *, #99, .F. ) ;
#3663 = EDGE_LOOP ( 'NONE', ( #1202, #3744, #2424, #2709 ) ) ;
#3664 = VECTOR ( 'NONE', #1351, 1000.000000000000000 ) ;
#3665 = CARTESIAN_POINT ( 'NONE',  ( 23.27953286501917418, -13.44044456622783912, 19.00000000000000000 ) ) ;
#3666 = AXIS2_PLACEMENT_3D ( 'NONE', #1912, #1000, #2291 ) ;
#3667 = ORIENTED_EDGE ( 'NONE', *, *, #2273, .F. ) ;
#3668 = AXIS2_PLACEMENT_3D ( 'NONE', #2906, #2949, #1752 ) ;
#3669 = CARTESIAN_POINT ( 'NONE',  ( -7.399384135712011644E-15, 13.80000000000005400, 8.000000000000000000 ) ) ;
#3670 = CARTESIAN_POINT ( 'NONE',  ( -244.6410161513767889, 19.99999999999946354, 10.00000000000000000 ) ) ;
#3671 = EDGE_LOOP ( 'NONE', ( #2182, #1169, #3404, #454 ) ) ;
#3672 = CARTESIAN_POINT ( 'NONE',  ( -1.977584762613560088E-13, -31.03937715335915826, 15.90000000000000036 ) ) ;
#3673 = CARTESIAN_POINT ( 'NONE',  ( 2.779282007663871836E-14, 3.430000000000160920, 19.00000000000000000 ) ) ;
#3674 = EDGE_CURVE ( 'NONE', #438, #2444, #897, .T. ) ;
#3675 = EDGE_LOOP ( 'NONE', ( #1853, #2876, #1132, #2019, #782, #3381 ) ) ;
#3676 = CARTESIAN_POINT ( 'NONE',  ( 3.205467292565834480E-15, -9.999999999999982236, 8.000000000000000000 ) ) ;
#3677 = EDGE_CURVE ( 'NONE', #858, #2992, #1510, .T. ) ;
#3678 = LINE ( 'NONE', #2213, #261 ) ;
#3679 = ORIENTED_EDGE ( 'NONE', *, *, #422, .F. ) ;
#3680 = ORIENTED_EDGE ( 'NONE', *, *, #2957, .T. ) ;
#3681 = ADVANCED_FACE ( 'NONE', ( #3199 ), #3276, .F. ) ;
#3682 = DIRECTION ( 'NONE',  ( -0.000000000000000000, -0.000000000000000000, -1.000000000000000000 ) ) ;
#3683 = VECTOR ( 'NONE', #1383, 1000.000000000000000 ) ;
#3684 = EDGE_CURVE ( 'NONE', #2637, #2690, #46, .T. ) ;
#3685 = ORIENTED_EDGE ( 'NONE', *, *, #2599, .T. ) ;
#3686 = FACE_OUTER_BOUND ( 'NONE', #997, .T. ) ;
#3687 = AXIS2_PLACEMENT_3D ( 'NONE', #357, #1537, #3502 ) ;
#3688 = EDGE_CURVE ( 'NONE', #2143, #2448, #2314, .T. ) ;
#3689 = ORIENTED_EDGE ( 'NONE', *, *, #1673, .T. ) ;
#3690 = EDGE_CURVE ( 'NONE', #968, #2740, #3303, .T. ) ;
#3691 = CARTESIAN_POINT ( 'NONE',  ( -36.98031142332047239, -3.429999999999607141, 19.00000000000000000 ) ) ;
#3692 = CARTESIAN_POINT ( 'NONE',  ( -210.0000000000000000, -2.571758278209442213E-14, 8.000000000000007105 ) ) ;
#3693 = AXIS2_PLACEMENT_3D ( 'NONE', #2729, #3064, #907 ) ;
#3694 = EDGE_LOOP ( 'NONE', ( #2891, #1572, #320, #2974 ) ) ;
#3695 = EDGE_CURVE ( 'NONE', #2987, #3317, #3481, .T. ) ;
#3696 = CIRCLE ( 'NONE', #2777, 2.589999999999981206 ) ;
#3697 = DIRECTION ( 'NONE',  ( -0.8660254037844360431, 0.5000000000000044409, -0.000000000000000000 ) ) ;
#3698 = FILL_AREA_STYLE ('',( #2525 ) ) ;
#3699 = CARTESIAN_POINT ( 'NONE',  ( -120.0000000000000000, 40.00000000000000000, 17.00000000000000000 ) ) ;
#3700 = AXIS2_PLACEMENT_3D ( 'NONE', #3007, #1534, #2102 ) ;
#3701 = ORIENTED_EDGE ( 'NONE', *, *, #2594, .T. ) ;
#3702 = ORIENTED_EDGE ( 'NONE', *, *, #3315, .T. ) ;
#3703 = CARTESIAN_POINT ( 'NONE',  ( -156.9999999999999716, -13.80000000000000604, 19.00000000000000000 ) ) ;
#3704 = LINE ( 'NONE', #3763, #781 ) ;
#3705 = ORIENTED_EDGE ( 'NONE', *, *, #2643, .F. ) ;
#3706 = DIRECTION ( 'NONE',  ( 0.8660254037844447028, 0.4999999999999896194, -0.000000000000000000 ) ) ;
#3707 = EDGE_CURVE ( 'NONE', #1092, #1805, #708, .T. ) ;
#3708 = ORIENTED_EDGE ( 'NONE', *, *, #1679, .T. ) ;
#3709 = CARTESIAN_POINT ( 'NONE',  ( -27.44619903340939970, 0.000000000000000000, 19.00000000000000000 ) ) ;
#3710 = DIRECTION ( 'NONE',  ( 2.838638415234776052E-16, -1.000000000000000000, 0.000000000000000000 ) ) ;
#3711 = ORIENTED_EDGE ( 'NONE', *, *, #374, .F. ) ;
#3712 = EDGE_CURVE ( 'NONE', #723, #180, #520, .T. ) ;
#3713 = DIRECTION ( 'NONE',  ( -0.000000000000000000, -0.000000000000000000, 1.000000000000000000 ) ) ;
#3714 = VECTOR ( 'NONE', #2292, 999.9999999999998863 ) ;
#3715 = DIRECTION ( 'NONE',  ( 1.000000000000000000, 0.000000000000000000, 0.000000000000000000 ) ) ;
#3716 = PLANE ( 'NONE',  #3222 ) ;
#3717 = VECTOR ( 'NONE', #3339, 1000.000000000000000 ) ;
#3718 = EDGE_CURVE ( 'NONE', #1896, #3081, #1068, .T. ) ;
#3719 = ORIENTED_EDGE ( 'NONE', *, *, #1100, .T. ) ;
#3720 = ORIENTED_EDGE ( 'NONE', *, *, #3695, .T. ) ;
#3721 = DIRECTION ( 'NONE',  ( -0.000000000000000000, 0.000000000000000000, 1.000000000000000000 ) ) ;
#3722 = ORIENTED_EDGE ( 'NONE', *, *, #2863, .F. ) ;
#3723 = VECTOR ( 'NONE', #3485, 1000.000000000000000 ) ;
#3724 = CARTESIAN_POINT ( 'NONE',  ( 3.205467292565834480E-15, -9.999999999999982236, 0.000000000000000000 ) ) ;
#3725 = ADVANCED_FACE ( 'NONE', ( #2417 ), #1221, .F. ) ;
#3726 = AXIS2_PLACEMENT_3D ( 'NONE', #2980, #3002, #2727 ) ;
#3727 = VERTEX_POINT ( 'NONE', #3585 ) ;
#3728 = ORIENTED_EDGE ( 'NONE', *, *, #319, .F. ) ;
#3729 = VECTOR ( 'NONE', #303, 1000.000000000000000 ) ;
#3730 = DIRECTION ( 'NONE',  ( 1.000000000000000000, 0.000000000000000000, 0.000000000000000000 ) ) ;
#3731 = CARTESIAN_POINT ( 'NONE',  ( -77.58999999999998920, -40.00000000000002842, 10.00000000000000000 ) ) ;
#3732 = EDGE_CURVE ( 'NONE', #1862, #2237, #1884, .T. ) ;
#3733 = EDGE_LOOP ( 'NONE', ( #2746, #3362, #952, #3209 ) ) ;
#3734 = CARTESIAN_POINT ( 'NONE',  ( -45.40000000000003411, 15.39999999999999503, 19.00000000000000000 ) ) ;
#3735 = DIRECTION ( 'NONE',  ( 1.000000000000000000, 3.304235192336775389E-17, 0.000000000000000000 ) ) ;
#3736 = LINE ( 'NONE', #2287, #995 ) ;
#3737 = ORIENTED_EDGE ( 'NONE', *, *, #1951, .F. ) ;
#3738 = ORIENTED_EDGE ( 'NONE', *, *, #99, .T. ) ;
#3739 = EDGE_CURVE ( 'NONE', #3434, #1287, #2998, .T. ) ;
#3740 = FACE_OUTER_BOUND ( 'NONE', #2788, .T. ) ;
#3741 = CARTESIAN_POINT ( 'NONE',  ( -210.0000000000000000, -2.571758278209442213E-14, 19.00000000000000355 ) ) ;
#3742 = ORIENTED_EDGE ( 'NONE', *, *, #2762, .F. ) ;
#3743 = CYLINDRICAL_SURFACE ( 'NONE', #3348, 2.590000000000008740 ) ;
#3744 = ORIENTED_EDGE ( 'NONE', *, *, #3357, .T. ) ;
#3745 = AXIS2_PLACEMENT_3D ( 'NONE', #1518, #1218, #2415 ) ;
#3746 = FACE_OUTER_BOUND ( 'NONE', #3645, .T. ) ;
#3747 = DIRECTION ( 'NONE',  ( 5.036914835416134337E-15, 1.000000000000000000, 0.000000000000000000 ) ) ;
#3748 = CIRCLE ( 'NONE', #2648, 2.590000000000008740 ) ;
#3749 = EDGE_CURVE ( 'NONE', #2448, #2419, #2625, .T. ) ;
#3750 = ORIENTED_EDGE ( 'NONE', *, *, #3516, .T. ) ;
#3751 = FACE_BOUND ( 'NONE', #840, .T. ) ;
#3752 = DIRECTION ( 'NONE',  ( -0.000000000000000000, -0.000000000000000000, -1.000000000000000000 ) ) ;
#3753 = DIRECTION ( 'NONE',  ( -0.000000000000000000, -0.000000000000000000, -1.000000000000000000 ) ) ;
#3754 = VECTOR ( 'NONE', #2151, 1000.000000000000000 ) ;
#3755 = EDGE_CURVE ( 'NONE', #2507, #801, #1258, .T. ) ;
#3756 = CARTESIAN_POINT ( 'NONE',  ( -72.40999999999996817, 40.00000000000000000, 10.00000000000000000 ) ) ;
#3757 = AXIS2_PLACEMENT_3D ( 'NONE', #3269, #377, #659 ) ;
#3758 = EDGE_LOOP ( 'NONE', ( #1953, #1901 ) ) ;
#3759 = CARTESIAN_POINT ( 'NONE',  ( -30.00000000000000000, -40.00000000000001421, 10.00000000000000000 ) ) ;
#3760 = DIRECTION ( 'NONE',  ( -1.000000000000000000, 0.000000000000000000, 0.000000000000000000 ) ) ;
#3761 = CARTESIAN_POINT ( 'NONE',  ( -169.9999999999999716, -2.571758278209442213E-14, 27.50000000000000355 ) ) ;
#3762 = AXIS2_PLACEMENT_3D ( 'NONE', #1738, #583, #1761 ) ;
#3763 = CARTESIAN_POINT ( 'NONE',  ( -1.908195823574487804E-14, 31.03937715335916181, 19.00000000000000000 ) ) ;
#3764 = ORIENTED_EDGE ( 'NONE', *, *, #1230, .T. ) ;
#3765 = CARTESIAN_POINT ( 'NONE',  ( -164.9999999999999716, 40.00000000000000000, 10.00000000000000000 ) ) ;
#3766 = CARTESIAN_POINT ( 'NONE',  ( -228.8249999999999886, -2.341218518269952855E-14, 17.00000000000000000 ) ) ;
#3767 = DIRECTION ( 'NONE',  ( -0.000000000000000000, -0.000000000000000000, -1.000000000000000000 ) ) ;
#3768 = VERTEX_POINT ( 'NONE', #3504 ) ;
#3769 = PLANE ( 'NONE',  #421 ) ;
#3770 = FACE_OUTER_BOUND ( 'NONE', #3528, .T. ) ;
#3771 = DIRECTION ( 'NONE',  ( -0.000000000000000000, -0.000000000000000000, -1.000000000000000000 ) ) ;
#3772 = CARTESIAN_POINT ( 'NONE',  ( -13.44044456622760464, 23.27953286501950814, 19.00000000000000000 ) ) ;
#3773 = ORIENTED_EDGE ( 'NONE', *, *, #1679, .F. ) ;
#3774 = AXIS2_PLACEMENT_3D ( 'NONE', #822, #2008, #2814 ) ;
#3775 = VERTEX_POINT ( 'NONE', #2640 ) ;
#3776 = FACE_OUTER_BOUND ( 'NONE', #2529, .T. ) ;
#3777 = DIRECTION ( 'NONE',  ( -0.000000000000000000, -0.000000000000000000, 1.000000000000000000 ) ) ;
#3778 = AXIS2_PLACEMENT_3D ( 'NONE', #3449, #189, #1360 ) ;
#3779 = DIRECTION ( 'NONE',  ( -0.000000000000000000, -0.000000000000000000, -1.000000000000000000 ) ) ;
#3780 = ORIENTED_EDGE ( 'NONE', *, *, #2530, .F. ) ;
#3781 = CYLINDRICAL_SURFACE ( 'NONE', #2610, 2.589999999999981206 ) ;
#3782 = AXIS2_PLACEMENT_3D ( 'NONE', #302, #895, #2084 ) ;
#3783 = DIRECTION ( 'NONE',  ( -0.000000000000000000, -0.000000000000000000, 1.000000000000000000 ) ) ;
#3784 = CIRCLE ( 'NONE', #452, 2.590000000000008740 ) ;
#3785 = CIRCLE ( 'NONE', #1755, 2.589999999999981206 ) ;
#3786 = LINE ( 'NONE', #3208, #2186 ) ;
#3787 = CARTESIAN_POINT ( 'NONE',  ( 0.000000000000000000, 0.000000000000000000, 17.00000000000000000 ) ) ;
#3788 =( GEOMETRIC_REPRESENTATION_CONTEXT ( 3 ) GLOBAL_UNCERTAINTY_ASSIGNED_CONTEXT ( ( #986 ) ) GLOBAL_UNIT_ASSIGNED_CONTEXT ( ( #649, #2571, #2609 ) ) REPRESENTATION_CONTEXT ( 'NONE', 'WORKASPACE' ) );
#3789 = ORIENTED_EDGE ( 'NONE', *, *, #3241, .F. ) ;
#3790 = DIRECTION ( 'NONE',  ( 0.000000000000000000, 0.000000000000000000, 1.000000000000000000 ) ) ;
#3791 = ADVANCED_FACE ( 'NONE', ( #854 ), #2380, .T. ) ;
#3792 = FACE_OUTER_BOUND ( 'NONE', #2699, .T. ) ;
#3793 = CARTESIAN_POINT ( 'NONE',  ( -120.0000000000000000, -40.00000000000002842, 10.00000000000000000 ) ) ;
#3794 = VERTEX_POINT ( 'NONE', #2065 ) ;
#3795 = CARTESIAN_POINT ( 'NONE',  ( -188.8999999999999773, -2.313357803589350672E-14, 8.000000000000000000 ) ) ;
#3796 = CYLINDRICAL_SURFACE ( 'NONE', #1464, 2.590000000000008740 ) ;
#3797 = DIRECTION ( 'NONE',  ( 1.000000000000000000, 0.000000000000000000, 0.000000000000000000 ) ) ;
#3798 = DIRECTION ( 'NONE',  ( -0.000000000000000000, 0.000000000000000000, 1.000000000000000000 ) ) ;
#3799 = EDGE_LOOP ( 'NONE', ( #728, #1460 ) ) ;
#3800 = CYLINDRICAL_SURFACE ( 'NONE', #3406, 40.00000000000000711 ) ;
#3801 = ORIENTED_EDGE ( 'NONE', *, *, #1247, .T. ) ;
#3802 = DIRECTION ( 'NONE',  ( 0.000000000000000000, 0.000000000000000000, -1.000000000000000000 ) ) ;
#3803 = FACE_OUTER_BOUND ( 'NONE', #821, .T. ) ;
#3804 = EDGE_CURVE ( 'NONE', #918, #2262, #3237, .T. ) ;
#3805 = PLANE ( 'NONE',  #3762 ) ;
#3806 = CARTESIAN_POINT ( 'NONE',  ( -47.00000000000000000, -15.40000000000000568, 19.00000000000000000 ) ) ;
#3807 = EDGE_CURVE ( 'NONE', #1418, #2409, #1831, .T. ) ;
#3808 = LINE ( 'NONE', #294, #3561 ) ;
#3809 = VERTEX_POINT ( 'NONE', #1539 ) ;
#3810 = CARTESIAN_POINT ( 'NONE',  ( -33.01968857667952761, 3.430000000000338556, 19.00000000000000000 ) ) ;
#3811 = DIRECTION ( 'NONE',  ( -1.000000000000000000, 0.000000000000000000, 0.000000000000000000 ) ) ;
#3812 = CARTESIAN_POINT ( 'NONE',  ( -120.0000000000000000, 40.00000000000000000, 8.000000000000000000 ) ) ;
ENDSEC;
END-ISO-10303-21;
