ISO-10303-21;
HEADER;
FILE_DESCRIPTION (( 'STEP AP214' ),
    '1' );
FILE_NAME ('Servo Holder.STEP',
    '2026-08-27T22:10:01',
    ( '' ),
    ( '' ),
    'SwSTEP 2.0',
    'SolidWorks 2026',
    '' );
FILE_SCHEMA (( 'AUTOMOTIVE_DESIGN' ));
ENDSEC;

DATA;
#1 = ORIENTED_EDGE ( 'NONE', *, *, #134, .F. ) ;
#2 = LINE ( 'NONE', #1059, #1011 ) ;
#3 = DIRECTION ( 'NONE',  ( 0.000000000000000000, 1.000000000000000000, 9.637352644315595243E-17 ) ) ;
#4 = VECTOR ( 'NONE', #529, 1000.000000000000000 ) ;
#5 = CIRCLE ( 'NONE', #1884, 1.600000000000000755 ) ;
#6 = ORIENTED_EDGE ( 'NONE', *, *, #1904, .T. ) ;
#7 = DIRECTION ( 'NONE',  ( 0.000000000000000000, 0.000000000000000000, -1.000000000000000000 ) ) ;
#8 = ORIENTED_EDGE ( 'NONE', *, *, #466, .F. ) ;
#9 = VECTOR ( 'NONE', #359, 1000.000000000000000 ) ;
#10 = VECTOR ( 'NONE', #531, 1000.000000000000000 ) ;
#11 = ORIENTED_EDGE ( 'NONE', *, *, #1411, .F. ) ;
#12 = DIRECTION ( 'NONE',  ( 0.000000000000000000, 0.000000000000000000, 1.000000000000000000 ) ) ;
#13 = CARTESIAN_POINT ( 'NONE',  ( -22.00000000000000355, 15.00000000000000000, -31.75000000000000000 ) ) ;
#14 = VERTEX_POINT ( 'NONE', #935 ) ;
#15 = CARTESIAN_POINT ( 'NONE',  ( -10.50000000000000711, 4.999999999999999112, 29.50000000000000000 ) ) ;
#16 = CARTESIAN_POINT ( 'NONE',  ( 21.99999999999999645, 14.99999999999999822, -31.75000000000000000 ) ) ;
#17 = EDGE_CURVE ( 'NONE', #818, #532, #425, .T. ) ;
#18 = VERTEX_POINT ( 'NONE', #804 ) ;
#19 = CYLINDRICAL_SURFACE ( 'NONE', #1359, 1.600000000000000755 ) ;
#20 = ORIENTED_EDGE ( 'NONE', *, *, #889, .F. ) ;
#21 = DIRECTION ( 'NONE',  ( 0.000000000000000000, 0.000000000000000000, -1.000000000000000000 ) ) ;
#22 = CARTESIAN_POINT ( 'NONE',  ( 0.000000000000000000, 0.000000000000000000, 0.000000000000000000 ) ) ;
#23 = ORIENTED_EDGE ( 'NONE', *, *, #1439, .F. ) ;
#24 = DIRECTION ( 'NONE',  ( -1.000000000000000000, 0.000000000000000000, 0.000000000000000000 ) ) ;
#25 = DIRECTION ( 'NONE',  ( -0.000000000000000000, -1.000000000000000000, -0.000000000000000000 ) ) ;
#26 = ORIENTED_EDGE ( 'NONE', *, *, #1130, .F. ) ;
#27 = EDGE_CURVE ( 'NONE', #1637, #937, #643, .T. ) ;
#28 = DIRECTION ( 'NONE',  ( -1.000000000000000000, 0.000000000000000000, 0.000000000000000000 ) ) ;
#29 = ORIENTED_EDGE ( 'NONE', *, *, #1122, .F. ) ;
#30 = ORIENTED_EDGE ( 'NONE', *, *, #783, .T. ) ;
#31 = CARTESIAN_POINT ( 'NONE',  ( -20.09999999999999787, 11.49999999999999822, 36.25099999999999767 ) ) ;
#32 = VECTOR ( 'NONE', #1544, 1000.000000000000000 ) ;
#33 = FACE_OUTER_BOUND ( 'NONE', #424, .T. ) ;
#34 = CIRCLE ( 'NONE', #1105, 1.599999999999997202 ) ;
#35 = ORIENTED_EDGE ( 'NONE', *, *, #631, .F. ) ;
#36 = DIRECTION ( 'NONE',  ( -0.000000000000000000, -0.000000000000000000, -1.000000000000000000 ) ) ;
#37 = EDGE_LOOP ( 'NONE', ( #1209, #1559, #249, #1426 ) ) ;
#38 = VECTOR ( 'NONE', #1434, 1000.000000000000000 ) ;
#39 = VERTEX_POINT ( 'NONE', #1371 ) ;
#40 = VECTOR ( 'NONE', #435, 1000.000000000000000 ) ;
#41 = EDGE_CURVE ( 'NONE', #1773, #1624, #72, .T. ) ;
#42 = AXIS2_PLACEMENT_3D ( 'NONE', #205, #1392, #1244 ) ;
#43 = DIRECTION ( 'NONE',  ( -0.000000000000000000, 1.000000000000000000, -0.000000000000000000 ) ) ;
#44 = ADVANCED_FACE ( 'NONE', ( #1082, #1673, #1252 ), #653, .F. ) ;
#45 = CARTESIAN_POINT ( 'NONE',  ( -15.00000000000000355, 10.00000000000000178, 33.74999999999999289 ) ) ;
#46 = DIRECTION ( 'NONE',  ( 0.000000000000000000, 1.000000000000000000, 0.000000000000000000 ) ) ;
#47 = LINE ( 'NONE', #624, #1449 ) ;
#48 = ORIENTED_EDGE ( 'NONE', *, *, #673, .F. ) ;
#49 = ORIENTED_EDGE ( 'NONE', *, *, #165, .T. ) ;
#50 = DIRECTION ( 'NONE',  ( 0.000000000000000000, 0.000000000000000000, -1.000000000000000000 ) ) ;
#51 = CARTESIAN_POINT ( 'NONE',  ( 9.999999999999996447, 4.999999999999999112, 29.50000000000000000 ) ) ;
#52 = CARTESIAN_POINT ( 'NONE',  ( -4.999999999999997335, 15.00099999999999945, -13.40000000000000036 ) ) ;
#53 = ADVANCED_FACE ( 'NONE', ( #347 ), #1380, .F. ) ;
#54 = CYLINDRICAL_SURFACE ( 'NONE', #152, 1.600000000000000755 ) ;
#55 = CARTESIAN_POINT ( 'NONE',  ( 9.499999999999996447, 0.000000000000000000, -29.94999999999999574 ) ) ;
#56 = VERTEX_POINT ( 'NONE', #376 ) ;
#57 = EDGE_CURVE ( 'NONE', #169, #727, #1384, .T. ) ;
#58 = ORIENTED_EDGE ( 'NONE', *, *, #1309, .T. ) ;
#59 = DIRECTION ( 'NONE',  ( 1.000000000000000000, 0.000000000000000000, 1.156482317317871478E-16 ) ) ;
#60 = UNCERTAINTY_MEASURE_WITH_UNIT (LENGTH_MEASURE( 1.000000000000000082E-05 ), #1327, 'distance_accuracy_value', 'NONE');
#61 = DIRECTION ( 'NONE',  ( -0.000000000000000000, -0.000000000000000000, -1.000000000000000000 ) ) ;
#62 = FACE_BOUND ( 'NONE', #1761, .T. ) ;
#63 = CARTESIAN_POINT ( 'NONE',  ( 0.000000000000000000, 8.000000000000000000, 27.24999999999999289 ) ) ;
#64 = DIRECTION ( 'NONE',  ( -0.000000000000000000, -1.000000000000000000, 2.668805347656625692E-16 ) ) ;
#65 = ORIENTED_EDGE ( 'NONE', *, *, #1515, .T. ) ;
#66 = AXIS2_PLACEMENT_3D ( 'NONE', #1658, #1813, #486 ) ;
#67 = VERTEX_POINT ( 'NONE', #1828 ) ;
#68 = CARTESIAN_POINT ( 'NONE',  ( -15.00000000000000355, 10.00000000000000000, 27.24999999999999289 ) ) ;
#69 = VECTOR ( 'NONE', #650, 1000.000000000000000 ) ;
#70 = CARTESIAN_POINT ( 'NONE',  ( 14.99999999999999645, 10.00000000000000000, 27.24999999999999289 ) ) ;
#71 = DIRECTION ( 'NONE',  ( 0.000000000000000000, 0.000000000000000000, -1.000000000000000000 ) ) ;
#72 = LINE ( 'NONE', #633, #728 ) ;
#73 = LINE ( 'NONE', #1829, #1670 ) ;
#74 = EDGE_CURVE ( 'NONE', #1576, #1496, #1090, .T. ) ;
#75 = EDGE_LOOP ( 'NONE', ( #924, #904 ) ) ;
#76 = ORIENTED_EDGE ( 'NONE', *, *, #74, .F. ) ;
#77 = DIRECTION ( 'NONE',  ( 0.000000000000000000, 0.000000000000000000, -1.000000000000000000 ) ) ;
#78 = EDGE_CURVE ( 'NONE', #1206, #748, #977, .T. ) ;
#79 = FACE_OUTER_BOUND ( 'NONE', #1840, .T. ) ;
#80 = LINE ( 'NONE', #927, #1007 ) ;
#81 = ORIENTED_EDGE ( 'NONE', *, *, #582, .F. ) ;
#82 = LINE ( 'NONE', #1547, #399 ) ;
#83 = CARTESIAN_POINT ( 'NONE',  ( -10.50000000000000711, 8.000000000000000000, 27.24999999999999289 ) ) ;
#84 = ADVANCED_FACE ( 'NONE', ( #784 ), #959, .F. ) ;
#85 = ORIENTED_EDGE ( 'NONE', *, *, #1733, .T. ) ;
#86 = ORIENTED_EDGE ( 'NONE', *, *, #986, .T. ) ;
#87 = CYLINDRICAL_SURFACE ( 'NONE', #1575, 1.600000000000000755 ) ;
#88 = CARTESIAN_POINT ( 'NONE',  ( -18.49999999999999645, 11.49999999999999822, -36.25000000000000000 ) ) ;
#89 = CARTESIAN_POINT ( 'NONE',  ( -15.00000000000000355, 13.99999999999999822, 21.75000000000000355 ) ) ;
#90 = CARTESIAN_POINT ( 'NONE',  ( -15.00000000000000178, 15.00000000000000000, -31.75000000000000000 ) ) ;
#91 = ORIENTED_EDGE ( 'NONE', *, *, #1159, .F. ) ;
#92 = EDGE_LOOP ( 'NONE', ( #1862, #599, #35, #1889, #363, #481, #606, #1227 ) ) ;
#93 = EDGE_CURVE ( 'NONE', #1797, #1310, #1846, .T. ) ;
#94 = AXIS2_PLACEMENT_3D ( 'NONE', #722, #448, #867 ) ;
#95 = DIRECTION ( 'NONE',  ( -1.000000000000000000, 0.000000000000000000, -0.000000000000000000 ) ) ;
#96 = VECTOR ( 'NONE', #988, 1000.000000000000000 ) ;
#97 = ADVANCED_FACE ( 'NONE', ( #1098 ), #54, .F. ) ;
#98 = ADVANCED_FACE ( 'NONE', ( #1661 ), #947, .F. ) ;
#99 = LINE ( 'NONE', #266, #190 ) ;
#100 = AXIS2_PLACEMENT_3D ( 'NONE', #423, #1009, #1257 ) ;
#101 = CARTESIAN_POINT ( 'NONE',  ( -16.89999999999999503, 11.49999999999999822, -31.75000000000000711 ) ) ;
#102 = CIRCLE ( 'NONE', #735, 2.999999999999992450 ) ;
#103 = FACE_OUTER_BOUND ( 'NONE', #189, .T. ) ;
#104 = CARTESIAN_POINT ( 'NONE',  ( -9.500000000000000000, 15.00000000000000000, -31.54999999999999361 ) ) ;
#105 = VERTEX_POINT ( 'NONE', #774 ) ;
#106 = ORIENTED_EDGE ( 'NONE', *, *, #838, .F. ) ;
#107 = CARTESIAN_POINT ( 'NONE',  ( 14.99999999999999645, 15.00000000000000000, 16.24999999999999645 ) ) ;
#108 = AXIS2_PLACEMENT_3D ( 'NONE', #89, #1213, #956 ) ;
#109 = EDGE_CURVE ( 'NONE', #618, #1606, #82, .T. ) ;
#110 = CYLINDRICAL_SURFACE ( 'NONE', #1447, 1.599999999999997202 ) ;
#111 = CARTESIAN_POINT ( 'NONE',  ( -15.00000000000000355, 4.999999999999999112, 36.25000000000000000 ) ) ;
#112 = ADVANCED_FACE ( 'NONE', ( #662, #1110, #1816 ), #976, .F. ) ;
#113 = DIRECTION ( 'NONE',  ( 0.000000000000000000, -0.000000000000000000, -1.000000000000000000 ) ) ;
#114 = LINE ( 'NONE', #412, #1084 ) ;
#115 = ORIENTED_EDGE ( 'NONE', *, *, #726, .F. ) ;
#116 = VERTEX_POINT ( 'NONE', #1153 ) ;
#117 = DIRECTION ( 'NONE',  ( 0.000000000000000000, 0.000000000000000000, -1.000000000000000000 ) ) ;
#118 = DIRECTION ( 'NONE',  ( 0.000000000000000000, 0.000000000000000000, -1.000000000000000000 ) ) ;
#119 = CARTESIAN_POINT ( 'NONE',  ( 9.499999999999996447, 9.999999999999998224, 28.64999999999999503 ) ) ;
#120 = DIRECTION ( 'NONE',  ( 0.000000000000000000, 0.000000000000000000, 1.000000000000000000 ) ) ;
#121 = ORIENTED_EDGE ( 'NONE', *, *, #1664, .F. ) ;
#122 = LINE ( 'NONE', #1296, #1265 ) ;
#123 = DIRECTION ( 'NONE',  ( 1.269309860470834477E-16, 0.000000000000000000, -1.000000000000000000 ) ) ;
#124 = VECTOR ( 'NONE', #1586, 1000.000000000000000 ) ;
#125 = VECTOR ( 'NONE', #534, 1000.000000000000000 ) ;
#126 = ADVANCED_FACE ( 'NONE', ( #411, #1275, #1266 ), #1287, .F. ) ;
#127 = DIRECTION ( 'NONE',  ( 0.000000000000000000, 0.000000000000000000, -1.000000000000000000 ) ) ;
#128 = CARTESIAN_POINT ( 'NONE',  ( 9.499999999999996447, -0.0009999999999992653654, -33.14999999999999147 ) ) ;
#129 = CIRCLE ( 'NONE', #856, 1.600000000000000755 ) ;
#130 = ORIENTED_EDGE ( 'NONE', *, *, #1344, .F. ) ;
#131 = VERTEX_POINT ( 'NONE', #1430 ) ;
#132 = EDGE_LOOP ( 'NONE', ( #236, #1043 ) ) ;
#133 = CARTESIAN_POINT ( 'NONE',  ( -4.999999999999997335, 5.999999999999998224, -15.00000000000000355 ) ) ;
#134 = EDGE_CURVE ( 'NONE', #169, #1336, #1867, .T. ) ;
#135 = VERTEX_POINT ( 'NONE', #1137 ) ;
#136 = LINE ( 'NONE', #469, #549 ) ;
#137 = CARTESIAN_POINT ( 'NONE',  ( -9.500000000000001776, 9.999999999999998224, 30.24999999999999645 ) ) ;
#138 = ADVANCED_FACE ( 'NONE', ( #1420 ), #538, .F. ) ;
#139 = EDGE_LOOP ( 'NONE', ( #422, #752, #589, #786 ) ) ;
#140 = LINE ( 'NONE', #1616, #255 ) ;
#141 = ORIENTED_EDGE ( 'NONE', *, *, #1890, .F. ) ;
#142 = CARTESIAN_POINT ( 'NONE',  ( -15.00000000000000178, 8.000000000000000000, -36.25000000000000000 ) ) ;
#143 = EDGE_LOOP ( 'NONE', ( #1178, #1341 ) ) ;
#144 = DIRECTION ( 'NONE',  ( 0.000000000000000000, 0.000000000000000000, -1.000000000000000000 ) ) ;
#145 = LINE ( 'NONE', #1316, #1104 ) ;
#146 = EDGE_LOOP ( 'NONE', ( #922, #1027, #65, #58, #764, #906, #895, #874 ) ) ;
#147 = DIRECTION ( 'NONE',  ( 0.000000000000000000, 0.000000000000000000, 1.000000000000000000 ) ) ;
#148 = EDGE_LOOP ( 'NONE', ( #1254, #657, #1180, #1633, #1603, #380, #898, #1646, #1560, #1053, #1, #303, #1665, #1488, #8, #1030, #81, #272, #1290, #49, #858, #374 ) ) ;
#149 = AXIS2_PLACEMENT_3D ( 'NONE', #681, #1273, #537 ) ;
#150 = DIRECTION ( 'NONE',  ( 0.000000000000000000, 0.000000000000000000, -1.000000000000000000 ) ) ;
#151 = EDGE_CURVE ( 'NONE', #748, #324, #941, .T. ) ;
#152 = AXIS2_PLACEMENT_3D ( 'NONE', #1689, #518, #364 ) ;
#153 = ORIENTED_EDGE ( 'NONE', *, *, #943, .T. ) ;
#154 = CARTESIAN_POINT ( 'NONE',  ( -15.00000000000000355, 13.99999999999999822, -24.24999999999999645 ) ) ;
#155 = AXIS2_PLACEMENT_3D ( 'NONE', #1642, #1613, #144 ) ;
#156 = DIRECTION ( 'NONE',  ( 1.000000000000000000, -0.000000000000000000, 0.000000000000000000 ) ) ;
#157 = CIRCLE ( 'NONE', #1387, 1.599999999999997202 ) ;
#158 = ORIENTED_EDGE ( 'NONE', *, *, #921, .F. ) ;
#159 = LINE ( 'NONE', #338, #1790 ) ;
#160 = AXIS2_PLACEMENT_3D ( 'NONE', #1179, #480, #1507 ) ;
#161 = VECTOR ( 'NONE', #671, 1000.000000000000000 ) ;
#162 = ORIENTED_EDGE ( 'NONE', *, *, #1515, .F. ) ;
#163 = CARTESIAN_POINT ( 'NONE',  ( -18.49999999999999645, 11.49999999999999822, 36.25099999999999767 ) ) ;
#164 =( NAMED_UNIT ( * ) PLANE_ANGLE_UNIT ( ) SI_UNIT ( $, .RADIAN. ) );
#165 = EDGE_CURVE ( 'NONE', #1606, #1206, #454, .T. ) ;
#166 = ORIENTED_EDGE ( 'NONE', *, *, #321, .F. ) ;
#167 = DIRECTION ( 'NONE',  ( -1.269309860470834724E-16, -9.637352644315595243E-17, 1.000000000000000000 ) ) ;
#168 = FACE_OUTER_BOUND ( 'NONE', #1162, .T. ) ;
#169 = VERTEX_POINT ( 'NONE', #1886 ) ;
#170 = CARTESIAN_POINT ( 'NONE',  ( -15.00000000000000355, 13.99999999999999822, -24.24999999999999645 ) ) ;
#171 = VERTEX_POINT ( 'NONE', #842 ) ;
#172 = ORIENTED_EDGE ( 'NONE', *, *, #710, .F. ) ;
#173 = CARTESIAN_POINT ( 'NONE',  ( -22.00000000000000355, 15.00000000000000000, -36.25000000000000000 ) ) ;
#174 = LINE ( 'NONE', #1754, #400 ) ;
#175 = ORIENTED_EDGE ( 'NONE', *, *, #1411, .T. ) ;
#176 = DIRECTION ( 'NONE',  ( -0.000000000000000000, -1.000000000000000000, -0.000000000000000000 ) ) ;
#177 = EDGE_LOOP ( 'NONE', ( #1769, #1714, #294, #521 ) ) ;
#178 = ADVANCED_FACE ( 'NONE', ( #103 ), #1588, .T. ) ;
#179 = VERTEX_POINT ( 'NONE', #682 ) ;
#180 = LINE ( 'NONE', #476, #523 ) ;
#181 = VECTOR ( 'NONE', #123, 1000.000000000000000 ) ;
#182 = MECHANICAL_DESIGN_GEOMETRIC_PRESENTATION_REPRESENTATION (  '', ( #1476 ), #940 ) ;
#183 = DIRECTION ( 'NONE',  ( 0.000000000000000000, 0.000000000000000000, -1.000000000000000000 ) ) ;
#184 = SURFACE_STYLE_FILL_AREA ( #459 ) ;
#185 = AXIS2_PLACEMENT_3D ( 'NONE', #794, #501, #204 ) ;
#186 = EDGE_CURVE ( 'NONE', #1156, #776, #365, .T. ) ;
#187 = VERTEX_POINT ( 'NONE', #563 ) ;
#188 = CARTESIAN_POINT ( 'NONE',  ( 9.499999999999996447, 15.00000000000000000, 30.24999999999999645 ) ) ;
#189 = EDGE_LOOP ( 'NONE', ( #172, #1448, #23, #1723, #909, #1247, #428, #1255 ) ) ;
#190 = VECTOR ( 'NONE', #230, 1000.000000000000000 ) ;
#191 = VERTEX_POINT ( 'NONE', #707 ) ;
#192 = AXIS2_PLACEMENT_3D ( 'NONE', #137, #539, #1720 ) ;
#193 = CARTESIAN_POINT ( 'NONE',  ( 9.499999999999996447, 15.00000000000000000, -31.54999999999999361 ) ) ;
#194 = DIRECTION ( 'NONE',  ( 0.000000000000000000, 1.000000000000000000, 0.000000000000000000 ) ) ;
#195 = LINE ( 'NONE', #1843, #1133 ) ;
#196 = DIRECTION ( 'NONE',  ( -1.000000000000000000, 0.000000000000000000, 0.000000000000000000 ) ) ;
#197 = EDGE_CURVE ( 'NONE', #665, #1773, #34, .T. ) ;
#198 = CARTESIAN_POINT ( 'NONE',  ( 14.99999999999999645, 4.999999999999999112, 36.25000000000000000 ) ) ;
#199 = VERTEX_POINT ( 'NONE', #119 ) ;
#200 = ORIENTED_EDGE ( 'NONE', *, *, #783, .F. ) ;
#201 = DIRECTION ( 'NONE',  ( -0.000000000000000000, 2.668805347656625692E-16, 1.000000000000000000 ) ) ;
#202 = CARTESIAN_POINT ( 'NONE',  ( 18.49999999999999645, 11.49999999999999645, -31.75000000000000711 ) ) ;
#203 = CARTESIAN_POINT ( 'NONE',  ( -22.00000000000000355, 15.00000000000000000, -31.75000000000000000 ) ) ;
#204 = DIRECTION ( 'NONE',  ( 0.000000000000000000, 0.000000000000000000, 1.000000000000000000 ) ) ;
#205 = CARTESIAN_POINT ( 'NONE',  ( -10.50000000000000711, 8.000000000000000000, 29.50000000000000000 ) ) ;
#206 = EDGE_LOOP ( 'NONE', ( #76, #1295, #289, #20, #1776, #1591, #295, #505, #162, #153, #1037, #1044, #627, #992, #141, #756, #872, #787, #130, #1268, #1499, #351 ) ) ;
#207 = EDGE_LOOP ( 'NONE', ( #1899, #474, #414, #1149 ) ) ;
#208 = LINE ( 'NONE', #1794, #763 ) ;
#209 = CARTESIAN_POINT ( 'NONE',  ( -15.00000000000000178, 5.999999999999998224, 16.24999999999999289 ) ) ;
#210 = FACE_BOUND ( 'NONE', #1225, .T. ) ;
#211 = DIRECTION ( 'NONE',  ( 1.000000000000000000, -0.000000000000000000, -0.000000000000000000 ) ) ;
#212 = LINE ( 'NONE', #1860, #10 ) ;
#213 = VECTOR ( 'NONE', #1212, 1000.000000000000000 ) ;
#214 = ORIENTED_EDGE ( 'NONE', *, *, #1555, .F. ) ;
#215 = EDGE_CURVE ( 'NONE', #1707, #169, #670, .T. ) ;
#216 = AXIS2_PLACEMENT_3D ( 'NONE', #163, #1160, #1181 ) ;
#217 = AXIS2_PLACEMENT_3D ( 'NONE', #1351, #36, #28 ) ;
#218 = ORIENTED_EDGE ( 'NONE', *, *, #1564, .F. ) ;
#219 = DIRECTION ( 'NONE',  ( 1.000000000000000000, 0.000000000000000000, 1.156482317317871478E-16 ) ) ;
#220 = AXIS2_PLACEMENT_3D ( 'NONE', #1406, #77, #95 ) ;
#221 = CARTESIAN_POINT ( 'NONE',  ( 14.99999999999999645, 15.00000000000000000, -31.75000000000000000 ) ) ;
#222 = DIRECTION ( 'NONE',  ( 9.912705577010328508E-16, -1.000000000000000000, 0.000000000000000000 ) ) ;
#223 = ORIENTED_EDGE ( 'NONE', *, *, #1461, .T. ) ;
#224 = EDGE_CURVE ( 'NONE', #677, #1567, #1511, .T. ) ;
#225 = DIRECTION ( 'NONE',  ( -1.000000000000000000, 0.000000000000000000, 0.000000000000000000 ) ) ;
#226 = DIRECTION ( 'NONE',  ( 1.000000000000000000, 0.000000000000000000, 0.000000000000000000 ) ) ;
#227 = EDGE_LOOP ( 'NONE', ( #246, #1530, #1100, #325 ) ) ;
#228 = ORIENTED_EDGE ( 'NONE', *, *, #923, .F. ) ;
#229 = LINE ( 'NONE', #240, #1014 ) ;
#230 = DIRECTION ( 'NONE',  ( -0.000000000000000000, -0.000000000000000000, 1.000000000000000000 ) ) ;
#231 = DIRECTION ( 'NONE',  ( 1.000000000000000000, 0.000000000000000000, 0.000000000000000000 ) ) ;
#232 = ORIENTED_EDGE ( 'NONE', *, *, #711, .T. ) ;
#233 = CARTESIAN_POINT ( 'NONE',  ( -9.500000000000001776, 15.00000000000000000, 30.24999999999999645 ) ) ;
#234 = CARTESIAN_POINT ( 'NONE',  ( -10.50000000000000178, 5.999999999999998224, -11.50000000000000355 ) ) ;
#235 = EDGE_CURVE ( 'NONE', #517, #131, #1859, .T. ) ;
#236 = ORIENTED_EDGE ( 'NONE', *, *, #1259, .F. ) ;
#237 = PRODUCT_DEFINITION ( 'General', '', #1600, #629 ) ;
#238 = EDGE_CURVE ( 'NONE', #1350, #116, #672, .T. ) ;
#239 = EDGE_LOOP ( 'NONE', ( #649, #1101 ) ) ;
#240 = CARTESIAN_POINT ( 'NONE',  ( 5.000000000000002665, 15.00099999999999945, -13.40000000000000036 ) ) ;
#241 = AXIS2_PLACEMENT_3D ( 'NONE', #782, #1379, #222 ) ;
#242 = DIRECTION ( 'NONE',  ( 0.000000000000000000, 0.000000000000000000, -1.000000000000000000 ) ) ;
#243 = CARTESIAN_POINT ( 'NONE',  ( -10.50000000000000711, 8.000000000000000000, 16.24999999999999645 ) ) ;
#244 = LINE ( 'NONE', #822, #759 ) ;
#245 = LINE ( 'NONE', #449, #587 ) ;
#246 = ORIENTED_EDGE ( 'NONE', *, *, #771, .F. ) ;
#247 = AXIS2_PLACEMENT_3D ( 'NONE', #233, #46, #813 ) ;
#248 = EDGE_CURVE ( 'NONE', #1366, #709, #1874, .T. ) ;
#249 = ORIENTED_EDGE ( 'NONE', *, *, #851, .T. ) ;
#250 = VECTOR ( 'NONE', #24, 1000.000000000000000 ) ;
#251 = PLANE ( 'NONE',  #220 ) ;
#252 = CIRCLE ( 'NONE', #493, 1.599999999999997202 ) ;
#253 = EDGE_CURVE ( 'NONE', #452, #1022, #244, .T. ) ;
#254 = CARTESIAN_POINT ( 'NONE',  ( 22.00000000000000355, 7.999999999999996447, -36.25000000000000000 ) ) ;
#255 = VECTOR ( 'NONE', #1166, 1000.000000000000000 ) ;
#256 = PLANE ( 'NONE',  #974 ) ;
#257 = VECTOR ( 'NONE', #1006, 1000.000000000000000 ) ;
#258 = DIRECTION ( 'NONE',  ( -1.000000000000000000, 0.000000000000000000, -4.231032868236114925E-17 ) ) ;
#259 = CYLINDRICAL_SURFACE ( 'NONE', #1858, 1.600000000000000755 ) ;
#260 = ORIENTED_EDGE ( 'NONE', *, *, #475, .F. ) ;
#261 = CARTESIAN_POINT ( 'NONE',  ( -15.00000000000000178, 5.999999999999998224, -18.75000000000000711 ) ) ;
#262 = DIRECTION ( 'NONE',  ( -8.807606452990409974E-32, -1.000000000000000000, 6.938893903907228378E-16 ) ) ;
#263 = CARTESIAN_POINT ( 'NONE',  ( -15.00000000000000178, 13.99999999999999822, -24.24999999999999645 ) ) ;
#264 = LINE ( 'NONE', #968, #1763 ) ;
#265 = VERTEX_POINT ( 'NONE', #1330 ) ;
#266 = CARTESIAN_POINT ( 'NONE',  ( -15.00000000000000178, 15.00000000000000000, 36.25000000000000000 ) ) ;
#267 = LINE ( 'NONE', #1571, #490 ) ;
#268 = DIRECTION ( 'NONE',  ( 0.000000000000000000, 0.000000000000000000, -1.000000000000000000 ) ) ;
#269 = DIRECTION ( 'NONE',  ( 0.000000000000000000, 0.000000000000000000, -1.000000000000000000 ) ) ;
#270 = ORIENTED_EDGE ( 'NONE', *, *, #375, .T. ) ;
#271 = ORIENTED_EDGE ( 'NONE', *, *, #78, .F. ) ;
#272 = ORIENTED_EDGE ( 'NONE', *, *, #1815, .T. ) ;
#273 = ADVANCED_FACE ( 'NONE', ( #573 ), #733, .F. ) ;
#274 = VECTOR ( 'NONE', #1299, 1000.000000000000000 ) ;
#275 = CARTESIAN_POINT ( 'NONE',  ( -20.09999999999999787, 11.49999999999999822, -36.25000000000000000 ) ) ;
#276 = CARTESIAN_POINT ( 'NONE',  ( 14.99999999999999645, 15.00000000000000000, 33.74999999999999289 ) ) ;
#277 = VECTOR ( 'NONE', #1397, 1000.000000000000000 ) ;
#278 = VERTEX_POINT ( 'NONE', #893 ) ;
#279 = AXIS2_PLACEMENT_3D ( 'NONE', #170, #1786, #1489 ) ;
#280 = DIRECTION ( 'NONE',  ( 0.000000000000000000, 0.000000000000000000, -1.000000000000000000 ) ) ;
#281 = DIRECTION ( 'NONE',  ( 1.000000000000000000, -0.000000000000000000, -0.000000000000000000 ) ) ;
#282 = EDGE_CURVE ( 'NONE', #278, #479, #136, .T. ) ;
#283 = CIRCLE ( 'NONE', #464, 1.600000000000000755 ) ;
#284 = VERTEX_POINT ( 'NONE', #612 ) ;
#285 = LINE ( 'NONE', #1852, #1543 ) ;
#286 = ORIENTED_EDGE ( 'NONE', *, *, #1262, .T. ) ;
#287 = DIRECTION ( 'NONE',  ( -0.000000000000000000, -1.000000000000000000, 2.668805347656625692E-16 ) ) ;
#288 = PRODUCT_CONTEXT ( 'NONE', #1260, 'mechanical' ) ;
#289 = ORIENTED_EDGE ( 'NONE', *, *, #1103, .F. ) ;
#290 = CARTESIAN_POINT ( 'NONE',  ( 18.49999999999999645, 11.49999999999999645, -36.25000000000000000 ) ) ;
#291 = DIRECTION ( 'NONE',  ( 0.000000000000000000, -0.000000000000000000, -1.000000000000000000 ) ) ;
#292 = ORIENTED_EDGE ( 'NONE', *, *, #1328, .F. ) ;
#293 = CARTESIAN_POINT ( 'NONE',  ( 14.99999999999999645, 15.00000000000000000, 36.25000000000000000 ) ) ;
#294 = ORIENTED_EDGE ( 'NONE', *, *, #1404, .T. ) ;
#295 = ORIENTED_EDGE ( 'NONE', *, *, #296, .F. ) ;
#296 = EDGE_CURVE ( 'NONE', #931, #618, #174, .T. ) ;
#297 = CARTESIAN_POINT ( 'NONE',  ( -10.50000000000000178, 8.000000000000000000, -11.50000000000000355 ) ) ;
#298 = VERTEX_POINT ( 'NONE', #1630 ) ;
#299 = CARTESIAN_POINT ( 'NONE',  ( -15.00000000000000355, 13.99999999999999822, 21.75000000000000355 ) ) ;
#300 = FACE_OUTER_BOUND ( 'NONE', #1338, .T. ) ;
#301 = ORIENTED_EDGE ( 'NONE', *, *, #1067, .T. ) ;
#302 = CARTESIAN_POINT ( 'NONE',  ( -15.00000000000000178, 5.999999999999998224, 16.24999999999999289 ) ) ;
#303 = ORIENTED_EDGE ( 'NONE', *, *, #57, .T. ) ;
#304 = EDGE_CURVE ( 'NONE', #1251, #1684, #579, .T. ) ;
#305 = AXIS2_PLACEMENT_3D ( 'NONE', #1176, #231, #71 ) ;
#306 = DIRECTION ( 'NONE',  ( -0.000000000000000000, 1.000000000000000000, -0.000000000000000000 ) ) ;
#307 = CARTESIAN_POINT ( 'NONE',  ( 21.99999999999999645, 14.99999999999999822, -36.25000000000000000 ) ) ;
#308 = EDGE_CURVE ( 'NONE', #1624, #685, #642, .T. ) ;
#309 = VECTOR ( 'NONE', #1233, 1000.000000000000000 ) ;
#310 = ORIENTED_EDGE ( 'NONE', *, *, #711, .F. ) ;
#311 = DIRECTION ( 'NONE',  ( 0.000000000000000000, 0.000000000000000000, -1.000000000000000000 ) ) ;
#312 = PLANE ( 'NONE',  #1817 ) ;
#313 = AXIS2_PLACEMENT_3D ( 'NONE', #740, #1337, #21 ) ;
#314 = ORIENTED_EDGE ( 'NONE', *, *, #524, .T. ) ;
#315 = DIRECTION ( 'NONE',  ( -0.000000000000000000, -1.000000000000000000, -0.000000000000000000 ) ) ;
#316 = VECTOR ( 'NONE', #1248, 1000.000000000000000 ) ;
#317 = VERTEX_POINT ( 'NONE', #1038 ) ;
#318 = LINE ( 'NONE', #750, #1230 ) ;
#319 = DIRECTION ( 'NONE',  ( 0.000000000000000000, -0.000000000000000000, 1.000000000000000000 ) ) ;
#320 = SURFACE_SIDE_STYLE ('',( #184 ) ) ;
#321 = EDGE_CURVE ( 'NONE', #1025, #18, #2, .T. ) ;
#322 = ORIENTED_EDGE ( 'NONE', *, *, #769, .F. ) ;
#323 = CARTESIAN_POINT ( 'NONE',  ( -18.49999999999999645, 11.49999999999999822, -31.75000000000000711 ) ) ;
#324 = VERTEX_POINT ( 'NONE', #439 ) ;
#325 = ORIENTED_EDGE ( 'NONE', *, *, #1878, .F. ) ;
#326 = LINE ( 'NONE', #1832, #69 ) ;
#327 = ADVANCED_FACE ( 'NONE', ( #1781 ), #1774, .F. ) ;
#328 = CARTESIAN_POINT ( 'NONE',  ( -15.00000000000000355, 10.00000000000000000, 27.24999999999999289 ) ) ;
#329 = ORIENTED_EDGE ( 'NONE', *, *, #908, .F. ) ;
#330 = CARTESIAN_POINT ( 'NONE',  ( 5.000000000000002665, 15.00099999999999945, -15.00000000000000355 ) ) ;
#331 = ORIENTED_EDGE ( 'NONE', *, *, #1866, .F. ) ;
#332 = ORIENTED_EDGE ( 'NONE', *, *, #215, .F. ) ;
#333 = CARTESIAN_POINT ( 'NONE',  ( 14.99999999999999645, 15.00000000000000000, 33.74999999999999289 ) ) ;
#334 = EDGE_CURVE ( 'NONE', #1496, #265, #1315, .T. ) ;
#335 = LINE ( 'NONE', #221, #1881 ) ;
#336 = CARTESIAN_POINT ( 'NONE',  ( -9.500000000000000000, -0.0009999999999992653654, -31.54999999999999361 ) ) ;
#337 = DIRECTION ( 'NONE',  ( -1.000000000000000000, 0.000000000000000000, 0.000000000000000000 ) ) ;
#338 = CARTESIAN_POINT ( 'NONE',  ( -15.00000000000000178, 15.00000000000000000, -36.25000000000000000 ) ) ;
#339 = AXIS2_PLACEMENT_3D ( 'NONE', #1533, #1386, #659 ) ;
#340 = ORIENTED_EDGE ( 'NONE', *, *, #1389, .F. ) ;
#341 = VECTOR ( 'NONE', #59, 1000.000000000000000 ) ;
#342 = VECTOR ( 'NONE', #1528, 1000.000000000000000 ) ;
#343 = VERTEX_POINT ( 'NONE', #1028 ) ;
#344 = CARTESIAN_POINT ( 'NONE',  ( -15.00000000000000178, 0.000000000000000000, -36.25000000000000000 ) ) ;
#345 = DIRECTION ( 'NONE',  ( 0.000000000000000000, 0.000000000000000000, -1.000000000000000000 ) ) ;
#346 = PLANE ( 'NONE',  #241 ) ;
#347 = FACE_OUTER_BOUND ( 'NONE', #1004, .T. ) ;
#348 = CARTESIAN_POINT ( 'NONE',  ( -15.00000000000000355, 10.00000000000000178, 33.74999999999999289 ) ) ;
#349 = ORIENTED_EDGE ( 'NONE', *, *, #1819, .T. ) ;
#350 = EDGE_CURVE ( 'NONE', #1767, #1629, #1651, .T. ) ;
#351 = ORIENTED_EDGE ( 'NONE', *, *, #334, .F. ) ;
#352 = LINE ( 'NONE', #1540, #9 ) ;
#353 = CARTESIAN_POINT ( 'NONE',  ( -4.999999999999998224, 0.000000000000000000, 33.00000000000000000 ) ) ;
#354 = CARTESIAN_POINT ( 'NONE',  ( 5.000000000000002665, 4.999999999999999112, 34.60000000000000142 ) ) ;
#355 = DIRECTION ( 'NONE',  ( 1.000000000000000000, 0.000000000000000000, 0.000000000000000000 ) ) ;
#356 = LINE ( 'NONE', #348, #1608 ) ;
#357 = EDGE_LOOP ( 'NONE', ( #387, #692 ) ) ;
#358 = ORIENTED_EDGE ( 'NONE', *, *, #664, .T. ) ;
#359 = DIRECTION ( 'NONE',  ( -0.000000000000000000, 1.000000000000000000, -0.000000000000000000 ) ) ;
#360 = EDGE_CURVE ( 'NONE', #1685, #131, #1168, .T. ) ;
#361 = CARTESIAN_POINT ( 'NONE',  ( 14.99999999999999645, 15.00000000000000000, 36.25000000000000000 ) ) ;
#362 = DIRECTION ( 'NONE',  ( -1.000000000000000000, 2.478176394252579662E-16, -0.000000000000000000 ) ) ;
#363 = ORIENTED_EDGE ( 'NONE', *, *, #1218, .T. ) ;
#364 = DIRECTION ( 'NONE',  ( 0.000000000000000000, 0.000000000000000000, 1.000000000000000000 ) ) ;
#365 = CIRCLE ( 'NONE', #1442, 1.600000000000000755 ) ;
#366 = CARTESIAN_POINT ( 'NONE',  ( -4.999999999999997335, 0.000000000000000000, -15.00000000000000355 ) ) ;
#367 = ORIENTED_EDGE ( 'NONE', *, *, #958, .F. ) ;
#368 = VECTOR ( 'NONE', #306, 1000.000000000000000 ) ;
#369 = AXIS2_PLACEMENT_3D ( 'NONE', #1812, #484, #939 ) ;
#370 = ORIENTED_EDGE ( 'NONE', *, *, #1349, .F. ) ;
#371 = CYLINDRICAL_SURFACE ( 'NONE', #100, 1.599999999999997202 ) ;
#372 = DIRECTION ( 'NONE',  ( 0.000000000000000000, 1.000000000000000000, 0.000000000000000000 ) ) ;
#373 = DIRECTION ( 'NONE',  ( -1.156482317317871478E-16, 0.000000000000000000, 1.000000000000000000 ) ) ;
#374 = ORIENTED_EDGE ( 'NONE', *, *, #151, .T. ) ;
#375 = EDGE_CURVE ( 'NONE', #470, #324, #1339, .T. ) ;
#376 = CARTESIAN_POINT ( 'NONE',  ( -15.00000000000000355, 10.00000000000000178, 33.74999999999999289 ) ) ;
#377 = DIRECTION ( 'NONE',  ( 0.000000000000000000, -1.000000000000000000, 0.000000000000000000 ) ) ;
#378 = EDGE_CURVE ( 'NONE', #1637, #1366, #585, .T. ) ;
#379 = EDGE_LOOP ( 'NONE', ( #1801, #1617, #494, #731 ) ) ;
#380 = ORIENTED_EDGE ( 'NONE', *, *, #641, .F. ) ;
#381 = CARTESIAN_POINT ( 'NONE',  ( 14.99999999999999645, 7.999999999999998224, -31.75000000000000000 ) ) ;
#382 = LINE ( 'NONE', #560, #1357 ) ;
#383 = DIRECTION ( 'NONE',  ( -1.000000000000000000, 0.000000000000000000, 0.000000000000000000 ) ) ;
#384 = EDGE_CURVE ( 'NONE', #850, #1022, #601, .T. ) ;
#385 = CARTESIAN_POINT ( 'NONE',  ( -15.00000000000000355, 15.00000000000000000, 24.57842712474618452 ) ) ;
#386 = FACE_OUTER_BOUND ( 'NONE', #1284, .T. ) ;
#387 = ORIENTED_EDGE ( 'NONE', *, *, #238, .T. ) ;
#388 = EDGE_CURVE ( 'NONE', #1457, #1653, #1051, .T. ) ;
#389 = ORIENTED_EDGE ( 'NONE', *, *, #492, .F. ) ;
#390 = FACE_OUTER_BOUND ( 'NONE', #615, .T. ) ;
#391 = CARTESIAN_POINT ( 'NONE',  ( -15.00000000000000178, 8.000000000000000000, -31.75000000000000000 ) ) ;
#392 = CARTESIAN_POINT ( 'NONE',  ( 0.000000000000000000, 0.000000000000000000, -31.75000000000000000 ) ) ;
#393 = EDGE_CURVE ( 'NONE', #39, #343, #488, .T. ) ;
#394 = DIRECTION ( 'NONE',  ( 1.000000000000000000, -0.000000000000000000, 0.000000000000000000 ) ) ;
#395 = DIRECTION ( 'NONE',  ( 0.000000000000000000, 1.000000000000000000, 9.637352644315595243E-17 ) ) ;
#396 = VECTOR ( 'NONE', #118, 1000.000000000000000 ) ;
#397 = COLOUR_RGB ( '',0.7921568627450980005, 0.8196078431372548767, 0.9333333333333333481 ) ;
#398 = ORIENTED_EDGE ( 'NONE', *, *, #841, .F. ) ;
#399 = VECTOR ( 'NONE', #225, 1000.000000000000000 ) ;
#400 = VECTOR ( 'NONE', #1486, 1000.000000000000000 ) ;
#401 = CIRCLE ( 'NONE', #1109, 1.599999999999997202 ) ;
#402 = PLANE ( 'NONE',  #1049 ) ;
#403 = VECTOR ( 'NONE', #1668, 1000.000000000000000 ) ;
#404 = LINE ( 'NONE', #1581, #1757 ) ;
#405 = VECTOR ( 'NONE', #491, 1000.000000000000000 ) ;
#406 = DIRECTION ( 'NONE',  ( -0.000000000000000000, -0.000000000000000000, 1.000000000000000000 ) ) ;
#407 = DIRECTION ( 'NONE',  ( -1.000000000000000000, 0.000000000000000000, -0.000000000000000000 ) ) ;
#408 = VERTEX_POINT ( 'NONE', #1175 ) ;
#409 = FACE_OUTER_BOUND ( 'NONE', #1545, .T. ) ;
#410 = FACE_OUTER_BOUND ( 'NONE', #1787, .T. ) ;
#411 = FACE_BOUND ( 'NONE', #998, .T. ) ;
#412 = CARTESIAN_POINT ( 'NONE',  ( -15.00000000000000355, 15.00000000000000000, 33.74999999999999289 ) ) ;
#413 = EDGE_CURVE ( 'NONE', #179, #766, #1493, .T. ) ;
#414 = ORIENTED_EDGE ( 'NONE', *, *, #1694, .T. ) ;
#415 = ORIENTED_EDGE ( 'NONE', *, *, #1046, .F. ) ;
#416 = ADVANCED_FACE ( 'NONE', ( #33 ), #1621, .F. ) ;
#417 = CARTESIAN_POINT ( 'NONE',  ( -4.999999999999998224, 4.999999999999999112, 33.00000000000000000 ) ) ;
#418 = FACE_BOUND ( 'NONE', #1403, .T. ) ;
#419 = EDGE_LOOP ( 'NONE', ( #1715, #592 ) ) ;
#420 = DIRECTION ( 'NONE',  ( -0.000000000000000000, 1.000000000000000000, -0.000000000000000000 ) ) ;
#421 = DIRECTION ( 'NONE',  ( -0.000000000000000000, -1.000000000000000000, -0.000000000000000000 ) ) ;
#422 = ORIENTED_EDGE ( 'NONE', *, *, #1202, .F. ) ;
#423 = CARTESIAN_POINT ( 'NONE',  ( -4.999999999999998224, 15.00099999999999945, 33.00000000000000000 ) ) ;
#424 = EDGE_LOOP ( 'NONE', ( #1395, #1656, #332, #286 ) ) ;
#425 = CIRCLE ( 'NONE', #247, 1.600000000000000755 ) ;
#426 = LINE ( 'NONE', #31, #1602 ) ;
#427 = CIRCLE ( 'NONE', #522, 1.600000000000000755 ) ;
#428 = ORIENTED_EDGE ( 'NONE', *, *, #253, .F. ) ;
#429 = CARTESIAN_POINT ( 'NONE',  ( -10.50000000000000711, 0.000000000000000000, 29.50000000000000000 ) ) ;
#430 = EDGE_CURVE ( 'NONE', #1576, #171, #335, .T. ) ;
#431 = CARTESIAN_POINT ( 'NONE',  ( -10.50000000000000711, 4.999999999999999112, 29.50000000000000000 ) ) ;
#432 = AXIS2_PLACEMENT_3D ( 'NONE', #1737, #1895, #1431 ) ;
#433 = ORIENTED_EDGE ( 'NONE', *, *, #1815, .F. ) ;
#434 = EDGE_CURVE ( 'NONE', #665, #685, #621, .T. ) ;
#435 = DIRECTION ( 'NONE',  ( -0.000000000000000000, -1.000000000000000000, -0.000000000000000000 ) ) ;
#436 = ORIENTED_EDGE ( 'NONE', *, *, #1839, .T. ) ;
#437 = CARTESIAN_POINT ( 'NONE',  ( 14.99999999999999645, 13.99999999999999822, -24.24999999999999645 ) ) ;
#438 = ORIENTED_EDGE ( 'NONE', *, *, #779, .T. ) ;
#439 = CARTESIAN_POINT ( 'NONE',  ( -15.00000000000000178, 15.00000000000000000, -27.07842712474618452 ) ) ;
#440 = CARTESIAN_POINT ( 'NONE',  ( 14.99999999999999645, 5.999999999999998224, -18.75000000000000711 ) ) ;
#441 = ORIENTED_EDGE ( 'NONE', *, *, #165, .F. ) ;
#442 = EDGE_CURVE ( 'NONE', #937, #298, #772, .T. ) ;
#443 = DIRECTION ( 'NONE',  ( -0.000000000000000000, -1.000000000000000000, -0.000000000000000000 ) ) ;
#444 = ORIENTED_EDGE ( 'NONE', *, *, #547, .T. ) ;
#445 = ADVANCED_FACE ( 'NONE', ( #1095 ), #639, .F. ) ;
#446 = DIRECTION ( 'NONE',  ( -0.000000000000000000, 1.000000000000000000, -0.000000000000000000 ) ) ;
#447 = ORIENTED_EDGE ( 'NONE', *, *, #1058, .F. ) ;
#448 = DIRECTION ( 'NONE',  ( 0.000000000000000000, 1.000000000000000000, 0.000000000000000000 ) ) ;
#449 = CARTESIAN_POINT ( 'NONE',  ( -15.00000000000000355, 13.99999999999999822, -21.24999999999999645 ) ) ;
#450 = EDGE_LOOP ( 'NONE', ( #828, #91 ) ) ;
#451 = DIRECTION ( 'NONE',  ( -0.000000000000000000, 1.000000000000000000, -0.000000000000000000 ) ) ;
#452 = VERTEX_POINT ( 'NONE', #51 ) ;
#453 = ORIENTED_EDGE ( 'NONE', *, *, #248, .T. ) ;
#454 = CIRCLE ( 'NONE', #699, 2.999999999999999112 ) ;
#455 = CARTESIAN_POINT ( 'NONE',  ( 14.99999999999999645, 15.00000000000000000, 36.25000000000000000 ) ) ;
#456 = VECTOR ( 'NONE', #1369, 1000.000000000000000 ) ;
#457 = CARTESIAN_POINT ( 'NONE',  ( 14.99999999999999645, 15.00000000000000000, -36.25000000000000000 ) ) ;
#458 = CIRCLE ( 'NONE', #761, 2.999999999999999112 ) ;
#459 = FILL_AREA_STYLE ('',( #868 ) ) ;
#460 = CIRCLE ( 'NONE', #949, 2.999999999999992450 ) ;
#461 = ORIENTED_EDGE ( 'NONE', *, *, #831, .T. ) ;
#462 = DIRECTION ( 'NONE',  ( 0.000000000000000000, 0.000000000000000000, -1.000000000000000000 ) ) ;
#463 = ORIENTED_EDGE ( 'NONE', *, *, #908, .T. ) ;
#464 = AXIS2_PLACEMENT_3D ( 'NONE', #1283, #120, #1437 ) ;
#465 = ORIENTED_EDGE ( 'NONE', *, *, #1522, .F. ) ;
#466 = EDGE_CURVE ( 'NONE', #1485, #1678, #1680, .T. ) ;
#467 = LINE ( 'NONE', #899, #1482 ) ;
#468 = CARTESIAN_POINT ( 'NONE',  ( -15.00000000000000178, 15.00000000000000000, -18.75000000000000711 ) ) ;
#469 = CARTESIAN_POINT ( 'NONE',  ( -4.999999999999998224, 15.00099999999999945, 31.40000000000000568 ) ) ;
#470 = VERTEX_POINT ( 'NONE', #507 ) ;
#471 = CARTESIAN_POINT ( 'NONE',  ( 14.99999999999999645, 13.99999999999999822, 21.75000000000000355 ) ) ;
#472 = ORIENTED_EDGE ( 'NONE', *, *, #1186, .T. ) ;
#473 = EDGE_CURVE ( 'NONE', #479, #1354, #401, .T. ) ;
#474 = ORIENTED_EDGE ( 'NONE', *, *, #1423, .F. ) ;
#475 = EDGE_CURVE ( 'NONE', #532, #818, #427, .T. ) ;
#476 = CARTESIAN_POINT ( 'NONE',  ( 14.99999999999999645, 10.00000000000000178, 33.74999999999999289 ) ) ;
#477 = DIRECTION ( 'NONE',  ( -1.000000000000000000, 0.000000000000000000, -0.000000000000000000 ) ) ;
#478 = PLANE ( 'NONE',  #1375 ) ;
#479 = VERTEX_POINT ( 'NONE', #1826 ) ;
#480 = DIRECTION ( 'NONE',  ( 1.000000000000000000, 0.000000000000000000, 0.000000000000000000 ) ) ;
#481 = ORIENTED_EDGE ( 'NONE', *, *, #958, .T. ) ;
#482 = ORIENTED_EDGE ( 'NONE', *, *, #1492, .T. ) ;
#483 = ORIENTED_EDGE ( 'NONE', *, *, #1535, .T. ) ;
#484 = DIRECTION ( 'NONE',  ( 0.000000000000000000, -1.000000000000000000, 0.000000000000000000 ) ) ;
#485 = VECTOR ( 'NONE', #1151, 1000.000000000000000 ) ;
#486 = DIRECTION ( 'NONE',  ( 0.000000000000000000, 0.000000000000000000, 1.000000000000000000 ) ) ;
#487 = CARTESIAN_POINT ( 'NONE',  ( 5.000000000000002665, 0.000000000000000000, 34.60000000000000142 ) ) ;
#488 = CIRCLE ( 'NONE', #155, 1.600000000000000755 ) ;
#489 = DIRECTION ( 'NONE',  ( 0.000000000000000000, 0.000000000000000000, -1.000000000000000000 ) ) ;
#490 = VECTOR ( 'NONE', #262, 1000.000000000000000 ) ;
#491 = DIRECTION ( 'NONE',  ( -0.000000000000000000, 1.000000000000000000, -0.000000000000000000 ) ) ;
#492 = EDGE_CURVE ( 'NONE', #1354, #479, #1788, .T. ) ;
#493 = AXIS2_PLACEMENT_3D ( 'NONE', #1312, #1470, #150 ) ;
#494 = ORIENTED_EDGE ( 'NONE', *, *, #235, .T. ) ;
#495 = AXIS2_PLACEMENT_3D ( 'NONE', #330, #443, #754 ) ;
#496 = AXIS2_PLACEMENT_3D ( 'NONE', #775, #510, #805 ) ;
#497 = ORIENTED_EDGE ( 'NONE', *, *, #434, .T. ) ;
#498 = DIRECTION ( 'NONE',  ( 0.000000000000000000, 1.000000000000000000, 0.000000000000000000 ) ) ;
#499 = FACE_OUTER_BOUND ( 'NONE', #1363, .T. ) ;
#500 = CARTESIAN_POINT ( 'NONE',  ( 0.000000000000000000, 0.000000000000000000, 0.000000000000000000 ) ) ;
#501 = DIRECTION ( 'NONE',  ( -0.000000000000000000, 1.000000000000000000, -0.000000000000000000 ) ) ;
#502 = DIRECTION ( 'NONE',  ( 1.000000000000000000, -0.000000000000000000, -0.000000000000000000 ) ) ;
#503 = EDGE_CURVE ( 'NONE', #1124, #1219, #1170, .T. ) ;
#504 = ORIENTED_EDGE ( 'NONE', *, *, #1186, .F. ) ;
#505 = ORIENTED_EDGE ( 'NONE', *, *, #1119, .F. ) ;
#506 = CARTESIAN_POINT ( 'NONE',  ( -15.00000000000000355, 13.99999999999999822, 21.75000000000000355 ) ) ;
#507 = CARTESIAN_POINT ( 'NONE',  ( -15.00000000000000178, 15.00000000000000000, -31.75000000000000000 ) ) ;
#508 = LINE ( 'NONE', #660, #720 ) ;
#509 = CARTESIAN_POINT ( 'NONE',  ( -15.00000000000000178, 13.99999999999999822, -24.24999999999999645 ) ) ;
#510 = DIRECTION ( 'NONE',  ( -0.000000000000000000, 1.000000000000000000, -0.000000000000000000 ) ) ;
#511 = ORIENTED_EDGE ( 'NONE', *, *, #1362, .T. ) ;
#512 = ORIENTED_EDGE ( 'NONE', *, *, #749, .F. ) ;
#513 = LINE ( 'NONE', #954, #40 ) ;
#514 = EDGE_CURVE ( 'NONE', #1655, #1685, #1671, .T. ) ;
#515 = DIRECTION ( 'NONE',  ( 0.000000000000000000, 0.000000000000000000, -1.000000000000000000 ) ) ;
#516 = CARTESIAN_POINT ( 'NONE',  ( -15.00000000000000178, 8.000000000000000000, -36.25000000000000000 ) ) ;
#517 = VERTEX_POINT ( 'NONE', #1078 ) ;
#518 = DIRECTION ( 'NONE',  ( -0.000000000000000000, 1.000000000000000000, -0.000000000000000000 ) ) ;
#519 = AXIS2_PLACEMENT_3D ( 'NONE', #1128, #1443, #848 ) ;
#520 = FACE_OUTER_BOUND ( 'NONE', #1590, .T. ) ;
#521 = ORIENTED_EDGE ( 'NONE', *, *, #1492, .F. ) ;
#522 = AXIS2_PLACEMENT_3D ( 'NONE', #1687, #194, #630 ) ;
#523 = VECTOR ( 'NONE', #201, 1000.000000000000000 ) ;
#524 = EDGE_CURVE ( 'NONE', #1778, #191, #1572, .T. ) ;
#525 = ORIENTED_EDGE ( 'NONE', *, *, #1404, .F. ) ;
#526 = CARTESIAN_POINT ( 'NONE',  ( 21.99999999999999645, 14.99999999999999822, -31.75000000000000000 ) ) ;
#527 = AXIS2_PLACEMENT_3D ( 'NONE', #697, #395, #990 ) ;
#528 = DIRECTION ( 'NONE',  ( -2.935868817663469261E-32, -1.000000000000000000, 6.938893903907228378E-16 ) ) ;
#529 = DIRECTION ( 'NONE',  ( 1.269309860470834477E-16, 0.000000000000000000, -1.000000000000000000 ) ) ;
#530 = CARTESIAN_POINT ( 'NONE',  ( 9.499999999999996447, 0.000000000000000000, -31.54999999999999361 ) ) ;
#531 = DIRECTION ( 'NONE',  ( 0.000000000000000000, 0.000000000000000000, -1.000000000000000000 ) ) ;
#532 = VERTEX_POINT ( 'NONE', #800 ) ;
#533 = ORIENTED_EDGE ( 'NONE', *, *, #393, .F. ) ;
#534 = DIRECTION ( 'NONE',  ( -0.000000000000000000, -0.000000000000000000, -1.000000000000000000 ) ) ;
#535 = ADVANCED_FACE ( 'NONE', ( #499 ), #1088, .F. ) ;
#536 = CARTESIAN_POINT ( 'NONE',  ( -15.00000000000000178, 15.00000000000000000, 36.25000000000000000 ) ) ;
#537 = DIRECTION ( 'NONE',  ( 1.000000000000000000, 0.000000000000000000, -0.000000000000000000 ) ) ;
#538 = CYLINDRICAL_SURFACE ( 'NONE', #519, 1.600000000000000755 ) ;
#539 = DIRECTION ( 'NONE',  ( -0.000000000000000000, -1.000000000000000000, 2.668805347656625692E-16 ) ) ;
#540 = ORIENTED_EDGE ( 'NONE', *, *, #197, .T. ) ;
#541 = LINE ( 'NONE', #293, #316 ) ;
#542 = FACE_BOUND ( 'NONE', #1451, .T. ) ;
#543 = CARTESIAN_POINT ( 'NONE',  ( -10.50000000000000711, 8.000000000000000000, 29.50000000000000000 ) ) ;
#544 = DIRECTION ( 'NONE',  ( -1.000000000000000000, 0.000000000000000000, 0.000000000000000000 ) ) ;
#545 = CYLINDRICAL_SURFACE ( 'NONE', #767, 1.600000000000000755 ) ;
#546 = ORIENTED_EDGE ( 'NONE', *, *, #753, .T. ) ;
#547 = EDGE_CURVE ( 'NONE', #744, #1198, #1503, .T. ) ;
#548 = VECTOR ( 'NONE', #406, 1000.000000000000000 ) ;
#549 = VECTOR ( 'NONE', #1163, 1000.000000000000000 ) ;
#550 = VECTOR ( 'NONE', #1524, 1000.000000000000000 ) ;
#551 = CARTESIAN_POINT ( 'NONE',  ( 14.99999999999999645, 10.00000000000000178, 33.74999999999999289 ) ) ;
#552 = VECTOR ( 'NONE', #1497, 1000.000000000000000 ) ;
#553 = CARTESIAN_POINT ( 'NONE',  ( 9.499999999999996447, -0.0009999999999992653654, -31.54999999999999361 ) ) ;
#554 = ADVANCED_FACE ( 'NONE', ( #1241 ), #1833, .F. ) ;
#555 = DIRECTION ( 'NONE',  ( 0.000000000000000000, -1.000000000000000000, 0.000000000000000000 ) ) ;
#556 = DIRECTION ( 'NONE',  ( 0.000000000000000000, 1.000000000000000000, 0.000000000000000000 ) ) ;
#557 = ORIENTED_EDGE ( 'NONE', *, *, #1597, .F. ) ;
#558 = ORIENTED_EDGE ( 'NONE', *, *, #235, .F. ) ;
#559 = EDGE_CURVE ( 'NONE', #879, #1198, #942, .T. ) ;
#560 = CARTESIAN_POINT ( 'NONE',  ( -15.00000000000000178, 0.000000000000000000, 36.25000000000000000 ) ) ;
#561 = CARTESIAN_POINT ( 'NONE',  ( 14.99999999999999645, 15.00000000000000000, 36.25000000000000000 ) ) ;
#562 = ORIENTED_EDGE ( 'NONE', *, *, #41, .T. ) ;
#563 = CARTESIAN_POINT ( 'NONE',  ( 21.99999999999999645, 14.99999999999999822, -36.25000000000000000 ) ) ;
#564 = CARTESIAN_POINT ( 'NONE',  ( -4.999999999999997335, 0.000000000000000000, -13.40000000000000036 ) ) ;
#565 = EDGE_LOOP ( 'NONE', ( #930, #887, #1454, #1459 ) ) ;
#566 = ORIENTED_EDGE ( 'NONE', *, *, #1402, .T. ) ;
#567 = ADVANCED_FACE ( 'NONE', ( #79 ), #1249, .T. ) ;
#568 = CARTESIAN_POINT ( 'NONE',  ( 18.49999999999999645, 11.49999999999999645, -36.25000000000000000 ) ) ;
#569 =( NAMED_UNIT ( * ) SI_UNIT ( $, .STERADIAN. ) SOLID_ANGLE_UNIT ( ) );
#570 = PRODUCT_RELATED_PRODUCT_CATEGORY ( 'part', '', ( #815 ) ) ;
#571 = EDGE_CURVE ( 'NONE', #56, #693, #1361, .T. ) ;
#572 = ORIENTED_EDGE ( 'NONE', *, *, #1555, .T. ) ;
#573 = FACE_OUTER_BOUND ( 'NONE', #701, .T. ) ;
#574 = DIRECTION ( 'NONE',  ( 0.000000000000000000, 0.000000000000000000, -1.000000000000000000 ) ) ;
#575 = EDGE_LOOP ( 'NONE', ( #415, #852, #482, #738 ) ) ;
#576 = DIRECTION ( 'NONE',  ( 0.000000000000000000, -1.000000000000000000, 0.000000000000000000 ) ) ;
#577 = VECTOR ( 'NONE', #688, 1000.000000000000000 ) ;
#578 = ORIENTED_EDGE ( 'NONE', *, *, #1866, .T. ) ;
#579 = CIRCLE ( 'NONE', #1636, 1.600000000000000755 ) ;
#580 = LINE ( 'NONE', #297, #1697 ) ;
#581 = CIRCLE ( 'NONE', #1079, 1.600000000000000755 ) ;
#582 = EDGE_CURVE ( 'NONE', #962, #135, #1570, .T. ) ;
#583 = ORIENTED_EDGE ( 'NONE', *, *, #952, .F. ) ;
#584 = AXIS2_PLACEMENT_3D ( 'NONE', #1863, #667, #1605 ) ;
#585 = LINE ( 'NONE', #751, #250 ) ;
#586 = DIRECTION ( 'NONE',  ( -1.000000000000000000, 2.478176394252579662E-16, -0.000000000000000000 ) ) ;
#587 = VECTOR ( 'NONE', #762, 1000.000000000000000 ) ;
#588 = EDGE_CURVE ( 'NONE', #1606, #1433, #99, .T. ) ;
#589 = ORIENTED_EDGE ( 'NONE', *, *, #769, .T. ) ;
#590 = DIRECTION ( 'NONE',  ( -0.000000000000000000, -0.000000000000000000, -1.000000000000000000 ) ) ;
#591 = ORIENTED_EDGE ( 'NONE', *, *, #350, .T. ) ;
#592 = ORIENTED_EDGE ( 'NONE', *, *, #1495, .F. ) ;
#593 = DIRECTION ( 'NONE',  ( 0.000000000000000000, 1.000000000000000000, 9.637352644315595243E-17 ) ) ;
#594 = ORIENTED_EDGE ( 'NONE', *, *, #1423, .T. ) ;
#595 = DIRECTION ( 'NONE',  ( -0.000000000000000000, -1.000000000000000000, -0.000000000000000000 ) ) ;
#596 = CARTESIAN_POINT ( 'NONE',  ( 5.000000000000002665, 15.00099999999999945, -15.00000000000000355 ) ) ;
#597 = ORIENTED_EDGE ( 'NONE', *, *, #296, .T. ) ;
#598 = FACE_OUTER_BOUND ( 'NONE', #1480, .T. ) ;
#599 = ORIENTED_EDGE ( 'NONE', *, *, #869, .F. ) ;
#600 = DIRECTION ( 'NONE',  ( 1.000000000000000000, 0.000000000000000000, 0.000000000000000000 ) ) ;
#601 = LINE ( 'NONE', #429, #1139 ) ;
#602 = DIRECTION ( 'NONE',  ( 0.000000000000000000, 0.000000000000000000, 1.000000000000000000 ) ) ;
#603 = ORIENTED_EDGE ( 'NONE', *, *, #197, .F. ) ;
#604 = DIRECTION ( 'NONE',  ( -1.000000000000000000, 0.000000000000000000, 0.000000000000000000 ) ) ;
#605 = ORIENTED_EDGE ( 'NONE', *, *, #613, .T. ) ;
#606 = ORIENTED_EDGE ( 'NONE', *, *, #943, .F. ) ;
#607 = ADVANCED_FACE ( 'NONE', ( #1134 ), #1864, .F. ) ;
#608 = AXIS2_PLACEMENT_3D ( 'NONE', #1348, #886, #1465 ) ;
#609 = VECTOR ( 'NONE', #1391, 1000.000000000000000 ) ;
#610 = DIRECTION ( 'NONE',  ( -0.000000000000000000, -1.000000000000000000, -0.000000000000000000 ) ) ;
#611 = AXIS2_PLACEMENT_3D ( 'NONE', #154, #1307, #311 ) ;
#612 = CARTESIAN_POINT ( 'NONE',  ( -15.00000000000000355, 13.99999999999999822, 18.75000000000001066 ) ) ;
#613 = EDGE_CURVE ( 'NONE', #1578, #67, #382, .T. ) ;
#614 = DIRECTION ( 'NONE',  ( 0.000000000000000000, 0.000000000000000000, -1.000000000000000000 ) ) ;
#615 = EDGE_LOOP ( 'NONE', ( #121, #746, #1373, #890 ) ) ;
#616 = LINE ( 'NONE', #302, #1390 ) ;
#617 = ORIENTED_EDGE ( 'NONE', *, *, #559, .F. ) ;
#618 = VERTEX_POINT ( 'NONE', #993 ) ;
#619 = ADVANCED_FACE ( 'NONE', ( #409 ), #402, .F. ) ;
#620 = DIRECTION ( 'NONE',  ( -0.000000000000000000, 1.000000000000000000, -6.938893903907228378E-16 ) ) ;
#621 = LINE ( 'NONE', #914, #213 ) ;
#622 = CARTESIAN_POINT ( 'NONE',  ( -9.500000000000000000, 15.00000000000000000, -29.94999999999999574 ) ) ;
#623 = CARTESIAN_POINT ( 'NONE',  ( 9.999999999999996447, 5.999999999999998224, 29.50000000000000000 ) ) ;
#624 = CARTESIAN_POINT ( 'NONE',  ( 14.99999999999999645, 0.000000000000000000, 36.25000000000000000 ) ) ;
#625 = ORIENTED_EDGE ( 'NONE', *, *, #1364, .F. ) ;
#626 = VERTEX_POINT ( 'NONE', #391 ) ;
#627 = ORIENTED_EDGE ( 'NONE', *, *, #1650, .F. ) ;
#628 = LINE ( 'NONE', #932, #1422 ) ;
#629 = PRODUCT_DEFINITION_CONTEXT ( 'detailed design', #1793, 'design' ) ;
#630 = DIRECTION ( 'NONE',  ( 0.000000000000000000, 0.000000000000000000, 1.000000000000000000 ) ) ;
#631 = EDGE_CURVE ( 'NONE', #709, #1771, #1440, .T. ) ;
#632 = DIRECTION ( 'NONE',  ( -9.912705577010328508E-16, 1.000000000000000000, -0.000000000000000000 ) ) ;
#633 = CARTESIAN_POINT ( 'NONE',  ( -9.500000000000000000, -0.0009999999999992653654, -29.94999999999999574 ) ) ;
#634 = LINE ( 'NONE', #1520, #985 ) ;
#635 = ORIENTED_EDGE ( 'NONE', *, *, #1067, .F. ) ;
#636 = EDGE_LOOP ( 'NONE', ( #218, #441, #1851, #546 ) ) ;
#637 = DIRECTION ( 'NONE',  ( 0.000000000000000000, 2.668805347656625692E-16, 1.000000000000000000 ) ) ;
#638 = AXIS2_PLACEMENT_3D ( 'NONE', #1783, #3, #1614 ) ;
#639 = PLANE ( 'NONE',  #1199 ) ;
#640 = FACE_BOUND ( 'NONE', #37, .T. ) ;
#641 = EDGE_CURVE ( 'NONE', #798, #1578, #1580, .T. ) ;
#642 = CIRCLE ( 'NONE', #94, 1.600000000000000755 ) ;
#643 = LINE ( 'NONE', #623, #309 ) ;
#644 = CARTESIAN_POINT ( 'NONE',  ( -4.999999999999998224, 4.999999999999999112, 34.60000000000000142 ) ) ;
#645 = AXIS2_PLACEMENT_3D ( 'NONE', #1872, #1882, #1416 ) ;
#646 = ADVANCED_FACE ( 'NONE', ( #1428 ), #110, .F. ) ;
#647 = ORIENTED_EDGE ( 'NONE', *, *, #1344, .T. ) ;
#648 = AXIS2_PLACEMENT_3D ( 'NONE', #193, #498, #1087 ) ;
#649 = ORIENTED_EDGE ( 'NONE', *, *, #809, .F. ) ;
#650 = DIRECTION ( 'NONE',  ( 1.000000000000000000, 0.000000000000000000, 1.156482317317871478E-16 ) ) ;
#651 = DIRECTION ( 'NONE',  ( -0.000000000000000000, 1.000000000000000000, -6.938893903907228378E-16 ) ) ;
#652 = CARTESIAN_POINT ( 'NONE',  ( 20.09999999999999787, 11.49999999999999645, -36.25000000000000000 ) ) ;
#653 = PLANE ( 'NONE',  #1509 ) ;
#654 = DIRECTION ( 'NONE',  ( -0.000000000000000000, 9.637352644315594010E-17, -1.000000000000000000 ) ) ;
#655 = VERTEX_POINT ( 'NONE', #254 ) ;
#656 = EDGE_CURVE ( 'NONE', #171, #1529, #1285, .T. ) ;
#657 = ORIENTED_EDGE ( 'NONE', *, *, #1332, .T. ) ;
#658 = DIRECTION ( 'NONE',  ( -0.000000000000000000, -1.000000000000000000, -0.000000000000000000 ) ) ;
#659 = DIRECTION ( 'NONE',  ( -1.000000000000000000, 0.000000000000000000, 0.000000000000000000 ) ) ;
#660 = CARTESIAN_POINT ( 'NONE',  ( -15.00000000000000355, 5.000000000000000000, 27.24999999999999645 ) ) ;
#661 = ORIENTED_EDGE ( 'NONE', *, *, #952, .T. ) ;
#662 = FACE_BOUND ( 'NONE', #132, .T. ) ;
#663 = DIRECTION ( 'NONE',  ( 0.000000000000000000, -1.000000000000000000, 0.000000000000000000 ) ) ;
#664 = EDGE_CURVE ( 'NONE', #1893, #845, #5, .T. ) ;
#665 = VERTEX_POINT ( 'NONE', #1143 ) ;
#666 = ORIENTED_EDGE ( 'NONE', *, *, #1876, .T. ) ;
#667 = DIRECTION ( 'NONE',  ( -0.000000000000000000, -0.000000000000000000, -1.000000000000000000 ) ) ;
#668 = CARTESIAN_POINT ( 'NONE',  ( -10.50000000000000355, 5.999999999999998224, 16.24999999999999289 ) ) ;
#669 = PLANE ( 'NONE',  #1413 ) ;
#670 = LINE ( 'NONE', #385, #1598 ) ;
#671 = DIRECTION ( 'NONE',  ( 1.000000000000000000, -0.000000000000000000, -0.000000000000000000 ) ) ;
#672 = CIRCLE ( 'NONE', #1632, 1.599999999999997202 ) ;
#673 = EDGE_CURVE ( 'NONE', #845, #1893, #581, .T. ) ;
#674 = ORIENTED_EDGE ( 'NONE', *, *, #1210, .F. ) ;
#675 = VECTOR ( 'NONE', #528, 1000.000000000000000 ) ;
#676 = VECTOR ( 'NONE', #315, 1000.000000000000000 ) ;
#677 = VERTEX_POINT ( 'NONE', #1562 ) ;
#678 = DIRECTION ( 'NONE',  ( -0.000000000000000000, -1.000000000000000000, -0.000000000000000000 ) ) ;
#679 = CIRCLE ( 'NONE', #496, 1.599999999999997202 ) ;
#680 = DIRECTION ( 'NONE',  ( 1.000000000000000000, -0.000000000000000000, -0.000000000000000000 ) ) ;
#681 = CARTESIAN_POINT ( 'NONE',  ( 0.000000000000000000, 0.000000000000000000, -31.75000000000000000 ) ) ;
#682 = CARTESIAN_POINT ( 'NONE',  ( -21.99999999999999645, 8.000000000000000000, -36.25000000000000000 ) ) ;
#683 = DIRECTION ( 'NONE',  ( 0.000000000000000000, 1.000000000000000000, 9.637352644315595243E-17 ) ) ;
#684 = ORIENTED_EDGE ( 'NONE', *, *, #710, .T. ) ;
#685 = VERTEX_POINT ( 'NONE', #1116 ) ;
#686 = LINE ( 'NONE', #1716, #1762 ) ;
#687 = FACE_OUTER_BOUND ( 'NONE', #1551, .T. ) ;
#688 = DIRECTION ( 'NONE',  ( 1.000000000000000000, -0.000000000000000000, -0.000000000000000000 ) ) ;
#689 = ADVANCED_FACE ( 'NONE', ( #1553, #542, #687 ), #1280, .F. ) ;
#690 = DIRECTION ( 'NONE',  ( 0.000000000000000000, 0.000000000000000000, -1.000000000000000000 ) ) ;
#691 = CARTESIAN_POINT ( 'NONE',  ( 21.99999999999999645, 14.99999999999999822, -31.75000000000000000 ) ) ;
#692 = ORIENTED_EDGE ( 'NONE', *, *, #771, .T. ) ;
#693 = VERTEX_POINT ( 'NONE', #551 ) ;
#694 = DIRECTION ( 'NONE',  ( 1.000000000000000000, -0.000000000000000000, -0.000000000000000000 ) ) ;
#695 = CARTESIAN_POINT ( 'NONE',  ( -10.50000000000000711, 0.000000000000000000, 29.50000000000000000 ) ) ;
#696 = DIRECTION ( 'NONE',  ( 0.000000000000000000, 0.000000000000000000, -1.000000000000000000 ) ) ;
#697 = CARTESIAN_POINT ( 'NONE',  ( 5.000000000000002665, 4.999999999999999112, 33.00000000000000000 ) ) ;
#698 = EDGE_CURVE ( 'NONE', #1896, #766, #122, .T. ) ;
#699 = AXIS2_PLACEMENT_3D ( 'NONE', #263, #394, #690 ) ;
#700 = ORIENTED_EDGE ( 'NONE', *, *, #1904, .F. ) ;
#701 = EDGE_LOOP ( 'NONE', ( #836, #1302, #666, #1523 ) ) ;
#702 = ORIENTED_EDGE ( 'NONE', *, *, #1675, .F. ) ;
#703 = AXIS2_PLACEMENT_3D ( 'NONE', #1272, #1725, #832 ) ;
#704 = DIRECTION ( 'NONE',  ( -0.000000000000000000, -1.000000000000000000, -0.000000000000000000 ) ) ;
#705 = AXIS2_PLACEMENT_3D ( 'NONE', #104, #861, #1589 ) ;
#706 = LINE ( 'NONE', #1297, #485 ) ;
#707 = CARTESIAN_POINT ( 'NONE',  ( 16.89999999999999503, 11.49999999999999645, -31.75000000000000711 ) ) ;
#708 = LINE ( 'NONE', #1276, #1792 ) ;
#709 = VERTEX_POINT ( 'NONE', #668 ) ;
#710 = EDGE_CURVE ( 'NONE', #1797, #14, #1855, .T. ) ;
#711 = EDGE_CURVE ( 'NONE', #1678, #105, #965, .T. ) ;
#712 = LINE ( 'NONE', #1898, #550 ) ;
#713 = ORIENTED_EDGE ( 'NONE', *, *, #1332, .F. ) ;
#714 = DIRECTION ( 'NONE',  ( -0.000000000000000000, 1.000000000000000000, 0.000000000000000000 ) ) ;
#715 = FACE_OUTER_BOUND ( 'NONE', #1635, .T. ) ;
#716 = EDGE_LOOP ( 'NONE', ( #1108, #1112, #370, #228 ) ) ;
#717 = FACE_OUTER_BOUND ( 'NONE', #999, .T. ) ;
#718 = EDGE_CURVE ( 'NONE', #1667, #1025, #1727, .T. ) ;
#719 = CARTESIAN_POINT ( 'NONE',  ( -15.00000000000000355, 13.99999999999999822, 24.74999999999999289 ) ) ;
#720 = VECTOR ( 'NONE', #801, 1000.000000000000000 ) ;
#721 = EDGE_LOOP ( 'NONE', ( #1692, #200 ) ) ;
#722 = CARTESIAN_POINT ( 'NONE',  ( -9.500000000000000000, 15.00000000000000000, -31.54999999999999361 ) ) ;
#723 = FACE_OUTER_BOUND ( 'NONE', #1056, .T. ) ;
#724 = EDGE_LOOP ( 'NONE', ( #1329, #511, #1432, #741 ) ) ;
#725 = DIRECTION ( 'NONE',  ( -1.000000000000000000, -0.000000000000000000, -0.000000000000000000 ) ) ;
#726 = EDGE_CURVE ( 'NONE', #1615, #1219, #855, .T. ) ;
#727 = VERTEX_POINT ( 'NONE', #719 ) ;
#728 = VECTOR ( 'NONE', #1400, 1000.000000000000000 ) ;
#729 = DIRECTION ( 'NONE',  ( -1.000000000000000000, 0.000000000000000000, 0.000000000000000000 ) ) ;
#730 = AXIS2_PLACEMENT_3D ( 'NONE', #133, #446, #1619 ) ;
#731 = ORIENTED_EDGE ( 'NONE', *, *, #1791, .T. ) ;
#732 = AXIS2_PLACEMENT_3D ( 'NONE', #1342, #896, #7 ) ;
#733 = PLANE ( 'NONE',  #1355 ) ;
#734 = PLANE ( 'NONE',  #1226 ) ;
#735 = AXIS2_PLACEMENT_3D ( 'NONE', #1091, #226, #1253 ) ;
#736 = ORIENTED_EDGE ( 'NONE', *, *, #473, .T. ) ;
#737 = CARTESIAN_POINT ( 'NONE',  ( -20.09999999999999787, 11.49999999999999822, -31.75000000000000711 ) ) ;
#738 = ORIENTED_EDGE ( 'NONE', *, *, #1597, .T. ) ;
#739 = ORIENTED_EDGE ( 'NONE', *, *, #434, .F. ) ;
#740 = CARTESIAN_POINT ( 'NONE',  ( -4.999999999999998224, 15.00099999999999945, 33.00000000000000000 ) ) ;
#741 = ORIENTED_EDGE ( 'NONE', *, *, #831, .F. ) ;
#742 = DIRECTION ( 'NONE',  ( 0.000000000000000000, 0.000000000000000000, -1.000000000000000000 ) ) ;
#743 = DIRECTION ( 'NONE',  ( 1.000000000000000000, 9.912705577010324563E-16, 0.000000000000000000 ) ) ;
#744 = VERTEX_POINT ( 'NONE', #1766 ) ;
#745 = DIRECTION ( 'NONE',  ( -0.000000000000000000, -1.000000000000000000, -0.000000000000000000 ) ) ;
#746 = ORIENTED_EDGE ( 'NONE', *, *, #1765, .F. ) ;
#747 = ADVANCED_FACE ( 'NONE', ( #1048 ), #1751, .F. ) ;
#748 = VERTEX_POINT ( 'NONE', #891 ) ;
#749 = EDGE_CURVE ( 'NONE', #748, #1567, #881, .T. ) ;
#750 = CARTESIAN_POINT ( 'NONE',  ( 20.09999999999999787, 11.49999999999999645, 36.25099999999999767 ) ) ;
#751 = CARTESIAN_POINT ( 'NONE',  ( -10.50000000000000178, 5.999999999999998224, -11.50000000000000355 ) ) ;
#752 = ORIENTED_EDGE ( 'NONE', *, *, #378, .T. ) ;
#753 = EDGE_CURVE ( 'NONE', #618, #677, #458, .T. ) ;
#754 = DIRECTION ( 'NONE',  ( 0.000000000000000000, 0.000000000000000000, -1.000000000000000000 ) ) ;
#755 = ORIENTED_EDGE ( 'NONE', *, *, #109, .T. ) ;
#756 = ORIENTED_EDGE ( 'NONE', *, *, #1806, .F. ) ;
#757 = CIRCLE ( 'NONE', #824, 1.599999999999997202 ) ;
#758 = CARTESIAN_POINT ( 'NONE',  ( -15.00000000000000178, 5.999999999999998224, 16.24999999999999289 ) ) ;
#759 = VECTOR ( 'NONE', #1728, 1000.000000000000000 ) ;
#760 = CARTESIAN_POINT ( 'NONE',  ( -15.00000000000000178, 15.00000000000000000, 36.25000000000000000 ) ) ;
#761 = AXIS2_PLACEMENT_3D ( 'NONE', #437, #600, #1016 ) ;
#762 = DIRECTION ( 'NONE',  ( 1.000000000000000000, -0.000000000000000000, -0.000000000000000000 ) ) ;
#763 = VECTOR ( 'NONE', #788, 1000.000000000000000 ) ;
#764 = ORIENTED_EDGE ( 'NONE', *, *, #582, .T. ) ;
#765 = DIRECTION ( 'NONE',  ( 0.000000000000000000, 0.000000000000000000, -1.000000000000000000 ) ) ;
#766 = VERTEX_POINT ( 'NONE', #173 ) ;
#767 = AXIS2_PLACEMENT_3D ( 'NONE', #849, #1300, #1138 ) ;
#768 = ORIENTED_EDGE ( 'NONE', *, *, #903, .T. ) ;
#769 = EDGE_CURVE ( 'NONE', #1366, #1457, #580, .T. ) ;
#770 = CARTESIAN_POINT ( 'NONE',  ( 10.00000000000000000, 5.999999999999998224, 16.24999999999999645 ) ) ;
#771 = EDGE_CURVE ( 'NONE', #116, #1350, #252, .T. ) ;
#772 = LINE ( 'NONE', #209, #456 ) ;
#773 = LINE ( 'NONE', #1127, #396 ) ;
#774 = CARTESIAN_POINT ( 'NONE',  ( 14.99999999999999645, 15.00000000000000000, 18.92157287525381903 ) ) ;
#775 = CARTESIAN_POINT ( 'NONE',  ( -9.500000000000000000, 0.000000000000000000, -31.54999999999999361 ) ) ;
#776 = VERTEX_POINT ( 'NONE', #1905 ) ;
#777 = ORIENTED_EDGE ( 'NONE', *, *, #923, .T. ) ;
#778 = LINE ( 'NONE', #1385, #341 ) ;
#779 = EDGE_CURVE ( 'NONE', #1822, #1893, #1462, .T. ) ;
#780 = UNCERTAINTY_MEASURE_WITH_UNIT (LENGTH_MEASURE( 1.000000000000000082E-05 ), #1494, 'distance_accuracy_value', 'NONE');
#781 = DIRECTION ( 'NONE',  ( -0.000000000000000000, -1.000000000000000000, -0.000000000000000000 ) ) ;
#782 = CARTESIAN_POINT ( 'NONE',  ( -22.00000000000000355, 15.00000000000000000, -31.75000000000000000 ) ) ;
#783 = EDGE_CURVE ( 'NONE', #1684, #1251, #1323, .T. ) ;
#784 = FACE_OUTER_BOUND ( 'NONE', #724, .T. ) ;
#785 = CARTESIAN_POINT ( 'NONE',  ( 9.499999999999996447, 9.999999999999998224, 30.24999999999999645 ) ) ;
#786 = ORIENTED_EDGE ( 'NONE', *, *, #388, .T. ) ;
#787 = ORIENTED_EDGE ( 'NONE', *, *, #547, .F. ) ;
#788 = DIRECTION ( 'NONE',  ( -0.000000000000000000, 1.000000000000000000, -0.000000000000000000 ) ) ;
#789 = AXIS2_PLACEMENT_3D ( 'NONE', #1184, #156, #614 ) ;
#790 = AXIS2_PLACEMENT_3D ( 'NONE', #1120, #989, #268 ) ;
#791 = CARTESIAN_POINT ( 'NONE',  ( -4.999999999999998224, 0.000000000000000000, 33.00000000000000000 ) ) ;
#792 = DIRECTION ( 'NONE',  ( 1.000000000000000000, 0.000000000000000000, 1.156482317317871478E-16 ) ) ;
#793 = VECTOR ( 'NONE', #1768, 1000.000000000000000 ) ;
#794 = CARTESIAN_POINT ( 'NONE',  ( -9.500000000000001776, -0.0009999999999992653654, 30.24999999999999645 ) ) ;
#795 = PLANE ( 'NONE',  #42 ) ;
#796 = AXIS2_PLACEMENT_3D ( 'NONE', #506, #799, #1657 ) ;
#797 = ORIENTED_EDGE ( 'NONE', *, *, #1675, .T. ) ;
#798 = VERTEX_POINT ( 'NONE', #1325 ) ;
#799 = DIRECTION ( 'NONE',  ( 1.000000000000000000, 0.000000000000000000, 0.000000000000000000 ) ) ;
#800 = CARTESIAN_POINT ( 'NONE',  ( -9.500000000000001776, 15.00000000000000000, 28.64999999999999503 ) ) ;
#801 = DIRECTION ( 'NONE',  ( 1.000000000000000000, -0.000000000000000000, -0.000000000000000000 ) ) ;
#802 = EDGE_CURVE ( 'NONE', #1188, #845, #426, .T. ) ;
#803 = VERTEX_POINT ( 'NONE', #142 ) ;
#804 = CARTESIAN_POINT ( 'NONE',  ( -4.999999999999997335, 0.000000000000000000, -16.60000000000000497 ) ) ;
#805 = DIRECTION ( 'NONE',  ( 0.000000000000000000, 0.000000000000000000, -1.000000000000000000 ) ) ;
#806 = ORIENTED_EDGE ( 'NONE', *, *, #718, .F. ) ;
#807 = EDGE_LOOP ( 'NONE', ( #223, #837, #817, #558 ) ) ;
#808 = LINE ( 'NONE', #1561, #1699 ) ;
#809 = EDGE_CURVE ( 'NONE', #1055, #1142, #981, .T. ) ;
#810 = DIRECTION ( 'NONE',  ( -1.000000000000000000, 0.000000000000000000, -0.000000000000000000 ) ) ;
#811 = FACE_OUTER_BOUND ( 'NONE', #716, .T. ) ;
#812 = EDGE_CURVE ( 'NONE', #1333, #278, #157, .T. ) ;
#813 = DIRECTION ( 'NONE',  ( 0.000000000000000000, 0.000000000000000000, 1.000000000000000000 ) ) ;
#814 = CARTESIAN_POINT ( 'NONE',  ( -15.00000000000000355, 13.99999999999999822, 24.74999999999999289 ) ) ;
#815 = PRODUCT ( 'Servo Holder_Servo Holder', 'Servo Holder_Servo Holder', '', ( #288 ) ) ;
#816 = ADVANCED_FACE ( 'NONE', ( #1035 ), #1628, .F. ) ;
#817 = ORIENTED_EDGE ( 'NONE', *, *, #360, .T. ) ;
#818 = VERTEX_POINT ( 'NONE', #1346 ) ;
#819 = DIRECTION ( 'NONE',  ( -0.000000000000000000, 9.637352644315594010E-17, -1.000000000000000000 ) ) ;
#820 = CARTESIAN_POINT ( 'NONE',  ( -15.00000000000000355, 15.00000000000000000, 18.92157287525381903 ) ) ;
#821 = DIRECTION ( 'NONE',  ( -0.000000000000000000, 1.000000000000000000, -0.000000000000000000 ) ) ;
#822 = CARTESIAN_POINT ( 'NONE',  ( 9.999999999999996447, 8.000000000000000000, 29.50000000000000000 ) ) ;
#823 = CARTESIAN_POINT ( 'NONE',  ( -15.00000000000000178, 15.00000000000000000, 16.24999999999999289 ) ) ;
#824 = AXIS2_PLACEMENT_3D ( 'NONE', #1135, #1453, #1857 ) ;
#825 = EDGE_LOOP ( 'NONE', ( #1024, #438, #358, #1759 ) ) ;
#826 = AXIS2_PLACEMENT_3D ( 'NONE', #1842, #901, #183 ) ;
#827 = CIRCLE ( 'NONE', #648, 1.600000000000000755 ) ;
#828 = ORIENTED_EDGE ( 'NONE', *, *, #1460, .F. ) ;
#829 = CARTESIAN_POINT ( 'NONE',  ( -9.500000000000001776, -0.0009999999999992653654, 30.24999999999999645 ) ) ;
#830 = CIRCLE ( 'NONE', #1204, 1.600000000000000755 ) ;
#831 = EDGE_CURVE ( 'NONE', #284, #408, #1491, .T. ) ;
#832 = DIRECTION ( 'NONE',  ( 0.000000000000000000, 1.000000000000000000, -6.938893903907228378E-16 ) ) ;
#833 = CYLINDRICAL_SURFACE ( 'NONE', #1749, 1.600000000000000755 ) ;
#834 = DIRECTION ( 'NONE',  ( -4.231032868236114925E-17, 0.000000000000000000, 1.000000000000000000 ) ) ;
#835 = DIRECTION ( 'NONE',  ( 0.000000000000000000, 0.000000000000000000, 1.000000000000000000 ) ) ;
#836 = ORIENTED_EDGE ( 'NONE', *, *, #1132, .F. ) ;
#837 = ORIENTED_EDGE ( 'NONE', *, *, #514, .T. ) ;
#838 = EDGE_CURVE ( 'NONE', #1394, #67, #1001, .T. ) ;
#839 = DIRECTION ( 'NONE',  ( -1.000000000000000000, 0.000000000000000000, 0.000000000000000000 ) ) ;
#840 = CARTESIAN_POINT ( 'NONE',  ( -15.00000000000000178, 15.00000000000000000, -36.25000000000000000 ) ) ;
#841 = EDGE_CURVE ( 'NONE', #1778, #1684, #318, .T. ) ;
#842 = CARTESIAN_POINT ( 'NONE',  ( 14.99999999999999645, 15.00000000000000000, -31.75000000000000711 ) ) ;
#843 = DIRECTION ( 'NONE',  ( 1.000000000000000000, -0.000000000000000000, -0.000000000000000000 ) ) ;
#844 = ORIENTED_EDGE ( 'NONE', *, *, #1837, .F. ) ;
#845 = VERTEX_POINT ( 'NONE', #275 ) ;
#846 = DIRECTION ( 'NONE',  ( 0.000000000000000000, 0.000000000000000000, -1.000000000000000000 ) ) ;
#847 = DIRECTION ( 'NONE',  ( -0.000000000000000000, 1.000000000000000000, -0.000000000000000000 ) ) ;
#848 = DIRECTION ( 'NONE',  ( 0.000000000000000000, 0.000000000000000000, 1.000000000000000000 ) ) ;
#849 = CARTESIAN_POINT ( 'NONE',  ( -4.999999999999997335, 15.00099999999999945, -15.00000000000000355 ) ) ;
#850 = VERTEX_POINT ( 'NONE', #1452 ) ;
#851 = EDGE_CURVE ( 'NONE', #1022, #1653, #712, .T. ) ;
#852 = ORIENTED_EDGE ( 'NONE', *, *, #393, .T. ) ;
#853 = VECTOR ( 'NONE', #1068, 1000.000000000000000 ) ;
#854 = CIRCLE ( 'NONE', #1081, 2.999999999999999112 ) ;
#855 = LINE ( 'NONE', #864, #368 ) ;
#856 = AXIS2_PLACEMENT_3D ( 'NONE', #785, #1224, #1674 ) ;
#857 = FACE_BOUND ( 'NONE', #721, .T. ) ;
#858 = ORIENTED_EDGE ( 'NONE', *, *, #78, .T. ) ;
#859 = EDGE_CURVE ( 'NONE', #284, #1678, #1638, .T. ) ;
#860 = DIRECTION ( 'NONE',  ( 0.000000000000000000, 0.000000000000000000, -1.000000000000000000 ) ) ;
#861 = DIRECTION ( 'NONE',  ( 0.000000000000000000, 1.000000000000000000, 0.000000000000000000 ) ) ;
#862 = ORIENTED_EDGE ( 'NONE', *, *, #1309, .F. ) ;
#863 = LINE ( 'NONE', #526, #1856 ) ;
#864 = CARTESIAN_POINT ( 'NONE',  ( 9.499999999999996447, -0.0009999999999992653654, 31.84999999999999787 ) ) ;
#865 = DIRECTION ( 'NONE',  ( 0.000000000000000000, 0.000000000000000000, 1.000000000000000000 ) ) ;
#866 = VERTEX_POINT ( 'NONE', #333 ) ;
#867 = DIRECTION ( 'NONE',  ( 0.000000000000000000, 0.000000000000000000, 1.000000000000000000 ) ) ;
#868 = FILL_AREA_STYLE_COLOUR ( '', #397 ) ;
#869 = EDGE_CURVE ( 'NONE', #1771, #877, #778, .T. ) ;
#870 = ORIENTED_EDGE ( 'NONE', *, *, #186, .F. ) ;
#871 = CARTESIAN_POINT ( 'NONE',  ( -9.500000000000001776, 9.999999999999998224, 28.64999999999999503 ) ) ;
#872 = ORIENTED_EDGE ( 'NONE', *, *, #903, .F. ) ;
#873 = DIRECTION ( 'NONE',  ( -0.000000000000000000, -1.000000000000000000, -0.000000000000000000 ) ) ;
#874 = ORIENTED_EDGE ( 'NONE', *, *, #378, .F. ) ;
#875 = DIRECTION ( 'NONE',  ( 1.000000000000000000, -0.000000000000000000, -0.000000000000000000 ) ) ;
#876 = FACE_OUTER_BOUND ( 'NONE', #177, .T. ) ;
#877 = VERTEX_POINT ( 'NONE', #925 ) ;
#878 = CARTESIAN_POINT ( 'NONE',  ( 9.999999999999998224, 8.000000000000000000, -11.50000000000000355 ) ) ;
#879 = VERTEX_POINT ( 'NONE', #68 ) ;
#880 = ORIENTED_EDGE ( 'NONE', *, *, #1238, .F. ) ;
#881 = LINE ( 'NONE', #1305, #1289 ) ;
#882 = AXIS2_PLACEMENT_3D ( 'NONE', #1172, #287, #12 ) ;
#883 = ORIENTED_EDGE ( 'NONE', *, *, #1378, .T. ) ;
#884 = VECTOR ( 'NONE', #219, 1000.000000000000000 ) ;
#885 = DIRECTION ( 'NONE',  ( -0.000000000000000000, -1.000000000000000000, -0.000000000000000000 ) ) ;
#886 = DIRECTION ( 'NONE',  ( 0.000000000000000000, -1.000000000000000000, 0.000000000000000000 ) ) ;
#887 = ORIENTED_EDGE ( 'NONE', *, *, #749, .T. ) ;
#888 = DIRECTION ( 'NONE',  ( 0.000000000000000000, 0.000000000000000000, 1.000000000000000000 ) ) ;
#889 = EDGE_CURVE ( 'NONE', #1567, #1092, #854, .T. ) ;
#890 = ORIENTED_EDGE ( 'NONE', *, *, #74, .T. ) ;
#891 = CARTESIAN_POINT ( 'NONE',  ( -15.00000000000000178, 13.99999999999999822, -27.24999999999999645 ) ) ;
#892 = ADVANCED_FACE ( 'NONE', ( #1228, #911, #1802 ), #1679, .F. ) ;
#893 = CARTESIAN_POINT ( 'NONE',  ( -4.999999999999998224, 4.999999999999999112, 31.40000000000000568 ) ) ;
#894 = CYLINDRICAL_SURFACE ( 'NONE', #1041, 1.600000000000000755 ) ;
#895 = ORIENTED_EDGE ( 'NONE', *, *, #248, .F. ) ;
#896 = DIRECTION ( 'NONE',  ( -0.000000000000000000, 1.000000000000000000, -0.000000000000000000 ) ) ;
#897 = EDGE_LOOP ( 'NONE', ( #1131, #1785, #1438, #1810 ) ) ;
#898 = ORIENTED_EDGE ( 'NONE', *, *, #1097, .T. ) ;
#899 = CARTESIAN_POINT ( 'NONE',  ( -15.00000000000000355, 10.00000000000000000, 27.24999999999999289 ) ) ;
#900 = APPLICATION_PROTOCOL_DEFINITION ( 'draft international standard', 'automotive_design', 1998, #1793 ) ;
#901 = DIRECTION ( 'NONE',  ( 0.000000000000000000, -1.000000000000000000, -0.000000000000000000 ) ) ;
#902 = PRESENTATION_STYLE_ASSIGNMENT (( #1052 ) ) ;
#903 = EDGE_CURVE ( 'NONE', #1198, #693, #180, .T. ) ;
#904 = ORIENTED_EDGE ( 'NONE', *, *, #812, .F. ) ;
#905 = CARTESIAN_POINT ( 'NONE',  ( -15.00000000000000178, 13.99999999999999822, -21.24999999999999645 ) ) ;
#906 = ORIENTED_EDGE ( 'NONE', *, *, #995, .T. ) ;
#907 = ADVANCED_FACE ( 'NONE', ( #1823 ), #1396, .F. ) ;
#908 = EDGE_CURVE ( 'NONE', #1529, #1405, #1686, .T. ) ;
#909 = ORIENTED_EDGE ( 'NONE', *, *, #1202, .T. ) ;
#910 = AXIS2_PLACEMENT_3D ( 'NONE', #22, #865, #1906 ) ;
#911 = FACE_BOUND ( 'NONE', #239, .T. ) ;
#912 = VECTOR ( 'NONE', #167, 1000.000000000000000 ) ;
#913 = VECTOR ( 'NONE', #1036, 1000.000000000000000 ) ;
#914 = CARTESIAN_POINT ( 'NONE',  ( -9.500000000000000000, -0.0009999999999992653654, -33.14999999999999147 ) ) ;
#915 = VECTOR ( 'NONE', #372, 1000.000000000000000 ) ;
#916 = DIRECTION ( 'NONE',  ( -0.000000000000000000, 1.000000000000000000, -0.000000000000000000 ) ) ;
#917 = CIRCLE ( 'NONE', #732, 1.600000000000000755 ) ;
#918 = ORIENTED_EDGE ( 'NONE', *, *, #1502, .T. ) ;
#919 = CARTESIAN_POINT ( 'NONE',  ( -15.00000000000000178, 15.00000000000000000, -18.75000000000000711 ) ) ;
#920 = CIRCLE ( 'NONE', #432, 1.600000000000000755 ) ;
#921 = EDGE_CURVE ( 'NONE', #776, #1156, #827, .T. ) ;
#922 = ORIENTED_EDGE ( 'NONE', *, *, #27, .T. ) ;
#923 = EDGE_CURVE ( 'NONE', #265, #1217, #1501, .T. ) ;
#924 = ORIENTED_EDGE ( 'NONE', *, *, #1506, .F. ) ;
#925 = CARTESIAN_POINT ( 'NONE',  ( 9.999999999999996447, 8.000000000000000000, 16.24999999999999645 ) ) ;
#926 = DIRECTION ( 'NONE',  ( -0.000000000000000000, 1.000000000000000000, -0.000000000000000000 ) ) ;
#927 = CARTESIAN_POINT ( 'NONE',  ( 9.999999999999996447, 4.999999999999999112, 29.50000000000000000 ) ) ;
#928 = CARTESIAN_POINT ( 'NONE',  ( 14.99999999999999645, 7.999999999999998224, -31.75000000000000000 ) ) ;
#929 = DIRECTION ( 'NONE',  ( 0.000000000000000000, -1.000000000000000000, 0.000000000000000000 ) ) ;
#930 = ORIENTED_EDGE ( 'NONE', *, *, #151, .F. ) ;
#931 = VERTEX_POINT ( 'NONE', #1201 ) ;
#932 = CARTESIAN_POINT ( 'NONE',  ( -9.500000000000001776, -0.0009999999999992653654, 31.84999999999999787 ) ) ;
#933 = DIRECTION ( 'NONE',  ( 0.000000000000000000, -1.000000000000000000, 0.000000000000000000 ) ) ;
#934 = CARTESIAN_POINT ( 'NONE',  ( -15.00000000000000178, 5.999999999999998224, 16.24999999999999289 ) ) ;
#935 = CARTESIAN_POINT ( 'NONE',  ( 9.999999999999998224, 5.000000000000000000, 27.24999999999999645 ) ) ;
#936 = CARTESIAN_POINT ( 'NONE',  ( 5.000000000000002665, 0.000000000000000000, -15.00000000000000355 ) ) ;
#937 = VERTEX_POINT ( 'NONE', #770 ) ;
#938 = EDGE_LOOP ( 'NONE', ( #674, #533 ) ) ;
#939 = DIRECTION ( 'NONE',  ( 0.000000000000000000, 0.000000000000000000, -1.000000000000000000 ) ) ;
#940 =( GEOMETRIC_REPRESENTATION_CONTEXT ( 3 ) GLOBAL_UNCERTAINTY_ASSIGNED_CONTEXT ( ( #780 ) ) GLOBAL_UNIT_ASSIGNED_CONTEXT ( ( #1494, #1504, #1796 ) ) REPRESENTATION_CONTEXT ( 'NONE', 'WORKASPACE' ) );
#941 = CIRCLE ( 'NONE', #790, 2.999999999999999112 ) ;
#942 = LINE ( 'NONE', #328, #277 ) ;
#943 = EDGE_CURVE ( 'NONE', #298, #1086, #352, .T. ) ;
#944 = CARTESIAN_POINT ( 'NONE',  ( -4.999999999999997335, 5.999999999999998224, -13.40000000000000036 ) ) ;
#945 = ORIENTED_EDGE ( 'NONE', *, *, #1328, .T. ) ;
#946 = VECTOR ( 'NONE', #781, 1000.000000000000000 ) ;
#947 = PLANE ( 'NONE',  #1880 ) ;
#948 = LINE ( 'NONE', #1548, #342 ) ;
#949 = AXIS2_PLACEMENT_3D ( 'NONE', #471, #1654, #765 ) ;
#950 = ORIENTED_EDGE ( 'NONE', *, *, #571, .T. ) ;
#951 = AXIS2_PLACEMENT_3D ( 'NONE', #997, #683, #1456 ) ;
#952 = EDGE_CURVE ( 'NONE', #1055, #818, #628, .T. ) ;
#953 = ORIENTED_EDGE ( 'NONE', *, *, #664, .F. ) ;
#954 = CARTESIAN_POINT ( 'NONE',  ( -4.999999999999998224, 15.00099999999999945, 34.60000000000000142 ) ) ;
#955 = DIRECTION ( 'NONE',  ( -1.000000000000000000, 0.000000000000000000, 0.000000000000000000 ) ) ;
#956 = DIRECTION ( 'NONE',  ( 0.000000000000000000, 0.000000000000000000, -1.000000000000000000 ) ) ;
#957 = ORIENTED_EDGE ( 'NONE', *, *, #308, .T. ) ;
#958 = EDGE_CURVE ( 'NONE', #1485, #1086, #326, .T. ) ;
#959 = CYLINDRICAL_SURFACE ( 'NONE', #1261, 2.999999999999992450 ) ;
#960 = DIRECTION ( 'NONE',  ( 0.000000000000000000, 0.000000000000000000, -1.000000000000000000 ) ) ;
#961 = ORIENTED_EDGE ( 'NONE', *, *, #1303, .T. ) ;
#962 = VERTEX_POINT ( 'NONE', #1220 ) ;
#963 = EDGE_CURVE ( 'NONE', #18, #1521, #1730, .T. ) ;
#964 = DIRECTION ( 'NONE',  ( -0.000000000000000000, 1.000000000000000000, -0.000000000000000000 ) ) ;
#965 = LINE ( 'NONE', #820, #1481 ) ;
#966 = FACE_OUTER_BOUND ( 'NONE', #1505, .T. ) ;
#967 = DIRECTION ( 'NONE',  ( 0.000000000000000000, -1.000000000000000000, 0.000000000000000000 ) ) ;
#968 = CARTESIAN_POINT ( 'NONE',  ( -10.50000000000000711, 4.999999999999999112, 29.50000000000000000 ) ) ;
#969 = ORIENTED_EDGE ( 'NONE', *, *, #1806, .T. ) ;
#970 = AXIS2_PLACEMENT_3D ( 'NONE', #934, #373, #792 ) ;
#971 = EDGE_LOOP ( 'NONE', ( #557, #525 ) ) ;
#972 = FACE_OUTER_BOUND ( 'NONE', #1123, .T. ) ;
#973 = CARTESIAN_POINT ( 'NONE',  ( -18.49999999999999645, 11.49999999999999822, -36.25000000000000000 ) ) ;
#974 = AXIS2_PLACEMENT_3D ( 'NONE', #840, #1435, #1711 ) ;
#975 = LINE ( 'NONE', #276, #1356 ) ;
#976 = PLANE ( 'NONE',  #1850 ) ;
#977 = CIRCLE ( 'NONE', #1693, 2.999999999999999112 ) ;
#978 = DIRECTION ( 'NONE',  ( 0.000000000000000000, 0.000000000000000000, -1.000000000000000000 ) ) ;
#979 = VECTOR ( 'NONE', #1900, 1000.000000000000000 ) ;
#980 = ORIENTED_EDGE ( 'NONE', *, *, #1878, .T. ) ;
#981 = CIRCLE ( 'NONE', #882, 1.600000000000000755 ) ;
#982 = EDGE_CURVE ( 'NONE', #1508, #1767, #1358, .T. ) ;
#983 = CIRCLE ( 'NONE', #160, 2.999999999999992450 ) ;
#984 = ORIENTED_EDGE ( 'NONE', *, *, #1103, .T. ) ;
#985 = VECTOR ( 'NONE', #556, 1000.000000000000000 ) ;
#986 = EDGE_CURVE ( 'NONE', #199, #1124, #208, .T. ) ;
#987 = DIRECTION ( 'NONE',  ( 0.000000000000000000, 0.000000000000000000, -1.000000000000000000 ) ) ;
#988 = DIRECTION ( 'NONE',  ( 0.000000000000000000, 0.000000000000000000, -1.000000000000000000 ) ) ;
#989 = DIRECTION ( 'NONE',  ( 1.000000000000000000, -0.000000000000000000, 0.000000000000000000 ) ) ;
#990 = DIRECTION ( 'NONE',  ( 0.000000000000000000, 0.000000000000000000, -1.000000000000000000 ) ) ;
#991 = ORIENTED_EDGE ( 'NONE', *, *, #1660, .F. ) ;
#992 = ORIENTED_EDGE ( 'NONE', *, *, #1262, .F. ) ;
#993 = CARTESIAN_POINT ( 'NONE',  ( 14.99999999999999645, 15.00000000000000000, -21.42157287525381193 ) ) ;
#994 = DIRECTION ( 'NONE',  ( -0.000000000000000000, 1.000000000000000000, -0.000000000000000000 ) ) ;
#995 = EDGE_CURVE ( 'NONE', #135, #709, #1240, .T. ) ;
#996 = CARTESIAN_POINT ( 'NONE',  ( -15.00000000000000178, 15.00000000000000000, 36.25000000000000000 ) ) ;
#997 = CARTESIAN_POINT ( 'NONE',  ( -4.999999999999998224, 4.999999999999999112, 33.00000000000000000 ) ) ;
#998 = EDGE_LOOP ( 'NONE', ( #1345, #806 ) ) ;
#999 = EDGE_LOOP ( 'NONE', ( #597, #755, #1306, #700 ) ) ;
#1000 = EDGE_CURVE ( 'NONE', #1508, #879, #467, .T. ) ;
#1001 = LINE ( 'NONE', #455, #1013 ) ;
#1002 = FACE_BOUND ( 'NONE', #450, .T. ) ;
#1003 = AXIS2_PLACEMENT_3D ( 'NONE', #336, #916, #1518 ) ;
#1004 = EDGE_LOOP ( 'NONE', ( #1140, #483, #661, #1412 ) ) ;
#1005 = DIRECTION ( 'NONE',  ( 0.000000000000000000, 1.000000000000000000, 0.000000000000000000 ) ) ;
#1006 = DIRECTION ( 'NONE',  ( -0.000000000000000000, 1.000000000000000000, -0.000000000000000000 ) ) ;
#1007 = VECTOR ( 'NONE', #1222, 1000.000000000000000 ) ;
#1008 = ORIENTED_EDGE ( 'NONE', *, *, #1015, .T. ) ;
#1009 = DIRECTION ( 'NONE',  ( -0.000000000000000000, -1.000000000000000000, -0.000000000000000000 ) ) ;
#1010 = ORIENTED_EDGE ( 'NONE', *, *, #1837, .T. ) ;
#1011 = VECTOR ( 'NONE', #595, 1000.000000000000000 ) ;
#1012 = ORIENTED_EDGE ( 'NONE', *, *, #1647, .F. ) ;
#1013 = VECTOR ( 'NONE', #1640, 1000.000000000000000 ) ;
#1014 = VECTOR ( 'NONE', #678, 1000.000000000000000 ) ;
#1015 = EDGE_CURVE ( 'NONE', #191, #1251, #1415, .T. ) ;
#1016 = DIRECTION ( 'NONE',  ( 0.000000000000000000, 0.000000000000000000, -1.000000000000000000 ) ) ;
#1017 = CIRCLE ( 'NONE', #192, 1.600000000000000755 ) ;
#1018 = LINE ( 'NONE', #307, #913 ) ;
#1019 = ORIENTED_EDGE ( 'NONE', *, *, #1058, .T. ) ;
#1020 = CARTESIAN_POINT ( 'NONE',  ( -10.50000000000000178, 0.000000000000000000, -11.50000000000000355 ) ) ;
#1021 = CARTESIAN_POINT ( 'NONE',  ( 9.999999999999994671, 5.999999999999998224, -11.50000000000000355 ) ) ;
#1022 = VERTEX_POINT ( 'NONE', #1125 ) ;
#1023 = DIRECTION ( 'NONE',  ( -0.000000000000000000, 1.000000000000000000, -0.000000000000000000 ) ) ;
#1024 = ORIENTED_EDGE ( 'NONE', *, *, #1460, .T. ) ;
#1025 = VERTEX_POINT ( 'NONE', #1115 ) ;
#1026 = DIRECTION ( 'NONE',  ( 1.000000000000000000, -0.000000000000000000, -0.000000000000000000 ) ) ;
#1027 = ORIENTED_EDGE ( 'NONE', *, *, #442, .T. ) ;
#1028 = CARTESIAN_POINT ( 'NONE',  ( 5.000000000000002665, 5.999999999999998224, -16.60000000000000497 ) ) ;
#1029 = CARTESIAN_POINT ( 'NONE',  ( -15.00000000000000178, 0.000000000000000000, 36.25000000000000000 ) ) ;
#1030 = ORIENTED_EDGE ( 'NONE', *, *, #1218, .F. ) ;
#1031 = CARTESIAN_POINT ( 'NONE',  ( 14.99999999999999645, 10.00000000000000000, 27.24999999999999289 ) ) ;
#1032 = ORIENTED_EDGE ( 'NONE', *, *, #1876, .F. ) ;
#1033 = ORIENTED_EDGE ( 'NONE', *, *, #812, .T. ) ;
#1034 = ADVANCED_FACE ( 'NONE', ( #1708 ), #251, .F. ) ;
#1035 = FACE_OUTER_BOUND ( 'NONE', #1888, .T. ) ;
#1036 = DIRECTION ( 'NONE',  ( 9.912705577010324563E-16, -1.000000000000000000, 0.000000000000000000 ) ) ;
#1037 = ORIENTED_EDGE ( 'NONE', *, *, #1819, .F. ) ;
#1038 = CARTESIAN_POINT ( 'NONE',  ( 5.000000000000002665, 0.000000000000000000, -13.40000000000000036 ) ) ;
#1039 = DIRECTION ( 'NONE',  ( -9.912705577010324563E-16, 1.000000000000000000, 0.000000000000000000 ) ) ;
#1040 = ORIENTED_EDGE ( 'NONE', *, *, #466, .T. ) ;
#1041 = AXIS2_PLACEMENT_3D ( 'NONE', #596, #25, #1487 ) ;
#1042 = FACE_OUTER_BOUND ( 'NONE', #1550, .T. ) ;
#1043 = ORIENTED_EDGE ( 'NONE', *, *, #503, .F. ) ;
#1044 = ORIENTED_EDGE ( 'NONE', *, *, #1402, .F. ) ;
#1045 = AXIS2_PLACEMENT_3D ( 'NONE', #299, #875, #345 ) ;
#1046 = EDGE_CURVE ( 'NONE', #39, #317, #229, .T. ) ;
#1047 = AXIS2_PLACEMENT_3D ( 'NONE', #202, #61, #1229 ) ;
#1048 = FACE_OUTER_BOUND ( 'NONE', #825, .T. ) ;
#1049 = AXIS2_PLACEMENT_3D ( 'NONE', #261, #987, #810 ) ;
#1050 = CIRCLE ( 'NONE', #1514, 1.600000000000000755 ) ;
#1051 = LINE ( 'NONE', #1020, #1320 ) ;
#1052 = SURFACE_STYLE_USAGE ( .BOTH. , #320 ) ;
#1053 = ORIENTED_EDGE ( 'NONE', *, *, #1291, .T. ) ;
#1054 = LINE ( 'NONE', #878, #676 ) ;
#1055 = VERTEX_POINT ( 'NONE', #1102 ) ;
#1056 = EDGE_LOOP ( 'NONE', ( #1478, #961, #1165, #1314 ) ) ;
#1057 = CARTESIAN_POINT ( 'NONE',  ( 14.99999999999999645, 13.99999999999999822, -24.24999999999999645 ) ) ;
#1058 = EDGE_CURVE ( 'NONE', #1629, #850, #686, .T. ) ;
#1059 = CARTESIAN_POINT ( 'NONE',  ( -4.999999999999997335, 15.00099999999999945, -16.60000000000000497 ) ) ;
#1060 = PLANE ( 'NONE',  #789 ) ;
#1061 = ADVANCED_FACE ( 'NONE', ( #390 ), #1279, .T. ) ;
#1062 = ORIENTED_EDGE ( 'NONE', *, *, #1364, .T. ) ;
#1063 = CARTESIAN_POINT ( 'NONE',  ( -15.00000000000000178, 0.000000000000000000, -36.25000000000000000 ) ) ;
#1064 = ORIENTED_EDGE ( 'NONE', *, *, #253, .T. ) ;
#1065 = ORIENTED_EDGE ( 'NONE', *, *, #1564, .T. ) ;
#1066 = CARTESIAN_POINT ( 'NONE',  ( 5.000000000000002665, 15.00099999999999945, 33.00000000000000000 ) ) ;
#1067 = EDGE_CURVE ( 'NONE', #191, #1778, #1171, .T. ) ;
#1068 = DIRECTION ( 'NONE',  ( -0.000000000000000000, -0.000000000000000000, 1.000000000000000000 ) ) ;
#1069 = FACE_OUTER_BOUND ( 'NONE', #1701, .T. ) ;
#1070 = CARTESIAN_POINT ( 'NONE',  ( -15.00000000000000355, 13.99999999999999822, 21.75000000000000355 ) ) ;
#1071 = LINE ( 'NONE', #1818, #405 ) ;
#1072 = ORIENTED_EDGE ( 'NONE', *, *, #1291, .F. ) ;
#1073 = EDGE_LOOP ( 'NONE', ( #1568, #1012, #329, #1831 ) ) ;
#1074 = ORIENTED_EDGE ( 'NONE', *, *, #1664, .T. ) ;
#1075 = CARTESIAN_POINT ( 'NONE',  ( 21.99999999999999645, 14.99999999999999822, -31.75000000000000000 ) ) ;
#1076 = AXIS2_PLACEMENT_3D ( 'NONE', #1205, #1795, #742 ) ;
#1077 = ADVANCED_FACE ( 'NONE', ( #972 ), #1760, .F. ) ;
#1078 = CARTESIAN_POINT ( 'NONE',  ( 5.000000000000002665, 4.999999999999999112, 31.40000000000000568 ) ) ;
#1079 = AXIS2_PLACEMENT_3D ( 'NONE', #88, #117, #839 ) ;
#1080 = LINE ( 'NONE', #516, #1592 ) ;
#1081 = AXIS2_PLACEMENT_3D ( 'NONE', #1057, #1368, #50 ) ;
#1082 = FACE_BOUND ( 'NONE', #143, .T. ) ;
#1083 = CARTESIAN_POINT ( 'NONE',  ( 5.000000000000002665, 0.000000000000000000, -16.60000000000000497 ) ) ;
#1084 = VECTOR ( 'NONE', #843, 1000.000000000000000 ) ;
#1085 = ORIENTED_EDGE ( 'NONE', *, *, #1733, .F. ) ;
#1086 = VERTEX_POINT ( 'NONE', #107 ) ;
#1087 = DIRECTION ( 'NONE',  ( 0.000000000000000000, 0.000000000000000000, 1.000000000000000000 ) ) ;
#1088 = CYLINDRICAL_SURFACE ( 'NONE', #339, 1.600000000000000755 ) ;
#1089 = DIRECTION ( 'NONE',  ( 0.000000000000000000, -0.000000000000000000, -1.000000000000000000 ) ) ;
#1090 = LINE ( 'NONE', #928, #609 ) ;
#1091 = CARTESIAN_POINT ( 'NONE',  ( 14.99999999999999645, 13.99999999999999822, 21.75000000000000355 ) ) ;
#1092 = VERTEX_POINT ( 'NONE', #1427 ) ;
#1093 = ORIENTED_EDGE ( 'NONE', *, *, #802, .T. ) ;
#1094 = DIRECTION ( 'NONE',  ( 9.912705577010324563E-16, -1.000000000000000000, 0.000000000000000000 ) ) ;
#1095 = FACE_OUTER_BOUND ( 'NONE', #139, .T. ) ;
#1096 = FACE_OUTER_BOUND ( 'NONE', #207, .T. ) ;
#1097 = EDGE_CURVE ( 'NONE', #798, #1508, #808, .T. ) ;
#1098 = FACE_OUTER_BOUND ( 'NONE', #1648, .T. ) ;
#1099 = DIRECTION ( 'NONE',  ( -0.000000000000000000, -0.000000000000000000, 1.000000000000000000 ) ) ;
#1100 = ORIENTED_EDGE ( 'NONE', *, *, #921, .T. ) ;
#1101 = ORIENTED_EDGE ( 'NONE', *, *, #1535, .F. ) ;
#1102 = CARTESIAN_POINT ( 'NONE',  ( -9.500000000000001776, 9.999999999999998224, 31.84999999999999787 ) ) ;
#1103 = EDGE_CURVE ( 'NONE', #1092, #171, #541, .T. ) ;
#1104 = VECTOR ( 'NONE', #586, 1000.000000000000000 ) ;
#1105 = AXIS2_PLACEMENT_3D ( 'NONE', #1145, #420, #127 ) ;
#1106 = DIRECTION ( 'NONE',  ( 0.000000000000000000, 0.000000000000000000, 1.000000000000000000 ) ) ;
#1107 = CARTESIAN_POINT ( 'NONE',  ( -15.00000000000000355, 15.00000000000000000, 18.92157287525381903 ) ) ;
#1108 = ORIENTED_EDGE ( 'NONE', *, *, #1274, .F. ) ;
#1109 = AXIS2_PLACEMENT_3D ( 'NONE', #353, #1377, #515 ) ;
#1110 = FACE_BOUND ( 'NONE', #1318, .T. ) ;
#1111 = LINE ( 'NONE', #1704, #1825 ) ;
#1112 = ORIENTED_EDGE ( 'NONE', *, *, #613, .F. ) ;
#1113 = VECTOR ( 'NONE', #663, 1000.000000000000000 ) ;
#1114 = ORIENTED_EDGE ( 'NONE', *, *, #1159, .T. ) ;
#1115 = CARTESIAN_POINT ( 'NONE',  ( -4.999999999999997335, 5.999999999999998224, -16.60000000000000497 ) ) ;
#1116 = CARTESIAN_POINT ( 'NONE',  ( -9.500000000000000000, 15.00000000000000000, -33.14999999999999147 ) ) ;
#1117 = PLANE ( 'NONE',  #149 ) ;
#1118 = ADVANCED_FACE ( 'NONE', ( #1747 ), #371, .F. ) ;
#1119 = EDGE_CURVE ( 'NONE', #1620, #931, #285, .T. ) ;
#1120 = CARTESIAN_POINT ( 'NONE',  ( -15.00000000000000178, 13.99999999999999822, -24.24999999999999645 ) ) ;
#1121 = DIRECTION ( 'NONE',  ( -1.000000000000000000, -0.000000000000000000, -0.000000000000000000 ) ) ;
#1122 = EDGE_CURVE ( 'NONE', #1529, #187, #863, .T. ) ;
#1123 = EDGE_LOOP ( 'NONE', ( #1216, #1809, #1861, #583 ) ) ;
#1124 = VERTEX_POINT ( 'NONE', #1458 ) ;
#1125 = CARTESIAN_POINT ( 'NONE',  ( 9.999999999999996447, 0.000000000000000000, 29.50000000000000000 ) ) ;
#1126 = DIRECTION ( 'NONE',  ( -0.000000000000000000, -1.000000000000000000, -0.000000000000000000 ) ) ;
#1127 = CARTESIAN_POINT ( 'NONE',  ( 22.00000000000000355, 7.999999999999996447, -31.75000000000000000 ) ) ;
#1128 = CARTESIAN_POINT ( 'NONE',  ( 9.499999999999996447, -0.0009999999999992653654, 30.24999999999999645 ) ) ;
#1129 = CARTESIAN_POINT ( 'NONE',  ( 9.499999999999996447, -0.0009999999999992653654, -31.54999999999999361 ) ) ;
#1130 = EDGE_CURVE ( 'NONE', #1333, #1354, #513, .T. ) ;
#1131 = ORIENTED_EDGE ( 'NONE', *, *, #1506, .T. ) ;
#1132 = EDGE_CURVE ( 'NONE', #1797, #877, #140, .T. ) ;
#1133 = VECTOR ( 'NONE', #362, 1000.000000000000000 ) ;
#1134 = FACE_OUTER_BOUND ( 'NONE', #1382, .T. ) ;
#1135 = CARTESIAN_POINT ( 'NONE',  ( 5.000000000000002665, 0.000000000000000000, 33.00000000000000000 ) ) ;
#1136 = CIRCLE ( 'NONE', #305, 2.999999999999992450 ) ;
#1137 = CARTESIAN_POINT ( 'NONE',  ( -15.00000000000000178, 5.999999999999998224, 16.24999999999999289 ) ) ;
#1138 = DIRECTION ( 'NONE',  ( 0.000000000000000000, 0.000000000000000000, -1.000000000000000000 ) ) ;
#1139 = VECTOR ( 'NONE', #1192, 1000.000000000000000 ) ;
#1140 = ORIENTED_EDGE ( 'NONE', *, *, #1236, .F. ) ;
#1141 = AXIS2_PLACEMENT_3D ( 'NONE', #381, #1871, #1157 ) ;
#1142 = VERTEX_POINT ( 'NONE', #871 ) ;
#1143 = CARTESIAN_POINT ( 'NONE',  ( -9.500000000000000000, 0.000000000000000000, -33.14999999999999147 ) ) ;
#1144 = LINE ( 'NONE', #111, #577 ) ;
#1145 = CARTESIAN_POINT ( 'NONE',  ( -9.500000000000000000, 0.000000000000000000, -31.54999999999999361 ) ) ;
#1146 = FACE_OUTER_BOUND ( 'NONE', #227, .T. ) ;
#1147 = ORIENTED_EDGE ( 'NONE', *, *, #1791, .F. ) ;
#1148 = ADVANCED_FACE ( 'NONE', ( #717 ), #1311, .F. ) ;
#1149 = ORIENTED_EDGE ( 'NONE', *, *, #698, .T. ) ;
#1150 = DIRECTION ( 'NONE',  ( 0.000000000000000000, 0.000000000000000000, -1.000000000000000000 ) ) ;
#1151 = DIRECTION ( 'NONE',  ( 0.000000000000000000, 0.000000000000000000, -1.000000000000000000 ) ) ;
#1152 = ORIENTED_EDGE ( 'NONE', *, *, #473, .F. ) ;
#1153 = CARTESIAN_POINT ( 'NONE',  ( 9.499999999999996447, 0.000000000000000000, -33.14999999999999147 ) ) ;
#1154 = CARTESIAN_POINT ( 'NONE',  ( 14.99999999999999645, 7.999999999999998224, -36.25000000000000000 ) ) ;
#1155 = ADVANCED_FACE ( 'NONE', ( #1552 ), #87, .F. ) ;
#1156 = VERTEX_POINT ( 'NONE', #1187 ) ;
#1157 = DIRECTION ( 'NONE',  ( 1.000000000000000000, -2.478176394252579662E-16, 0.000000000000000000 ) ) ;
#1158 = ADVANCED_FACE ( 'NONE', ( #1625 ), #1467, .F. ) ;
#1159 = EDGE_CURVE ( 'NONE', #1822, #1188, #1050, .T. ) ;
#1160 = DIRECTION ( 'NONE',  ( -0.000000000000000000, -0.000000000000000000, -1.000000000000000000 ) ) ;
#1161 = DIRECTION ( 'NONE',  ( -1.000000000000000000, -0.000000000000000000, -0.000000000000000000 ) ) ;
#1162 = EDGE_LOOP ( 'NONE', ( #1799, #29, #463, #1194 ) ) ;
#1163 = DIRECTION ( 'NONE',  ( -0.000000000000000000, -1.000000000000000000, -0.000000000000000000 ) ) ;
#1164 = DIRECTION ( 'NONE',  ( -0.000000000000000000, 1.000000000000000000, -0.000000000000000000 ) ) ;
#1165 = ORIENTED_EDGE ( 'NONE', *, *, #726, .T. ) ;
#1166 = DIRECTION ( 'NONE',  ( 4.231032868236114925E-17, 0.000000000000000000, -1.000000000000000000 ) ) ;
#1167 = EDGE_LOOP ( 'NONE', ( #1879, #572, #1473, #1627, #1595, #578, #647, #1085 ) ) ;
#1168 = CIRCLE ( 'NONE', #1076, 1.599999999999997202 ) ;
#1169 = ORIENTED_EDGE ( 'NONE', *, *, #17, .F. ) ;
#1170 = CIRCLE ( 'NONE', #66, 1.600000000000000755 ) ;
#1171 = CIRCLE ( 'NONE', #584, 1.600000000000000755 ) ;
#1172 = CARTESIAN_POINT ( 'NONE',  ( -9.500000000000001776, 9.999999999999998224, 30.24999999999999645 ) ) ;
#1173 = AXIS2_PLACEMENT_3D ( 'NONE', #1745, #281, #978 ) ;
#1174 = ORIENTED_EDGE ( 'NONE', *, *, #1119, .T. ) ;
#1175 = CARTESIAN_POINT ( 'NONE',  ( 14.99999999999999645, 13.99999999999999822, 18.75000000000001066 ) ) ;
#1176 = CARTESIAN_POINT ( 'NONE',  ( 14.99999999999999645, 13.99999999999999822, 21.75000000000000355 ) ) ;
#1177 = ADVANCED_FACE ( 'NONE', ( #1196 ), #1645, .F. ) ;
#1178 = ORIENTED_EDGE ( 'NONE', *, *, #1461, .F. ) ;
#1179 = CARTESIAN_POINT ( 'NONE',  ( -15.00000000000000355, 13.99999999999999822, 21.75000000000000355 ) ) ;
#1180 = ORIENTED_EDGE ( 'NONE', *, *, #1660, .T. ) ;
#1181 = DIRECTION ( 'NONE',  ( -1.000000000000000000, 0.000000000000000000, 0.000000000000000000 ) ) ;
#1182 = EDGE_LOOP ( 'NONE', ( #1609, #625 ) ) ;
#1183 = CARTESIAN_POINT ( 'NONE',  ( 0.000000000000000000, 8.000000000000000000, 0.000000000000000000 ) ) ;
#1184 = CARTESIAN_POINT ( 'NONE',  ( -15.00000000000000178, 15.00000000000000000, 36.25000000000000000 ) ) ;
#1185 = ORIENTED_EDGE ( 'NONE', *, *, #673, .T. ) ;
#1186 = EDGE_CURVE ( 'NONE', #187, #766, #1777, .T. ) ;
#1187 = CARTESIAN_POINT ( 'NONE',  ( 9.499999999999996447, 15.00000000000000000, -29.94999999999999574 ) ) ;
#1188 = VERTEX_POINT ( 'NONE', #737 ) ;
#1189 = ADVANCED_FACE ( 'NONE', ( #598 ), #19, .F. ) ;
#1190 = CARTESIAN_POINT ( 'NONE',  ( -15.00000000000000355, 13.99999999999999822, 18.75000000000001066 ) ) ;
#1191 = APPLICATION_PROTOCOL_DEFINITION ( 'draft international standard', 'automotive_design', 1998, #1260 ) ;
#1192 = DIRECTION ( 'NONE',  ( 1.000000000000000000, 0.000000000000000000, 0.000000000000000000 ) ) ;
#1193 = CARTESIAN_POINT ( 'NONE',  ( 9.499999999999996447, 9.999999999999998224, 31.84999999999999787 ) ) ;
#1194 = ORIENTED_EDGE ( 'NONE', *, *, #1765, .T. ) ;
#1195 = CIRCLE ( 'NONE', #638, 1.599999999999997202 ) ;
#1196 = FACE_OUTER_BOUND ( 'NONE', #575, .T. ) ;
#1197 = ORIENTED_EDGE ( 'NONE', *, *, #859, .F. ) ;
#1198 = VERTEX_POINT ( 'NONE', #1031 ) ;
#1199 = AXIS2_PLACEMENT_3D ( 'NONE', #1804, #1517, #477 ) ;
#1200 = VECTOR ( 'NONE', #1126, 1000.000000000000000 ) ;
#1201 = CARTESIAN_POINT ( 'NONE',  ( 14.99999999999999645, 15.00000000000000000, -18.75000000000000711 ) ) ;
#1202 = EDGE_CURVE ( 'NONE', #1637, #1653, #1054, .T. ) ;
#1203 = AXIS2_PLACEMENT_3D ( 'NONE', #1376, #1513, #637 ) ;
#1204 = AXIS2_PLACEMENT_3D ( 'NONE', #936, #377, #960 ) ;
#1205 = CARTESIAN_POINT ( 'NONE',  ( 5.000000000000002665, 0.000000000000000000, 33.00000000000000000 ) ) ;
#1206 = VERTEX_POINT ( 'NONE', #905 ) ;
#1207 = CARTESIAN_POINT ( 'NONE',  ( -15.00000000000000178, 15.00000000000000000, -36.25000000000000000 ) ) ;
#1208 = ORIENTED_EDGE ( 'NONE', *, *, #1890, .T. ) ;
#1209 = ORIENTED_EDGE ( 'NONE', *, *, #1839, .F. ) ;
#1210 = EDGE_CURVE ( 'NONE', #343, #39, #917, .T. ) ;
#1211 = CARTESIAN_POINT ( 'NONE',  ( -15.00000000000000355, 5.000000000000000000, 27.24999999999999645 ) ) ;
#1212 = DIRECTION ( 'NONE',  ( -0.000000000000000000, 1.000000000000000000, -0.000000000000000000 ) ) ;
#1213 = DIRECTION ( 'NONE',  ( 1.000000000000000000, -0.000000000000000000, -0.000000000000000000 ) ) ;
#1214 = DIRECTION ( 'NONE',  ( 0.000000000000000000, -1.000000000000000000, -9.637352644315595243E-17 ) ) ;
#1215 = DIRECTION ( 'NONE',  ( 0.000000000000000000, 0.000000000000000000, -1.000000000000000000 ) ) ;
#1216 = ORIENTED_EDGE ( 'NONE', *, *, #809, .T. ) ;
#1217 = VERTEX_POINT ( 'NONE', #1063 ) ;
#1218 = EDGE_CURVE ( 'NONE', #135, #1485, #616, .T. ) ;
#1219 = VERTEX_POINT ( 'NONE', #1479 ) ;
#1220 = CARTESIAN_POINT ( 'NONE',  ( -15.00000000000000178, 5.999999999999998224, -18.75000000000000711 ) ) ;
#1221 = DIRECTION ( 'NONE',  ( 0.000000000000000000, 0.000000000000000000, -1.000000000000000000 ) ) ;
#1222 = DIRECTION ( 'NONE',  ( -4.231032868236114925E-17, -9.637352644315595243E-17, 1.000000000000000000 ) ) ;
#1223 = CARTESIAN_POINT ( 'NONE',  ( -15.00000000000000355, 5.000000000000000000, 27.24999999999999645 ) ) ;
#1224 = DIRECTION ( 'NONE',  ( -0.000000000000000000, -1.000000000000000000, 2.668805347656625692E-16 ) ) ;
#1225 = EDGE_LOOP ( 'NONE', ( #945, #540 ) ) ;
#1226 = AXIS2_PLACEMENT_3D ( 'NONE', #1631, #1340, #291 ) ;
#1227 = ORIENTED_EDGE ( 'NONE', *, *, #442, .F. ) ;
#1228 = FACE_BOUND ( 'NONE', #1383, .T. ) ;
#1229 = DIRECTION ( 'NONE',  ( 1.000000000000000000, 0.000000000000000000, 0.000000000000000000 ) ) ;
#1230 = VECTOR ( 'NONE', #1593, 1000.000000000000000 ) ;
#1231 = FACE_OUTER_BOUND ( 'NONE', #92, .T. ) ;
#1232 = AXIS2_PLACEMENT_3D ( 'NONE', #1066, #610, #1649 ) ;
#1233 = DIRECTION ( 'NONE',  ( -4.231032868236114925E-17, 0.000000000000000000, 1.000000000000000000 ) ) ;
#1234 = CARTESIAN_POINT ( 'NONE',  ( -15.00000000000000355, 15.00000000000000000, 33.74999999999999289 ) ) ;
#1235 = AXIS2_PLACEMENT_3D ( 'NONE', #1836, #64, #1401 ) ;
#1236 = EDGE_CURVE ( 'NONE', #1142, #532, #1798, .T. ) ;
#1237 = ORIENTED_EDGE ( 'NONE', *, *, #224, .T. ) ;
#1238 = EDGE_CURVE ( 'NONE', #803, #1217, #159, .T. ) ;
#1239 = ORIENTED_EDGE ( 'NONE', *, *, #1313, .F. ) ;
#1240 = LINE ( 'NONE', #758, #884 ) ;
#1241 = FACE_OUTER_BOUND ( 'NONE', #206, .T. ) ;
#1242 = DIRECTION ( 'NONE',  ( 0.000000000000000000, -1.000000000000000000, 0.000000000000000000 ) ) ;
#1243 = ORIENTED_EDGE ( 'NONE', *, *, #360, .F. ) ;
#1244 = DIRECTION ( 'NONE',  ( -1.269309860470834724E-16, 0.000000000000000000, 1.000000000000000000 ) ) ;
#1245 = EDGE_CURVE ( 'NONE', #727, #284, #983, .T. ) ;
#1246 = ORIENTED_EDGE ( 'NONE', *, *, #656, .T. ) ;
#1247 = ORIENTED_EDGE ( 'NONE', *, *, #851, .F. ) ;
#1248 = DIRECTION ( 'NONE',  ( 0.000000000000000000, 0.000000000000000000, -1.000000000000000000 ) ) ;
#1249 = PLANE ( 'NONE',  #826 ) ;
#1250 = FACE_BOUND ( 'NONE', #971, .T. ) ;
#1251 = VERTEX_POINT ( 'NONE', #1334 ) ;
#1252 = FACE_OUTER_BOUND ( 'NONE', #1167, .T. ) ;
#1253 = DIRECTION ( 'NONE',  ( 0.000000000000000000, 0.000000000000000000, -1.000000000000000000 ) ) ;
#1254 = ORIENTED_EDGE ( 'NONE', *, *, #375, .F. ) ;
#1255 = ORIENTED_EDGE ( 'NONE', *, *, #1706, .F. ) ;
#1256 = ADVANCED_FACE ( 'NONE', ( #1042 ), #1634, .F. ) ;
#1257 = DIRECTION ( 'NONE',  ( 0.000000000000000000, 0.000000000000000000, -1.000000000000000000 ) ) ;
#1258 = VECTOR ( 'NONE', #632, 1000.000000000000000 ) ;
#1259 = EDGE_CURVE ( 'NONE', #1219, #1124, #1294, .T. ) ;
#1260 = APPLICATION_CONTEXT ( 'automotive_design' ) ;
#1261 = AXIS2_PLACEMENT_3D ( 'NONE', #1070, #211, #1527 ) ;
#1262 = EDGE_CURVE ( 'NONE', #1707, #1738, #460, .T. ) ;
#1263 = CARTESIAN_POINT ( 'NONE',  ( 9.999999999999996447, 7.999999999999998224, 27.24999999999999289 ) ) ;
#1264 = DIRECTION ( 'NONE',  ( -0.000000000000000000, 0.000000000000000000, -1.000000000000000000 ) ) ;
#1265 = VECTOR ( 'NONE', #1891, 1000.000000000000000 ) ;
#1266 = FACE_OUTER_BOUND ( 'NONE', #146, .T. ) ;
#1267 = LINE ( 'NONE', #90, #161 ) ;
#1268 = ORIENTED_EDGE ( 'NONE', *, *, #838, .T. ) ;
#1269 = CIRCLE ( 'NONE', #1235, 1.600000000000000755 ) ;
#1270 = ORIENTED_EDGE ( 'NONE', *, *, #1677, .F. ) ;
#1271 = CARTESIAN_POINT ( 'NONE',  ( 16.89999999999999503, 11.49999999999999645, 36.25099999999999767 ) ) ;
#1272 = CARTESIAN_POINT ( 'NONE',  ( -15.00000000000000355, 10.00000000000000000, 27.24999999999999289 ) ) ;
#1273 = DIRECTION ( 'NONE',  ( 0.000000000000000000, 0.000000000000000000, 1.000000000000000000 ) ) ;
#1274 = EDGE_CURVE ( 'NONE', #67, #265, #47, .T. ) ;
#1275 = FACE_BOUND ( 'NONE', #938, .T. ) ;
#1276 = CARTESIAN_POINT ( 'NONE',  ( -15.00000000000000178, 8.000000000000000000, -31.75000000000000000 ) ) ;
#1277 = ORIENTED_EDGE ( 'NONE', *, *, #571, .F. ) ;
#1278 = ORIENTED_EDGE ( 'NONE', *, *, #631, .T. ) ;
#1279 = PLANE ( 'NONE',  #1141 ) ;
#1280 = PLANE ( 'NONE',  #645 ) ;
#1281 = CARTESIAN_POINT ( 'NONE',  ( -21.99999999999999645, 8.000000000000000000, -31.75000000000000000 ) ) ;
#1282 = CARTESIAN_POINT ( 'NONE',  ( 5.000000000000002665, 15.00099999999999945, 31.40000000000000568 ) ) ;
#1283 = CARTESIAN_POINT ( 'NONE',  ( -18.49999999999999645, 11.49999999999999822, -31.75000000000000711 ) ) ;
#1284 = EDGE_LOOP ( 'NONE', ( #1424, #797, #1062, #166 ) ) ;
#1285 = LINE ( 'NONE', #1407, #124 ) ;
#1286 = LINE ( 'NONE', #695, #4 ) ;
#1287 = PLANE ( 'NONE',  #1477 ) ;
#1288 = CARTESIAN_POINT ( 'NONE',  ( -15.00000000000000355, 5.000000000000000000, 27.24999999999999645 ) ) ;
#1289 = VECTOR ( 'NONE', #1026, 1000.000000000000000 ) ;
#1290 = ORIENTED_EDGE ( 'NONE', *, *, #588, .F. ) ;
#1291 = EDGE_CURVE ( 'NONE', #56, #1336, #1071, .T. ) ;
#1292 = VERTEX_POINT ( 'NONE', #1083 ) ;
#1293 = AXIS2_PLACEMENT_3D ( 'NONE', #188, #1365, #888 ) ;
#1294 = CIRCLE ( 'NONE', #1293, 1.600000000000000755 ) ;
#1295 = ORIENTED_EDGE ( 'NONE', *, *, #430, .T. ) ;
#1296 = CARTESIAN_POINT ( 'NONE',  ( -22.00000000000000355, 15.00000000000000000, -31.75000000000000000 ) ) ;
#1297 = CARTESIAN_POINT ( 'NONE',  ( 14.99999999999999645, 15.00000000000000000, 36.25000000000000000 ) ) ;
#1298 = ADVANCED_FACE ( 'NONE', ( #520 ), #795, .F. ) ;
#1299 = DIRECTION ( 'NONE',  ( -0.000000000000000000, -1.000000000000000000, -0.000000000000000000 ) ) ;
#1300 = DIRECTION ( 'NONE',  ( -0.000000000000000000, -1.000000000000000000, -0.000000000000000000 ) ) ;
#1301 = ORIENTED_EDGE ( 'NONE', *, *, #134, .T. ) ;
#1302 = ORIENTED_EDGE ( 'NONE', *, *, #93, .T. ) ;
#1303 = EDGE_CURVE ( 'NONE', #199, #1615, #129, .T. ) ;
#1304 = EDGE_LOOP ( 'NONE', ( #465, #1663, #980, #1849 ) ) ;
#1305 = CARTESIAN_POINT ( 'NONE',  ( -15.00000000000000355, 13.99999999999999822, -27.24999999999999645 ) ) ;
#1306 = ORIENTED_EDGE ( 'NONE', *, *, #588, .T. ) ;
#1307 = DIRECTION ( 'NONE',  ( 1.000000000000000000, -0.000000000000000000, -0.000000000000000000 ) ) ;
#1308 = PLANE ( 'NONE',  #1516 ) ;
#1309 = EDGE_CURVE ( 'NONE', #1620, #962, #1713, .T. ) ;
#1310 = VERTEX_POINT ( 'NONE', #83 ) ;
#1311 = PLANE ( 'NONE',  #1324 ) ;
#1312 = CARTESIAN_POINT ( 'NONE',  ( 9.499999999999996447, 0.000000000000000000, -31.54999999999999361 ) ) ;
#1313 = EDGE_CURVE ( 'NONE', #1615, #199, #1269, .T. ) ;
#1314 = ORIENTED_EDGE ( 'NONE', *, *, #1259, .T. ) ;
#1315 = LINE ( 'NONE', #457, #1755 ) ;
#1316 = CARTESIAN_POINT ( 'NONE',  ( 14.99999999999999645, 7.999999999999998224, -31.75000000000000000 ) ) ;
#1317 = VECTOR ( 'NONE', #337, 1000.000000000000000 ) ;
#1318 = EDGE_LOOP ( 'NONE', ( #1169, #260 ) ) ;
#1319 = CARTESIAN_POINT ( 'NONE',  ( -4.999999999999997335, 15.00099999999999945, -15.00000000000000355 ) ) ;
#1320 = VECTOR ( 'NONE', #1464, 1000.000000000000000 ) ;
#1321 = VECTOR ( 'NONE', #847, 1000.000000000000000 ) ;
#1322 = ORIENTED_EDGE ( 'NONE', *, *, #41, .F. ) ;
#1323 = CIRCLE ( 'NONE', #1541, 1.600000000000000755 ) ;
#1324 = AXIS2_PLACEMENT_3D ( 'NONE', #1903, #576, #1696 ) ;
#1325 = CARTESIAN_POINT ( 'NONE',  ( -15.00000000000000355, 4.999999999999999112, 36.25000000000000000 ) ) ;
#1326 = CIRCLE ( 'NONE', #951, 1.599999999999997202 ) ;
#1327 =( LENGTH_UNIT ( ) NAMED_UNIT ( * ) SI_UNIT ( .MILLI., .METRE. ) );
#1328 = EDGE_CURVE ( 'NONE', #1773, #665, #679, .T. ) ;
#1329 = ORIENTED_EDGE ( 'NONE', *, *, #1245, .F. ) ;
#1330 = CARTESIAN_POINT ( 'NONE',  ( 14.99999999999999645, 0.000000000000000000, -36.25000000000000000 ) ) ;
#1331 = CARTESIAN_POINT ( 'NONE',  ( 14.99999999999999645, 13.99999999999999822, -27.24999999999999645 ) ) ;
#1332 = EDGE_CURVE ( 'NONE', #470, #626, #1381, .T. ) ;
#1333 = VERTEX_POINT ( 'NONE', #644 ) ;
#1334 = CARTESIAN_POINT ( 'NONE',  ( 16.89999999999999503, 11.49999999999999645, -36.25000000000000000 ) ) ;
#1335 = ORIENTED_EDGE ( 'NONE', *, *, #1694, .F. ) ;
#1336 = VERTEX_POINT ( 'NONE', #1234 ) ;
#1337 = DIRECTION ( 'NONE',  ( -0.000000000000000000, -1.000000000000000000, -0.000000000000000000 ) ) ;
#1338 = EDGE_LOOP ( 'NONE', ( #1040, #232, #349, #367 ) ) ;
#1339 = LINE ( 'NONE', #1455, #979 ) ;
#1340 = DIRECTION ( 'NONE',  ( 0.000000000000000000, -1.000000000000000000, 0.000000000000000000 ) ) ;
#1341 = ORIENTED_EDGE ( 'NONE', *, *, #1641, .F. ) ;
#1342 = CARTESIAN_POINT ( 'NONE',  ( 5.000000000000002665, 5.999999999999998224, -15.00000000000000355 ) ) ;
#1343 = EDGE_LOOP ( 'NONE', ( #106, #331, #1721, #605 ) ) ;
#1344 = EDGE_CURVE ( 'NONE', #1394, #744, #73, .T. ) ;
#1345 = ORIENTED_EDGE ( 'NONE', *, *, #1471, .F. ) ;
#1346 = CARTESIAN_POINT ( 'NONE',  ( -9.500000000000001776, 15.00000000000000000, 31.84999999999999787 ) ) ;
#1347 = CARTESIAN_POINT ( 'NONE',  ( -22.00000000000000355, 15.00000000000000000, -36.25000000000000000 ) ) ;
#1348 = CARTESIAN_POINT ( 'NONE',  ( 5.000000000000002665, 0.000000000000000000, -15.00000000000000355 ) ) ;
#1349 = EDGE_CURVE ( 'NONE', #1217, #1578, #1111, .T. ) ;
#1350 = VERTEX_POINT ( 'NONE', #55 ) ;
#1351 = CARTESIAN_POINT ( 'NONE',  ( 18.49999999999999645, 11.49999999999999645, 36.25099999999999767 ) ) ;
#1352 = EDGE_LOOP ( 'NONE', ( #1208, #1789, #1301, #1463 ) ) ;
#1353 = AXIS2_PLACEMENT_3D ( 'NONE', #1703, #355, #489 ) ;
#1354 = VERTEX_POINT ( 'NONE', #1372 ) ;
#1355 = AXIS2_PLACEMENT_3D ( 'NONE', #1183, #714, #319 ) ;
#1356 = VECTOR ( 'NONE', #821, 1000.000000000000000 ) ;
#1357 = VECTOR ( 'NONE', #1710, 1000.000000000000000 ) ;
#1358 = LINE ( 'NONE', #1211, #403 ) ;
#1359 = AXIS2_PLACEMENT_3D ( 'NONE', #1662, #590, #1808 ) ;
#1360 = AXIS2_PLACEMENT_3D ( 'NONE', #366, #929, #1537 ) ;
#1361 = LINE ( 'NONE', #45, #1419 ) ;
#1362 = EDGE_CURVE ( 'NONE', #727, #1738, #1690, .T. ) ;
#1363 = EDGE_LOOP ( 'NONE', ( #1490, #1114, #1093, #1185 ) ) ;
#1364 = EDGE_CURVE ( 'NONE', #1521, #18, #1577, .T. ) ;
#1365 = DIRECTION ( 'NONE',  ( 0.000000000000000000, 1.000000000000000000, 0.000000000000000000 ) ) ;
#1366 = VERTEX_POINT ( 'NONE', #234 ) ;
#1367 = ORIENTED_EDGE ( 'NONE', *, *, #503, .T. ) ;
#1368 = DIRECTION ( 'NONE',  ( 1.000000000000000000, 0.000000000000000000, 0.000000000000000000 ) ) ;
#1369 = DIRECTION ( 'NONE',  ( 1.000000000000000000, 0.000000000000000000, 1.156482317317871478E-16 ) ) ;
#1370 = CARTESIAN_POINT ( 'NONE',  ( 9.999999999999998224, 0.000000000000000000, -11.50000000000000355 ) ) ;
#1371 = CARTESIAN_POINT ( 'NONE',  ( 5.000000000000002665, 5.999999999999998224, -13.40000000000000036 ) ) ;
#1372 = CARTESIAN_POINT ( 'NONE',  ( -4.999999999999998224, 0.000000000000000000, 34.60000000000000142 ) ) ;
#1373 = ORIENTED_EDGE ( 'NONE', *, *, #1647, .T. ) ;
#1374 = EDGE_LOOP ( 'NONE', ( #1197, #461, #566, #310 ) ) ;
#1375 = AXIS2_PLACEMENT_3D ( 'NONE', #500, #1242, #1089 ) ;
#1376 = CARTESIAN_POINT ( 'NONE',  ( -15.00000000000000355, 10.00000000000000178, 33.74999999999999289 ) ) ;
#1377 = DIRECTION ( 'NONE',  ( 0.000000000000000000, -1.000000000000000000, 0.000000000000000000 ) ) ;
#1378 = EDGE_CURVE ( 'NONE', #324, #1092, #948, .T. ) ;
#1379 = DIRECTION ( 'NONE',  ( -1.000000000000000000, -9.912705577010328508E-16, 0.000000000000000000 ) ) ;
#1380 = CYLINDRICAL_SURFACE ( 'NONE', #185, 1.600000000000000755 ) ;
#1381 = LINE ( 'NONE', #1683, #1113 ) ;
#1382 = EDGE_LOOP ( 'NONE', ( #684, #85, #444, #617, #1399, #1869, #844, #1748 ) ) ;
#1383 = EDGE_LOOP ( 'NONE', ( #1239, #1705 ) ) ;
#1384 = CIRCLE ( 'NONE', #1353, 2.999999999999992450 ) ;
#1385 = CARTESIAN_POINT ( 'NONE',  ( -1.879283765641540887E-15, 8.000000000000000000, 16.24999999999999645 ) ) ;
#1386 = DIRECTION ( 'NONE',  ( -0.000000000000000000, -0.000000000000000000, -1.000000000000000000 ) ) ;
#1387 = AXIS2_PLACEMENT_3D ( 'NONE', #417, #593, #1772 ) ;
#1388 = FACE_BOUND ( 'NONE', #1510, .T. ) ;
#1389 = EDGE_CURVE ( 'NONE', #879, #56, #356, .T. ) ;
#1390 = VECTOR ( 'NONE', #451, 1000.000000000000000 ) ;
#1391 = DIRECTION ( 'NONE',  ( 0.000000000000000000, 0.000000000000000000, -1.000000000000000000 ) ) ;
#1392 = DIRECTION ( 'NONE',  ( -1.000000000000000000, 0.000000000000000000, -1.269309860470834724E-16 ) ) ;
#1393 = PRODUCT_DEFINITION_SHAPE ( 'NONE', 'NONE',  #237 ) ;
#1394 = VERTEX_POINT ( 'NONE', #198 ) ;
#1395 = ORIENTED_EDGE ( 'NONE', *, *, #1362, .F. ) ;
#1396 = CYLINDRICAL_SURFACE ( 'NONE', #1232, 1.599999999999997202 ) ;
#1397 = DIRECTION ( 'NONE',  ( 1.000000000000000000, -0.000000000000000000, -0.000000000000000000 ) ) ;
#1398 = FACE_OUTER_BOUND ( 'NONE', #1374, .T. ) ;
#1399 = ORIENTED_EDGE ( 'NONE', *, *, #1000, .F. ) ;
#1400 = DIRECTION ( 'NONE',  ( -0.000000000000000000, 1.000000000000000000, -0.000000000000000000 ) ) ;
#1401 = DIRECTION ( 'NONE',  ( 0.000000000000000000, 0.000000000000000000, 1.000000000000000000 ) ) ;
#1402 = EDGE_CURVE ( 'NONE', #408, #105, #102, .T. ) ;
#1403 = EDGE_LOOP ( 'NONE', ( #48, #953 ) ) ;
#1404 = EDGE_CURVE ( 'NONE', #317, #1292, #830, .T. ) ;
#1405 = VERTEX_POINT ( 'NONE', #1558 ) ;
#1406 = CARTESIAN_POINT ( 'NONE',  ( -15.00000000000000178, 15.00000000000000000, 36.25000000000000000 ) ) ;
#1407 = CARTESIAN_POINT ( 'NONE',  ( 14.99999999999999645, 15.00000000000000000, -31.75000000000000000 ) ) ;
#1408 = LINE ( 'NONE', #203, #1258 ) ;
#1409 = CARTESIAN_POINT ( 'NONE',  ( -10.50000000000000711, 5.999999999999998224, 29.50000000000000000 ) ) ;
#1410 = DIRECTION ( 'NONE',  ( -0.000000000000000000, 2.668805347656625692E-16, 1.000000000000000000 ) ) ;
#1411 = EDGE_CURVE ( 'NONE', #1896, #470, #1267, .T. ) ;
#1412 = ORIENTED_EDGE ( 'NONE', *, *, #17, .T. ) ;
#1413 = AXIS2_PLACEMENT_3D ( 'NONE', #392, #1264, #383 ) ;
#1414 = ORIENTED_EDGE ( 'NONE', *, *, #1495, .T. ) ;
#1415 = LINE ( 'NONE', #1271, #125 ) ;
#1416 = DIRECTION ( 'NONE',  ( 0.000000000000000000, -0.000000000000000000, -1.000000000000000000 ) ) ;
#1417 = LINE ( 'NONE', #561, #96 ) ;
#1418 = AXIS2_PLACEMENT_3D ( 'NONE', #1712, #1736, #696 ) ;
#1419 = VECTOR ( 'NONE', #694, 1000.000000000000000 ) ;
#1420 = FACE_OUTER_BOUND ( 'NONE', #1539, .T. ) ;
#1421 = LINE ( 'NONE', #1599, #1546 ) ;
#1422 = VECTOR ( 'NONE', #43, 1000.000000000000000 ) ;
#1423 = EDGE_CURVE ( 'NONE', #1870, #179, #212, .T. ) ;
#1424 = ORIENTED_EDGE ( 'NONE', *, *, #1471, .T. ) ;
#1425 = CIRCLE ( 'NONE', #705, 1.600000000000000755 ) ;
#1426 = ORIENTED_EDGE ( 'NONE', *, *, #388, .F. ) ;
#1427 = CARTESIAN_POINT ( 'NONE',  ( 14.99999999999999645, 15.00000000000000000, -27.07842712474618452 ) ) ;
#1428 = FACE_OUTER_BOUND ( 'NONE', #379, .T. ) ;
#1429 = DIRECTION ( 'NONE',  ( 0.000000000000000000, 0.000000000000000000, 1.000000000000000000 ) ) ;
#1430 = CARTESIAN_POINT ( 'NONE',  ( 5.000000000000002665, 0.000000000000000000, 31.40000000000000568 ) ) ;
#1431 = DIRECTION ( 'NONE',  ( 0.000000000000000000, 0.000000000000000000, -1.000000000000000000 ) ) ;
#1432 = ORIENTED_EDGE ( 'NONE', *, *, #1650, .T. ) ;
#1433 = VERTEX_POINT ( 'NONE', #919 ) ;
#1434 = DIRECTION ( 'NONE',  ( -0.000000000000000000, -0.000000000000000000, 1.000000000000000000 ) ) ;
#1435 = DIRECTION ( 'NONE',  ( 0.000000000000000000, 0.000000000000000000, 1.000000000000000000 ) ) ;
#1436 = DIRECTION ( 'NONE',  ( 0.000000000000000000, 0.000000000000000000, 1.000000000000000000 ) ) ;
#1437 = DIRECTION ( 'NONE',  ( -1.000000000000000000, 0.000000000000000000, 0.000000000000000000 ) ) ;
#1438 = ORIENTED_EDGE ( 'NONE', *, *, #492, .T. ) ;
#1439 = EDGE_CURVE ( 'NONE', #937, #877, #634, .T. ) ;
#1440 = LINE ( 'NONE', #1698, #915 ) ;
#1441 = DIRECTION ( 'NONE',  ( -0.000000000000000000, 1.000000000000000000, -0.000000000000000000 ) ) ;
#1442 = AXIS2_PLACEMENT_3D ( 'NONE', #1744, #1005, #1436 ) ;
#1443 = DIRECTION ( 'NONE',  ( -0.000000000000000000, 1.000000000000000000, -0.000000000000000000 ) ) ;
#1444 = CYLINDRICAL_SURFACE ( 'NONE', #1173, 2.999999999999999112 ) ;
#1445 = ADVANCED_FACE ( 'NONE', ( #1875 ), #1444, .F. ) ;
#1446 = VECTOR ( 'NONE', #1161, 1000.000000000000000 ) ;
#1447 = AXIS2_PLACEMENT_3D ( 'NONE', #1717, #704, #242 ) ;
#1448 = ORIENTED_EDGE ( 'NONE', *, *, #1132, .T. ) ;
#1449 = VECTOR ( 'NONE', #1215, 1000.000000000000000 ) ;
#1450 = VECTOR ( 'NONE', #269, 1000.000000000000000 ) ;
#1451 = EDGE_LOOP ( 'NONE', ( #870, #158 ) ) ;
#1452 = CARTESIAN_POINT ( 'NONE',  ( -10.50000000000000711, -0.000000000000000000, 29.50000000000000000 ) ) ;
#1453 = DIRECTION ( 'NONE',  ( 0.000000000000000000, -1.000000000000000000, 0.000000000000000000 ) ) ;
#1454 = ORIENTED_EDGE ( 'NONE', *, *, #889, .T. ) ;
#1455 = CARTESIAN_POINT ( 'NONE',  ( -15.00000000000000178, 15.00000000000000000, 36.25000000000000000 ) ) ;
#1456 = DIRECTION ( 'NONE',  ( 0.000000000000000000, 0.000000000000000000, -1.000000000000000000 ) ) ;
#1457 = VERTEX_POINT ( 'NONE', #1729 ) ;
#1458 = CARTESIAN_POINT ( 'NONE',  ( 9.499999999999996447, 15.00000000000000000, 28.64999999999999503 ) ) ;
#1459 = ORIENTED_EDGE ( 'NONE', *, *, #1378, .F. ) ;
#1460 = EDGE_CURVE ( 'NONE', #1188, #1822, #283, .T. ) ;
#1461 = EDGE_CURVE ( 'NONE', #517, #1655, #1484, .T. ) ;
#1462 = LINE ( 'NONE', #1483, #1821 ) ;
#1463 = ORIENTED_EDGE ( 'NONE', *, *, #1500, .T. ) ;
#1464 = DIRECTION ( 'NONE',  ( 1.000000000000000000, 0.000000000000000000, 0.000000000000000000 ) ) ;
#1465 = DIRECTION ( 'NONE',  ( 0.000000000000000000, 0.000000000000000000, -1.000000000000000000 ) ) ;
#1466 = ORIENTED_EDGE ( 'NONE', *, *, #559, .T. ) ;
#1467 = CYLINDRICAL_SURFACE ( 'NONE', #279, 2.999999999999999112 ) ;
#1468 = ORIENTED_EDGE ( 'NONE', *, *, #698, .F. ) ;
#1469 = ADVANCED_FACE ( 'NONE', ( #1146 ), #259, .F. ) ;
#1470 = DIRECTION ( 'NONE',  ( -0.000000000000000000, 1.000000000000000000, -0.000000000000000000 ) ) ;
#1471 = EDGE_CURVE ( 'NONE', #1025, #1667, #920, .T. ) ;
#1472 =( GEOMETRIC_REPRESENTATION_CONTEXT ( 3 ) GLOBAL_UNCERTAINTY_ASSIGNED_CONTEXT ( ( #60 ) ) GLOBAL_UNIT_ASSIGNED_CONTEXT ( ( #1327, #164, #569 ) ) REPRESENTATION_CONTEXT ( 'NONE', 'WORKASPACE' ) );
#1473 = ORIENTED_EDGE ( 'NONE', *, *, #350, .F. ) ;
#1474 = DIRECTION ( 'NONE',  ( -1.000000000000000000, 0.000000000000000000, 0.000000000000000000 ) ) ;
#1475 = CARTESIAN_POINT ( 'NONE',  ( 14.99999999999999645, 7.999999999999998224, -31.75000000000000000 ) ) ;
#1476 = STYLED_ITEM ( 'NONE', ( #902 ), #1623 ) ;
#1477 = AXIS2_PLACEMENT_3D ( 'NONE', #1582, #555, #113 ) ;
#1478 = ORIENTED_EDGE ( 'NONE', *, *, #986, .F. ) ;
#1479 = CARTESIAN_POINT ( 'NONE',  ( 9.499999999999996447, 15.00000000000000000, 31.84999999999999787 ) ) ;
#1480 = EDGE_LOOP ( 'NONE', ( #398, #635, #1008, #1753 ) ) ;
#1481 = VECTOR ( 'NONE', #680, 1000.000000000000000 ) ;
#1482 = VECTOR ( 'NONE', #620, 1000.000000000000000 ) ;
#1483 = CARTESIAN_POINT ( 'NONE',  ( -16.89999999999999503, 11.49999999999999822, 36.25099999999999767 ) ) ;
#1484 = CIRCLE ( 'NONE', #527, 1.599999999999997202 ) ;
#1485 = VERTEX_POINT ( 'NONE', #823 ) ;
#1486 = DIRECTION ( 'NONE',  ( 0.000000000000000000, 0.000000000000000000, -1.000000000000000000 ) ) ;
#1487 = DIRECTION ( 'NONE',  ( 0.000000000000000000, 0.000000000000000000, -1.000000000000000000 ) ) ;
#1488 = ORIENTED_EDGE ( 'NONE', *, *, #859, .T. ) ;
#1489 = DIRECTION ( 'NONE',  ( 0.000000000000000000, 0.000000000000000000, -1.000000000000000000 ) ) ;
#1490 = ORIENTED_EDGE ( 'NONE', *, *, #779, .F. ) ;
#1491 = LINE ( 'NONE', #1190, #1854 ) ;
#1492 = EDGE_CURVE ( 'NONE', #343, #1292, #1421, .T. ) ;
#1493 = LINE ( 'NONE', #1347, #793 ) ;
#1494 =( LENGTH_UNIT ( ) NAMED_UNIT ( * ) SI_UNIT ( .MILLI., .METRE. ) );
#1495 = EDGE_CURVE ( 'NONE', #685, #1624, #1425, .T. ) ;
#1496 = VERTEX_POINT ( 'NONE', #1154 ) ;
#1497 = DIRECTION ( 'NONE',  ( -0.000000000000000000, 1.000000000000000000, -0.000000000000000000 ) ) ;
#1498 = ORIENTED_EDGE ( 'NONE', *, *, #334, .T. ) ;
#1499 = ORIENTED_EDGE ( 'NONE', *, *, #1274, .T. ) ;
#1500 = EDGE_CURVE ( 'NONE', #1336, #866, #114, .T. ) ;
#1501 = LINE ( 'NONE', #344, #1639 ) ;
#1502 = EDGE_CURVE ( 'NONE', #626, #1870, #708, .T. ) ;
#1503 = LINE ( 'NONE', #70, #1512 ) ;
#1504 =( NAMED_UNIT ( * ) PLANE_ANGLE_UNIT ( ) SI_UNIT ( $, .RADIAN. ) );
#1505 = EDGE_LOOP ( 'NONE', ( #713, #11, #1335, #1676 ) ) ;
#1506 = EDGE_CURVE ( 'NONE', #278, #1333, #1326, .T. ) ;
#1507 = DIRECTION ( 'NONE',  ( 0.000000000000000000, 0.000000000000000000, -1.000000000000000000 ) ) ;
#1508 = VERTEX_POINT ( 'NONE', #1288 ) ;
#1509 = AXIS2_PLACEMENT_3D ( 'NONE', #1223, #1214, #1835 ) ;
#1510 = EDGE_LOOP ( 'NONE', ( #1152, #389 ) ) ;
#1511 = CIRCLE ( 'NONE', #1418, 2.999999999999999112 ) ;
#1512 = VECTOR ( 'NONE', #651, 1000.000000000000000 ) ;
#1513 = DIRECTION ( 'NONE',  ( 0.000000000000000000, 1.000000000000000000, -2.668805347656625692E-16 ) ) ;
#1514 = AXIS2_PLACEMENT_3D ( 'NONE', #323, #147, #604 ) ;
#1515 = EDGE_CURVE ( 'NONE', #298, #1620, #1574, .T. ) ;
#1516 = AXIS2_PLACEMENT_3D ( 'NONE', #1901, #574, #407 ) ;
#1517 = DIRECTION ( 'NONE',  ( 0.000000000000000000, 0.000000000000000000, -1.000000000000000000 ) ) ;
#1518 = DIRECTION ( 'NONE',  ( 0.000000000000000000, 0.000000000000000000, 1.000000000000000000 ) ) ;
#1519 = DIRECTION ( 'NONE',  ( -0.000000000000000000, 0.000000000000000000, -1.000000000000000000 ) ) ;
#1520 = CARTESIAN_POINT ( 'NONE',  ( 9.999999999999996447, 8.000000000000000000, 16.24999999999999645 ) ) ;
#1521 = VERTEX_POINT ( 'NONE', #564 ) ;
#1522 = EDGE_CURVE ( 'NONE', #116, #776, #1887, .T. ) ;
#1523 = ORIENTED_EDGE ( 'NONE', *, *, #869, .T. ) ;
#1524 = DIRECTION ( 'NONE',  ( 4.231032868236114925E-17, 0.000000000000000000, -1.000000000000000000 ) ) ;
#1525 = CARTESIAN_POINT ( 'NONE',  ( 5.000000000000002665, 15.00099999999999945, 34.60000000000000142 ) ) ;
#1526 = LINE ( 'NONE', #52, #32 ) ;
#1527 = DIRECTION ( 'NONE',  ( 0.000000000000000000, 0.000000000000000000, -1.000000000000000000 ) ) ;
#1528 = DIRECTION ( 'NONE',  ( 1.000000000000000000, -0.000000000000000000, -0.000000000000000000 ) ) ;
#1529 = VERTEX_POINT ( 'NONE', #691 ) ;
#1530 = ORIENTED_EDGE ( 'NONE', *, *, #1522, .T. ) ;
#1531 = DIRECTION ( 'NONE',  ( -1.000000000000000000, -0.000000000000000000, -0.000000000000000000 ) ) ;
#1532 = ADVANCED_FACE ( 'NONE', ( #386 ), #545, .F. ) ;
#1533 = CARTESIAN_POINT ( 'NONE',  ( -18.49999999999999645, 11.49999999999999822, 36.25099999999999767 ) ) ;
#1534 = CYLINDRICAL_SURFACE ( 'NONE', #108, 2.999999999999992450 ) ;
#1535 = EDGE_CURVE ( 'NONE', #1142, #1055, #1017, .T. ) ;
#1536 = DIRECTION ( 'NONE',  ( 1.000000000000000000, -0.000000000000000000, 0.000000000000000000 ) ) ;
#1537 = DIRECTION ( 'NONE',  ( 0.000000000000000000, 0.000000000000000000, -1.000000000000000000 ) ) ;
#1538 = ORIENTED_EDGE ( 'NONE', *, *, #413, .T. ) ;
#1539 = EDGE_LOOP ( 'NONE', ( #1556, #86, #1367, #115 ) ) ;
#1540 = CARTESIAN_POINT ( 'NONE',  ( 14.99999999999999645, 5.999999999999998224, 16.24999999999999645 ) ) ;
#1541 = AXIS2_PLACEMENT_3D ( 'NONE', #568, #1150, #729 ) ;
#1542 = DIRECTION ( 'NONE',  ( -1.000000000000000000, 0.000000000000000000, 0.000000000000000000 ) ) ;
#1543 = VECTOR ( 'NONE', #1023, 1000.000000000000000 ) ;
#1544 = DIRECTION ( 'NONE',  ( -0.000000000000000000, -1.000000000000000000, -0.000000000000000000 ) ) ;
#1545 = EDGE_LOOP ( 'NONE', ( #6, #433, #862, #1174 ) ) ;
#1546 = VECTOR ( 'NONE', #421, 1000.000000000000000 ) ;
#1547 = CARTESIAN_POINT ( 'NONE',  ( -15.00000000000000355, 15.00000000000000000, -21.42157287525381193 ) ) ;
#1548 = CARTESIAN_POINT ( 'NONE',  ( -15.00000000000000355, 15.00000000000000000, -27.07842712474618452 ) ) ;
#1549 = ADVANCED_FACE ( 'NONE', ( #715 ), #1308, .T. ) ;
#1550 = EDGE_LOOP ( 'NONE', ( #1838, #1811, #30, #1746 ) ) ;
#1551 = EDGE_LOOP ( 'NONE', ( #472, #1468, #175, #270, #883, #984, #1246, #1731 ) ) ;
#1552 = FACE_OUTER_BOUND ( 'NONE', #1820, .T. ) ;
#1553 = FACE_BOUND ( 'NONE', #419, .T. ) ;
#1554 = FACE_BOUND ( 'NONE', #1182, .T. ) ;
#1555 = EDGE_CURVE ( 'NONE', #452, #1629, #264, .T. ) ;
#1556 = ORIENTED_EDGE ( 'NONE', *, *, #1313, .T. ) ;
#1557 = CARTESIAN_POINT ( 'NONE',  ( -15.00000000000000355, 15.00000000000000000, 33.74999999999999289 ) ) ;
#1558 = CARTESIAN_POINT ( 'NONE',  ( 22.00000000000000355, 7.999999999999996447, -31.75000000000000000 ) ) ;
#1559 = ORIENTED_EDGE ( 'NONE', *, *, #384, .T. ) ;
#1560 = ORIENTED_EDGE ( 'NONE', *, *, #1389, .T. ) ;
#1561 = CARTESIAN_POINT ( 'NONE',  ( -15.00000000000000355, 5.000000000000000000, 27.24999999999999645 ) ) ;
#1562 = CARTESIAN_POINT ( 'NONE',  ( 14.99999999999999645, 13.99999999999999822, -21.24999999999999645 ) ) ;
#1563 = CARTESIAN_POINT ( 'NONE',  ( -10.50000000000000711, 5.000000000000000000, 27.24999999999999645 ) ) ;
#1564 = EDGE_CURVE ( 'NONE', #1206, #677, #245, .T. ) ;
#1565 = DIRECTION ( 'NONE',  ( -1.269309860470834724E-16, 0.000000000000000000, 1.000000000000000000 ) ) ;
#1566 = DIRECTION ( 'NONE',  ( -1.000000000000000000, 0.000000000000000000, 0.000000000000000000 ) ) ;
#1567 = VERTEX_POINT ( 'NONE', #1331 ) ;
#1568 = ORIENTED_EDGE ( 'NONE', *, *, #430, .F. ) ;
#1569 = DIRECTION ( 'NONE',  ( 0.000000000000000000, 0.000000000000000000, 1.000000000000000000 ) ) ;
#1570 = LINE ( 'NONE', #1734, #38 ) ;
#1571 = CARTESIAN_POINT ( 'NONE',  ( -10.50000000000000711, 7.999999999999998224, 27.24999999999999289 ) ) ;
#1572 = CIRCLE ( 'NONE', #1047, 1.600000000000000755 ) ;
#1573 = DIRECTION ( 'NONE',  ( 0.000000000000000000, -0.000000000000000000, -1.000000000000000000 ) ) ;
#1574 = LINE ( 'NONE', #1583, #1450 ) ;
#1575 = AXIS2_PLACEMENT_3D ( 'NONE', #1319, #745, #462 ) ;
#1576 = VERTEX_POINT ( 'NONE', #1475 ) ;
#1577 = CIRCLE ( 'NONE', #1360, 1.600000000000000755 ) ;
#1578 = VERTEX_POINT ( 'NONE', #1029 ) ;
#1579 = ADVANCED_FACE ( 'NONE', ( #876 ), #894, .F. ) ;
#1580 = LINE ( 'NONE', #536, #1200 ) ;
#1581 = CARTESIAN_POINT ( 'NONE',  ( -15.00000000000000178, 5.999999999999998224, -18.75000000000000711 ) ) ;
#1582 = CARTESIAN_POINT ( 'NONE',  ( 0.000000000000000000, 5.999999999999998224, 0.000000000000000000 ) ) ;
#1583 = CARTESIAN_POINT ( 'NONE',  ( 14.99999999999999645, 5.999999999999998224, 16.24999999999999645 ) ) ;
#1584 = ORIENTED_EDGE ( 'NONE', *, *, #1500, .F. ) ;
#1585 = ADVANCED_FACE ( 'NONE', ( #168 ), #312, .T. ) ;
#1586 = DIRECTION ( 'NONE',  ( 1.000000000000000000, -2.478176394252582127E-16, 0.000000000000000000 ) ) ;
#1587 = CARTESIAN_POINT ( 'NONE',  ( 9.499999999999996447, -0.0009999999999992653654, -29.94999999999999574 ) ) ;
#1588 = PLANE ( 'NONE',  #1784 ) ;
#1589 = DIRECTION ( 'NONE',  ( 0.000000000000000000, 0.000000000000000000, 1.000000000000000000 ) ) ;
#1590 = EDGE_LOOP ( 'NONE', ( #1032, #1010, #591, #1019, #436, #322, #453, #1278 ) ) ;
#1591 = ORIENTED_EDGE ( 'NONE', *, *, #753, .F. ) ;
#1592 = VECTOR ( 'NONE', #1681, 1000.000000000000000 ) ;
#1593 = DIRECTION ( 'NONE',  ( -0.000000000000000000, -0.000000000000000000, -1.000000000000000000 ) ) ;
#1594 = CARTESIAN_POINT ( 'NONE',  ( 20.09999999999999787, 11.49999999999999645, -31.75000000000000711 ) ) ;
#1595 = ORIENTED_EDGE ( 'NONE', *, *, #1097, .F. ) ;
#1596 = DIRECTION ( 'NONE',  ( -0.000000000000000000, 1.000000000000000000, -0.000000000000000000 ) ) ;
#1597 = EDGE_CURVE ( 'NONE', #1292, #317, #1724, .T. ) ;
#1598 = VECTOR ( 'NONE', #544, 1000.000000000000000 ) ;
#1599 = CARTESIAN_POINT ( 'NONE',  ( 5.000000000000002665, 15.00099999999999945, -16.60000000000000497 ) ) ;
#1600 = PRODUCT_DEFINITION_FORMATION_WITH_SPECIFIED_SOURCE ( 'Symmetric', '', #815, .NOT_KNOWN. ) ;
#1601 = ADVANCED_FACE ( 'NONE', ( #723 ), #1622, .F. ) ;
#1602 = VECTOR ( 'NONE', #1610, 1000.000000000000000 ) ;
#1603 = ORIENTED_EDGE ( 'NONE', *, *, #1349, .T. ) ;
#1604 = ADVANCED_FACE ( 'NONE', ( #1652 ), #1060, .F. ) ;
#1605 = DIRECTION ( 'NONE',  ( 1.000000000000000000, 0.000000000000000000, 0.000000000000000000 ) ) ;
#1606 = VERTEX_POINT ( 'NONE', #1775 ) ;
#1607 = VECTOR ( 'NONE', #1094, 1000.000000000000000 ) ;
#1608 = VECTOR ( 'NONE', #1410, 1000.000000000000000 ) ;
#1609 = ORIENTED_EDGE ( 'NONE', *, *, #963, .F. ) ;
#1610 = DIRECTION ( 'NONE',  ( -0.000000000000000000, -0.000000000000000000, -1.000000000000000000 ) ) ;
#1611 = LINE ( 'NONE', #468, #1446 ) ;
#1612 = ORIENTED_EDGE ( 'NONE', *, *, #384, .F. ) ;
#1613 = DIRECTION ( 'NONE',  ( -0.000000000000000000, 1.000000000000000000, -0.000000000000000000 ) ) ;
#1614 = DIRECTION ( 'NONE',  ( 0.000000000000000000, 0.000000000000000000, -1.000000000000000000 ) ) ;
#1615 = VERTEX_POINT ( 'NONE', #1193 ) ;
#1616 = CARTESIAN_POINT ( 'NONE',  ( 9.999999999999996447, 8.000000000000000000, 29.50000000000000000 ) ) ;
#1617 = ORIENTED_EDGE ( 'NONE', *, *, #1641, .T. ) ;
#1618 = ADVANCED_FACE ( 'NONE', ( #300 ), #734, .F. ) ;
#1619 = DIRECTION ( 'NONE',  ( 0.000000000000000000, 0.000000000000000000, -1.000000000000000000 ) ) ;
#1620 = VERTEX_POINT ( 'NONE', #440 ) ;
#1621 = CYLINDRICAL_SURFACE ( 'NONE', #1045, 2.999999999999992450 ) ;
#1622 = CYLINDRICAL_SURFACE ( 'NONE', #1848, 1.600000000000000755 ) ;
#1623 = MANIFOLD_SOLID_BREP ( 'Cut-Extrude7', #1907 ) ;
#1624 = VERTEX_POINT ( 'NONE', #622 ) ;
#1625 = FACE_OUTER_BOUND ( 'NONE', #636, .T. ) ;
#1626 = ORIENTED_EDGE ( 'NONE', *, *, #1897, .T. ) ;
#1627 = ORIENTED_EDGE ( 'NONE', *, *, #982, .F. ) ;
#1628 = CYLINDRICAL_SURFACE ( 'NONE', #313, 1.599999999999997202 ) ;
#1629 = VERTEX_POINT ( 'NONE', #431 ) ;
#1630 = CARTESIAN_POINT ( 'NONE',  ( 14.99999999999999645, 5.999999999999998224, 16.24999999999999645 ) ) ;
#1631 = CARTESIAN_POINT ( 'NONE',  ( 0.000000000000000000, 15.00000000000000000, 0.000000000000000000 ) ) ;
#1632 = AXIS2_PLACEMENT_3D ( 'NONE', #530, #1596, #280 ) ;
#1633 = ORIENTED_EDGE ( 'NONE', *, *, #1238, .T. ) ;
#1634 = CYLINDRICAL_SURFACE ( 'NONE', #217, 1.600000000000000755 ) ;
#1635 = EDGE_LOOP ( 'NONE', ( #214, #1064, #1612, #447 ) ) ;
#1636 = AXIS2_PLACEMENT_3D ( 'NONE', #290, #860, #1474 ) ;
#1637 = VERTEX_POINT ( 'NONE', #1021 ) ;
#1638 = CIRCLE ( 'NONE', #796, 2.999999999999992450 ) ;
#1639 = VECTOR ( 'NONE', #1531, 1000.000000000000000 ) ;
#1640 = DIRECTION ( 'NONE',  ( -0.000000000000000000, -1.000000000000000000, -0.000000000000000000 ) ) ;
#1641 = EDGE_CURVE ( 'NONE', #1655, #517, #1195, .T. ) ;
#1642 = CARTESIAN_POINT ( 'NONE',  ( 5.000000000000002665, 5.999999999999998224, -15.00000000000000355 ) ) ;
#1643 = DIRECTION ( 'NONE',  ( -0.000000000000000000, 1.000000000000000000, -0.000000000000000000 ) ) ;
#1644 = EDGE_LOOP ( 'NONE', ( #271, #1065, #1237, #512 ) ) ;
#1645 = CYLINDRICAL_SURFACE ( 'NONE', #495, 1.600000000000000755 ) ;
#1646 = ORIENTED_EDGE ( 'NONE', *, *, #1000, .T. ) ;
#1647 = EDGE_CURVE ( 'NONE', #1405, #1576, #145, .T. ) ;
#1648 = EDGE_LOOP ( 'NONE', ( #603, #497, #1414, #1322 ) ) ;
#1649 = DIRECTION ( 'NONE',  ( 0.000000000000000000, 0.000000000000000000, -1.000000000000000000 ) ) ;
#1650 = EDGE_CURVE ( 'NONE', #1738, #408, #1136, .T. ) ;
#1651 = LINE ( 'NONE', #15, #912 ) ;
#1652 = FACE_OUTER_BOUND ( 'NONE', #148, .T. ) ;
#1653 = VERTEX_POINT ( 'NONE', #1370 ) ;
#1654 = DIRECTION ( 'NONE',  ( 1.000000000000000000, 0.000000000000000000, 0.000000000000000000 ) ) ;
#1655 = VERTEX_POINT ( 'NONE', #354 ) ;
#1656 = ORIENTED_EDGE ( 'NONE', *, *, #57, .F. ) ;
#1657 = DIRECTION ( 'NONE',  ( 0.000000000000000000, 0.000000000000000000, -1.000000000000000000 ) ) ;
#1658 = CARTESIAN_POINT ( 'NONE',  ( 9.499999999999996447, 15.00000000000000000, 30.24999999999999645 ) ) ;
#1659 = CYLINDRICAL_SURFACE ( 'NONE', #1003, 1.600000000000000755 ) ;
#1660 = EDGE_CURVE ( 'NONE', #626, #803, #1688, .T. ) ;
#1661 = FACE_OUTER_BOUND ( 'NONE', #1902, .T. ) ;
#1662 = CARTESIAN_POINT ( 'NONE',  ( 18.49999999999999645, 11.49999999999999645, 36.25099999999999767 ) ) ;
#1663 = ORIENTED_EDGE ( 'NONE', *, *, #238, .F. ) ;
#1664 = EDGE_CURVE ( 'NONE', #655, #1496, #195, .T. ) ;
#1665 = ORIENTED_EDGE ( 'NONE', *, *, #1245, .T. ) ;
#1666 = VECTOR ( 'NONE', #1565, 1000.000000000000000 ) ;
#1667 = VERTEX_POINT ( 'NONE', #944 ) ;
#1668 = DIRECTION ( 'NONE',  ( 1.000000000000000000, -0.000000000000000000, -0.000000000000000000 ) ) ;
#1669 = AXIS2_PLACEMENT_3D ( 'NONE', #829, #964, #1569 ) ;
#1670 = VECTOR ( 'NONE', #654, 1000.000000000000000 ) ;
#1671 = LINE ( 'NONE', #1525, #946 ) ;
#1672 = CARTESIAN_POINT ( 'NONE',  ( 14.99999999999999645, 15.00000000000000000, 24.57842712474618452 ) ) ;
#1673 = FACE_BOUND ( 'NONE', #75, .T. ) ;
#1674 = DIRECTION ( 'NONE',  ( 0.000000000000000000, 0.000000000000000000, 1.000000000000000000 ) ) ;
#1675 = EDGE_CURVE ( 'NONE', #1667, #1521, #1526, .T. ) ;
#1676 = ORIENTED_EDGE ( 'NONE', *, *, #1502, .F. ) ;
#1677 = EDGE_CURVE ( 'NONE', #803, #179, #1080, .T. ) ;
#1678 = VERTEX_POINT ( 'NONE', #1107 ) ;
#1679 = PLANE ( 'NONE',  #1203 ) ;
#1680 = LINE ( 'NONE', #760, #853 ) ;
#1681 = DIRECTION ( 'NONE',  ( -1.000000000000000000, 0.000000000000000000, 0.000000000000000000 ) ) ;
#1682 = ORIENTED_EDGE ( 'NONE', *, *, #1677, .T. ) ;
#1683 = CARTESIAN_POINT ( 'NONE',  ( -15.00000000000000178, 15.00000000000000000, -31.75000000000000000 ) ) ;
#1684 = VERTEX_POINT ( 'NONE', #652 ) ;
#1685 = VERTEX_POINT ( 'NONE', #487 ) ;
#1686 = LINE ( 'NONE', #1075, #1607 ) ;
#1687 = CARTESIAN_POINT ( 'NONE',  ( -9.500000000000001776, 15.00000000000000000, 30.24999999999999645 ) ) ;
#1688 = LINE ( 'NONE', #1834, #1691 ) ;
#1689 = CARTESIAN_POINT ( 'NONE',  ( -9.500000000000000000, -0.0009999999999992653654, -31.54999999999999361 ) ) ;
#1690 = LINE ( 'NONE', #814, #1732 ) ;
#1691 = VECTOR ( 'NONE', #1814, 1000.000000000000000 ) ;
#1692 = ORIENTED_EDGE ( 'NONE', *, *, #304, .F. ) ;
#1693 = AXIS2_PLACEMENT_3D ( 'NONE', #509, #1536, #1807 ) ;
#1694 = EDGE_CURVE ( 'NONE', #1870, #1896, #1408, .T. ) ;
#1695 = ORIENTED_EDGE ( 'NONE', *, *, #282, .T. ) ;
#1696 = DIRECTION ( 'NONE',  ( 0.000000000000000000, -0.000000000000000000, -1.000000000000000000 ) ) ;
#1697 = VECTOR ( 'NONE', #873, 1000.000000000000000 ) ;
#1698 = CARTESIAN_POINT ( 'NONE',  ( -10.50000000000000533, 8.000000000000000000, 16.24999999999999289 ) ) ;
#1699 = VECTOR ( 'NONE', #819, 1000.000000000000000 ) ;
#1700 = PLANE ( 'NONE',  #970 ) ;
#1701 = EDGE_LOOP ( 'NONE', ( #739, #292, #562, #957 ) ) ;
#1702 = VECTOR ( 'NONE', #1121, 1000.000000000000000 ) ;
#1703 = CARTESIAN_POINT ( 'NONE',  ( -15.00000000000000355, 13.99999999999999822, 21.75000000000000355 ) ) ;
#1704 = CARTESIAN_POINT ( 'NONE',  ( -15.00000000000000178, 0.000000000000000000, 36.25000000000000000 ) ) ;
#1705 = ORIENTED_EDGE ( 'NONE', *, *, #1303, .F. ) ;
#1706 = EDGE_CURVE ( 'NONE', #14, #452, #80, .T. ) ;
#1707 = VERTEX_POINT ( 'NONE', #1672 ) ;
#1708 = FACE_OUTER_BOUND ( 'NONE', #1343, .T. ) ;
#1709 = ADVANCED_FACE ( 'NONE', ( #1231 ), #1700, .F. ) ;
#1710 = DIRECTION ( 'NONE',  ( 1.000000000000000000, 0.000000000000000000, 0.000000000000000000 ) ) ;
#1711 = DIRECTION ( 'NONE',  ( 1.000000000000000000, 0.000000000000000000, -0.000000000000000000 ) ) ;
#1712 = CARTESIAN_POINT ( 'NONE',  ( 14.99999999999999645, 13.99999999999999822, -24.24999999999999645 ) ) ;
#1713 = LINE ( 'NONE', #1847, #1702 ) ;
#1714 = ORIENTED_EDGE ( 'NONE', *, *, #1046, .T. ) ;
#1715 = ORIENTED_EDGE ( 'NONE', *, *, #308, .F. ) ;
#1716 = CARTESIAN_POINT ( 'NONE',  ( -10.50000000000000711, 8.000000000000000000, 29.50000000000000000 ) ) ;
#1717 = CARTESIAN_POINT ( 'NONE',  ( 5.000000000000002665, 15.00099999999999945, 33.00000000000000000 ) ) ;
#1718 = CARTESIAN_POINT ( 'NONE',  ( -9.500000000000000000, 0.000000000000000000, -29.94999999999999574 ) ) ;
#1719 = CARTESIAN_POINT ( 'NONE',  ( 0.000000000000000000, 15.00000000000000000, 0.000000000000000000 ) ) ;
#1720 = DIRECTION ( 'NONE',  ( 0.000000000000000000, 0.000000000000000000, 1.000000000000000000 ) ) ;
#1721 = ORIENTED_EDGE ( 'NONE', *, *, #641, .T. ) ;
#1722 = ADVANCED_FACE ( 'NONE', ( #1096 ), #346, .T. ) ;
#1723 = ORIENTED_EDGE ( 'NONE', *, *, #27, .F. ) ;
#1724 = CIRCLE ( 'NONE', #608, 1.600000000000000755 ) ;
#1725 = DIRECTION ( 'NONE',  ( 0.000000000000000000, -6.938893903907228378E-16, -1.000000000000000000 ) ) ;
#1726 = CARTESIAN_POINT ( 'NONE',  ( 9.999999999999996447, 8.000000000000000000, 27.24999999999999289 ) ) ;
#1727 = CIRCLE ( 'NONE', #730, 1.600000000000000755 ) ;
#1728 = DIRECTION ( 'NONE',  ( -0.000000000000000000, -1.000000000000000000, -0.000000000000000000 ) ) ;
#1729 = CARTESIAN_POINT ( 'NONE',  ( -10.50000000000000178, 0.000000000000000000, -11.50000000000000355 ) ) ;
#1730 = CIRCLE ( 'NONE', #369, 1.600000000000000755 ) ;
#1731 = ORIENTED_EDGE ( 'NONE', *, *, #1122, .T. ) ;
#1732 = VECTOR ( 'NONE', #502, 1000.000000000000000 ) ;
#1733 = EDGE_CURVE ( 'NONE', #14, #744, #508, .T. ) ;
#1734 = CARTESIAN_POINT ( 'NONE',  ( -15.00000000000000178, 5.999999999999998224, 16.24999999999999289 ) ) ;
#1735 = LINE ( 'NONE', #1587, #1321 ) ;
#1736 = DIRECTION ( 'NONE',  ( 1.000000000000000000, 0.000000000000000000, 0.000000000000000000 ) ) ;
#1737 = CARTESIAN_POINT ( 'NONE',  ( -4.999999999999997335, 5.999999999999998224, -15.00000000000000355 ) ) ;
#1738 = VERTEX_POINT ( 'NONE', #1827 ) ;
#1739 = ADVANCED_FACE ( 'NONE', ( #1398 ), #1534, .F. ) ;
#1740 = DIRECTION ( 'NONE',  ( -0.000000000000000000, -0.000000000000000000, -1.000000000000000000 ) ) ;
#1741 = CARTESIAN_POINT ( 'NONE',  ( -16.89999999999999503, 11.49999999999999822, -36.25000000000000000 ) ) ;
#1742 = ADVANCED_FACE ( 'NONE', ( #210, #1805, #62, #1554, #1250, #1388, #811, #640 ), #478, .T. ) ;
#1743 = ORIENTED_EDGE ( 'NONE', *, *, #718, .T. ) ;
#1744 = CARTESIAN_POINT ( 'NONE',  ( 9.499999999999996447, 15.00000000000000000, -31.54999999999999361 ) ) ;
#1745 = CARTESIAN_POINT ( 'NONE',  ( -15.00000000000000355, 13.99999999999999822, -24.24999999999999645 ) ) ;
#1746 = ORIENTED_EDGE ( 'NONE', *, *, #1015, .F. ) ;
#1747 = FACE_OUTER_BOUND ( 'NONE', #897, .T. ) ;
#1748 = ORIENTED_EDGE ( 'NONE', *, *, #93, .F. ) ;
#1749 = AXIS2_PLACEMENT_3D ( 'NONE', #553, #1441, #1429 ) ;
#1750 = ADVANCED_FACE ( 'NONE', ( #1069 ), #1659, .F. ) ;
#1751 = CYLINDRICAL_SURFACE ( 'NONE', #216, 1.600000000000000755 ) ;
#1752 = SHAPE_DEFINITION_REPRESENTATION ( #1393, #1800 ) ;
#1753 = ORIENTED_EDGE ( 'NONE', *, *, #304, .T. ) ;
#1754 = CARTESIAN_POINT ( 'NONE',  ( 14.99999999999999645, 15.00000000000000000, 36.25000000000000000 ) ) ;
#1755 = VECTOR ( 'NONE', #885, 1000.000000000000000 ) ;
#1756 = CARTESIAN_POINT ( 'NONE',  ( 9.499999999999996447, -0.0009999999999992653654, 30.24999999999999645 ) ) ;
#1757 = VECTOR ( 'NONE', #994, 1000.000000000000000 ) ;
#1758 = AXIS2_PLACEMENT_3D ( 'NONE', #791, #933, #1221 ) ;
#1759 = ORIENTED_EDGE ( 'NONE', *, *, #802, .F. ) ;
#1760 = CYLINDRICAL_SURFACE ( 'NONE', #1669, 1.600000000000000755 ) ;
#1761 = EDGE_LOOP ( 'NONE', ( #1147, #1243 ) ) ;
#1762 = VECTOR ( 'NONE', #658, 1000.000000000000000 ) ;
#1763 = VECTOR ( 'NONE', #1566, 1000.000000000000000 ) ;
#1764 = EDGE_LOOP ( 'NONE', ( #768, #1277, #340, #1466 ) ) ;
#1765 = EDGE_CURVE ( 'NONE', #1405, #655, #773, .T. ) ;
#1766 = CARTESIAN_POINT ( 'NONE',  ( 14.99999999999999645, 5.000000000000000000, 27.24999999999999645 ) ) ;
#1767 = VERTEX_POINT ( 'NONE', #1563 ) ;
#1768 = DIRECTION ( 'NONE',  ( -9.912705577010328508E-16, 1.000000000000000000, -0.000000000000000000 ) ) ;
#1769 = ORIENTED_EDGE ( 'NONE', *, *, #1210, .T. ) ;
#1770 = CARTESIAN_POINT ( 'NONE',  ( -9.500000000000001776, -0.0009999999999992653654, 28.64999999999999503 ) ) ;
#1771 = VERTEX_POINT ( 'NONE', #243 ) ;
#1772 = DIRECTION ( 'NONE',  ( 0.000000000000000000, 0.000000000000000000, -1.000000000000000000 ) ) ;
#1773 = VERTEX_POINT ( 'NONE', #1718 ) ;
#1774 = CYLINDRICAL_SURFACE ( 'NONE', #611, 2.999999999999999112 ) ;
#1775 = CARTESIAN_POINT ( 'NONE',  ( -15.00000000000000355, 15.00000000000000000, -21.42157287525381193 ) ) ;
#1776 = ORIENTED_EDGE ( 'NONE', *, *, #224, .F. ) ;
#1777 = LINE ( 'NONE', #1207, #1824 ) ;
#1778 = VERTEX_POINT ( 'NONE', #1594 ) ;
#1779 = DIRECTION ( 'NONE',  ( 1.000000000000000000, -0.000000000000000000, -0.000000000000000000 ) ) ;
#1780 = PRESENTATION_LAYER_ASSIGNMENT (  '', '', ( #1476 ) ) ;
#1781 = FACE_OUTER_BOUND ( 'NONE', #1644, .T. ) ;
#1782 = ADVANCED_FACE ( 'NONE', ( #418, #857, #410 ), #256, .F. ) ;
#1783 = CARTESIAN_POINT ( 'NONE',  ( 5.000000000000002665, 4.999999999999999112, 33.00000000000000000 ) ) ;
#1784 = AXIS2_PLACEMENT_3D ( 'NONE', #1894, #258, #834 ) ;
#1785 = ORIENTED_EDGE ( 'NONE', *, *, #1130, .T. ) ;
#1786 = DIRECTION ( 'NONE',  ( 1.000000000000000000, -0.000000000000000000, -0.000000000000000000 ) ) ;
#1787 = EDGE_LOOP ( 'NONE', ( #777, #880, #1682, #1538, #504, #1626, #1074, #1498 ) ) ;
#1788 = CIRCLE ( 'NONE', #1758, 1.599999999999997202 ) ;
#1789 = ORIENTED_EDGE ( 'NONE', *, *, #215, .T. ) ;
#1790 = VECTOR ( 'NONE', #176, 1000.000000000000000 ) ;
#1791 = EDGE_CURVE ( 'NONE', #131, #1685, #757, .T. ) ;
#1792 = VECTOR ( 'NONE', #1868, 1000.000000000000000 ) ;
#1793 = APPLICATION_CONTEXT ( 'automotive_design' ) ;
#1794 = CARTESIAN_POINT ( 'NONE',  ( 9.499999999999996447, -0.0009999999999992653654, 28.64999999999999503 ) ) ;
#1795 = DIRECTION ( 'NONE',  ( 0.000000000000000000, -1.000000000000000000, 0.000000000000000000 ) ) ;
#1796 =( NAMED_UNIT ( * ) SI_UNIT ( $, .STERADIAN. ) SOLID_ANGLE_UNIT ( ) );
#1797 = VERTEX_POINT ( 'NONE', #1726 ) ;
#1798 = LINE ( 'NONE', #1770, #552 ) ;
#1799 = ORIENTED_EDGE ( 'NONE', *, *, #1897, .F. ) ;
#1800 = ADVANCED_BREP_SHAPE_REPRESENTATION ( 'Servo Holder_Servo Holder', ( #1623, #910 ), #1472 ) ;
#1801 = ORIENTED_EDGE ( 'NONE', *, *, #514, .F. ) ;
#1802 = FACE_OUTER_BOUND ( 'NONE', #1764, .T. ) ;
#1803 = ADVANCED_FACE ( 'NONE', ( #1002, #966 ), #669, .F. ) ;
#1804 = CARTESIAN_POINT ( 'NONE',  ( -10.50000000000000178, 8.000000000000000000, -11.50000000000000355 ) ) ;
#1805 = FACE_BOUND ( 'NONE', #357, .T. ) ;
#1806 = EDGE_CURVE ( 'NONE', #693, #866, #975, .T. ) ;
#1807 = DIRECTION ( 'NONE',  ( 0.000000000000000000, 0.000000000000000000, -1.000000000000000000 ) ) ;
#1808 = DIRECTION ( 'NONE',  ( -1.000000000000000000, 0.000000000000000000, 0.000000000000000000 ) ) ;
#1809 = ORIENTED_EDGE ( 'NONE', *, *, #1236, .T. ) ;
#1810 = ORIENTED_EDGE ( 'NONE', *, *, #282, .F. ) ;
#1811 = ORIENTED_EDGE ( 'NONE', *, *, #841, .T. ) ;
#1812 = CARTESIAN_POINT ( 'NONE',  ( -4.999999999999997335, 0.000000000000000000, -15.00000000000000355 ) ) ;
#1813 = DIRECTION ( 'NONE',  ( 0.000000000000000000, 1.000000000000000000, 0.000000000000000000 ) ) ;
#1814 = DIRECTION ( 'NONE',  ( 0.000000000000000000, 0.000000000000000000, -1.000000000000000000 ) ) ;
#1815 = EDGE_CURVE ( 'NONE', #962, #1433, #404, .T. ) ;
#1816 = FACE_OUTER_BOUND ( 'NONE', #1352, .T. ) ;
#1817 = AXIS2_PLACEMENT_3D ( 'NONE', #16, #743, #1039 ) ;
#1818 = CARTESIAN_POINT ( 'NONE',  ( -15.00000000000000355, 15.00000000000000000, 33.74999999999999289 ) ) ;
#1819 = EDGE_CURVE ( 'NONE', #105, #1086, #1417, .T. ) ;
#1820 = EDGE_LOOP ( 'NONE', ( #702, #1743, #1877, #1844 ) ) ;
#1821 = VECTOR ( 'NONE', #1740, 1000.000000000000000 ) ;
#1822 = VERTEX_POINT ( 'NONE', #101 ) ;
#1823 = FACE_OUTER_BOUND ( 'NONE', #807, .T. ) ;
#1824 = VECTOR ( 'NONE', #725, 1000.000000000000000 ) ;
#1825 = VECTOR ( 'NONE', #1099, 1000.000000000000000 ) ;
#1826 = CARTESIAN_POINT ( 'NONE',  ( -4.999999999999998224, 0.000000000000000000, 31.40000000000000568 ) ) ;
#1827 = CARTESIAN_POINT ( 'NONE',  ( 14.99999999999999645, 13.99999999999999822, 24.74999999999999289 ) ) ;
#1828 = CARTESIAN_POINT ( 'NONE',  ( 14.99999999999999645, 0.000000000000000000, 36.25000000000000000 ) ) ;
#1829 = CARTESIAN_POINT ( 'NONE',  ( 14.99999999999999645, 5.000000000000000000, 27.24999999999999645 ) ) ;
#1830 = EDGE_LOOP ( 'NONE', ( #301, #314 ) ) ;
#1831 = ORIENTED_EDGE ( 'NONE', *, *, #656, .F. ) ;
#1832 = CARTESIAN_POINT ( 'NONE',  ( -15.00000000000000178, 15.00000000000000000, 16.24999999999999289 ) ) ;
#1833 = PLANE ( 'NONE',  #1885 ) ;
#1834 = CARTESIAN_POINT ( 'NONE',  ( -15.00000000000000178, 8.000000000000000000, -31.75000000000000000 ) ) ;
#1835 = DIRECTION ( 'NONE',  ( 0.000000000000000000, 9.637352644315595243E-17, -1.000000000000000000 ) ) ;
#1836 = CARTESIAN_POINT ( 'NONE',  ( 9.499999999999996447, 9.999999999999998224, 30.24999999999999645 ) ) ;
#1837 = EDGE_CURVE ( 'NONE', #1310, #1767, #267, .T. ) ;
#1838 = ORIENTED_EDGE ( 'NONE', *, *, #524, .F. ) ;
#1839 = EDGE_CURVE ( 'NONE', #850, #1457, #1286, .T. ) ;
#1840 = EDGE_LOOP ( 'NONE', ( #1270, #991, #918, #594 ) ) ;
#1841 = DIRECTION ( 'NONE',  ( 0.000000000000000000, 0.000000000000000000, -1.000000000000000000 ) ) ;
#1842 = CARTESIAN_POINT ( 'NONE',  ( -15.00000000000000178, 8.000000000000000000, -31.75000000000000000 ) ) ;
#1843 = CARTESIAN_POINT ( 'NONE',  ( 14.99999999999999645, 7.999999999999998224, -36.25000000000000000 ) ) ;
#1844 = ORIENTED_EDGE ( 'NONE', *, *, #963, .T. ) ;
#1845 = ADVANCED_FACE ( 'NONE', ( #1865, #1883 ), #1117, .T. ) ;
#1846 = LINE ( 'NONE', #63, #1317 ) ;
#1847 = CARTESIAN_POINT ( 'NONE',  ( -15.00000000000000178, 5.999999999999998224, -18.75000000000000711 ) ) ;
#1848 = AXIS2_PLACEMENT_3D ( 'NONE', #1756, #1643, #602 ) ;
#1849 = ORIENTED_EDGE ( 'NONE', *, *, #186, .T. ) ;
#1850 = AXIS2_PLACEMENT_3D ( 'NONE', #1719, #967, #1573 ) ;
#1851 = ORIENTED_EDGE ( 'NONE', *, *, #109, .F. ) ;
#1852 = CARTESIAN_POINT ( 'NONE',  ( 14.99999999999999645, 5.999999999999998224, -18.75000000000000711 ) ) ;
#1853 = ADVANCED_FACE ( 'NONE', ( #1892 ), #833, .F. ) ;
#1854 = VECTOR ( 'NONE', #1779, 1000.000000000000000 ) ;
#1855 = LINE ( 'NONE', #1263, #675 ) ;
#1856 = VECTOR ( 'NONE', #1841, 1000.000000000000000 ) ;
#1857 = DIRECTION ( 'NONE',  ( 0.000000000000000000, 0.000000000000000000, -1.000000000000000000 ) ) ;
#1858 = AXIS2_PLACEMENT_3D ( 'NONE', #1129, #1164, #835 ) ;
#1859 = LINE ( 'NONE', #1282, #274 ) ;
#1860 = CARTESIAN_POINT ( 'NONE',  ( -21.99999999999999645, 8.000000000000000000, -31.75000000000000000 ) ) ;
#1861 = ORIENTED_EDGE ( 'NONE', *, *, #475, .T. ) ;
#1862 = ORIENTED_EDGE ( 'NONE', *, *, #1439, .T. ) ;
#1863 = CARTESIAN_POINT ( 'NONE',  ( 18.49999999999999645, 11.49999999999999645, -31.75000000000000711 ) ) ;
#1864 = PLANE ( 'NONE',  #703 ) ;
#1865 = FACE_BOUND ( 'NONE', #1830, .T. ) ;
#1866 = EDGE_CURVE ( 'NONE', #798, #1394, #1144, .T. ) ;
#1867 = LINE ( 'NONE', #996, #548 ) ;
#1868 = DIRECTION ( 'NONE',  ( -1.000000000000000000, 0.000000000000000000, 0.000000000000000000 ) ) ;
#1869 = ORIENTED_EDGE ( 'NONE', *, *, #982, .T. ) ;
#1870 = VERTEX_POINT ( 'NONE', #1281 ) ;
#1871 = DIRECTION ( 'NONE',  ( -2.478176394252579662E-16, -1.000000000000000000, 0.000000000000000000 ) ) ;
#1872 = CARTESIAN_POINT ( 'NONE',  ( 0.000000000000000000, 15.00000000000000000, 0.000000000000000000 ) ) ;
#1873 = LINE ( 'NONE', #543, #181 ) ;
#1874 = LINE ( 'NONE', #1409, #1666 ) ;
#1875 = FACE_OUTER_BOUND ( 'NONE', #565, .T. ) ;
#1876 = EDGE_CURVE ( 'NONE', #1310, #1771, #1873, .T. ) ;
#1877 = ORIENTED_EDGE ( 'NONE', *, *, #321, .T. ) ;
#1878 = EDGE_CURVE ( 'NONE', #1350, #1156, #1735, .T. ) ;
#1879 = ORIENTED_EDGE ( 'NONE', *, *, #1706, .T. ) ;
#1880 = AXIS2_PLACEMENT_3D ( 'NONE', #1557, #1519, #196 ) ;
#1881 = VECTOR ( 'NONE', #926, 1000.000000000000000 ) ;
#1882 = DIRECTION ( 'NONE',  ( 0.000000000000000000, -1.000000000000000000, 0.000000000000000000 ) ) ;
#1883 = FACE_OUTER_BOUND ( 'NONE', #1073, .T. ) ;
#1884 = AXIS2_PLACEMENT_3D ( 'NONE', #973, #846, #955 ) ;
#1885 = AXIS2_PLACEMENT_3D ( 'NONE', #361, #1542, #1106 ) ;
#1886 = CARTESIAN_POINT ( 'NONE',  ( -15.00000000000000178, 15.00000000000000000, 24.57842712474618452 ) ) ;
#1887 = LINE ( 'NONE', #128, #257 ) ;
#1888 = EDGE_LOOP ( 'NONE', ( #26, #1033, #1695, #736 ) ) ;
#1889 = ORIENTED_EDGE ( 'NONE', *, *, #995, .F. ) ;
#1890 = EDGE_CURVE ( 'NONE', #866, #1707, #706, .T. ) ;
#1891 = DIRECTION ( 'NONE',  ( 0.000000000000000000, 0.000000000000000000, -1.000000000000000000 ) ) ;
#1892 = FACE_OUTER_BOUND ( 'NONE', #1304, .T. ) ;
#1893 = VERTEX_POINT ( 'NONE', #1741 ) ;
#1894 = CARTESIAN_POINT ( 'NONE',  ( 9.999999999999996447, 8.000000000000000000, 29.50000000000000000 ) ) ;
#1895 = DIRECTION ( 'NONE',  ( -0.000000000000000000, 1.000000000000000000, -0.000000000000000000 ) ) ;
#1896 = VERTEX_POINT ( 'NONE', #13 ) ;
#1897 = EDGE_CURVE ( 'NONE', #187, #655, #1018, .T. ) ;
#1898 = CARTESIAN_POINT ( 'NONE',  ( 9.999999999999996447, 0.000000000000000000, 29.50000000000000000 ) ) ;
#1899 = ORIENTED_EDGE ( 'NONE', *, *, #413, .F. ) ;
#1900 = DIRECTION ( 'NONE',  ( -0.000000000000000000, -0.000000000000000000, 1.000000000000000000 ) ) ;
#1901 = CARTESIAN_POINT ( 'NONE',  ( -10.50000000000000711, 8.000000000000000000, 29.50000000000000000 ) ) ;
#1902 = EDGE_LOOP ( 'NONE', ( #969, #1584, #1072, #950 ) ) ;
#1903 = CARTESIAN_POINT ( 'NONE',  ( 0.000000000000000000, 15.00000000000000000, 0.000000000000000000 ) ) ;
#1904 = EDGE_CURVE ( 'NONE', #931, #1433, #1611, .T. ) ;
#1905 = CARTESIAN_POINT ( 'NONE',  ( 9.499999999999996447, 15.00000000000000000, -33.14999999999999147 ) ) ;
#1906 = DIRECTION ( 'NONE',  ( 1.000000000000000000, 0.000000000000000000, 0.000000000000000000 ) ) ;
#1907 = CLOSED_SHELL ( 'NONE', ( #747, #1256, #97, #1469, #138, #1077, #327, #1445, #84, #1739, #1532, #1579, #907, #1118, #554, #689, #1618, #1148, #1742, #1782, #1604, #1034, #112, #1549, #178, #445, #1298, #273, #619, #1709, #126, #98, #892, #607, #44, #816, #646, #1177, #1155, #416, #1158, #53, #1601, #1853, #1750, #1722, #567, #1803, #1061, #1585, #1845, #1189, #535 ) ) ;
ENDSEC;
END-ISO-10303-21;
