ISO-10303-21;
HEADER;
FILE_DESCRIPTION(('Open CASCADE Model'),'2;1');
FILE_NAME('gripper_clamp_bracket','2026-08-28T01:47:27',('Author'),(
    'Open CASCADE'),'Open CASCADE STEP processor 7.8','cadgen','Unknown'
  );
FILE_SCHEMA(('AUTOMOTIVE_DESIGN { 1 0 10303 214 1 1 1 1 }'));
ENDSEC;
DATA;
#1 = APPLICATION_PROTOCOL_DEFINITION('international standard',
  'automotive_design',2000,#2);
#2 = APPLICATION_CONTEXT(
  'core data for automotive mechanical design processes');
#3 = SHAPE_DEFINITION_REPRESENTATION(#4,#10);
#4 = PRODUCT_DEFINITION_SHAPE('','',#5);
#5 = PRODUCT_DEFINITION('design','',#6,#9);
#6 = PRODUCT_DEFINITION_FORMATION('','',#7);
#7 = PRODUCT('=>[0:1:1:2]','=>[0:1:1:2]','',(#8));
#8 = PRODUCT_CONTEXT('',#2,'mechanical');
#9 = PRODUCT_DEFINITION_CONTEXT('part definition',#2,'design');
#10 = SHAPE_REPRESENTATION('',(#11,#15),#19);
#11 = AXIS2_PLACEMENT_3D('',#12,#13,#14);
#12 = CARTESIAN_POINT('',(0.,0.,0.));
#13 = DIRECTION('',(0.,0.,1.));
#14 = DIRECTION('',(1.,0.,-0.));
#15 = AXIS2_PLACEMENT_3D('',#16,#17,#18);
#16 = CARTESIAN_POINT('',(0.,0.,0.));
#17 = DIRECTION('',(0.,0.,1.));
#18 = DIRECTION('',(1.,0.,-0.));
#19 = ( GEOMETRIC_REPRESENTATION_CONTEXT(3) 
GLOBAL_UNCERTAINTY_ASSIGNED_CONTEXT((#23)) GLOBAL_UNIT_ASSIGNED_CONTEXT(
(#20,#21,#22)) REPRESENTATION_CONTEXT('Context #1',
  '3D Context with UNIT and UNCERTAINTY') );
#20 = ( LENGTH_UNIT() NAMED_UNIT(*) SI_UNIT(.MILLI.,.METRE.) );
#21 = ( NAMED_UNIT(*) PLANE_ANGLE_UNIT() SI_UNIT($,.RADIAN.) );
#22 = ( NAMED_UNIT(*) SI_UNIT($,.STERADIAN.) SOLID_ANGLE_UNIT() );
#23 = UNCERTAINTY_MEASURE_WITH_UNIT(LENGTH_MEASURE(1.E-06),#20,
  'distance_accuracy_value','confusion accuracy');
#24 = PRODUCT_RELATED_PRODUCT_CATEGORY('part',$,(#7));
#25 = SHAPE_DEFINITION_REPRESENTATION(#26,#32);
#26 = PRODUCT_DEFINITION_SHAPE('','',#27);
#27 = PRODUCT_DEFINITION('design','',#28,#31);
#28 = PRODUCT_DEFINITION_FORMATION('','',#29);
#29 = PRODUCT('gripper_clamp_bracket','gripper_clamp_bracket','',(#30));
#30 = PRODUCT_CONTEXT('',#2,'mechanical');
#31 = PRODUCT_DEFINITION_CONTEXT('part definition',#2,'design');
#32 = ADVANCED_BREP_SHAPE_REPRESENTATION('',(#11,#33),#3365);
#33 = MANIFOLD_SOLID_BREP('',#34);
#34 = CLOSED_SHELL('',(#35,#152,#259,#384,#499,#619,#734,#851,#958,#1185
    ,#1317,#1587,#1687,#1799,#1848,#1920,#2044,#2116,#2193,#2220,#2277,
    #2284,#2291,#2528,#2535,#2542,#2549,#2596,#2603,#2701,#2796,#2895,
    #2922,#2972,#3074,#3146,#3231,#3258,#3323,#3330,#3337,#3344,#3351,
    #3358));
#35 = ADVANCED_FACE('',(#36),#50,.F.);
#36 = FACE_BOUND('',#37,.F.);
#37 = EDGE_LOOP('',(#38,#73,#102,#125));
#38 = ORIENTED_EDGE('',*,*,#39,.T.);
#39 = EDGE_CURVE('',#40,#42,#44,.T.);
#40 = VERTEX_POINT('',#41);
#41 = CARTESIAN_POINT('',(-66.19999999999,-15.50155691282,
    -7.099715697927));
#42 = VERTEX_POINT('',#43);
#43 = CARTESIAN_POINT('',(-63.19999999999,-15.50155691282,
    -7.099715697927));
#44 = SURFACE_CURVE('',#45,(#49,#61),.PCURVE_S1.);
#45 = LINE('',#46,#47);
#46 = CARTESIAN_POINT('',(-66.19999999999,-15.50155691282,
    -7.099715697927));
#47 = VECTOR('',#48,1.);
#48 = DIRECTION('',(1.,-5.922318522295E-15,0.));
#49 = PCURVE('',#50,#55);
#50 = CYLINDRICAL_SURFACE('',#51,1.6);
#51 = AXIS2_PLACEMENT_3D('',#52,#53,#54);
#52 = CARTESIAN_POINT('',(-66.19999999999,-15.50155691282,
    -5.499715697928));
#53 = DIRECTION('',(1.,-5.922318522295E-15,0.));
#54 = DIRECTION('',(0.,0.,-1.));
#55 = DEFINITIONAL_REPRESENTATION('',(#56),#60);
#56 = LINE('',#57,#58);
#57 = CARTESIAN_POINT('',(6.28318530718,0.));
#58 = VECTOR('',#59,1.);
#59 = DIRECTION('',(0.,1.));
#60 = ( GEOMETRIC_REPRESENTATION_CONTEXT(2) 
PARAMETRIC_REPRESENTATION_CONTEXT() REPRESENTATION_CONTEXT('2D SPACE',''
  ) );
#61 = PCURVE('',#62,#67);
#62 = CYLINDRICAL_SURFACE('',#63,1.6);
#63 = AXIS2_PLACEMENT_3D('',#64,#65,#66);
#64 = CARTESIAN_POINT('',(-66.19999999999,-15.50155691282,
    -5.499715697928));
#65 = DIRECTION('',(1.,-5.922318522295E-15,0.));
#66 = DIRECTION('',(0.,0.,-1.));
#67 = DEFINITIONAL_REPRESENTATION('',(#68),#72);
#68 = LINE('',#69,#70);
#69 = CARTESIAN_POINT('',(0.,0.));
#70 = VECTOR('',#71,1.);
#71 = DIRECTION('',(0.,1.));
#72 = ( GEOMETRIC_REPRESENTATION_CONTEXT(2) 
PARAMETRIC_REPRESENTATION_CONTEXT() REPRESENTATION_CONTEXT('2D SPACE',''
  ) );
#73 = ORIENTED_EDGE('',*,*,#74,.T.);
#74 = EDGE_CURVE('',#42,#75,#77,.T.);
#75 = VERTEX_POINT('',#76);
#76 = CARTESIAN_POINT('',(-63.19999999999,-15.50155691282,
    -3.899715697928));
#77 = SURFACE_CURVE('',#78,(#83,#90),.PCURVE_S1.);
#78 = CIRCLE('',#79,1.6);
#79 = AXIS2_PLACEMENT_3D('',#80,#81,#82);
#80 = CARTESIAN_POINT('',(-63.19999999999,-15.50155691282,
    -5.499715697928));
#81 = DIRECTION('',(-1.,5.922318522295E-15,0.));
#82 = DIRECTION('',(0.,0.,-1.));
#83 = PCURVE('',#50,#84);
#84 = DEFINITIONAL_REPRESENTATION('',(#85),#89);
#85 = LINE('',#86,#87);
#86 = CARTESIAN_POINT('',(6.28318530718,3.));
#87 = VECTOR('',#88,1.);
#88 = DIRECTION('',(-1.,0.));
#89 = ( GEOMETRIC_REPRESENTATION_CONTEXT(2) 
PARAMETRIC_REPRESENTATION_CONTEXT() REPRESENTATION_CONTEXT('2D SPACE',''
  ) );
#90 = PCURVE('',#91,#96);
#91 = PLANE('',#92);
#92 = AXIS2_PLACEMENT_3D('',#93,#94,#95);
#93 = CARTESIAN_POINT('',(-63.19999999999,-1.435067465566E-03,0.));
#94 = DIRECTION('',(-1.,5.922318522295E-15,0.));
#95 = DIRECTION('',(0.,0.,1.));
#96 = DEFINITIONAL_REPRESENTATION('',(#97),#101);
#97 = CIRCLE('',#98,1.6);
#98 = AXIS2_PLACEMENT_2D('',#99,#100);
#99 = CARTESIAN_POINT('',(-5.499715697928,-15.50012184535));
#100 = DIRECTION('',(-1.,0.));
#101 = ( GEOMETRIC_REPRESENTATION_CONTEXT(2) 
PARAMETRIC_REPRESENTATION_CONTEXT() REPRESENTATION_CONTEXT('2D SPACE',''
  ) );
#102 = ORIENTED_EDGE('',*,*,#103,.F.);
#103 = EDGE_CURVE('',#104,#75,#106,.T.);
#104 = VERTEX_POINT('',#105);
#105 = CARTESIAN_POINT('',(-66.19999999999,-15.50155691282,
    -3.899715697928));
#106 = SURFACE_CURVE('',#107,(#111,#118),.PCURVE_S1.);
#107 = LINE('',#108,#109);
#108 = CARTESIAN_POINT('',(-66.19999999999,-15.50155691282,
    -3.899715697928));
#109 = VECTOR('',#110,1.);
#110 = DIRECTION('',(1.,-5.922318522295E-15,0.));
#111 = PCURVE('',#50,#112);
#112 = DEFINITIONAL_REPRESENTATION('',(#113),#117);
#113 = LINE('',#114,#115);
#114 = CARTESIAN_POINT('',(3.14159265359,-5.260075506093E-29));
#115 = VECTOR('',#116,1.);
#116 = DIRECTION('',(0.,1.));
#117 = ( GEOMETRIC_REPRESENTATION_CONTEXT(2) 
PARAMETRIC_REPRESENTATION_CONTEXT() REPRESENTATION_CONTEXT('2D SPACE',''
  ) );
#118 = PCURVE('',#62,#119);
#119 = DEFINITIONAL_REPRESENTATION('',(#120),#124);
#120 = LINE('',#121,#122);
#121 = CARTESIAN_POINT('',(3.14159265359,-5.260075506093E-29));
#122 = VECTOR('',#123,1.);
#123 = DIRECTION('',(0.,1.));
#124 = ( GEOMETRIC_REPRESENTATION_CONTEXT(2) 
PARAMETRIC_REPRESENTATION_CONTEXT() REPRESENTATION_CONTEXT('2D SPACE',''
  ) );
#125 = ORIENTED_EDGE('',*,*,#126,.F.);
#126 = EDGE_CURVE('',#40,#104,#127,.T.);
#127 = SURFACE_CURVE('',#128,(#133,#140),.PCURVE_S1.);
#128 = CIRCLE('',#129,1.6);
#129 = AXIS2_PLACEMENT_3D('',#130,#131,#132);
#130 = CARTESIAN_POINT('',(-66.19999999999,-15.50155691282,
    -5.499715697928));
#131 = DIRECTION('',(-1.,5.922318522295E-15,0.));
#132 = DIRECTION('',(0.,0.,-1.));
#133 = PCURVE('',#50,#134);
#134 = DEFINITIONAL_REPRESENTATION('',(#135),#139);
#135 = LINE('',#136,#137);
#136 = CARTESIAN_POINT('',(6.28318530718,0.));
#137 = VECTOR('',#138,1.);
#138 = DIRECTION('',(-1.,0.));
#139 = ( GEOMETRIC_REPRESENTATION_CONTEXT(2) 
PARAMETRIC_REPRESENTATION_CONTEXT() REPRESENTATION_CONTEXT('2D SPACE',''
  ) );
#140 = PCURVE('',#141,#146);
#141 = PLANE('',#142);
#142 = AXIS2_PLACEMENT_3D('',#143,#144,#145);
#143 = CARTESIAN_POINT('',(-66.19999999999,0.,0.));
#144 = DIRECTION('',(-1.,0.,0.));
#145 = DIRECTION('',(0.,0.,1.));
#146 = DEFINITIONAL_REPRESENTATION('',(#147),#151);
#147 = CIRCLE('',#148,1.6);
#148 = AXIS2_PLACEMENT_2D('',#149,#150);
#149 = CARTESIAN_POINT('',(-5.499715697928,-15.50155691282));
#150 = DIRECTION('',(-1.,0.));
#151 = ( GEOMETRIC_REPRESENTATION_CONTEXT(2) 
PARAMETRIC_REPRESENTATION_CONTEXT() REPRESENTATION_CONTEXT('2D SPACE',''
  ) );
#152 = ADVANCED_FACE('',(#153),#167,.F.);
#153 = FACE_BOUND('',#154,.F.);
#154 = EDGE_LOOP('',(#155,#190,#214,#237));
#155 = ORIENTED_EDGE('',*,*,#156,.T.);
#156 = EDGE_CURVE('',#157,#159,#161,.T.);
#157 = VERTEX_POINT('',#158);
#158 = CARTESIAN_POINT('',(-66.19999999999,-15.50071753373,
    -38.09971568656));
#159 = VERTEX_POINT('',#160);
#160 = CARTESIAN_POINT('',(-63.19999999999,-15.50071753373,
    -38.09971568656));
#161 = SURFACE_CURVE('',#162,(#166,#178),.PCURVE_S1.);
#162 = LINE('',#163,#164);
#163 = CARTESIAN_POINT('',(-66.19999999999,-15.50071753373,
    -38.09971568656));
#164 = VECTOR('',#165,1.);
#165 = DIRECTION('',(1.,-5.922318522295E-15,0.));
#166 = PCURVE('',#167,#172);
#167 = CYLINDRICAL_SURFACE('',#168,1.6);
#168 = AXIS2_PLACEMENT_3D('',#169,#170,#171);
#169 = CARTESIAN_POINT('',(-66.19999999999,-15.50071753373,
    -36.49971568656));
#170 = DIRECTION('',(1.,-5.922318522295E-15,0.));
#171 = DIRECTION('',(0.,0.,-1.));
#172 = DEFINITIONAL_REPRESENTATION('',(#173),#177);
#173 = LINE('',#174,#175);
#174 = CARTESIAN_POINT('',(6.28318530718,0.));
#175 = VECTOR('',#176,1.);
#176 = DIRECTION('',(0.,1.));
#177 = ( GEOMETRIC_REPRESENTATION_CONTEXT(2) 
PARAMETRIC_REPRESENTATION_CONTEXT() REPRESENTATION_CONTEXT('2D SPACE',''
  ) );
#178 = PCURVE('',#179,#184);
#179 = CYLINDRICAL_SURFACE('',#180,1.6);
#180 = AXIS2_PLACEMENT_3D('',#181,#182,#183);
#181 = CARTESIAN_POINT('',(-66.19999999999,-15.50071753373,
    -36.49971568656));
#182 = DIRECTION('',(1.,-5.922318522295E-15,0.));
#183 = DIRECTION('',(0.,0.,-1.));
#184 = DEFINITIONAL_REPRESENTATION('',(#185),#189);
#185 = LINE('',#186,#187);
#186 = CARTESIAN_POINT('',(0.,0.));
#187 = VECTOR('',#188,1.);
#188 = DIRECTION('',(0.,1.));
#189 = ( GEOMETRIC_REPRESENTATION_CONTEXT(2) 
PARAMETRIC_REPRESENTATION_CONTEXT() REPRESENTATION_CONTEXT('2D SPACE',''
  ) );
#190 = ORIENTED_EDGE('',*,*,#191,.T.);
#191 = EDGE_CURVE('',#159,#192,#194,.T.);
#192 = VERTEX_POINT('',#193);
#193 = CARTESIAN_POINT('',(-63.19999999999,-15.50071753373,
    -34.89971568656));
#194 = SURFACE_CURVE('',#195,(#200,#207),.PCURVE_S1.);
#195 = CIRCLE('',#196,1.6);
#196 = AXIS2_PLACEMENT_3D('',#197,#198,#199);
#197 = CARTESIAN_POINT('',(-63.19999999999,-15.50071753373,
    -36.49971568656));
#198 = DIRECTION('',(-1.,5.922318522295E-15,0.));
#199 = DIRECTION('',(0.,0.,-1.));
#200 = PCURVE('',#167,#201);
#201 = DEFINITIONAL_REPRESENTATION('',(#202),#206);
#202 = LINE('',#203,#204);
#203 = CARTESIAN_POINT('',(6.28318530718,3.));
#204 = VECTOR('',#205,1.);
#205 = DIRECTION('',(-1.,0.));
#206 = ( GEOMETRIC_REPRESENTATION_CONTEXT(2) 
PARAMETRIC_REPRESENTATION_CONTEXT() REPRESENTATION_CONTEXT('2D SPACE',''
  ) );
#207 = PCURVE('',#91,#208);
#208 = DEFINITIONAL_REPRESENTATION('',(#209),#213);
#209 = CIRCLE('',#210,1.6);
#210 = AXIS2_PLACEMENT_2D('',#211,#212);
#211 = CARTESIAN_POINT('',(-36.49971568656,-15.49928246626));
#212 = DIRECTION('',(-1.,0.));
#213 = ( GEOMETRIC_REPRESENTATION_CONTEXT(2) 
PARAMETRIC_REPRESENTATION_CONTEXT() REPRESENTATION_CONTEXT('2D SPACE',''
  ) );
#214 = ORIENTED_EDGE('',*,*,#215,.F.);
#215 = EDGE_CURVE('',#216,#192,#218,.T.);
#216 = VERTEX_POINT('',#217);
#217 = CARTESIAN_POINT('',(-66.19999999999,-15.50071753373,
    -34.89971568656));
#218 = SURFACE_CURVE('',#219,(#223,#230),.PCURVE_S1.);
#219 = LINE('',#220,#221);
#220 = CARTESIAN_POINT('',(-66.19999999999,-15.50071753373,
    -34.89971568656));
#221 = VECTOR('',#222,1.);
#222 = DIRECTION('',(1.,-5.922318522295E-15,0.));
#223 = PCURVE('',#167,#224);
#224 = DEFINITIONAL_REPRESENTATION('',(#225),#229);
#225 = LINE('',#226,#227);
#226 = CARTESIAN_POINT('',(3.14159265359,-5.260075506093E-29));
#227 = VECTOR('',#228,1.);
#228 = DIRECTION('',(0.,1.));
#229 = ( GEOMETRIC_REPRESENTATION_CONTEXT(2) 
PARAMETRIC_REPRESENTATION_CONTEXT() REPRESENTATION_CONTEXT('2D SPACE',''
  ) );
#230 = PCURVE('',#179,#231);
#231 = DEFINITIONAL_REPRESENTATION('',(#232),#236);
#232 = LINE('',#233,#234);
#233 = CARTESIAN_POINT('',(3.14159265359,-5.260075506093E-29));
#234 = VECTOR('',#235,1.);
#235 = DIRECTION('',(0.,1.));
#236 = ( GEOMETRIC_REPRESENTATION_CONTEXT(2) 
PARAMETRIC_REPRESENTATION_CONTEXT() REPRESENTATION_CONTEXT('2D SPACE',''
  ) );
#237 = ORIENTED_EDGE('',*,*,#238,.F.);
#238 = EDGE_CURVE('',#157,#216,#239,.T.);
#239 = SURFACE_CURVE('',#240,(#245,#252),.PCURVE_S1.);
#240 = CIRCLE('',#241,1.6);
#241 = AXIS2_PLACEMENT_3D('',#242,#243,#244);
#242 = CARTESIAN_POINT('',(-66.19999999999,-15.50071753373,
    -36.49971568656));
#243 = DIRECTION('',(-1.,5.922318522295E-15,0.));
#244 = DIRECTION('',(0.,0.,-1.));
#245 = PCURVE('',#167,#246);
#246 = DEFINITIONAL_REPRESENTATION('',(#247),#251);
#247 = LINE('',#248,#249);
#248 = CARTESIAN_POINT('',(6.28318530718,0.));
#249 = VECTOR('',#250,1.);
#250 = DIRECTION('',(-1.,0.));
#251 = ( GEOMETRIC_REPRESENTATION_CONTEXT(2) 
PARAMETRIC_REPRESENTATION_CONTEXT() REPRESENTATION_CONTEXT('2D SPACE',''
  ) );
#252 = PCURVE('',#141,#253);
#253 = DEFINITIONAL_REPRESENTATION('',(#254),#258);
#254 = CIRCLE('',#255,1.6);
#255 = AXIS2_PLACEMENT_2D('',#256,#257);
#256 = CARTESIAN_POINT('',(-36.49971568656,-15.50071753373));
#257 = DIRECTION('',(-1.,0.));
#258 = ( GEOMETRIC_REPRESENTATION_CONTEXT(2) 
PARAMETRIC_REPRESENTATION_CONTEXT() REPRESENTATION_CONTEXT('2D SPACE',''
  ) );
#259 = ADVANCED_FACE('',(#260),#274,.F.);
#260 = FACE_BOUND('',#261,.F.);
#261 = EDGE_LOOP('',(#262,#297,#330,#353));
#262 = ORIENTED_EDGE('',*,*,#263,.T.);
#263 = EDGE_CURVE('',#264,#266,#268,.T.);
#264 = VERTEX_POINT('',#265);
#265 = CARTESIAN_POINT('',(-39.99999999999,-26.50113722511,
    -3.399864614342));
#266 = VERTEX_POINT('',#267);
#267 = CARTESIAN_POINT('',(-44.99999999999,-26.50113722511,
    -3.399864614342));
#268 = SURFACE_CURVE('',#269,(#273,#285),.PCURVE_S1.);
#269 = LINE('',#270,#271);
#270 = CARTESIAN_POINT('',(-39.99999999999,-26.50113722511,
    -3.399864614342));
#271 = VECTOR('',#272,1.);
#272 = DIRECTION('',(-1.,5.922318522295E-15,-0.));
#273 = PCURVE('',#274,#279);
#274 = CYLINDRICAL_SURFACE('',#275,2.1);
#275 = AXIS2_PLACEMENT_3D('',#276,#277,#278);
#276 = CARTESIAN_POINT('',(-39.99999999999,-26.50113722511,
    -5.499864614342));
#277 = DIRECTION('',(-1.,5.922318522295E-15,-0.));
#278 = DIRECTION('',(0.,0.,1.));
#279 = DEFINITIONAL_REPRESENTATION('',(#280),#284);
#280 = LINE('',#281,#282);
#281 = CARTESIAN_POINT('',(6.28318530718,0.));
#282 = VECTOR('',#283,1.);
#283 = DIRECTION('',(0.,1.));
#284 = ( GEOMETRIC_REPRESENTATION_CONTEXT(2) 
PARAMETRIC_REPRESENTATION_CONTEXT() REPRESENTATION_CONTEXT('2D SPACE',''
  ) );
#285 = PCURVE('',#286,#291);
#286 = CYLINDRICAL_SURFACE('',#287,2.1);
#287 = AXIS2_PLACEMENT_3D('',#288,#289,#290);
#288 = CARTESIAN_POINT('',(-39.99999999999,-26.50113722511,
    -5.499864614342));
#289 = DIRECTION('',(-1.,5.922318522295E-15,-0.));
#290 = DIRECTION('',(0.,0.,1.));
#291 = DEFINITIONAL_REPRESENTATION('',(#292),#296);
#292 = LINE('',#293,#294);
#293 = CARTESIAN_POINT('',(0.,0.));
#294 = VECTOR('',#295,1.);
#295 = DIRECTION('',(0.,1.));
#296 = ( GEOMETRIC_REPRESENTATION_CONTEXT(2) 
PARAMETRIC_REPRESENTATION_CONTEXT() REPRESENTATION_CONTEXT('2D SPACE',''
  ) );
#297 = ORIENTED_EDGE('',*,*,#298,.T.);
#298 = EDGE_CURVE('',#266,#299,#301,.T.);
#299 = VERTEX_POINT('',#300);
#300 = CARTESIAN_POINT('',(-44.99999999999,-26.50113722511,
    -7.599864614342));
#301 = SURFACE_CURVE('',#302,(#307,#314),.PCURVE_S1.);
#302 = CIRCLE('',#303,2.1);
#303 = AXIS2_PLACEMENT_3D('',#304,#305,#306);
#304 = CARTESIAN_POINT('',(-44.99999999999,-26.50113722511,
    -5.499864614342));
#305 = DIRECTION('',(1.,-5.922318522295E-15,0.));
#306 = DIRECTION('',(0.,0.,1.));
#307 = PCURVE('',#274,#308);
#308 = DEFINITIONAL_REPRESENTATION('',(#309),#313);
#309 = LINE('',#310,#311);
#310 = CARTESIAN_POINT('',(6.28318530718,5.));
#311 = VECTOR('',#312,1.);
#312 = DIRECTION('',(-1.,0.));
#313 = ( GEOMETRIC_REPRESENTATION_CONTEXT(2) 
PARAMETRIC_REPRESENTATION_CONTEXT() REPRESENTATION_CONTEXT('2D SPACE',''
  ) );
#314 = PCURVE('',#315,#320);
#315 = PLANE('',#316);
#316 = AXIS2_PLACEMENT_3D('',#317,#318,#319);
#317 = CARTESIAN_POINT('',(-44.99999999999,-1.435067465637E-03,-42.));
#318 = DIRECTION('',(-1.,5.922318522295E-15,0.));
#319 = DIRECTION('',(0.,0.,1.));
#320 = DEFINITIONAL_REPRESENTATION('',(#321),#329);
#321 = ( BOUNDED_CURVE() B_SPLINE_CURVE(2,(#322,#323,#324,#325,#326,#327
,#328),.UNSPECIFIED.,.T.,.F.) B_SPLINE_CURVE_WITH_KNOTS((1,2,2,2,2,1),(
    -2.094395102393,0.,2.094395102393,4.188790204786,6.28318530718,
8.377580409573),.UNSPECIFIED.) CURVE() GEOMETRIC_REPRESENTATION_ITEM() 
RATIONAL_B_SPLINE_CURVE((1.,0.5,1.,0.5,1.,0.5,1.)) REPRESENTATION_ITEM(
  '') );
#322 = CARTESIAN_POINT('',(38.600135385658,-26.49970215764));
#323 = CARTESIAN_POINT('',(38.600135385658,-30.13700885353));
#324 = CARTESIAN_POINT('',(35.450135385658,-28.31835550559));
#325 = CARTESIAN_POINT('',(32.300135385658,-26.49970215764));
#326 = CARTESIAN_POINT('',(35.450135385658,-24.68104880969));
#327 = CARTESIAN_POINT('',(38.600135385658,-22.86239546175));
#328 = CARTESIAN_POINT('',(38.600135385658,-26.49970215764));
#329 = ( GEOMETRIC_REPRESENTATION_CONTEXT(2) 
PARAMETRIC_REPRESENTATION_CONTEXT() REPRESENTATION_CONTEXT('2D SPACE',''
  ) );
#330 = ORIENTED_EDGE('',*,*,#331,.F.);
#331 = EDGE_CURVE('',#332,#299,#334,.T.);
#332 = VERTEX_POINT('',#333);
#333 = CARTESIAN_POINT('',(-39.99999999999,-26.50113722511,
    -7.599864614342));
#334 = SURFACE_CURVE('',#335,(#339,#346),.PCURVE_S1.);
#335 = LINE('',#336,#337);
#336 = CARTESIAN_POINT('',(-39.99999999999,-26.50113722511,
    -7.599864614342));
#337 = VECTOR('',#338,1.);
#338 = DIRECTION('',(-1.,5.922318522295E-15,-0.));
#339 = PCURVE('',#274,#340);
#340 = DEFINITIONAL_REPRESENTATION('',(#341),#345);
#341 = LINE('',#342,#343);
#342 = CARTESIAN_POINT('',(3.14159265359,-8.416120809749E-29));
#343 = VECTOR('',#344,1.);
#344 = DIRECTION('',(0.,1.));
#345 = ( GEOMETRIC_REPRESENTATION_CONTEXT(2) 
PARAMETRIC_REPRESENTATION_CONTEXT() REPRESENTATION_CONTEXT('2D SPACE',''
  ) );
#346 = PCURVE('',#286,#347);
#347 = DEFINITIONAL_REPRESENTATION('',(#348),#352);
#348 = LINE('',#349,#350);
#349 = CARTESIAN_POINT('',(3.14159265359,-8.416120809749E-29));
#350 = VECTOR('',#351,1.);
#351 = DIRECTION('',(0.,1.));
#352 = ( GEOMETRIC_REPRESENTATION_CONTEXT(2) 
PARAMETRIC_REPRESENTATION_CONTEXT() REPRESENTATION_CONTEXT('2D SPACE',''
  ) );
#353 = ORIENTED_EDGE('',*,*,#354,.F.);
#354 = EDGE_CURVE('',#264,#332,#355,.T.);
#355 = SURFACE_CURVE('',#356,(#361,#368),.PCURVE_S1.);
#356 = CIRCLE('',#357,2.1);
#357 = AXIS2_PLACEMENT_3D('',#358,#359,#360);
#358 = CARTESIAN_POINT('',(-39.99999999999,-26.50113722511,
    -5.499864614342));
#359 = DIRECTION('',(1.,-5.922318522295E-15,0.));
#360 = DIRECTION('',(0.,0.,1.));
#361 = PCURVE('',#274,#362);
#362 = DEFINITIONAL_REPRESENTATION('',(#363),#367);
#363 = LINE('',#364,#365);
#364 = CARTESIAN_POINT('',(6.28318530718,0.));
#365 = VECTOR('',#366,1.);
#366 = DIRECTION('',(-1.,0.));
#367 = ( GEOMETRIC_REPRESENTATION_CONTEXT(2) 
PARAMETRIC_REPRESENTATION_CONTEXT() REPRESENTATION_CONTEXT('2D SPACE',''
  ) );
#368 = PCURVE('',#369,#374);
#369 = PLANE('',#370);
#370 = AXIS2_PLACEMENT_3D('',#371,#372,#373);
#371 = CARTESIAN_POINT('',(-39.99999999999,-1.435067465667E-03,-42.));
#372 = DIRECTION('',(-1.,5.922318522295E-15,0.));
#373 = DIRECTION('',(0.,0.,1.));
#374 = DEFINITIONAL_REPRESENTATION('',(#375),#383);
#375 = ( BOUNDED_CURVE() B_SPLINE_CURVE(2,(#376,#377,#378,#379,#380,#381
,#382),.UNSPECIFIED.,.T.,.F.) B_SPLINE_CURVE_WITH_KNOTS((1,2,2,2,2,1),(
    -2.094395102393,0.,2.094395102393,4.188790204786,6.28318530718,
8.377580409573),.UNSPECIFIED.) CURVE() GEOMETRIC_REPRESENTATION_ITEM() 
RATIONAL_B_SPLINE_CURVE((1.,0.5,1.,0.5,1.,0.5,1.)) REPRESENTATION_ITEM(
  '') );
#376 = CARTESIAN_POINT('',(38.600135385658,-26.49970215764));
#377 = CARTESIAN_POINT('',(38.600135385658,-30.13700885353));
#378 = CARTESIAN_POINT('',(35.450135385658,-28.31835550559));
#379 = CARTESIAN_POINT('',(32.300135385658,-26.49970215764));
#380 = CARTESIAN_POINT('',(35.450135385658,-24.68104880969));
#381 = CARTESIAN_POINT('',(38.600135385658,-22.86239546175));
#382 = CARTESIAN_POINT('',(38.600135385658,-26.49970215764));
#383 = ( GEOMETRIC_REPRESENTATION_CONTEXT(2) 
PARAMETRIC_REPRESENTATION_CONTEXT() REPRESENTATION_CONTEXT('2D SPACE',''
  ) );
#384 = ADVANCED_FACE('',(#385),#399,.F.);
#385 = FACE_BOUND('',#386,.F.);
#386 = EDGE_LOOP('',(#387,#422,#450,#473));
#387 = ORIENTED_EDGE('',*,*,#388,.T.);
#388 = EDGE_CURVE('',#389,#391,#393,.T.);
#389 = VERTEX_POINT('',#390);
#390 = CARTESIAN_POINT('',(-39.99999999999,-26.50113722511,
    -34.39986461434));
#391 = VERTEX_POINT('',#392);
#392 = CARTESIAN_POINT('',(-44.99999999999,-26.50113722511,
    -34.39986461434));
#393 = SURFACE_CURVE('',#394,(#398,#410),.PCURVE_S1.);
#394 = LINE('',#395,#396);
#395 = CARTESIAN_POINT('',(-39.99999999999,-26.50113722511,
    -34.39986461434));
#396 = VECTOR('',#397,1.);
#397 = DIRECTION('',(-1.,5.922318522295E-15,-0.));
#398 = PCURVE('',#399,#404);
#399 = CYLINDRICAL_SURFACE('',#400,2.1);
#400 = AXIS2_PLACEMENT_3D('',#401,#402,#403);
#401 = CARTESIAN_POINT('',(-39.99999999999,-26.50113722511,
    -36.49986461434));
#402 = DIRECTION('',(-1.,5.922318522295E-15,-0.));
#403 = DIRECTION('',(0.,0.,1.));
#404 = DEFINITIONAL_REPRESENTATION('',(#405),#409);
#405 = LINE('',#406,#407);
#406 = CARTESIAN_POINT('',(6.28318530718,0.));
#407 = VECTOR('',#408,1.);
#408 = DIRECTION('',(0.,1.));
#409 = ( GEOMETRIC_REPRESENTATION_CONTEXT(2) 
PARAMETRIC_REPRESENTATION_CONTEXT() REPRESENTATION_CONTEXT('2D SPACE',''
  ) );
#410 = PCURVE('',#411,#416);
#411 = CYLINDRICAL_SURFACE('',#412,2.1);
#412 = AXIS2_PLACEMENT_3D('',#413,#414,#415);
#413 = CARTESIAN_POINT('',(-39.99999999999,-26.50113722511,
    -36.49986461434));
#414 = DIRECTION('',(-1.,5.922318522295E-15,-0.));
#415 = DIRECTION('',(0.,0.,1.));
#416 = DEFINITIONAL_REPRESENTATION('',(#417),#421);
#417 = LINE('',#418,#419);
#418 = CARTESIAN_POINT('',(0.,0.));
#419 = VECTOR('',#420,1.);
#420 = DIRECTION('',(0.,1.));
#421 = ( GEOMETRIC_REPRESENTATION_CONTEXT(2) 
PARAMETRIC_REPRESENTATION_CONTEXT() REPRESENTATION_CONTEXT('2D SPACE',''
  ) );
#422 = ORIENTED_EDGE('',*,*,#423,.T.);
#423 = EDGE_CURVE('',#391,#424,#426,.T.);
#424 = VERTEX_POINT('',#425);
#425 = CARTESIAN_POINT('',(-44.99999999999,-26.50113722511,
    -38.59986461434));
#426 = SURFACE_CURVE('',#427,(#432,#439),.PCURVE_S1.);
#427 = CIRCLE('',#428,2.1);
#428 = AXIS2_PLACEMENT_3D('',#429,#430,#431);
#429 = CARTESIAN_POINT('',(-44.99999999999,-26.50113722511,
    -36.49986461434));
#430 = DIRECTION('',(1.,-5.922318522295E-15,0.));
#431 = DIRECTION('',(0.,0.,1.));
#432 = PCURVE('',#399,#433);
#433 = DEFINITIONAL_REPRESENTATION('',(#434),#438);
#434 = LINE('',#435,#436);
#435 = CARTESIAN_POINT('',(6.28318530718,5.));
#436 = VECTOR('',#437,1.);
#437 = DIRECTION('',(-1.,0.));
#438 = ( GEOMETRIC_REPRESENTATION_CONTEXT(2) 
PARAMETRIC_REPRESENTATION_CONTEXT() REPRESENTATION_CONTEXT('2D SPACE',''
  ) );
#439 = PCURVE('',#315,#440);
#440 = DEFINITIONAL_REPRESENTATION('',(#441),#449);
#441 = ( BOUNDED_CURVE() B_SPLINE_CURVE(2,(#442,#443,#444,#445,#446,#447
,#448),.UNSPECIFIED.,.T.,.F.) B_SPLINE_CURVE_WITH_KNOTS((1,2,2,2,2,1),(
    -2.094395102393,0.,2.094395102393,4.188790204786,6.28318530718,
8.377580409573),.UNSPECIFIED.) CURVE() GEOMETRIC_REPRESENTATION_ITEM() 
RATIONAL_B_SPLINE_CURVE((1.,0.5,1.,0.5,1.,0.5,1.)) REPRESENTATION_ITEM(
  '') );
#442 = CARTESIAN_POINT('',(7.600135385658,-26.49970215764));
#443 = CARTESIAN_POINT('',(7.600135385658,-30.13700885353));
#444 = CARTESIAN_POINT('',(4.450135385658,-28.31835550559));
#445 = CARTESIAN_POINT('',(1.300135385658,-26.49970215764));
#446 = CARTESIAN_POINT('',(4.450135385658,-24.68104880969));
#447 = CARTESIAN_POINT('',(7.600135385658,-22.86239546175));
#448 = CARTESIAN_POINT('',(7.600135385658,-26.49970215764));
#449 = ( GEOMETRIC_REPRESENTATION_CONTEXT(2) 
PARAMETRIC_REPRESENTATION_CONTEXT() REPRESENTATION_CONTEXT('2D SPACE',''
  ) );
#450 = ORIENTED_EDGE('',*,*,#451,.F.);
#451 = EDGE_CURVE('',#452,#424,#454,.T.);
#452 = VERTEX_POINT('',#453);
#453 = CARTESIAN_POINT('',(-39.99999999999,-26.50113722511,
    -38.59986461434));
#454 = SURFACE_CURVE('',#455,(#459,#466),.PCURVE_S1.);
#455 = LINE('',#456,#457);
#456 = CARTESIAN_POINT('',(-39.99999999999,-26.50113722511,
    -38.59986461434));
#457 = VECTOR('',#458,1.);
#458 = DIRECTION('',(-1.,5.922318522295E-15,-0.));
#459 = PCURVE('',#399,#460);
#460 = DEFINITIONAL_REPRESENTATION('',(#461),#465);
#461 = LINE('',#462,#463);
#462 = CARTESIAN_POINT('',(3.14159265359,-1.052015101219E-28));
#463 = VECTOR('',#464,1.);
#464 = DIRECTION('',(0.,1.));
#465 = ( GEOMETRIC_REPRESENTATION_CONTEXT(2) 
PARAMETRIC_REPRESENTATION_CONTEXT() REPRESENTATION_CONTEXT('2D SPACE',''
  ) );
#466 = PCURVE('',#411,#467);
#467 = DEFINITIONAL_REPRESENTATION('',(#468),#472);
#468 = LINE('',#469,#470);
#469 = CARTESIAN_POINT('',(3.14159265359,-1.052015101219E-28));
#470 = VECTOR('',#471,1.);
#471 = DIRECTION('',(0.,1.));
#472 = ( GEOMETRIC_REPRESENTATION_CONTEXT(2) 
PARAMETRIC_REPRESENTATION_CONTEXT() REPRESENTATION_CONTEXT('2D SPACE',''
  ) );
#473 = ORIENTED_EDGE('',*,*,#474,.F.);
#474 = EDGE_CURVE('',#389,#452,#475,.T.);
#475 = SURFACE_CURVE('',#476,(#481,#488),.PCURVE_S1.);
#476 = CIRCLE('',#477,2.1);
#477 = AXIS2_PLACEMENT_3D('',#478,#479,#480);
#478 = CARTESIAN_POINT('',(-39.99999999999,-26.50113722511,
    -36.49986461434));
#479 = DIRECTION('',(1.,-5.922318522295E-15,0.));
#480 = DIRECTION('',(0.,0.,1.));
#481 = PCURVE('',#399,#482);
#482 = DEFINITIONAL_REPRESENTATION('',(#483),#487);
#483 = LINE('',#484,#485);
#484 = CARTESIAN_POINT('',(6.28318530718,0.));
#485 = VECTOR('',#486,1.);
#486 = DIRECTION('',(-1.,0.));
#487 = ( GEOMETRIC_REPRESENTATION_CONTEXT(2) 
PARAMETRIC_REPRESENTATION_CONTEXT() REPRESENTATION_CONTEXT('2D SPACE',''
  ) );
#488 = PCURVE('',#369,#489);
#489 = DEFINITIONAL_REPRESENTATION('',(#490),#498);
#490 = ( BOUNDED_CURVE() B_SPLINE_CURVE(2,(#491,#492,#493,#494,#495,#496
,#497),.UNSPECIFIED.,.T.,.F.) B_SPLINE_CURVE_WITH_KNOTS((1,2,2,2,2,1),(
    -2.094395102393,0.,2.094395102393,4.188790204786,6.28318530718,
8.377580409573),.UNSPECIFIED.) CURVE() GEOMETRIC_REPRESENTATION_ITEM() 
RATIONAL_B_SPLINE_CURVE((1.,0.5,1.,0.5,1.,0.5,1.)) REPRESENTATION_ITEM(
  '') );
#491 = CARTESIAN_POINT('',(7.600135385658,-26.49970215764));
#492 = CARTESIAN_POINT('',(7.600135385658,-30.13700885353));
#493 = CARTESIAN_POINT('',(4.450135385658,-28.31835550559));
#494 = CARTESIAN_POINT('',(1.300135385658,-26.49970215764));
#495 = CARTESIAN_POINT('',(4.450135385658,-24.68104880969));
#496 = CARTESIAN_POINT('',(7.600135385658,-22.86239546175));
#497 = CARTESIAN_POINT('',(7.600135385658,-26.49970215764));
#498 = ( GEOMETRIC_REPRESENTATION_CONTEXT(2) 
PARAMETRIC_REPRESENTATION_CONTEXT() REPRESENTATION_CONTEXT('2D SPACE',''
  ) );
#499 = ADVANCED_FACE('',(#500),#514,.F.);
#500 = FACE_BOUND('',#501,.F.);
#501 = EDGE_LOOP('',(#502,#537,#570,#593));
#502 = ORIENTED_EDGE('',*,*,#503,.T.);
#503 = EDGE_CURVE('',#504,#506,#508,.T.);
#504 = VERTEX_POINT('',#505);
#505 = CARTESIAN_POINT('',(-66.19999999999,15.500121845356,
    -7.099715697927));
#506 = VERTEX_POINT('',#507);
#507 = CARTESIAN_POINT('',(-63.19999999999,15.500121845356,
    -7.099715697927));
#508 = SURFACE_CURVE('',#509,(#513,#525),.PCURVE_S1.);
#509 = LINE('',#510,#511);
#510 = CARTESIAN_POINT('',(-66.19999999999,15.500121845356,
    -7.099715697927));
#511 = VECTOR('',#512,1.);
#512 = DIRECTION('',(1.,0.,0.));
#513 = PCURVE('',#514,#519);
#514 = CYLINDRICAL_SURFACE('',#515,1.6);
#515 = AXIS2_PLACEMENT_3D('',#516,#517,#518);
#516 = CARTESIAN_POINT('',(-66.19999999999,15.500121845356,
    -5.499715697928));
#517 = DIRECTION('',(1.,0.,0.));
#518 = DIRECTION('',(0.,0.,-1.));
#519 = DEFINITIONAL_REPRESENTATION('',(#520),#524);
#520 = LINE('',#521,#522);
#521 = CARTESIAN_POINT('',(6.28318530718,0.));
#522 = VECTOR('',#523,1.);
#523 = DIRECTION('',(0.,1.));
#524 = ( GEOMETRIC_REPRESENTATION_CONTEXT(2) 
PARAMETRIC_REPRESENTATION_CONTEXT() REPRESENTATION_CONTEXT('2D SPACE',''
  ) );
#525 = PCURVE('',#526,#531);
#526 = CYLINDRICAL_SURFACE('',#527,1.6);
#527 = AXIS2_PLACEMENT_3D('',#528,#529,#530);
#528 = CARTESIAN_POINT('',(-66.19999999999,15.500121845356,
    -5.499715697928));
#529 = DIRECTION('',(1.,0.,0.));
#530 = DIRECTION('',(0.,0.,-1.));
#531 = DEFINITIONAL_REPRESENTATION('',(#532),#536);
#532 = LINE('',#533,#534);
#533 = CARTESIAN_POINT('',(0.,0.));
#534 = VECTOR('',#535,1.);
#535 = DIRECTION('',(0.,1.));
#536 = ( GEOMETRIC_REPRESENTATION_CONTEXT(2) 
PARAMETRIC_REPRESENTATION_CONTEXT() REPRESENTATION_CONTEXT('2D SPACE',''
  ) );
#537 = ORIENTED_EDGE('',*,*,#538,.F.);
#538 = EDGE_CURVE('',#539,#506,#541,.T.);
#539 = VERTEX_POINT('',#540);
#540 = CARTESIAN_POINT('',(-63.19999999999,15.500121845356,
    -3.899715697928));
#541 = SURFACE_CURVE('',#542,(#547,#554),.PCURVE_S1.);
#542 = CIRCLE('',#543,1.6);
#543 = AXIS2_PLACEMENT_3D('',#544,#545,#546);
#544 = CARTESIAN_POINT('',(-63.19999999999,15.500121845356,
    -5.499715697928));
#545 = DIRECTION('',(1.,0.,0.));
#546 = DIRECTION('',(0.,0.,-1.));
#547 = PCURVE('',#514,#548);
#548 = DEFINITIONAL_REPRESENTATION('',(#549),#553);
#549 = LINE('',#550,#551);
#550 = CARTESIAN_POINT('',(0.,3.));
#551 = VECTOR('',#552,1.);
#552 = DIRECTION('',(1.,0.));
#553 = ( GEOMETRIC_REPRESENTATION_CONTEXT(2) 
PARAMETRIC_REPRESENTATION_CONTEXT() REPRESENTATION_CONTEXT('2D SPACE',''
  ) );
#554 = PCURVE('',#555,#560);
#555 = PLANE('',#556);
#556 = AXIS2_PLACEMENT_3D('',#557,#558,#559);
#557 = CARTESIAN_POINT('',(-63.19999999999,0.,0.));
#558 = DIRECTION('',(-1.,0.,0.));
#559 = DIRECTION('',(0.,0.,1.));
#560 = DEFINITIONAL_REPRESENTATION('',(#561),#569);
#561 = ( BOUNDED_CURVE() B_SPLINE_CURVE(2,(#562,#563,#564,#565,#566,#567
,#568),.UNSPECIFIED.,.T.,.F.) B_SPLINE_CURVE_WITH_KNOTS((1,2,2,2,2,1),(
    -2.094395102393,0.,2.094395102393,4.188790204786,6.28318530718,
8.377580409573),.UNSPECIFIED.) CURVE() GEOMETRIC_REPRESENTATION_ITEM() 
RATIONAL_B_SPLINE_CURVE((1.,0.5,1.,0.5,1.,0.5,1.)) REPRESENTATION_ITEM(
  '') );
#562 = CARTESIAN_POINT('',(-7.099715697927,15.500121845356));
#563 = CARTESIAN_POINT('',(-7.099715697927,18.271403137466));
#564 = CARTESIAN_POINT('',(-4.699715697928,16.885762491411));
#565 = CARTESIAN_POINT('',(-2.299715697928,15.500121845356));
#566 = CARTESIAN_POINT('',(-4.699715697928,14.114481199301));
#567 = CARTESIAN_POINT('',(-7.099715697927,12.728840553246));
#568 = CARTESIAN_POINT('',(-7.099715697927,15.500121845356));
#569 = ( GEOMETRIC_REPRESENTATION_CONTEXT(2) 
PARAMETRIC_REPRESENTATION_CONTEXT() REPRESENTATION_CONTEXT('2D SPACE',''
  ) );
#570 = ORIENTED_EDGE('',*,*,#571,.F.);
#571 = EDGE_CURVE('',#572,#539,#574,.T.);
#572 = VERTEX_POINT('',#573);
#573 = CARTESIAN_POINT('',(-66.19999999999,15.500121845356,
    -3.899715697928));
#574 = SURFACE_CURVE('',#575,(#579,#586),.PCURVE_S1.);
#575 = LINE('',#576,#577);
#576 = CARTESIAN_POINT('',(-66.19999999999,15.500121845356,
    -3.899715697928));
#577 = VECTOR('',#578,1.);
#578 = DIRECTION('',(1.,0.,0.));
#579 = PCURVE('',#514,#580);
#580 = DEFINITIONAL_REPRESENTATION('',(#581),#585);
#581 = LINE('',#582,#583);
#582 = CARTESIAN_POINT('',(3.14159265359,0.));
#583 = VECTOR('',#584,1.);
#584 = DIRECTION('',(0.,1.));
#585 = ( GEOMETRIC_REPRESENTATION_CONTEXT(2) 
PARAMETRIC_REPRESENTATION_CONTEXT() REPRESENTATION_CONTEXT('2D SPACE',''
  ) );
#586 = PCURVE('',#526,#587);
#587 = DEFINITIONAL_REPRESENTATION('',(#588),#592);
#588 = LINE('',#589,#590);
#589 = CARTESIAN_POINT('',(3.14159265359,0.));
#590 = VECTOR('',#591,1.);
#591 = DIRECTION('',(0.,1.));
#592 = ( GEOMETRIC_REPRESENTATION_CONTEXT(2) 
PARAMETRIC_REPRESENTATION_CONTEXT() REPRESENTATION_CONTEXT('2D SPACE',''
  ) );
#593 = ORIENTED_EDGE('',*,*,#594,.T.);
#594 = EDGE_CURVE('',#572,#504,#595,.T.);
#595 = SURFACE_CURVE('',#596,(#601,#608),.PCURVE_S1.);
#596 = CIRCLE('',#597,1.6);
#597 = AXIS2_PLACEMENT_3D('',#598,#599,#600);
#598 = CARTESIAN_POINT('',(-66.19999999999,15.500121845356,
    -5.499715697928));
#599 = DIRECTION('',(1.,0.,0.));
#600 = DIRECTION('',(0.,0.,-1.));
#601 = PCURVE('',#514,#602);
#602 = DEFINITIONAL_REPRESENTATION('',(#603),#607);
#603 = LINE('',#604,#605);
#604 = CARTESIAN_POINT('',(0.,0.));
#605 = VECTOR('',#606,1.);
#606 = DIRECTION('',(1.,0.));
#607 = ( GEOMETRIC_REPRESENTATION_CONTEXT(2) 
PARAMETRIC_REPRESENTATION_CONTEXT() REPRESENTATION_CONTEXT('2D SPACE',''
  ) );
#608 = PCURVE('',#141,#609);
#609 = DEFINITIONAL_REPRESENTATION('',(#610),#618);
#610 = ( BOUNDED_CURVE() B_SPLINE_CURVE(2,(#611,#612,#613,#614,#615,#616
,#617),.UNSPECIFIED.,.T.,.F.) B_SPLINE_CURVE_WITH_KNOTS((1,2,2,2,2,1),(
    -2.094395102393,0.,2.094395102393,4.188790204786,6.28318530718,
8.377580409573),.UNSPECIFIED.) CURVE() GEOMETRIC_REPRESENTATION_ITEM() 
RATIONAL_B_SPLINE_CURVE((1.,0.5,1.,0.5,1.,0.5,1.)) REPRESENTATION_ITEM(
  '') );
#611 = CARTESIAN_POINT('',(-7.099715697927,15.500121845356));
#612 = CARTESIAN_POINT('',(-7.099715697927,18.271403137466));
#613 = CARTESIAN_POINT('',(-4.699715697928,16.885762491411));
#614 = CARTESIAN_POINT('',(-2.299715697928,15.500121845356));
#615 = CARTESIAN_POINT('',(-4.699715697928,14.114481199301));
#616 = CARTESIAN_POINT('',(-7.099715697927,12.728840553246));
#617 = CARTESIAN_POINT('',(-7.099715697927,15.500121845356));
#618 = ( GEOMETRIC_REPRESENTATION_CONTEXT(2) 
PARAMETRIC_REPRESENTATION_CONTEXT() REPRESENTATION_CONTEXT('2D SPACE',''
  ) );
#619 = ADVANCED_FACE('',(#620),#634,.F.);
#620 = FACE_BOUND('',#621,.F.);
#621 = EDGE_LOOP('',(#622,#657,#685,#708));
#622 = ORIENTED_EDGE('',*,*,#623,.T.);
#623 = EDGE_CURVE('',#624,#626,#628,.T.);
#624 = VERTEX_POINT('',#625);
#625 = CARTESIAN_POINT('',(-66.19999999999,15.499282466267,
    -38.09971568656));
#626 = VERTEX_POINT('',#627);
#627 = CARTESIAN_POINT('',(-63.19999999999,15.499282466267,
    -38.09971568656));
#628 = SURFACE_CURVE('',#629,(#633,#645),.PCURVE_S1.);
#629 = LINE('',#630,#631);
#630 = CARTESIAN_POINT('',(-66.19999999999,15.499282466267,
    -38.09971568656));
#631 = VECTOR('',#632,1.);
#632 = DIRECTION('',(1.,0.,0.));
#633 = PCURVE('',#634,#639);
#634 = CYLINDRICAL_SURFACE('',#635,1.6);
#635 = AXIS2_PLACEMENT_3D('',#636,#637,#638);
#636 = CARTESIAN_POINT('',(-66.19999999999,15.499282466267,
    -36.49971568656));
#637 = DIRECTION('',(1.,0.,0.));
#638 = DIRECTION('',(0.,0.,-1.));
#639 = DEFINITIONAL_REPRESENTATION('',(#640),#644);
#640 = LINE('',#641,#642);
#641 = CARTESIAN_POINT('',(6.28318530718,0.));
#642 = VECTOR('',#643,1.);
#643 = DIRECTION('',(0.,1.));
#644 = ( GEOMETRIC_REPRESENTATION_CONTEXT(2) 
PARAMETRIC_REPRESENTATION_CONTEXT() REPRESENTATION_CONTEXT('2D SPACE',''
  ) );
#645 = PCURVE('',#646,#651);
#646 = CYLINDRICAL_SURFACE('',#647,1.6);
#647 = AXIS2_PLACEMENT_3D('',#648,#649,#650);
#648 = CARTESIAN_POINT('',(-66.19999999999,15.499282466267,
    -36.49971568656));
#649 = DIRECTION('',(1.,0.,0.));
#650 = DIRECTION('',(0.,0.,-1.));
#651 = DEFINITIONAL_REPRESENTATION('',(#652),#656);
#652 = LINE('',#653,#654);
#653 = CARTESIAN_POINT('',(0.,0.));
#654 = VECTOR('',#655,1.);
#655 = DIRECTION('',(0.,1.));
#656 = ( GEOMETRIC_REPRESENTATION_CONTEXT(2) 
PARAMETRIC_REPRESENTATION_CONTEXT() REPRESENTATION_CONTEXT('2D SPACE',''
  ) );
#657 = ORIENTED_EDGE('',*,*,#658,.F.);
#658 = EDGE_CURVE('',#659,#626,#661,.T.);
#659 = VERTEX_POINT('',#660);
#660 = CARTESIAN_POINT('',(-63.19999999999,15.499282466267,
    -34.89971568656));
#661 = SURFACE_CURVE('',#662,(#667,#674),.PCURVE_S1.);
#662 = CIRCLE('',#663,1.6);
#663 = AXIS2_PLACEMENT_3D('',#664,#665,#666);
#664 = CARTESIAN_POINT('',(-63.19999999999,15.499282466267,
    -36.49971568656));
#665 = DIRECTION('',(1.,0.,0.));
#666 = DIRECTION('',(0.,0.,-1.));
#667 = PCURVE('',#634,#668);
#668 = DEFINITIONAL_REPRESENTATION('',(#669),#673);
#669 = LINE('',#670,#671);
#670 = CARTESIAN_POINT('',(0.,3.));
#671 = VECTOR('',#672,1.);
#672 = DIRECTION('',(1.,0.));
#673 = ( GEOMETRIC_REPRESENTATION_CONTEXT(2) 
PARAMETRIC_REPRESENTATION_CONTEXT() REPRESENTATION_CONTEXT('2D SPACE',''
  ) );
#674 = PCURVE('',#555,#675);
#675 = DEFINITIONAL_REPRESENTATION('',(#676),#684);
#676 = ( BOUNDED_CURVE() B_SPLINE_CURVE(2,(#677,#678,#679,#680,#681,#682
,#683),.UNSPECIFIED.,.T.,.F.) B_SPLINE_CURVE_WITH_KNOTS((1,2,2,2,2,1),(
    -2.094395102393,0.,2.094395102393,4.188790204786,6.28318530718,
8.377580409573),.UNSPECIFIED.) CURVE() GEOMETRIC_REPRESENTATION_ITEM() 
RATIONAL_B_SPLINE_CURVE((1.,0.5,1.,0.5,1.,0.5,1.)) REPRESENTATION_ITEM(
  '') );
#677 = CARTESIAN_POINT('',(-38.09971568656,15.499282466267));
#678 = CARTESIAN_POINT('',(-38.09971568656,18.270563758378));
#679 = CARTESIAN_POINT('',(-35.69971568656,16.884923112322));
#680 = CARTESIAN_POINT('',(-33.29971568656,15.499282466267));
#681 = CARTESIAN_POINT('',(-35.69971568656,14.113641820212));
#682 = CARTESIAN_POINT('',(-38.09971568656,12.728001174157));
#683 = CARTESIAN_POINT('',(-38.09971568656,15.499282466267));
#684 = ( GEOMETRIC_REPRESENTATION_CONTEXT(2) 
PARAMETRIC_REPRESENTATION_CONTEXT() REPRESENTATION_CONTEXT('2D SPACE',''
  ) );
#685 = ORIENTED_EDGE('',*,*,#686,.F.);
#686 = EDGE_CURVE('',#687,#659,#689,.T.);
#687 = VERTEX_POINT('',#688);
#688 = CARTESIAN_POINT('',(-66.19999999999,15.499282466267,
    -34.89971568656));
#689 = SURFACE_CURVE('',#690,(#694,#701),.PCURVE_S1.);
#690 = LINE('',#691,#692);
#691 = CARTESIAN_POINT('',(-66.19999999999,15.499282466267,
    -34.89971568656));
#692 = VECTOR('',#693,1.);
#693 = DIRECTION('',(1.,0.,0.));
#694 = PCURVE('',#634,#695);
#695 = DEFINITIONAL_REPRESENTATION('',(#696),#700);
#696 = LINE('',#697,#698);
#697 = CARTESIAN_POINT('',(3.14159265359,0.));
#698 = VECTOR('',#699,1.);
#699 = DIRECTION('',(0.,1.));
#700 = ( GEOMETRIC_REPRESENTATION_CONTEXT(2) 
PARAMETRIC_REPRESENTATION_CONTEXT() REPRESENTATION_CONTEXT('2D SPACE',''
  ) );
#701 = PCURVE('',#646,#702);
#702 = DEFINITIONAL_REPRESENTATION('',(#703),#707);
#703 = LINE('',#704,#705);
#704 = CARTESIAN_POINT('',(3.14159265359,0.));
#705 = VECTOR('',#706,1.);
#706 = DIRECTION('',(0.,1.));
#707 = ( GEOMETRIC_REPRESENTATION_CONTEXT(2) 
PARAMETRIC_REPRESENTATION_CONTEXT() REPRESENTATION_CONTEXT('2D SPACE',''
  ) );
#708 = ORIENTED_EDGE('',*,*,#709,.T.);
#709 = EDGE_CURVE('',#687,#624,#710,.T.);
#710 = SURFACE_CURVE('',#711,(#716,#723),.PCURVE_S1.);
#711 = CIRCLE('',#712,1.6);
#712 = AXIS2_PLACEMENT_3D('',#713,#714,#715);
#713 = CARTESIAN_POINT('',(-66.19999999999,15.499282466267,
    -36.49971568656));
#714 = DIRECTION('',(1.,0.,0.));
#715 = DIRECTION('',(0.,0.,-1.));
#716 = PCURVE('',#634,#717);
#717 = DEFINITIONAL_REPRESENTATION('',(#718),#722);
#718 = LINE('',#719,#720);
#719 = CARTESIAN_POINT('',(0.,0.));
#720 = VECTOR('',#721,1.);
#721 = DIRECTION('',(1.,0.));
#722 = ( GEOMETRIC_REPRESENTATION_CONTEXT(2) 
PARAMETRIC_REPRESENTATION_CONTEXT() REPRESENTATION_CONTEXT('2D SPACE',''
  ) );
#723 = PCURVE('',#141,#724);
#724 = DEFINITIONAL_REPRESENTATION('',(#725),#733);
#725 = ( BOUNDED_CURVE() B_SPLINE_CURVE(2,(#726,#727,#728,#729,#730,#731
,#732),.UNSPECIFIED.,.T.,.F.) B_SPLINE_CURVE_WITH_KNOTS((1,2,2,2,2,1),(
    -2.094395102393,0.,2.094395102393,4.188790204786,6.28318530718,
8.377580409573),.UNSPECIFIED.) CURVE() GEOMETRIC_REPRESENTATION_ITEM() 
RATIONAL_B_SPLINE_CURVE((1.,0.5,1.,0.5,1.,0.5,1.)) REPRESENTATION_ITEM(
  '') );
#726 = CARTESIAN_POINT('',(-38.09971568656,15.499282466267));
#727 = CARTESIAN_POINT('',(-38.09971568656,18.270563758378));
#728 = CARTESIAN_POINT('',(-35.69971568656,16.884923112322));
#729 = CARTESIAN_POINT('',(-33.29971568656,15.499282466267));
#730 = CARTESIAN_POINT('',(-35.69971568656,14.113641820212));
#731 = CARTESIAN_POINT('',(-38.09971568656,12.728001174157));
#732 = CARTESIAN_POINT('',(-38.09971568656,15.499282466267));
#733 = ( GEOMETRIC_REPRESENTATION_CONTEXT(2) 
PARAMETRIC_REPRESENTATION_CONTEXT() REPRESENTATION_CONTEXT('2D SPACE',''
  ) );
#734 = ADVANCED_FACE('',(#735),#749,.F.);
#735 = FACE_BOUND('',#736,.F.);
#736 = EDGE_LOOP('',(#737,#772,#801,#824));
#737 = ORIENTED_EDGE('',*,*,#738,.T.);
#738 = EDGE_CURVE('',#739,#741,#743,.T.);
#739 = VERTEX_POINT('',#740);
#740 = CARTESIAN_POINT('',(-39.99999999999,26.499702157645,
    -3.399864614342));
#741 = VERTEX_POINT('',#742);
#742 = CARTESIAN_POINT('',(-44.99999999999,26.499702157645,
    -3.399864614342));
#743 = SURFACE_CURVE('',#744,(#748,#760),.PCURVE_S1.);
#744 = LINE('',#745,#746);
#745 = CARTESIAN_POINT('',(-39.99999999999,26.499702157645,
    -3.399864614342));
#746 = VECTOR('',#747,1.);
#747 = DIRECTION('',(-1.,-0.,-0.));
#748 = PCURVE('',#749,#754);
#749 = CYLINDRICAL_SURFACE('',#750,2.1);
#750 = AXIS2_PLACEMENT_3D('',#751,#752,#753);
#751 = CARTESIAN_POINT('',(-39.99999999999,26.499702157645,
    -5.499864614342));
#752 = DIRECTION('',(-1.,-0.,-0.));
#753 = DIRECTION('',(-0.,0.,1.));
#754 = DEFINITIONAL_REPRESENTATION('',(#755),#759);
#755 = LINE('',#756,#757);
#756 = CARTESIAN_POINT('',(6.28318530718,0.));
#757 = VECTOR('',#758,1.);
#758 = DIRECTION('',(0.,1.));
#759 = ( GEOMETRIC_REPRESENTATION_CONTEXT(2) 
PARAMETRIC_REPRESENTATION_CONTEXT() REPRESENTATION_CONTEXT('2D SPACE',''
  ) );
#760 = PCURVE('',#761,#766);
#761 = CYLINDRICAL_SURFACE('',#762,2.1);
#762 = AXIS2_PLACEMENT_3D('',#763,#764,#765);
#763 = CARTESIAN_POINT('',(-39.99999999999,26.499702157645,
    -5.499864614342));
#764 = DIRECTION('',(-1.,-0.,-0.));
#765 = DIRECTION('',(-0.,0.,1.));
#766 = DEFINITIONAL_REPRESENTATION('',(#767),#771);
#767 = LINE('',#768,#769);
#768 = CARTESIAN_POINT('',(0.,0.));
#769 = VECTOR('',#770,1.);
#770 = DIRECTION('',(0.,1.));
#771 = ( GEOMETRIC_REPRESENTATION_CONTEXT(2) 
PARAMETRIC_REPRESENTATION_CONTEXT() REPRESENTATION_CONTEXT('2D SPACE',''
  ) );
#772 = ORIENTED_EDGE('',*,*,#773,.F.);
#773 = EDGE_CURVE('',#774,#741,#776,.T.);
#774 = VERTEX_POINT('',#775);
#775 = CARTESIAN_POINT('',(-44.99999999999,26.499702157645,
    -7.599864614342));
#776 = SURFACE_CURVE('',#777,(#782,#789),.PCURVE_S1.);
#777 = CIRCLE('',#778,2.1);
#778 = AXIS2_PLACEMENT_3D('',#779,#780,#781);
#779 = CARTESIAN_POINT('',(-44.99999999999,26.499702157645,
    -5.499864614342));
#780 = DIRECTION('',(-1.,0.,0.));
#781 = DIRECTION('',(0.,0.,1.));
#782 = PCURVE('',#749,#783);
#783 = DEFINITIONAL_REPRESENTATION('',(#784),#788);
#784 = LINE('',#785,#786);
#785 = CARTESIAN_POINT('',(0.,5.));
#786 = VECTOR('',#787,1.);
#787 = DIRECTION('',(1.,0.));
#788 = ( GEOMETRIC_REPRESENTATION_CONTEXT(2) 
PARAMETRIC_REPRESENTATION_CONTEXT() REPRESENTATION_CONTEXT('2D SPACE',''
  ) );
#789 = PCURVE('',#790,#795);
#790 = PLANE('',#791);
#791 = AXIS2_PLACEMENT_3D('',#792,#793,#794);
#792 = CARTESIAN_POINT('',(-44.99999999999,-3.66911701217E-14,-42.));
#793 = DIRECTION('',(-1.,-0.,0.));
#794 = DIRECTION('',(0.,0.,1.));
#795 = DEFINITIONAL_REPRESENTATION('',(#796),#800);
#796 = CIRCLE('',#797,2.1);
#797 = AXIS2_PLACEMENT_2D('',#798,#799);
#798 = CARTESIAN_POINT('',(36.500135385658,26.499702157645));
#799 = DIRECTION('',(1.,0.));
#800 = ( GEOMETRIC_REPRESENTATION_CONTEXT(2) 
PARAMETRIC_REPRESENTATION_CONTEXT() REPRESENTATION_CONTEXT('2D SPACE',''
  ) );
#801 = ORIENTED_EDGE('',*,*,#802,.F.);
#802 = EDGE_CURVE('',#803,#774,#805,.T.);
#803 = VERTEX_POINT('',#804);
#804 = CARTESIAN_POINT('',(-39.99999999999,26.499702157645,
    -7.599864614342));
#805 = SURFACE_CURVE('',#806,(#810,#817),.PCURVE_S1.);
#806 = LINE('',#807,#808);
#807 = CARTESIAN_POINT('',(-39.99999999999,26.499702157645,
    -7.599864614342));
#808 = VECTOR('',#809,1.);
#809 = DIRECTION('',(-1.,-0.,-0.));
#810 = PCURVE('',#749,#811);
#811 = DEFINITIONAL_REPRESENTATION('',(#812),#816);
#812 = LINE('',#813,#814);
#813 = CARTESIAN_POINT('',(3.14159265359,0.));
#814 = VECTOR('',#815,1.);
#815 = DIRECTION('',(0.,1.));
#816 = ( GEOMETRIC_REPRESENTATION_CONTEXT(2) 
PARAMETRIC_REPRESENTATION_CONTEXT() REPRESENTATION_CONTEXT('2D SPACE',''
  ) );
#817 = PCURVE('',#761,#818);
#818 = DEFINITIONAL_REPRESENTATION('',(#819),#823);
#819 = LINE('',#820,#821);
#820 = CARTESIAN_POINT('',(3.14159265359,0.));
#821 = VECTOR('',#822,1.);
#822 = DIRECTION('',(0.,1.));
#823 = ( GEOMETRIC_REPRESENTATION_CONTEXT(2) 
PARAMETRIC_REPRESENTATION_CONTEXT() REPRESENTATION_CONTEXT('2D SPACE',''
  ) );
#824 = ORIENTED_EDGE('',*,*,#825,.T.);
#825 = EDGE_CURVE('',#803,#739,#826,.T.);
#826 = SURFACE_CURVE('',#827,(#832,#839),.PCURVE_S1.);
#827 = CIRCLE('',#828,2.1);
#828 = AXIS2_PLACEMENT_3D('',#829,#830,#831);
#829 = CARTESIAN_POINT('',(-39.99999999999,26.499702157645,
    -5.499864614342));
#830 = DIRECTION('',(-1.,0.,0.));
#831 = DIRECTION('',(0.,0.,1.));
#832 = PCURVE('',#749,#833);
#833 = DEFINITIONAL_REPRESENTATION('',(#834),#838);
#834 = LINE('',#835,#836);
#835 = CARTESIAN_POINT('',(0.,0.));
#836 = VECTOR('',#837,1.);
#837 = DIRECTION('',(1.,0.));
#838 = ( GEOMETRIC_REPRESENTATION_CONTEXT(2) 
PARAMETRIC_REPRESENTATION_CONTEXT() REPRESENTATION_CONTEXT('2D SPACE',''
  ) );
#839 = PCURVE('',#840,#845);
#840 = PLANE('',#841);
#841 = AXIS2_PLACEMENT_3D('',#842,#843,#844);
#842 = CARTESIAN_POINT('',(-39.99999999999,-3.66911701217E-14,-42.));
#843 = DIRECTION('',(-1.,-0.,0.));
#844 = DIRECTION('',(0.,0.,1.));
#845 = DEFINITIONAL_REPRESENTATION('',(#846),#850);
#846 = CIRCLE('',#847,2.1);
#847 = AXIS2_PLACEMENT_2D('',#848,#849);
#848 = CARTESIAN_POINT('',(36.500135385658,26.499702157645));
#849 = DIRECTION('',(1.,0.));
#850 = ( GEOMETRIC_REPRESENTATION_CONTEXT(2) 
PARAMETRIC_REPRESENTATION_CONTEXT() REPRESENTATION_CONTEXT('2D SPACE',''
  ) );
#851 = ADVANCED_FACE('',(#852),#866,.F.);
#852 = FACE_BOUND('',#853,.F.);
#853 = EDGE_LOOP('',(#854,#889,#913,#936));
#854 = ORIENTED_EDGE('',*,*,#855,.T.);
#855 = EDGE_CURVE('',#856,#858,#860,.T.);
#856 = VERTEX_POINT('',#857);
#857 = CARTESIAN_POINT('',(-39.99999999999,26.499702157645,
    -34.39986461434));
#858 = VERTEX_POINT('',#859);
#859 = CARTESIAN_POINT('',(-44.99999999999,26.499702157645,
    -34.39986461434));
#860 = SURFACE_CURVE('',#861,(#865,#877),.PCURVE_S1.);
#861 = LINE('',#862,#863);
#862 = CARTESIAN_POINT('',(-39.99999999999,26.499702157645,
    -34.39986461434));
#863 = VECTOR('',#864,1.);
#864 = DIRECTION('',(-1.,-0.,-0.));
#865 = PCURVE('',#866,#871);
#866 = CYLINDRICAL_SURFACE('',#867,2.1);
#867 = AXIS2_PLACEMENT_3D('',#868,#869,#870);
#868 = CARTESIAN_POINT('',(-39.99999999999,26.499702157645,
    -36.49986461434));
#869 = DIRECTION('',(-1.,-0.,-0.));
#870 = DIRECTION('',(-0.,0.,1.));
#871 = DEFINITIONAL_REPRESENTATION('',(#872),#876);
#872 = LINE('',#873,#874);
#873 = CARTESIAN_POINT('',(6.28318530718,0.));
#874 = VECTOR('',#875,1.);
#875 = DIRECTION('',(0.,1.));
#876 = ( GEOMETRIC_REPRESENTATION_CONTEXT(2) 
PARAMETRIC_REPRESENTATION_CONTEXT() REPRESENTATION_CONTEXT('2D SPACE',''
  ) );
#877 = PCURVE('',#878,#883);
#878 = CYLINDRICAL_SURFACE('',#879,2.1);
#879 = AXIS2_PLACEMENT_3D('',#880,#881,#882);
#880 = CARTESIAN_POINT('',(-39.99999999999,26.499702157645,
    -36.49986461434));
#881 = DIRECTION('',(-1.,-0.,-0.));
#882 = DIRECTION('',(-0.,0.,1.));
#883 = DEFINITIONAL_REPRESENTATION('',(#884),#888);
#884 = LINE('',#885,#886);
#885 = CARTESIAN_POINT('',(0.,0.));
#886 = VECTOR('',#887,1.);
#887 = DIRECTION('',(0.,1.));
#888 = ( GEOMETRIC_REPRESENTATION_CONTEXT(2) 
PARAMETRIC_REPRESENTATION_CONTEXT() REPRESENTATION_CONTEXT('2D SPACE',''
  ) );
#889 = ORIENTED_EDGE('',*,*,#890,.F.);
#890 = EDGE_CURVE('',#891,#858,#893,.T.);
#891 = VERTEX_POINT('',#892);
#892 = CARTESIAN_POINT('',(-44.99999999999,26.499702157645,
    -38.59986461434));
#893 = SURFACE_CURVE('',#894,(#899,#906),.PCURVE_S1.);
#894 = CIRCLE('',#895,2.1);
#895 = AXIS2_PLACEMENT_3D('',#896,#897,#898);
#896 = CARTESIAN_POINT('',(-44.99999999999,26.499702157645,
    -36.49986461434));
#897 = DIRECTION('',(-1.,0.,0.));
#898 = DIRECTION('',(0.,0.,1.));
#899 = PCURVE('',#866,#900);
#900 = DEFINITIONAL_REPRESENTATION('',(#901),#905);
#901 = LINE('',#902,#903);
#902 = CARTESIAN_POINT('',(0.,5.));
#903 = VECTOR('',#904,1.);
#904 = DIRECTION('',(1.,0.));
#905 = ( GEOMETRIC_REPRESENTATION_CONTEXT(2) 
PARAMETRIC_REPRESENTATION_CONTEXT() REPRESENTATION_CONTEXT('2D SPACE',''
  ) );
#906 = PCURVE('',#790,#907);
#907 = DEFINITIONAL_REPRESENTATION('',(#908),#912);
#908 = CIRCLE('',#909,2.1);
#909 = AXIS2_PLACEMENT_2D('',#910,#911);
#910 = CARTESIAN_POINT('',(5.500135385658,26.499702157645));
#911 = DIRECTION('',(1.,0.));
#912 = ( GEOMETRIC_REPRESENTATION_CONTEXT(2) 
PARAMETRIC_REPRESENTATION_CONTEXT() REPRESENTATION_CONTEXT('2D SPACE',''
  ) );
#913 = ORIENTED_EDGE('',*,*,#914,.F.);
#914 = EDGE_CURVE('',#915,#891,#917,.T.);
#915 = VERTEX_POINT('',#916);
#916 = CARTESIAN_POINT('',(-39.99999999999,26.499702157645,
    -38.59986461434));
#917 = SURFACE_CURVE('',#918,(#922,#929),.PCURVE_S1.);
#918 = LINE('',#919,#920);
#919 = CARTESIAN_POINT('',(-39.99999999999,26.499702157645,
    -38.59986461434));
#920 = VECTOR('',#921,1.);
#921 = DIRECTION('',(-1.,-0.,-0.));
#922 = PCURVE('',#866,#923);
#923 = DEFINITIONAL_REPRESENTATION('',(#924),#928);
#924 = LINE('',#925,#926);
#925 = CARTESIAN_POINT('',(3.14159265359,0.));
#926 = VECTOR('',#927,1.);
#927 = DIRECTION('',(0.,1.));
#928 = ( GEOMETRIC_REPRESENTATION_CONTEXT(2) 
PARAMETRIC_REPRESENTATION_CONTEXT() REPRESENTATION_CONTEXT('2D SPACE',''
  ) );
#929 = PCURVE('',#878,#930);
#930 = DEFINITIONAL_REPRESENTATION('',(#931),#935);
#931 = LINE('',#932,#933);
#932 = CARTESIAN_POINT('',(3.14159265359,0.));
#933 = VECTOR('',#934,1.);
#934 = DIRECTION('',(0.,1.));
#935 = ( GEOMETRIC_REPRESENTATION_CONTEXT(2) 
PARAMETRIC_REPRESENTATION_CONTEXT() REPRESENTATION_CONTEXT('2D SPACE',''
  ) );
#936 = ORIENTED_EDGE('',*,*,#937,.T.);
#937 = EDGE_CURVE('',#915,#856,#938,.T.);
#938 = SURFACE_CURVE('',#939,(#944,#951),.PCURVE_S1.);
#939 = CIRCLE('',#940,2.1);
#940 = AXIS2_PLACEMENT_3D('',#941,#942,#943);
#941 = CARTESIAN_POINT('',(-39.99999999999,26.499702157645,
    -36.49986461434));
#942 = DIRECTION('',(-1.,0.,0.));
#943 = DIRECTION('',(0.,0.,1.));
#944 = PCURVE('',#866,#945);
#945 = DEFINITIONAL_REPRESENTATION('',(#946),#950);
#946 = LINE('',#947,#948);
#947 = CARTESIAN_POINT('',(0.,0.));
#948 = VECTOR('',#949,1.);
#949 = DIRECTION('',(1.,0.));
#950 = ( GEOMETRIC_REPRESENTATION_CONTEXT(2) 
PARAMETRIC_REPRESENTATION_CONTEXT() REPRESENTATION_CONTEXT('2D SPACE',''
  ) );
#951 = PCURVE('',#840,#952);
#952 = DEFINITIONAL_REPRESENTATION('',(#953),#957);
#953 = CIRCLE('',#954,2.1);
#954 = AXIS2_PLACEMENT_2D('',#955,#956);
#955 = CARTESIAN_POINT('',(5.500135385658,26.499702157645));
#956 = DIRECTION('',(1.,0.));
#957 = ( GEOMETRIC_REPRESENTATION_CONTEXT(2) 
PARAMETRIC_REPRESENTATION_CONTEXT() REPRESENTATION_CONTEXT('2D SPACE',''
  ) );
#958 = ADVANCED_FACE('',(#959),#973,.T.);
#959 = FACE_BOUND('',#960,.T.);
#960 = EDGE_LOOP('',(#961,#996,#1024,#1052,#1080,#1108,#1131,#1159));
#961 = ORIENTED_EDGE('',*,*,#962,.T.);
#962 = EDGE_CURVE('',#963,#965,#967,.T.);
#963 = VERTEX_POINT('',#964);
#964 = CARTESIAN_POINT('',(-44.99999999999,8.999282466267,-43.2));
#965 = VERTEX_POINT('',#966);
#966 = CARTESIAN_POINT('',(-50.99999999999,8.999282466267,-43.2));
#967 = SURFACE_CURVE('',#968,(#972,#984),.PCURVE_S1.);
#968 = LINE('',#969,#970);
#969 = CARTESIAN_POINT('',(-50.99999999999,8.999282466267,-43.2));
#970 = VECTOR('',#971,1.);
#971 = DIRECTION('',(-1.,-0.,-0.));
#972 = PCURVE('',#973,#978);
#973 = PLANE('',#974);
#974 = AXIS2_PLACEMENT_3D('',#975,#976,#977);
#975 = CARTESIAN_POINT('',(0.,0.,-43.2));
#976 = DIRECTION('',(0.,0.,-1.));
#977 = DIRECTION('',(-1.,0.,-0.));
#978 = DEFINITIONAL_REPRESENTATION('',(#979),#983);
#979 = LINE('',#980,#981);
#980 = CARTESIAN_POINT('',(50.999999999994,8.999282466267));
#981 = VECTOR('',#982,1.);
#982 = DIRECTION('',(1.,0.));
#983 = ( GEOMETRIC_REPRESENTATION_CONTEXT(2) 
PARAMETRIC_REPRESENTATION_CONTEXT() REPRESENTATION_CONTEXT('2D SPACE',''
  ) );
#984 = PCURVE('',#985,#990);
#985 = PLANE('',#986);
#986 = AXIS2_PLACEMENT_3D('',#987,#988,#989);
#987 = CARTESIAN_POINT('',(-50.99999999999,8.999282466267,-43.2));
#988 = DIRECTION('',(-0.,1.,0.));
#989 = DIRECTION('',(0.,0.,1.));
#990 = DEFINITIONAL_REPRESENTATION('',(#991),#995);
#991 = LINE('',#992,#993);
#992 = CARTESIAN_POINT('',(0.,0.));
#993 = VECTOR('',#994,1.);
#994 = DIRECTION('',(-0.,-1.));
#995 = ( GEOMETRIC_REPRESENTATION_CONTEXT(2) 
PARAMETRIC_REPRESENTATION_CONTEXT() REPRESENTATION_CONTEXT('2D SPACE',''
  ) );
#996 = ORIENTED_EDGE('',*,*,#997,.T.);
#997 = EDGE_CURVE('',#965,#998,#1000,.T.);
#998 = VERTEX_POINT('',#999);
#999 = CARTESIAN_POINT('',(-50.99999999999,-9.000717533733,-43.2));
#1000 = SURFACE_CURVE('',#1001,(#1005,#1012),.PCURVE_S1.);
#1001 = LINE('',#1002,#1003);
#1002 = CARTESIAN_POINT('',(-50.99999999999,-7.175337328191E-04,-43.2));
#1003 = VECTOR('',#1004,1.);
#1004 = DIRECTION('',(-0.,-1.,-0.));
#1005 = PCURVE('',#973,#1006);
#1006 = DEFINITIONAL_REPRESENTATION('',(#1007),#1011);
#1007 = LINE('',#1008,#1009);
#1008 = CARTESIAN_POINT('',(50.999999999994,-7.175337328191E-04));
#1009 = VECTOR('',#1010,1.);
#1010 = DIRECTION('',(0.,-1.));
#1011 = ( GEOMETRIC_REPRESENTATION_CONTEXT(2) 
PARAMETRIC_REPRESENTATION_CONTEXT() REPRESENTATION_CONTEXT('2D SPACE',''
  ) );
#1012 = PCURVE('',#1013,#1018);
#1013 = PLANE('',#1014);
#1014 = AXIS2_PLACEMENT_3D('',#1015,#1016,#1017);
#1015 = CARTESIAN_POINT('',(-50.99999999999,-7.175337328191E-04,-43.2));
#1016 = DIRECTION('',(-1.,0.,0.));
#1017 = DIRECTION('',(0.,0.,1.));
#1018 = DEFINITIONAL_REPRESENTATION('',(#1019),#1023);
#1019 = LINE('',#1020,#1021);
#1020 = CARTESIAN_POINT('',(0.,0.));
#1021 = VECTOR('',#1022,1.);
#1022 = DIRECTION('',(0.,-1.));
#1023 = ( GEOMETRIC_REPRESENTATION_CONTEXT(2) 
PARAMETRIC_REPRESENTATION_CONTEXT() REPRESENTATION_CONTEXT('2D SPACE',''
  ) );
#1024 = ORIENTED_EDGE('',*,*,#1025,.F.);
#1025 = EDGE_CURVE('',#1026,#998,#1028,.T.);
#1026 = VERTEX_POINT('',#1027);
#1027 = CARTESIAN_POINT('',(-44.99999999999,-9.000717533733,-43.2));
#1028 = SURFACE_CURVE('',#1029,(#1033,#1040),.PCURVE_S1.);
#1029 = LINE('',#1030,#1031);
#1030 = CARTESIAN_POINT('',(-50.99999999999,-9.000717533733,-43.2));
#1031 = VECTOR('',#1032,1.);
#1032 = DIRECTION('',(-1.,5.922318522295E-15,-0.));
#1033 = PCURVE('',#973,#1034);
#1034 = DEFINITIONAL_REPRESENTATION('',(#1035),#1039);
#1035 = LINE('',#1036,#1037);
#1036 = CARTESIAN_POINT('',(50.999999999994,-9.000717533733));
#1037 = VECTOR('',#1038,1.);
#1038 = DIRECTION('',(1.,5.922318522295E-15));
#1039 = ( GEOMETRIC_REPRESENTATION_CONTEXT(2) 
PARAMETRIC_REPRESENTATION_CONTEXT() REPRESENTATION_CONTEXT('2D SPACE',''
  ) );
#1040 = PCURVE('',#1041,#1046);
#1041 = PLANE('',#1042);
#1042 = AXIS2_PLACEMENT_3D('',#1043,#1044,#1045);
#1043 = CARTESIAN_POINT('',(-50.99999999999,-9.000717533733,-43.2));
#1044 = DIRECTION('',(-5.922318522295E-15,-1.,0.));
#1045 = DIRECTION('',(0.,0.,1.));
#1046 = DEFINITIONAL_REPRESENTATION('',(#1047),#1051);
#1047 = LINE('',#1048,#1049);
#1048 = CARTESIAN_POINT('',(0.,0.));
#1049 = VECTOR('',#1050,1.);
#1050 = DIRECTION('',(0.,1.));
#1051 = ( GEOMETRIC_REPRESENTATION_CONTEXT(2) 
PARAMETRIC_REPRESENTATION_CONTEXT() REPRESENTATION_CONTEXT('2D SPACE',''
  ) );
#1052 = ORIENTED_EDGE('',*,*,#1053,.F.);
#1053 = EDGE_CURVE('',#1054,#1026,#1056,.T.);
#1054 = VERTEX_POINT('',#1055);
#1055 = CARTESIAN_POINT('',(-44.99999999999,-23.25142152717,-43.2));
#1056 = SURFACE_CURVE('',#1057,(#1061,#1068),.PCURVE_S1.);
#1057 = LINE('',#1058,#1059);
#1058 = CARTESIAN_POINT('',(-44.99999999999,-1.435067465674E-03,-43.2));
#1059 = VECTOR('',#1060,1.);
#1060 = DIRECTION('',(5.922318522295E-15,1.,0.));
#1061 = PCURVE('',#973,#1062);
#1062 = DEFINITIONAL_REPRESENTATION('',(#1063),#1067);
#1063 = LINE('',#1064,#1065);
#1064 = CARTESIAN_POINT('',(44.999999999994,-1.435067465674E-03));
#1065 = VECTOR('',#1066,1.);
#1066 = DIRECTION('',(-5.922318522295E-15,1.));
#1067 = ( GEOMETRIC_REPRESENTATION_CONTEXT(2) 
PARAMETRIC_REPRESENTATION_CONTEXT() REPRESENTATION_CONTEXT('2D SPACE',''
  ) );
#1068 = PCURVE('',#1069,#1074);
#1069 = PLANE('',#1070);
#1070 = AXIS2_PLACEMENT_3D('',#1071,#1072,#1073);
#1071 = CARTESIAN_POINT('',(-44.99999999999,-1.435067465674E-03,-43.2));
#1072 = DIRECTION('',(-1.,5.922318522295E-15,0.));
#1073 = DIRECTION('',(0.,0.,1.));
#1074 = DEFINITIONAL_REPRESENTATION('',(#1075),#1079);
#1075 = LINE('',#1076,#1077);
#1076 = CARTESIAN_POINT('',(0.,0.));
#1077 = VECTOR('',#1078,1.);
#1078 = DIRECTION('',(0.,1.));
#1079 = ( GEOMETRIC_REPRESENTATION_CONTEXT(2) 
PARAMETRIC_REPRESENTATION_CONTEXT() REPRESENTATION_CONTEXT('2D SPACE',''
  ) );
#1080 = ORIENTED_EDGE('',*,*,#1081,.F.);
#1081 = EDGE_CURVE('',#1082,#1054,#1084,.T.);
#1082 = VERTEX_POINT('',#1083);
#1083 = CARTESIAN_POINT('',(-66.19999999999,-23.25142152717,-43.2));
#1084 = SURFACE_CURVE('',#1085,(#1089,#1096),.PCURVE_S1.);
#1085 = LINE('',#1086,#1087);
#1086 = CARTESIAN_POINT('',(-1.402188434998E-13,-23.25142152717,-43.2));
#1087 = VECTOR('',#1088,1.);
#1088 = DIRECTION('',(1.,-6.030738739544E-15,0.));
#1089 = PCURVE('',#973,#1090);
#1090 = DEFINITIONAL_REPRESENTATION('',(#1091),#1095);
#1091 = LINE('',#1092,#1093);
#1092 = CARTESIAN_POINT('',(1.402188434998E-13,-23.25142152717));
#1093 = VECTOR('',#1094,1.);
#1094 = DIRECTION('',(-1.,-6.030738739544E-15));
#1095 = ( GEOMETRIC_REPRESENTATION_CONTEXT(2) 
PARAMETRIC_REPRESENTATION_CONTEXT() REPRESENTATION_CONTEXT('2D SPACE',''
  ) );
#1096 = PCURVE('',#1097,#1102);
#1097 = PLANE('',#1098);
#1098 = AXIS2_PLACEMENT_3D('',#1099,#1100,#1101);
#1099 = CARTESIAN_POINT('',(-1.402188434998E-13,-23.25142152717,-42.));
#1100 = DIRECTION('',(-6.030738739544E-15,-1.,-8.73599288612E-16));
#1101 = DIRECTION('',(-5.173733248011E-30,-8.73599288612E-16,1.));
#1102 = DEFINITIONAL_REPRESENTATION('',(#1103),#1107);
#1103 = LINE('',#1104,#1105);
#1104 = CARTESIAN_POINT('',(-1.2,-1.136589895914E-31));
#1105 = VECTOR('',#1106,1.);
#1106 = DIRECTION('',(9.471582465949E-32,-1.));
#1107 = ( GEOMETRIC_REPRESENTATION_CONTEXT(2) 
PARAMETRIC_REPRESENTATION_CONTEXT() REPRESENTATION_CONTEXT('2D SPACE',''
  ) );
#1108 = ORIENTED_EDGE('',*,*,#1109,.T.);
#1109 = EDGE_CURVE('',#1082,#1110,#1112,.T.);
#1110 = VERTEX_POINT('',#1111);
#1111 = CARTESIAN_POINT('',(-66.19999999999,23.249986459708,-43.2));
#1112 = SURFACE_CURVE('',#1113,(#1117,#1124),.PCURVE_S1.);
#1113 = LINE('',#1114,#1115);
#1114 = CARTESIAN_POINT('',(-66.19999999999,12.999208002607,-43.2));
#1115 = VECTOR('',#1116,1.);
#1116 = DIRECTION('',(0.,1.,0.));
#1117 = PCURVE('',#973,#1118);
#1118 = DEFINITIONAL_REPRESENTATION('',(#1119),#1123);
#1119 = LINE('',#1120,#1121);
#1120 = CARTESIAN_POINT('',(66.199999999994,12.999208002607));
#1121 = VECTOR('',#1122,1.);
#1122 = DIRECTION('',(0.,1.));
#1123 = ( GEOMETRIC_REPRESENTATION_CONTEXT(2) 
PARAMETRIC_REPRESENTATION_CONTEXT() REPRESENTATION_CONTEXT('2D SPACE',''
  ) );
#1124 = PCURVE('',#141,#1125);
#1125 = DEFINITIONAL_REPRESENTATION('',(#1126),#1130);
#1126 = LINE('',#1127,#1128);
#1127 = CARTESIAN_POINT('',(-43.2,12.999208002607));
#1128 = VECTOR('',#1129,1.);
#1129 = DIRECTION('',(0.,1.));
#1130 = ( GEOMETRIC_REPRESENTATION_CONTEXT(2) 
PARAMETRIC_REPRESENTATION_CONTEXT() REPRESENTATION_CONTEXT('2D SPACE',''
  ) );
#1131 = ORIENTED_EDGE('',*,*,#1132,.T.);
#1132 = EDGE_CURVE('',#1110,#1133,#1135,.T.);
#1133 = VERTEX_POINT('',#1134);
#1134 = CARTESIAN_POINT('',(-44.99999999999,23.249986459708,-43.2));
#1135 = SURFACE_CURVE('',#1136,(#1140,#1147),.PCURVE_S1.);
#1136 = LINE('',#1137,#1138);
#1137 = CARTESIAN_POINT('',(-2.520768582987E-15,23.249986459708,-43.2));
#1138 = VECTOR('',#1139,1.);
#1139 = DIRECTION('',(1.,1.084202172486E-16,0.));
#1140 = PCURVE('',#973,#1141);
#1141 = DEFINITIONAL_REPRESENTATION('',(#1142),#1146);
#1142 = LINE('',#1143,#1144);
#1143 = CARTESIAN_POINT('',(2.520768582987E-15,23.249986459708));
#1144 = VECTOR('',#1145,1.);
#1145 = DIRECTION('',(-1.,1.084202172486E-16));
#1146 = ( GEOMETRIC_REPRESENTATION_CONTEXT(2) 
PARAMETRIC_REPRESENTATION_CONTEXT() REPRESENTATION_CONTEXT('2D SPACE',''
  ) );
#1147 = PCURVE('',#1148,#1153);
#1148 = PLANE('',#1149);
#1149 = AXIS2_PLACEMENT_3D('',#1150,#1151,#1152);
#1150 = CARTESIAN_POINT('',(-2.520768582987E-15,23.249986459708,-42.));
#1151 = DIRECTION('',(-1.084202172486E-16,1.,-8.73599288612E-16));
#1152 = DIRECTION('',(0.,8.73599288612E-16,1.));
#1153 = DEFINITIONAL_REPRESENTATION('',(#1154),#1158);
#1154 = LINE('',#1155,#1156);
#1155 = CARTESIAN_POINT('',(-1.2,4.057963515696E-30));
#1156 = VECTOR('',#1157,1.);
#1157 = DIRECTION('',(9.471582465949E-32,1.));
#1158 = ( GEOMETRIC_REPRESENTATION_CONTEXT(2) 
PARAMETRIC_REPRESENTATION_CONTEXT() REPRESENTATION_CONTEXT('2D SPACE',''
  ) );
#1159 = ORIENTED_EDGE('',*,*,#1160,.T.);
#1160 = EDGE_CURVE('',#1133,#963,#1161,.T.);
#1161 = SURFACE_CURVE('',#1162,(#1166,#1173),.PCURVE_S1.);
#1162 = LINE('',#1163,#1164);
#1163 = CARTESIAN_POINT('',(-44.99999999999,0.,-43.2));
#1164 = VECTOR('',#1165,1.);
#1165 = DIRECTION('',(0.,-1.,0.));
#1166 = PCURVE('',#973,#1167);
#1167 = DEFINITIONAL_REPRESENTATION('',(#1168),#1172);
#1168 = LINE('',#1169,#1170);
#1169 = CARTESIAN_POINT('',(44.999999999994,0.));
#1170 = VECTOR('',#1171,1.);
#1171 = DIRECTION('',(-0.,-1.));
#1172 = ( GEOMETRIC_REPRESENTATION_CONTEXT(2) 
PARAMETRIC_REPRESENTATION_CONTEXT() REPRESENTATION_CONTEXT('2D SPACE',''
  ) );
#1173 = PCURVE('',#1174,#1179);
#1174 = PLANE('',#1175);
#1175 = AXIS2_PLACEMENT_3D('',#1176,#1177,#1178);
#1176 = CARTESIAN_POINT('',(-44.99999999999,0.,-43.2));
#1177 = DIRECTION('',(-1.,0.,-0.));
#1178 = DIRECTION('',(0.,0.,1.));
#1179 = DEFINITIONAL_REPRESENTATION('',(#1180),#1184);
#1180 = LINE('',#1181,#1182);
#1181 = CARTESIAN_POINT('',(0.,0.));
#1182 = VECTOR('',#1183,1.);
#1183 = DIRECTION('',(0.,-1.));
#1184 = ( GEOMETRIC_REPRESENTATION_CONTEXT(2) 
PARAMETRIC_REPRESENTATION_CONTEXT() REPRESENTATION_CONTEXT('2D SPACE',''
  ) );
#1185 = ADVANCED_FACE('',(#1186),#1174,.F.);
#1186 = FACE_BOUND('',#1187,.T.);
#1187 = EDGE_LOOP('',(#1188,#1211,#1212,#1235,#1263,#1291));
#1188 = ORIENTED_EDGE('',*,*,#1189,.F.);
#1189 = EDGE_CURVE('',#963,#1190,#1192,.T.);
#1190 = VERTEX_POINT('',#1191);
#1191 = CARTESIAN_POINT('',(-44.99999999999,8.999282466267,-42.2));
#1192 = SURFACE_CURVE('',#1193,(#1197,#1204),.PCURVE_S1.);
#1193 = LINE('',#1194,#1195);
#1194 = CARTESIAN_POINT('',(-44.99999999999,8.999282466267,-43.2));
#1195 = VECTOR('',#1196,1.);
#1196 = DIRECTION('',(-0.,-0.,1.));
#1197 = PCURVE('',#1174,#1198);
#1198 = DEFINITIONAL_REPRESENTATION('',(#1199),#1203);
#1199 = LINE('',#1200,#1201);
#1200 = CARTESIAN_POINT('',(0.,8.999282466267));
#1201 = VECTOR('',#1202,1.);
#1202 = DIRECTION('',(1.,0.));
#1203 = ( GEOMETRIC_REPRESENTATION_CONTEXT(2) 
PARAMETRIC_REPRESENTATION_CONTEXT() REPRESENTATION_CONTEXT('2D SPACE',''
  ) );
#1204 = PCURVE('',#985,#1205);
#1205 = DEFINITIONAL_REPRESENTATION('',(#1206),#1210);
#1206 = LINE('',#1207,#1208);
#1207 = CARTESIAN_POINT('',(0.,6.));
#1208 = VECTOR('',#1209,1.);
#1209 = DIRECTION('',(1.,0.));
#1210 = ( GEOMETRIC_REPRESENTATION_CONTEXT(2) 
PARAMETRIC_REPRESENTATION_CONTEXT() REPRESENTATION_CONTEXT('2D SPACE',''
  ) );
#1211 = ORIENTED_EDGE('',*,*,#1160,.F.);
#1212 = ORIENTED_EDGE('',*,*,#1213,.T.);
#1213 = EDGE_CURVE('',#1133,#1214,#1216,.T.);
#1214 = VERTEX_POINT('',#1215);
#1215 = CARTESIAN_POINT('',(-44.99999999999,23.249986459708,-42.));
#1216 = SURFACE_CURVE('',#1217,(#1221,#1228),.PCURVE_S1.);
#1217 = LINE('',#1218,#1219);
#1218 = CARTESIAN_POINT('',(-44.99999999999,23.249986459708,-43.2));
#1219 = VECTOR('',#1220,1.);
#1220 = DIRECTION('',(-0.,-0.,1.));
#1221 = PCURVE('',#1174,#1222);
#1222 = DEFINITIONAL_REPRESENTATION('',(#1223),#1227);
#1223 = LINE('',#1224,#1225);
#1224 = CARTESIAN_POINT('',(0.,23.249986459708));
#1225 = VECTOR('',#1226,1.);
#1226 = DIRECTION('',(1.,0.));
#1227 = ( GEOMETRIC_REPRESENTATION_CONTEXT(2) 
PARAMETRIC_REPRESENTATION_CONTEXT() REPRESENTATION_CONTEXT('2D SPACE',''
  ) );
#1228 = PCURVE('',#1148,#1229);
#1229 = DEFINITIONAL_REPRESENTATION('',(#1230),#1234);
#1230 = LINE('',#1231,#1232);
#1231 = CARTESIAN_POINT('',(-1.2,-44.99999999999));
#1232 = VECTOR('',#1233,1.);
#1233 = DIRECTION('',(1.,-9.471582465949E-32));
#1234 = ( GEOMETRIC_REPRESENTATION_CONTEXT(2) 
PARAMETRIC_REPRESENTATION_CONTEXT() REPRESENTATION_CONTEXT('2D SPACE',''
  ) );
#1235 = ORIENTED_EDGE('',*,*,#1236,.T.);
#1236 = EDGE_CURVE('',#1214,#1237,#1239,.T.);
#1237 = VERTEX_POINT('',#1238);
#1238 = CARTESIAN_POINT('',(-44.99999999999,20.999986459708,-42.));
#1239 = SURFACE_CURVE('',#1240,(#1244,#1251),.PCURVE_S1.);
#1240 = LINE('',#1241,#1242);
#1241 = CARTESIAN_POINT('',(-44.99999999999,0.,-42.));
#1242 = VECTOR('',#1243,1.);
#1243 = DIRECTION('',(0.,-1.,0.));
#1244 = PCURVE('',#1174,#1245);
#1245 = DEFINITIONAL_REPRESENTATION('',(#1246),#1250);
#1246 = LINE('',#1247,#1248);
#1247 = CARTESIAN_POINT('',(1.2,0.));
#1248 = VECTOR('',#1249,1.);
#1249 = DIRECTION('',(0.,-1.));
#1250 = ( GEOMETRIC_REPRESENTATION_CONTEXT(2) 
PARAMETRIC_REPRESENTATION_CONTEXT() REPRESENTATION_CONTEXT('2D SPACE',''
  ) );
#1251 = PCURVE('',#1252,#1257);
#1252 = PLANE('',#1253);
#1253 = AXIS2_PLACEMENT_3D('',#1254,#1255,#1256);
#1254 = CARTESIAN_POINT('',(0.,-3.66911701217E-14,-42.));
#1255 = DIRECTION('',(-0.,0.,1.));
#1256 = DIRECTION('',(1.,0.,0.));
#1257 = DEFINITIONAL_REPRESENTATION('',(#1258),#1262);
#1258 = LINE('',#1259,#1260);
#1259 = CARTESIAN_POINT('',(-44.99999999999,3.66911701217E-14));
#1260 = VECTOR('',#1261,1.);
#1261 = DIRECTION('',(0.,-1.));
#1262 = ( GEOMETRIC_REPRESENTATION_CONTEXT(2) 
PARAMETRIC_REPRESENTATION_CONTEXT() REPRESENTATION_CONTEXT('2D SPACE',''
  ) );
#1263 = ORIENTED_EDGE('',*,*,#1264,.F.);
#1264 = EDGE_CURVE('',#1265,#1237,#1267,.T.);
#1265 = VERTEX_POINT('',#1266);
#1266 = CARTESIAN_POINT('',(-44.99999999999,20.999986459708,-42.2));
#1267 = SURFACE_CURVE('',#1268,(#1272,#1279),.PCURVE_S1.);
#1268 = LINE('',#1269,#1270);
#1269 = CARTESIAN_POINT('',(-44.99999999999,20.999986459708,-43.2));
#1270 = VECTOR('',#1271,1.);
#1271 = DIRECTION('',(-0.,-0.,1.));
#1272 = PCURVE('',#1174,#1273);
#1273 = DEFINITIONAL_REPRESENTATION('',(#1274),#1278);
#1274 = LINE('',#1275,#1276);
#1275 = CARTESIAN_POINT('',(0.,20.999986459708));
#1276 = VECTOR('',#1277,1.);
#1277 = DIRECTION('',(1.,0.));
#1278 = ( GEOMETRIC_REPRESENTATION_CONTEXT(2) 
PARAMETRIC_REPRESENTATION_CONTEXT() REPRESENTATION_CONTEXT('2D SPACE',''
  ) );
#1279 = PCURVE('',#1280,#1285);
#1280 = PLANE('',#1281);
#1281 = AXIS2_PLACEMENT_3D('',#1282,#1283,#1284);
#1282 = CARTESIAN_POINT('',(-4.553646188356E-15,20.999986459708,-42.));
#1283 = DIRECTION('',(-2.168404344971E-16,1.,-8.73599288612E-16));
#1284 = DIRECTION('',(0.,8.73599288612E-16,1.));
#1285 = DEFINITIONAL_REPRESENTATION('',(#1286),#1290);
#1286 = LINE('',#1287,#1288);
#1287 = CARTESIAN_POINT('',(-1.2,-44.99999999999));
#1288 = VECTOR('',#1289,1.);
#1289 = DIRECTION('',(1.,-1.89431649319E-31));
#1290 = ( GEOMETRIC_REPRESENTATION_CONTEXT(2) 
PARAMETRIC_REPRESENTATION_CONTEXT() REPRESENTATION_CONTEXT('2D SPACE',''
  ) );
#1291 = ORIENTED_EDGE('',*,*,#1292,.T.);
#1292 = EDGE_CURVE('',#1265,#1190,#1293,.T.);
#1293 = SURFACE_CURVE('',#1294,(#1298,#1305),.PCURVE_S1.);
#1294 = LINE('',#1295,#1296);
#1295 = CARTESIAN_POINT('',(-44.99999999999,0.,-42.2));
#1296 = VECTOR('',#1297,1.);
#1297 = DIRECTION('',(0.,-1.,0.));
#1298 = PCURVE('',#1174,#1299);
#1299 = DEFINITIONAL_REPRESENTATION('',(#1300),#1304);
#1300 = LINE('',#1301,#1302);
#1301 = CARTESIAN_POINT('',(1.,0.));
#1302 = VECTOR('',#1303,1.);
#1303 = DIRECTION('',(0.,-1.));
#1304 = ( GEOMETRIC_REPRESENTATION_CONTEXT(2) 
PARAMETRIC_REPRESENTATION_CONTEXT() REPRESENTATION_CONTEXT('2D SPACE',''
  ) );
#1305 = PCURVE('',#1306,#1311);
#1306 = PLANE('',#1307);
#1307 = AXIS2_PLACEMENT_3D('',#1308,#1309,#1310);
#1308 = CARTESIAN_POINT('',(0.,0.,-42.2));
#1309 = DIRECTION('',(0.,0.,-1.));
#1310 = DIRECTION('',(-1.,0.,-0.));
#1311 = DEFINITIONAL_REPRESENTATION('',(#1312),#1316);
#1312 = LINE('',#1313,#1314);
#1313 = CARTESIAN_POINT('',(44.999999999994,0.));
#1314 = VECTOR('',#1315,1.);
#1315 = DIRECTION('',(-0.,-1.));
#1316 = ( GEOMETRIC_REPRESENTATION_CONTEXT(2) 
PARAMETRIC_REPRESENTATION_CONTEXT() REPRESENTATION_CONTEXT('2D SPACE',''
  ) );
#1317 = ADVANCED_FACE('',(#1318),#1306,.F.);
#1318 = FACE_BOUND('',#1319,.T.);
#1319 = EDGE_LOOP('',(#1320,#1343,#1344,#1367,#1390,#1418,#1441,#1469,
    #1492,#1520,#1543,#1566));
#1320 = ORIENTED_EDGE('',*,*,#1321,.F.);
#1321 = EDGE_CURVE('',#1190,#1322,#1324,.T.);
#1322 = VERTEX_POINT('',#1323);
#1323 = CARTESIAN_POINT('',(-50.99999999999,8.999282466267,-42.2));
#1324 = SURFACE_CURVE('',#1325,(#1329,#1336),.PCURVE_S1.);
#1325 = LINE('',#1326,#1327);
#1326 = CARTESIAN_POINT('',(-50.99999999999,8.999282466267,-42.2));
#1327 = VECTOR('',#1328,1.);
#1328 = DIRECTION('',(-1.,-0.,-0.));
#1329 = PCURVE('',#1306,#1330);
#1330 = DEFINITIONAL_REPRESENTATION('',(#1331),#1335);
#1331 = LINE('',#1332,#1333);
#1332 = CARTESIAN_POINT('',(50.999999999994,8.999282466267));
#1333 = VECTOR('',#1334,1.);
#1334 = DIRECTION('',(1.,0.));
#1335 = ( GEOMETRIC_REPRESENTATION_CONTEXT(2) 
PARAMETRIC_REPRESENTATION_CONTEXT() REPRESENTATION_CONTEXT('2D SPACE',''
  ) );
#1336 = PCURVE('',#985,#1337);
#1337 = DEFINITIONAL_REPRESENTATION('',(#1338),#1342);
#1338 = LINE('',#1339,#1340);
#1339 = CARTESIAN_POINT('',(1.,0.));
#1340 = VECTOR('',#1341,1.);
#1341 = DIRECTION('',(-0.,-1.));
#1342 = ( GEOMETRIC_REPRESENTATION_CONTEXT(2) 
PARAMETRIC_REPRESENTATION_CONTEXT() REPRESENTATION_CONTEXT('2D SPACE',''
  ) );
#1343 = ORIENTED_EDGE('',*,*,#1292,.F.);
#1344 = ORIENTED_EDGE('',*,*,#1345,.T.);
#1345 = EDGE_CURVE('',#1265,#1346,#1348,.T.);
#1346 = VERTEX_POINT('',#1347);
#1347 = CARTESIAN_POINT('',(-63.19999999999,20.999986459708,-42.2));
#1348 = SURFACE_CURVE('',#1349,(#1353,#1360),.PCURVE_S1.);
#1349 = LINE('',#1350,#1351);
#1350 = CARTESIAN_POINT('',(-4.553646188356E-15,20.999986459708,-42.2));
#1351 = VECTOR('',#1352,1.);
#1352 = DIRECTION('',(-1.,-2.168404344971E-16,0.));
#1353 = PCURVE('',#1306,#1354);
#1354 = DEFINITIONAL_REPRESENTATION('',(#1355),#1359);
#1355 = LINE('',#1356,#1357);
#1356 = CARTESIAN_POINT('',(4.553646188356E-15,20.999986459708));
#1357 = VECTOR('',#1358,1.);
#1358 = DIRECTION('',(1.,-2.168404344971E-16));
#1359 = ( GEOMETRIC_REPRESENTATION_CONTEXT(2) 
PARAMETRIC_REPRESENTATION_CONTEXT() REPRESENTATION_CONTEXT('2D SPACE',''
  ) );
#1360 = PCURVE('',#1280,#1361);
#1361 = DEFINITIONAL_REPRESENTATION('',(#1362),#1366);
#1362 = LINE('',#1363,#1364);
#1363 = CARTESIAN_POINT('',(-0.2,3.78863298638E-32));
#1364 = VECTOR('',#1365,1.);
#1365 = DIRECTION('',(-1.89431649319E-31,-1.));
#1366 = ( GEOMETRIC_REPRESENTATION_CONTEXT(2) 
PARAMETRIC_REPRESENTATION_CONTEXT() REPRESENTATION_CONTEXT('2D SPACE',''
  ) );
#1367 = ORIENTED_EDGE('',*,*,#1368,.T.);
#1368 = EDGE_CURVE('',#1346,#1369,#1371,.T.);
#1369 = VERTEX_POINT('',#1370);
#1370 = CARTESIAN_POINT('',(-63.19999999999,12.999221164881,-42.2));
#1371 = SURFACE_CURVE('',#1372,(#1376,#1383),.PCURVE_S1.);
#1372 = LINE('',#1373,#1374);
#1373 = CARTESIAN_POINT('',(-63.19999999999,0.,-42.2));
#1374 = VECTOR('',#1375,1.);
#1375 = DIRECTION('',(0.,-1.,0.));
#1376 = PCURVE('',#1306,#1377);
#1377 = DEFINITIONAL_REPRESENTATION('',(#1378),#1382);
#1378 = LINE('',#1379,#1380);
#1379 = CARTESIAN_POINT('',(63.199999999994,0.));
#1380 = VECTOR('',#1381,1.);
#1381 = DIRECTION('',(-0.,-1.));
#1382 = ( GEOMETRIC_REPRESENTATION_CONTEXT(2) 
PARAMETRIC_REPRESENTATION_CONTEXT() REPRESENTATION_CONTEXT('2D SPACE',''
  ) );
#1383 = PCURVE('',#555,#1384);
#1384 = DEFINITIONAL_REPRESENTATION('',(#1385),#1389);
#1385 = LINE('',#1386,#1387);
#1386 = CARTESIAN_POINT('',(-42.2,0.));
#1387 = VECTOR('',#1388,1.);
#1388 = DIRECTION('',(0.,-1.));
#1389 = ( GEOMETRIC_REPRESENTATION_CONTEXT(2) 
PARAMETRIC_REPRESENTATION_CONTEXT() REPRESENTATION_CONTEXT('2D SPACE',''
  ) );
#1390 = ORIENTED_EDGE('',*,*,#1391,.F.);
#1391 = EDGE_CURVE('',#1392,#1369,#1394,.T.);
#1392 = VERTEX_POINT('',#1393);
#1393 = CARTESIAN_POINT('',(-66.19999999999,12.999221164881,-42.2));
#1394 = SURFACE_CURVE('',#1395,(#1399,#1406),.PCURVE_S1.);
#1395 = LINE('',#1396,#1397);
#1396 = CARTESIAN_POINT('',(-66.19999999999,12.999221164881,-42.2));
#1397 = VECTOR('',#1398,1.);
#1398 = DIRECTION('',(1.,0.,0.));
#1399 = PCURVE('',#1306,#1400);
#1400 = DEFINITIONAL_REPRESENTATION('',(#1401),#1405);
#1401 = LINE('',#1402,#1403);
#1402 = CARTESIAN_POINT('',(66.199999999994,12.999221164881));
#1403 = VECTOR('',#1404,1.);
#1404 = DIRECTION('',(-1.,0.));
#1405 = ( GEOMETRIC_REPRESENTATION_CONTEXT(2) 
PARAMETRIC_REPRESENTATION_CONTEXT() REPRESENTATION_CONTEXT('2D SPACE',''
  ) );
#1406 = PCURVE('',#1407,#1412);
#1407 = PLANE('',#1408);
#1408 = AXIS2_PLACEMENT_3D('',#1409,#1410,#1411);
#1409 = CARTESIAN_POINT('',(-66.19999999999,12.999208002607,-43.2));
#1410 = DIRECTION('',(0.,-0.999999999913,1.316227350584E-05));
#1411 = DIRECTION('',(0.,-1.316227350584E-05,-0.999999999913));
#1412 = DEFINITIONAL_REPRESENTATION('',(#1413),#1417);
#1413 = LINE('',#1414,#1415);
#1414 = CARTESIAN_POINT('',(-1.000000000087,0.));
#1415 = VECTOR('',#1416,1.);
#1416 = DIRECTION('',(0.,1.));
#1417 = ( GEOMETRIC_REPRESENTATION_CONTEXT(2) 
PARAMETRIC_REPRESENTATION_CONTEXT() REPRESENTATION_CONTEXT('2D SPACE',''
  ) );
#1418 = ORIENTED_EDGE('',*,*,#1419,.F.);
#1419 = EDGE_CURVE('',#1420,#1392,#1422,.T.);
#1420 = VERTEX_POINT('',#1421);
#1421 = CARTESIAN_POINT('',(-66.19999999999,-13.00065623234,-42.2));
#1422 = SURFACE_CURVE('',#1423,(#1427,#1434),.PCURVE_S1.);
#1423 = LINE('',#1424,#1425);
#1424 = CARTESIAN_POINT('',(-66.19999999999,0.,-42.2));
#1425 = VECTOR('',#1426,1.);
#1426 = DIRECTION('',(0.,1.,0.));
#1427 = PCURVE('',#1306,#1428);
#1428 = DEFINITIONAL_REPRESENTATION('',(#1429),#1433);
#1429 = LINE('',#1430,#1431);
#1430 = CARTESIAN_POINT('',(66.199999999994,0.));
#1431 = VECTOR('',#1432,1.);
#1432 = DIRECTION('',(0.,1.));
#1433 = ( GEOMETRIC_REPRESENTATION_CONTEXT(2) 
PARAMETRIC_REPRESENTATION_CONTEXT() REPRESENTATION_CONTEXT('2D SPACE',''
  ) );
#1434 = PCURVE('',#141,#1435);
#1435 = DEFINITIONAL_REPRESENTATION('',(#1436),#1440);
#1436 = LINE('',#1437,#1438);
#1437 = CARTESIAN_POINT('',(-42.2,0.));
#1438 = VECTOR('',#1439,1.);
#1439 = DIRECTION('',(0.,1.));
#1440 = ( GEOMETRIC_REPRESENTATION_CONTEXT(2) 
PARAMETRIC_REPRESENTATION_CONTEXT() REPRESENTATION_CONTEXT('2D SPACE',''
  ) );
#1441 = ORIENTED_EDGE('',*,*,#1442,.T.);
#1442 = EDGE_CURVE('',#1420,#1443,#1445,.T.);
#1443 = VERTEX_POINT('',#1444);
#1444 = CARTESIAN_POINT('',(-63.19999999999,-13.00065623234,-42.2));
#1445 = SURFACE_CURVE('',#1446,(#1450,#1457),.PCURVE_S1.);
#1446 = LINE('',#1447,#1448);
#1447 = CARTESIAN_POINT('',(-66.19999999999,-13.00065623234,-42.2));
#1448 = VECTOR('',#1449,1.);
#1449 = DIRECTION('',(1.,-5.922318522295E-15,0.));
#1450 = PCURVE('',#1306,#1451);
#1451 = DEFINITIONAL_REPRESENTATION('',(#1452),#1456);
#1452 = LINE('',#1453,#1454);
#1453 = CARTESIAN_POINT('',(66.199999999994,-13.00065623234));
#1454 = VECTOR('',#1455,1.);
#1455 = DIRECTION('',(-1.,-5.922318522295E-15));
#1456 = ( GEOMETRIC_REPRESENTATION_CONTEXT(2) 
PARAMETRIC_REPRESENTATION_CONTEXT() REPRESENTATION_CONTEXT('2D SPACE',''
  ) );
#1457 = PCURVE('',#1458,#1463);
#1458 = PLANE('',#1459);
#1459 = AXIS2_PLACEMENT_3D('',#1460,#1461,#1462);
#1460 = CARTESIAN_POINT('',(-66.19999999999,-13.00064307007,-43.2));
#1461 = DIRECTION('',(5.922318521782E-15,0.999999999913,
    1.316227350584E-05));
#1462 = DIRECTION('',(7.795117617918E-20,1.316227350584E-05,
    -0.999999999913));
#1463 = DEFINITIONAL_REPRESENTATION('',(#1464),#1468);
#1464 = LINE('',#1465,#1466);
#1465 = CARTESIAN_POINT('',(-1.000000000087,-7.795117618935E-20));
#1466 = VECTOR('',#1467,1.);
#1467 = DIRECTION('',(0.,-1.));
#1468 = ( GEOMETRIC_REPRESENTATION_CONTEXT(2) 
PARAMETRIC_REPRESENTATION_CONTEXT() REPRESENTATION_CONTEXT('2D SPACE',''
  ) );
#1469 = ORIENTED_EDGE('',*,*,#1470,.F.);
#1470 = EDGE_CURVE('',#1471,#1443,#1473,.T.);
#1471 = VERTEX_POINT('',#1472);
#1472 = CARTESIAN_POINT('',(-63.19999999999,-21.00142152717,-42.2));
#1473 = SURFACE_CURVE('',#1474,(#1478,#1485),.PCURVE_S1.);
#1474 = LINE('',#1475,#1476);
#1475 = CARTESIAN_POINT('',(-63.19999999999,-1.435067465566E-03,-42.2));
#1476 = VECTOR('',#1477,1.);
#1477 = DIRECTION('',(5.922318522295E-15,1.,0.));
#1478 = PCURVE('',#1306,#1479);
#1479 = DEFINITIONAL_REPRESENTATION('',(#1480),#1484);
#1480 = LINE('',#1481,#1482);
#1481 = CARTESIAN_POINT('',(63.199999999994,-1.435067465566E-03));
#1482 = VECTOR('',#1483,1.);
#1483 = DIRECTION('',(-5.922318522295E-15,1.));
#1484 = ( GEOMETRIC_REPRESENTATION_CONTEXT(2) 
PARAMETRIC_REPRESENTATION_CONTEXT() REPRESENTATION_CONTEXT('2D SPACE',''
  ) );
#1485 = PCURVE('',#91,#1486);
#1486 = DEFINITIONAL_REPRESENTATION('',(#1487),#1491);
#1487 = LINE('',#1488,#1489);
#1488 = CARTESIAN_POINT('',(-42.2,0.));
#1489 = VECTOR('',#1490,1.);
#1490 = DIRECTION('',(0.,1.));
#1491 = ( GEOMETRIC_REPRESENTATION_CONTEXT(2) 
PARAMETRIC_REPRESENTATION_CONTEXT() REPRESENTATION_CONTEXT('2D SPACE',''
  ) );
#1492 = ORIENTED_EDGE('',*,*,#1493,.F.);
#1493 = EDGE_CURVE('',#1494,#1471,#1496,.T.);
#1494 = VERTEX_POINT('',#1495);
#1495 = CARTESIAN_POINT('',(-44.99999999999,-21.00142152717,-42.2));
#1496 = SURFACE_CURVE('',#1497,(#1501,#1508),.PCURVE_S1.);
#1497 = LINE('',#1498,#1499);
#1498 = CARTESIAN_POINT('',(-1.2892650443E-13,-21.00142152717,-42.2));
#1499 = VECTOR('',#1500,1.);
#1500 = DIRECTION('',(-1.,6.139158956793E-15,0.));
#1501 = PCURVE('',#1306,#1502);
#1502 = DEFINITIONAL_REPRESENTATION('',(#1503),#1507);
#1503 = LINE('',#1504,#1505);
#1504 = CARTESIAN_POINT('',(1.2892650443E-13,-21.00142152717));
#1505 = VECTOR('',#1506,1.);
#1506 = DIRECTION('',(1.,6.139158956793E-15));
#1507 = ( GEOMETRIC_REPRESENTATION_CONTEXT(2) 
PARAMETRIC_REPRESENTATION_CONTEXT() REPRESENTATION_CONTEXT('2D SPACE',''
  ) );
#1508 = PCURVE('',#1509,#1514);
#1509 = PLANE('',#1510);
#1510 = AXIS2_PLACEMENT_3D('',#1511,#1512,#1513);
#1511 = CARTESIAN_POINT('',(-1.2892650443E-13,-21.00142152717,-42.));
#1512 = DIRECTION('',(-6.139158956793E-15,-1.,-8.73599288612E-16));
#1513 = DIRECTION('',(-5.173733248011E-30,-8.73599288612E-16,1.));
#1514 = DEFINITIONAL_REPRESENTATION('',(#1515),#1519);
#1515 = LINE('',#1516,#1517);
#1516 = CARTESIAN_POINT('',(-0.2,-3.78863298638E-32));
#1517 = VECTOR('',#1518,1.);
#1518 = DIRECTION('',(-1.89431649319E-31,1.));
#1519 = ( GEOMETRIC_REPRESENTATION_CONTEXT(2) 
PARAMETRIC_REPRESENTATION_CONTEXT() REPRESENTATION_CONTEXT('2D SPACE',''
  ) );
#1520 = ORIENTED_EDGE('',*,*,#1521,.T.);
#1521 = EDGE_CURVE('',#1494,#1522,#1524,.T.);
#1522 = VERTEX_POINT('',#1523);
#1523 = CARTESIAN_POINT('',(-44.99999999999,-9.000717533733,-42.2));
#1524 = SURFACE_CURVE('',#1525,(#1529,#1536),.PCURVE_S1.);
#1525 = LINE('',#1526,#1527);
#1526 = CARTESIAN_POINT('',(-44.99999999999,-1.435067465674E-03,-42.2));
#1527 = VECTOR('',#1528,1.);
#1528 = DIRECTION('',(5.922318522295E-15,1.,0.));
#1529 = PCURVE('',#1306,#1530);
#1530 = DEFINITIONAL_REPRESENTATION('',(#1531),#1535);
#1531 = LINE('',#1532,#1533);
#1532 = CARTESIAN_POINT('',(44.999999999994,-1.435067465674E-03));
#1533 = VECTOR('',#1534,1.);
#1534 = DIRECTION('',(-5.922318522295E-15,1.));
#1535 = ( GEOMETRIC_REPRESENTATION_CONTEXT(2) 
PARAMETRIC_REPRESENTATION_CONTEXT() REPRESENTATION_CONTEXT('2D SPACE',''
  ) );
#1536 = PCURVE('',#1069,#1537);
#1537 = DEFINITIONAL_REPRESENTATION('',(#1538),#1542);
#1538 = LINE('',#1539,#1540);
#1539 = CARTESIAN_POINT('',(1.,0.));
#1540 = VECTOR('',#1541,1.);
#1541 = DIRECTION('',(0.,1.));
#1542 = ( GEOMETRIC_REPRESENTATION_CONTEXT(2) 
PARAMETRIC_REPRESENTATION_CONTEXT() REPRESENTATION_CONTEXT('2D SPACE',''
  ) );
#1543 = ORIENTED_EDGE('',*,*,#1544,.T.);
#1544 = EDGE_CURVE('',#1522,#1545,#1547,.T.);
#1545 = VERTEX_POINT('',#1546);
#1546 = CARTESIAN_POINT('',(-50.99999999999,-9.000717533733,-42.2));
#1547 = SURFACE_CURVE('',#1548,(#1552,#1559),.PCURVE_S1.);
#1548 = LINE('',#1549,#1550);
#1549 = CARTESIAN_POINT('',(-50.99999999999,-9.000717533733,-42.2));
#1550 = VECTOR('',#1551,1.);
#1551 = DIRECTION('',(-1.,5.922318522295E-15,-0.));
#1552 = PCURVE('',#1306,#1553);
#1553 = DEFINITIONAL_REPRESENTATION('',(#1554),#1558);
#1554 = LINE('',#1555,#1556);
#1555 = CARTESIAN_POINT('',(50.999999999994,-9.000717533733));
#1556 = VECTOR('',#1557,1.);
#1557 = DIRECTION('',(1.,5.922318522295E-15));
#1558 = ( GEOMETRIC_REPRESENTATION_CONTEXT(2) 
PARAMETRIC_REPRESENTATION_CONTEXT() REPRESENTATION_CONTEXT('2D SPACE',''
  ) );
#1559 = PCURVE('',#1041,#1560);
#1560 = DEFINITIONAL_REPRESENTATION('',(#1561),#1565);
#1561 = LINE('',#1562,#1563);
#1562 = CARTESIAN_POINT('',(1.,0.));
#1563 = VECTOR('',#1564,1.);
#1564 = DIRECTION('',(0.,1.));
#1565 = ( GEOMETRIC_REPRESENTATION_CONTEXT(2) 
PARAMETRIC_REPRESENTATION_CONTEXT() REPRESENTATION_CONTEXT('2D SPACE',''
  ) );
#1566 = ORIENTED_EDGE('',*,*,#1567,.F.);
#1567 = EDGE_CURVE('',#1322,#1545,#1568,.T.);
#1568 = SURFACE_CURVE('',#1569,(#1573,#1580),.PCURVE_S1.);
#1569 = LINE('',#1570,#1571);
#1570 = CARTESIAN_POINT('',(-50.99999999999,-7.175337328191E-04,-42.2));
#1571 = VECTOR('',#1572,1.);
#1572 = DIRECTION('',(-0.,-1.,-0.));
#1573 = PCURVE('',#1306,#1574);
#1574 = DEFINITIONAL_REPRESENTATION('',(#1575),#1579);
#1575 = LINE('',#1576,#1577);
#1576 = CARTESIAN_POINT('',(50.999999999994,-7.175337328191E-04));
#1577 = VECTOR('',#1578,1.);
#1578 = DIRECTION('',(0.,-1.));
#1579 = ( GEOMETRIC_REPRESENTATION_CONTEXT(2) 
PARAMETRIC_REPRESENTATION_CONTEXT() REPRESENTATION_CONTEXT('2D SPACE',''
  ) );
#1580 = PCURVE('',#1013,#1581);
#1581 = DEFINITIONAL_REPRESENTATION('',(#1582),#1586);
#1582 = LINE('',#1583,#1584);
#1583 = CARTESIAN_POINT('',(1.,0.));
#1584 = VECTOR('',#1585,1.);
#1585 = DIRECTION('',(0.,-1.));
#1586 = ( GEOMETRIC_REPRESENTATION_CONTEXT(2) 
PARAMETRIC_REPRESENTATION_CONTEXT() REPRESENTATION_CONTEXT('2D SPACE',''
  ) );
#1587 = ADVANCED_FACE('',(#1588),#1280,.F.);
#1588 = FACE_BOUND('',#1589,.T.);
#1589 = EDGE_LOOP('',(#1590,#1591,#1592,#1615,#1638,#1666));
#1590 = ORIENTED_EDGE('',*,*,#1345,.F.);
#1591 = ORIENTED_EDGE('',*,*,#1264,.T.);
#1592 = ORIENTED_EDGE('',*,*,#1593,.F.);
#1593 = EDGE_CURVE('',#1594,#1237,#1596,.T.);
#1594 = VERTEX_POINT('',#1595);
#1595 = CARTESIAN_POINT('',(-39.99999999999,20.999986459708,-42.));
#1596 = SURFACE_CURVE('',#1597,(#1601,#1608),.PCURVE_S1.);
#1597 = LINE('',#1598,#1599);
#1598 = CARTESIAN_POINT('',(-4.553646188356E-15,20.999986459708,-42.));
#1599 = VECTOR('',#1600,1.);
#1600 = DIRECTION('',(-1.,-2.168404344971E-16,0.));
#1601 = PCURVE('',#1280,#1602);
#1602 = DEFINITIONAL_REPRESENTATION('',(#1603),#1607);
#1603 = LINE('',#1604,#1605);
#1604 = CARTESIAN_POINT('',(0.,0.));
#1605 = VECTOR('',#1606,1.);
#1606 = DIRECTION('',(-1.89431649319E-31,-1.));
#1607 = ( GEOMETRIC_REPRESENTATION_CONTEXT(2) 
PARAMETRIC_REPRESENTATION_CONTEXT() REPRESENTATION_CONTEXT('2D SPACE',''
  ) );
#1608 = PCURVE('',#1252,#1609);
#1609 = DEFINITIONAL_REPRESENTATION('',(#1610),#1614);
#1610 = LINE('',#1611,#1612);
#1611 = CARTESIAN_POINT('',(-4.553646188356E-15,20.999986459708));
#1612 = VECTOR('',#1613,1.);
#1613 = DIRECTION('',(-1.,-2.168404344971E-16));
#1614 = ( GEOMETRIC_REPRESENTATION_CONTEXT(2) 
PARAMETRIC_REPRESENTATION_CONTEXT() REPRESENTATION_CONTEXT('2D SPACE',''
  ) );
#1615 = ORIENTED_EDGE('',*,*,#1616,.T.);
#1616 = EDGE_CURVE('',#1594,#1617,#1619,.T.);
#1617 = VERTEX_POINT('',#1618);
#1618 = CARTESIAN_POINT('',(-39.99999999999,20.999986459708,0.));
#1619 = SURFACE_CURVE('',#1620,(#1624,#1631),.PCURVE_S1.);
#1620 = LINE('',#1621,#1622);
#1621 = CARTESIAN_POINT('',(-39.99999999999,20.999986459708,-42.));
#1622 = VECTOR('',#1623,1.);
#1623 = DIRECTION('',(-0.,8.73599288612E-16,1.));
#1624 = PCURVE('',#1280,#1625);
#1625 = DEFINITIONAL_REPRESENTATION('',(#1626),#1630);
#1626 = LINE('',#1627,#1628);
#1627 = CARTESIAN_POINT('',(-6.207296284884E-30,-39.99999999999));
#1628 = VECTOR('',#1629,1.);
#1629 = DIRECTION('',(1.,0.));
#1630 = ( GEOMETRIC_REPRESENTATION_CONTEXT(2) 
PARAMETRIC_REPRESENTATION_CONTEXT() REPRESENTATION_CONTEXT('2D SPACE',''
  ) );
#1631 = PCURVE('',#840,#1632);
#1632 = DEFINITIONAL_REPRESENTATION('',(#1633),#1637);
#1633 = LINE('',#1634,#1635);
#1634 = CARTESIAN_POINT('',(0.,20.999986459708));
#1635 = VECTOR('',#1636,1.);
#1636 = DIRECTION('',(1.,8.73599288612E-16));
#1637 = ( GEOMETRIC_REPRESENTATION_CONTEXT(2) 
PARAMETRIC_REPRESENTATION_CONTEXT() REPRESENTATION_CONTEXT('2D SPACE',''
  ) );
#1638 = ORIENTED_EDGE('',*,*,#1639,.T.);
#1639 = EDGE_CURVE('',#1617,#1640,#1642,.T.);
#1640 = VERTEX_POINT('',#1641);
#1641 = CARTESIAN_POINT('',(-63.19999999999,20.999986459833,
    1.188741982594E-05));
#1642 = SURFACE_CURVE('',#1643,(#1647,#1654),.PCURVE_S1.);
#1643 = LINE('',#1644,#1645);
#1644 = CARTESIAN_POINT('',(-4.553646188356E-15,20.999986459708,0.));
#1645 = VECTOR('',#1646,1.);
#1646 = DIRECTION('',(-1.,-2.168404344971E-16,0.));
#1647 = PCURVE('',#1280,#1648);
#1648 = DEFINITIONAL_REPRESENTATION('',(#1649),#1653);
#1649 = LINE('',#1650,#1651);
#1650 = CARTESIAN_POINT('',(42.,-2.524094938483E-31));
#1651 = VECTOR('',#1652,1.);
#1652 = DIRECTION('',(-1.89431649319E-31,-1.));
#1653 = ( GEOMETRIC_REPRESENTATION_CONTEXT(2) 
PARAMETRIC_REPRESENTATION_CONTEXT() REPRESENTATION_CONTEXT('2D SPACE',''
  ) );
#1654 = PCURVE('',#1655,#1660);
#1655 = PLANE('',#1656);
#1656 = AXIS2_PLACEMENT_3D('',#1657,#1658,#1659);
#1657 = CARTESIAN_POINT('',(0.,0.,0.));
#1658 = DIRECTION('',(-0.,0.,1.));
#1659 = DIRECTION('',(1.,0.,0.));
#1660 = DEFINITIONAL_REPRESENTATION('',(#1661),#1665);
#1661 = LINE('',#1662,#1663);
#1662 = CARTESIAN_POINT('',(-4.553646188356E-15,20.999986459708));
#1663 = VECTOR('',#1664,1.);
#1664 = DIRECTION('',(-1.,-2.168404344971E-16));
#1665 = ( GEOMETRIC_REPRESENTATION_CONTEXT(2) 
PARAMETRIC_REPRESENTATION_CONTEXT() REPRESENTATION_CONTEXT('2D SPACE',''
  ) );
#1666 = ORIENTED_EDGE('',*,*,#1667,.F.);
#1667 = EDGE_CURVE('',#1346,#1640,#1668,.T.);
#1668 = SURFACE_CURVE('',#1669,(#1673,#1680),.PCURVE_S1.);
#1669 = LINE('',#1670,#1671);
#1670 = CARTESIAN_POINT('',(-63.19999999999,20.999986459708,-42.));
#1671 = VECTOR('',#1672,1.);
#1672 = DIRECTION('',(0.,8.73599288612E-16,1.));
#1673 = PCURVE('',#1280,#1674);
#1674 = DEFINITIONAL_REPRESENTATION('',(#1675),#1679);
#1675 = LINE('',#1676,#1677);
#1676 = CARTESIAN_POINT('',(-1.241459256977E-29,-63.19999999999));
#1677 = VECTOR('',#1678,1.);
#1678 = DIRECTION('',(1.,0.));
#1679 = ( GEOMETRIC_REPRESENTATION_CONTEXT(2) 
PARAMETRIC_REPRESENTATION_CONTEXT() REPRESENTATION_CONTEXT('2D SPACE',''
  ) );
#1680 = PCURVE('',#555,#1681);
#1681 = DEFINITIONAL_REPRESENTATION('',(#1682),#1686);
#1682 = LINE('',#1683,#1684);
#1683 = CARTESIAN_POINT('',(-42.,20.999986459708));
#1684 = VECTOR('',#1685,1.);
#1685 = DIRECTION('',(1.,8.73599288612E-16));
#1686 = ( GEOMETRIC_REPRESENTATION_CONTEXT(2) 
PARAMETRIC_REPRESENTATION_CONTEXT() REPRESENTATION_CONTEXT('2D SPACE',''
  ) );
#1687 = ADVANCED_FACE('',(#1688,#1717,#1746),#555,.F.);
#1688 = FACE_BOUND('',#1689,.T.);
#1689 = EDGE_LOOP('',(#1690,#1716));
#1690 = ORIENTED_EDGE('',*,*,#1691,.F.);
#1691 = EDGE_CURVE('',#626,#659,#1692,.T.);
#1692 = SURFACE_CURVE('',#1693,(#1698,#1709),.PCURVE_S1.);
#1693 = CIRCLE('',#1694,1.6);
#1694 = AXIS2_PLACEMENT_3D('',#1695,#1696,#1697);
#1695 = CARTESIAN_POINT('',(-63.19999999999,15.499282466267,
    -36.49971568656));
#1696 = DIRECTION('',(1.,0.,0.));
#1697 = DIRECTION('',(0.,0.,-1.));
#1698 = PCURVE('',#555,#1699);
#1699 = DEFINITIONAL_REPRESENTATION('',(#1700),#1708);
#1700 = ( BOUNDED_CURVE() B_SPLINE_CURVE(2,(#1701,#1702,#1703,#1704,
#1705,#1706,#1707),.UNSPECIFIED.,.T.,.F.) B_SPLINE_CURVE_WITH_KNOTS((1,2
    ,2,2,2,1),(-2.094395102393,0.,2.094395102393,4.188790204786,
6.28318530718,8.377580409573),.UNSPECIFIED.) CURVE() 
GEOMETRIC_REPRESENTATION_ITEM() RATIONAL_B_SPLINE_CURVE((1.,0.5,1.,0.5,
1.,0.5,1.)) REPRESENTATION_ITEM('') );
#1701 = CARTESIAN_POINT('',(-38.09971568656,15.499282466267));
#1702 = CARTESIAN_POINT('',(-38.09971568656,18.270563758378));
#1703 = CARTESIAN_POINT('',(-35.69971568656,16.884923112322));
#1704 = CARTESIAN_POINT('',(-33.29971568656,15.499282466267));
#1705 = CARTESIAN_POINT('',(-35.69971568656,14.113641820212));
#1706 = CARTESIAN_POINT('',(-38.09971568656,12.728001174157));
#1707 = CARTESIAN_POINT('',(-38.09971568656,15.499282466267));
#1708 = ( GEOMETRIC_REPRESENTATION_CONTEXT(2) 
PARAMETRIC_REPRESENTATION_CONTEXT() REPRESENTATION_CONTEXT('2D SPACE',''
  ) );
#1709 = PCURVE('',#646,#1710);
#1710 = DEFINITIONAL_REPRESENTATION('',(#1711),#1715);
#1711 = LINE('',#1712,#1713);
#1712 = CARTESIAN_POINT('',(0.,3.));
#1713 = VECTOR('',#1714,1.);
#1714 = DIRECTION('',(1.,0.));
#1715 = ( GEOMETRIC_REPRESENTATION_CONTEXT(2) 
PARAMETRIC_REPRESENTATION_CONTEXT() REPRESENTATION_CONTEXT('2D SPACE',''
  ) );
#1716 = ORIENTED_EDGE('',*,*,#658,.F.);
#1717 = FACE_BOUND('',#1718,.T.);
#1718 = EDGE_LOOP('',(#1719,#1745));
#1719 = ORIENTED_EDGE('',*,*,#1720,.F.);
#1720 = EDGE_CURVE('',#506,#539,#1721,.T.);
#1721 = SURFACE_CURVE('',#1722,(#1727,#1738),.PCURVE_S1.);
#1722 = CIRCLE('',#1723,1.6);
#1723 = AXIS2_PLACEMENT_3D('',#1724,#1725,#1726);
#1724 = CARTESIAN_POINT('',(-63.19999999999,15.500121845356,
    -5.499715697928));
#1725 = DIRECTION('',(1.,0.,0.));
#1726 = DIRECTION('',(0.,0.,-1.));
#1727 = PCURVE('',#555,#1728);
#1728 = DEFINITIONAL_REPRESENTATION('',(#1729),#1737);
#1729 = ( BOUNDED_CURVE() B_SPLINE_CURVE(2,(#1730,#1731,#1732,#1733,
#1734,#1735,#1736),.UNSPECIFIED.,.T.,.F.) B_SPLINE_CURVE_WITH_KNOTS((1,2
    ,2,2,2,1),(-2.094395102393,0.,2.094395102393,4.188790204786,
6.28318530718,8.377580409573),.UNSPECIFIED.) CURVE() 
GEOMETRIC_REPRESENTATION_ITEM() RATIONAL_B_SPLINE_CURVE((1.,0.5,1.,0.5,
1.,0.5,1.)) REPRESENTATION_ITEM('') );
#1730 = CARTESIAN_POINT('',(-7.099715697927,15.500121845356));
#1731 = CARTESIAN_POINT('',(-7.099715697927,18.271403137466));
#1732 = CARTESIAN_POINT('',(-4.699715697928,16.885762491411));
#1733 = CARTESIAN_POINT('',(-2.299715697928,15.500121845356));
#1734 = CARTESIAN_POINT('',(-4.699715697928,14.114481199301));
#1735 = CARTESIAN_POINT('',(-7.099715697927,12.728840553246));
#1736 = CARTESIAN_POINT('',(-7.099715697927,15.500121845356));
#1737 = ( GEOMETRIC_REPRESENTATION_CONTEXT(2) 
PARAMETRIC_REPRESENTATION_CONTEXT() REPRESENTATION_CONTEXT('2D SPACE',''
  ) );
#1738 = PCURVE('',#526,#1739);
#1739 = DEFINITIONAL_REPRESENTATION('',(#1740),#1744);
#1740 = LINE('',#1741,#1742);
#1741 = CARTESIAN_POINT('',(0.,3.));
#1742 = VECTOR('',#1743,1.);
#1743 = DIRECTION('',(1.,0.));
#1744 = ( GEOMETRIC_REPRESENTATION_CONTEXT(2) 
PARAMETRIC_REPRESENTATION_CONTEXT() REPRESENTATION_CONTEXT('2D SPACE',''
  ) );
#1745 = ORIENTED_EDGE('',*,*,#538,.F.);
#1746 = FACE_BOUND('',#1747,.T.);
#1747 = EDGE_LOOP('',(#1748,#1749,#1750,#1778));
#1748 = ORIENTED_EDGE('',*,*,#1368,.F.);
#1749 = ORIENTED_EDGE('',*,*,#1667,.T.);
#1750 = ORIENTED_EDGE('',*,*,#1751,.T.);
#1751 = EDGE_CURVE('',#1640,#1752,#1754,.T.);
#1752 = VERTEX_POINT('',#1753);
#1753 = CARTESIAN_POINT('',(-63.19999999999,12.999776614248,
    1.083098202289E-04));
#1754 = SURFACE_CURVE('',#1755,(#1759,#1766),.PCURVE_S1.);
#1755 = LINE('',#1756,#1757);
#1756 = CARTESIAN_POINT('',(-63.19999999999,12.999776614248,
    1.083098202289E-04));
#1757 = VECTOR('',#1758,1.);
#1758 = DIRECTION('',(-0.,-0.999999999944,1.05665954022E-05));
#1759 = PCURVE('',#555,#1760);
#1760 = DEFINITIONAL_REPRESENTATION('',(#1761),#1765);
#1761 = LINE('',#1762,#1763);
#1762 = CARTESIAN_POINT('',(1.083098202289E-04,12.999776614248));
#1763 = VECTOR('',#1764,1.);
#1764 = DIRECTION('',(1.05665954022E-05,-0.999999999944));
#1765 = ( GEOMETRIC_REPRESENTATION_CONTEXT(2) 
PARAMETRIC_REPRESENTATION_CONTEXT() REPRESENTATION_CONTEXT('2D SPACE',''
  ) );
#1766 = PCURVE('',#1767,#1772);
#1767 = PLANE('',#1768);
#1768 = AXIS2_PLACEMENT_3D('',#1769,#1770,#1771);
#1769 = CARTESIAN_POINT('',(-66.19999999999,12.999776614248,
    1.083098202289E-04));
#1770 = DIRECTION('',(-0.,1.05665954022E-05,0.999999999944));
#1771 = DIRECTION('',(0.,-0.999999999944,1.05665954022E-05));
#1772 = DEFINITIONAL_REPRESENTATION('',(#1773),#1777);
#1773 = LINE('',#1774,#1775);
#1774 = CARTESIAN_POINT('',(0.,3.));
#1775 = VECTOR('',#1776,1.);
#1776 = DIRECTION('',(1.,0.));
#1777 = ( GEOMETRIC_REPRESENTATION_CONTEXT(2) 
PARAMETRIC_REPRESENTATION_CONTEXT() REPRESENTATION_CONTEXT('2D SPACE',''
  ) );
#1778 = ORIENTED_EDGE('',*,*,#1779,.T.);
#1779 = EDGE_CURVE('',#1752,#1369,#1780,.T.);
#1780 = SURFACE_CURVE('',#1781,(#1785,#1792),.PCURVE_S1.);
#1781 = LINE('',#1782,#1783);
#1782 = CARTESIAN_POINT('',(-63.19999999999,12.999208002607,-43.2));
#1783 = VECTOR('',#1784,1.);
#1784 = DIRECTION('',(-0.,-1.316227350584E-05,-0.999999999913));
#1785 = PCURVE('',#555,#1786);
#1786 = DEFINITIONAL_REPRESENTATION('',(#1787),#1791);
#1787 = LINE('',#1788,#1789);
#1788 = CARTESIAN_POINT('',(-43.2,12.999208002607));
#1789 = VECTOR('',#1790,1.);
#1790 = DIRECTION('',(-0.999999999913,-1.316227350584E-05));
#1791 = ( GEOMETRIC_REPRESENTATION_CONTEXT(2) 
PARAMETRIC_REPRESENTATION_CONTEXT() REPRESENTATION_CONTEXT('2D SPACE',''
  ) );
#1792 = PCURVE('',#1407,#1793);
#1793 = DEFINITIONAL_REPRESENTATION('',(#1794),#1798);
#1794 = LINE('',#1795,#1796);
#1795 = CARTESIAN_POINT('',(0.,3.));
#1796 = VECTOR('',#1797,1.);
#1797 = DIRECTION('',(1.,0.));
#1798 = ( GEOMETRIC_REPRESENTATION_CONTEXT(2) 
PARAMETRIC_REPRESENTATION_CONTEXT() REPRESENTATION_CONTEXT('2D SPACE',''
  ) );
#1799 = ADVANCED_FACE('',(#1800),#1407,.T.);
#1800 = FACE_BOUND('',#1801,.T.);
#1801 = EDGE_LOOP('',(#1802,#1825,#1826,#1827));
#1802 = ORIENTED_EDGE('',*,*,#1803,.T.);
#1803 = EDGE_CURVE('',#1804,#1392,#1806,.T.);
#1804 = VERTEX_POINT('',#1805);
#1805 = CARTESIAN_POINT('',(-66.19999999999,12.999776614248,
    1.083098202289E-04));
#1806 = SURFACE_CURVE('',#1807,(#1811,#1818),.PCURVE_S1.);
#1807 = LINE('',#1808,#1809);
#1808 = CARTESIAN_POINT('',(-66.19999999999,12.999208002607,-43.2));
#1809 = VECTOR('',#1810,1.);
#1810 = DIRECTION('',(-0.,-1.316227350584E-05,-0.999999999913));
#1811 = PCURVE('',#1407,#1812);
#1812 = DEFINITIONAL_REPRESENTATION('',(#1813),#1817);
#1813 = LINE('',#1814,#1815);
#1814 = CARTESIAN_POINT('',(0.,0.));
#1815 = VECTOR('',#1816,1.);
#1816 = DIRECTION('',(1.,0.));
#1817 = ( GEOMETRIC_REPRESENTATION_CONTEXT(2) 
PARAMETRIC_REPRESENTATION_CONTEXT() REPRESENTATION_CONTEXT('2D SPACE',''
  ) );
#1818 = PCURVE('',#141,#1819);
#1819 = DEFINITIONAL_REPRESENTATION('',(#1820),#1824);
#1820 = LINE('',#1821,#1822);
#1821 = CARTESIAN_POINT('',(-43.2,12.999208002607));
#1822 = VECTOR('',#1823,1.);
#1823 = DIRECTION('',(-0.999999999913,-1.316227350584E-05));
#1824 = ( GEOMETRIC_REPRESENTATION_CONTEXT(2) 
PARAMETRIC_REPRESENTATION_CONTEXT() REPRESENTATION_CONTEXT('2D SPACE',''
  ) );
#1825 = ORIENTED_EDGE('',*,*,#1391,.T.);
#1826 = ORIENTED_EDGE('',*,*,#1779,.F.);
#1827 = ORIENTED_EDGE('',*,*,#1828,.F.);
#1828 = EDGE_CURVE('',#1804,#1752,#1829,.T.);
#1829 = SURFACE_CURVE('',#1830,(#1834,#1841),.PCURVE_S1.);
#1830 = LINE('',#1831,#1832);
#1831 = CARTESIAN_POINT('',(-66.19999999999,12.999776614248,
    1.083098202289E-04));
#1832 = VECTOR('',#1833,1.);
#1833 = DIRECTION('',(1.,0.,0.));
#1834 = PCURVE('',#1407,#1835);
#1835 = DEFINITIONAL_REPRESENTATION('',(#1836),#1840);
#1836 = LINE('',#1837,#1838);
#1837 = CARTESIAN_POINT('',(-43.20010831356,0.));
#1838 = VECTOR('',#1839,1.);
#1839 = DIRECTION('',(0.,1.));
#1840 = ( GEOMETRIC_REPRESENTATION_CONTEXT(2) 
PARAMETRIC_REPRESENTATION_CONTEXT() REPRESENTATION_CONTEXT('2D SPACE',''
  ) );
#1841 = PCURVE('',#1767,#1842);
#1842 = DEFINITIONAL_REPRESENTATION('',(#1843),#1847);
#1843 = LINE('',#1844,#1845);
#1844 = CARTESIAN_POINT('',(0.,0.));
#1845 = VECTOR('',#1846,1.);
#1846 = DIRECTION('',(0.,1.));
#1847 = ( GEOMETRIC_REPRESENTATION_CONTEXT(2) 
PARAMETRIC_REPRESENTATION_CONTEXT() REPRESENTATION_CONTEXT('2D SPACE',''
  ) );
#1848 = ADVANCED_FACE('',(#1849),#1148,.T.);
#1849 = FACE_BOUND('',#1850,.T.);
#1850 = EDGE_LOOP('',(#1851,#1874,#1875,#1876,#1899));
#1851 = ORIENTED_EDGE('',*,*,#1852,.F.);
#1852 = EDGE_CURVE('',#1214,#1853,#1855,.T.);
#1853 = VERTEX_POINT('',#1854);
#1854 = CARTESIAN_POINT('',(-44.99999999999,23.249986459708,0.));
#1855 = SURFACE_CURVE('',#1856,(#1860,#1867),.PCURVE_S1.);
#1856 = LINE('',#1857,#1858);
#1857 = CARTESIAN_POINT('',(-44.99999999999,23.249986459708,-42.));
#1858 = VECTOR('',#1859,1.);
#1859 = DIRECTION('',(-0.,8.73599288612E-16,1.));
#1860 = PCURVE('',#1148,#1861);
#1861 = DEFINITIONAL_REPRESENTATION('',(#1862),#1866);
#1862 = LINE('',#1863,#1864);
#1863 = CARTESIAN_POINT('',(-3.103648142442E-30,-44.99999999999));
#1864 = VECTOR('',#1865,1.);
#1865 = DIRECTION('',(1.,0.));
#1866 = ( GEOMETRIC_REPRESENTATION_CONTEXT(2) 
PARAMETRIC_REPRESENTATION_CONTEXT() REPRESENTATION_CONTEXT('2D SPACE',''
  ) );
#1867 = PCURVE('',#790,#1868);
#1868 = DEFINITIONAL_REPRESENTATION('',(#1869),#1873);
#1869 = LINE('',#1870,#1871);
#1870 = CARTESIAN_POINT('',(0.,23.249986459708));
#1871 = VECTOR('',#1872,1.);
#1872 = DIRECTION('',(1.,8.73599288612E-16));
#1873 = ( GEOMETRIC_REPRESENTATION_CONTEXT(2) 
PARAMETRIC_REPRESENTATION_CONTEXT() REPRESENTATION_CONTEXT('2D SPACE',''
  ) );
#1874 = ORIENTED_EDGE('',*,*,#1213,.F.);
#1875 = ORIENTED_EDGE('',*,*,#1132,.F.);
#1876 = ORIENTED_EDGE('',*,*,#1877,.T.);
#1877 = EDGE_CURVE('',#1110,#1878,#1880,.T.);
#1878 = VERTEX_POINT('',#1879);
#1879 = CARTESIAN_POINT('',(-66.19999999999,23.249986459708,0.));
#1880 = SURFACE_CURVE('',#1881,(#1885,#1892),.PCURVE_S1.);
#1881 = LINE('',#1882,#1883);
#1882 = CARTESIAN_POINT('',(-66.19999999999,23.249986459708,-42.));
#1883 = VECTOR('',#1884,1.);
#1884 = DIRECTION('',(0.,8.73599288612E-16,1.));
#1885 = PCURVE('',#1148,#1886);
#1886 = DEFINITIONAL_REPRESENTATION('',(#1887),#1891);
#1887 = LINE('',#1888,#1889);
#1888 = CARTESIAN_POINT('',(-6.207296284884E-30,-66.19999999999));
#1889 = VECTOR('',#1890,1.);
#1890 = DIRECTION('',(1.,0.));
#1891 = ( GEOMETRIC_REPRESENTATION_CONTEXT(2) 
PARAMETRIC_REPRESENTATION_CONTEXT() REPRESENTATION_CONTEXT('2D SPACE',''
  ) );
#1892 = PCURVE('',#141,#1893);
#1893 = DEFINITIONAL_REPRESENTATION('',(#1894),#1898);
#1894 = LINE('',#1895,#1896);
#1895 = CARTESIAN_POINT('',(-42.,23.249986459708));
#1896 = VECTOR('',#1897,1.);
#1897 = DIRECTION('',(1.,8.73599288612E-16));
#1898 = ( GEOMETRIC_REPRESENTATION_CONTEXT(2) 
PARAMETRIC_REPRESENTATION_CONTEXT() REPRESENTATION_CONTEXT('2D SPACE',''
  ) );
#1899 = ORIENTED_EDGE('',*,*,#1900,.F.);
#1900 = EDGE_CURVE('',#1853,#1878,#1901,.T.);
#1901 = SURFACE_CURVE('',#1902,(#1906,#1913),.PCURVE_S1.);
#1902 = LINE('',#1903,#1904);
#1903 = CARTESIAN_POINT('',(-2.520768582987E-15,23.249986459708,0.));
#1904 = VECTOR('',#1905,1.);
#1905 = DIRECTION('',(-1.,-1.084202172486E-16,0.));
#1906 = PCURVE('',#1148,#1907);
#1907 = DEFINITIONAL_REPRESENTATION('',(#1908),#1912);
#1908 = LINE('',#1909,#1910);
#1909 = CARTESIAN_POINT('',(42.,2.682257056864E-31));
#1910 = VECTOR('',#1911,1.);
#1911 = DIRECTION('',(-9.471582465949E-32,-1.));
#1912 = ( GEOMETRIC_REPRESENTATION_CONTEXT(2) 
PARAMETRIC_REPRESENTATION_CONTEXT() REPRESENTATION_CONTEXT('2D SPACE',''
  ) );
#1913 = PCURVE('',#1655,#1914);
#1914 = DEFINITIONAL_REPRESENTATION('',(#1915),#1919);
#1915 = LINE('',#1916,#1917);
#1916 = CARTESIAN_POINT('',(-2.520768582987E-15,23.249986459708));
#1917 = VECTOR('',#1918,1.);
#1918 = DIRECTION('',(-1.,-1.084202172486E-16));
#1919 = ( GEOMETRIC_REPRESENTATION_CONTEXT(2) 
PARAMETRIC_REPRESENTATION_CONTEXT() REPRESENTATION_CONTEXT('2D SPACE',''
  ) );
#1920 = ADVANCED_FACE('',(#1921),#1655,.T.);
#1921 = FACE_BOUND('',#1922,.T.);
#1922 = EDGE_LOOP('',(#1923,#1924,#1947,#1971,#1972,#1995,#2023));
#1923 = ORIENTED_EDGE('',*,*,#1900,.T.);
#1924 = ORIENTED_EDGE('',*,*,#1925,.T.);
#1925 = EDGE_CURVE('',#1878,#1926,#1928,.T.);
#1926 = VERTEX_POINT('',#1927);
#1927 = CARTESIAN_POINT('',(-66.19999999999,20.999986459896,
    1.783112973891E-05));
#1928 = SURFACE_CURVE('',#1929,(#1933,#1940),.PCURVE_S1.);
#1929 = LINE('',#1930,#1931);
#1930 = CARTESIAN_POINT('',(-66.19999999999,0.,0.));
#1931 = VECTOR('',#1932,1.);
#1932 = DIRECTION('',(0.,-1.,0.));
#1933 = PCURVE('',#1655,#1934);
#1934 = DEFINITIONAL_REPRESENTATION('',(#1935),#1939);
#1935 = LINE('',#1936,#1937);
#1936 = CARTESIAN_POINT('',(-66.19999999999,0.));
#1937 = VECTOR('',#1938,1.);
#1938 = DIRECTION('',(0.,-1.));
#1939 = ( GEOMETRIC_REPRESENTATION_CONTEXT(2) 
PARAMETRIC_REPRESENTATION_CONTEXT() REPRESENTATION_CONTEXT('2D SPACE',''
  ) );
#1940 = PCURVE('',#141,#1941);
#1941 = DEFINITIONAL_REPRESENTATION('',(#1942),#1946);
#1942 = LINE('',#1943,#1944);
#1943 = CARTESIAN_POINT('',(0.,0.));
#1944 = VECTOR('',#1945,1.);
#1945 = DIRECTION('',(0.,-1.));
#1946 = ( GEOMETRIC_REPRESENTATION_CONTEXT(2) 
PARAMETRIC_REPRESENTATION_CONTEXT() REPRESENTATION_CONTEXT('2D SPACE',''
  ) );
#1947 = ORIENTED_EDGE('',*,*,#1948,.F.);
#1948 = EDGE_CURVE('',#1640,#1926,#1949,.T.);
#1949 = SURFACE_CURVE('',#1950,(#1955,#1963),.PCURVE_S1.);
#1950 = B_SPLINE_CURVE_WITH_KNOTS('',3,(#1951,#1952,#1953,#1954),
  .UNSPECIFIED.,.F.,.F.,(4,4),(0.725,0.81875),.PIECEWISE_BEZIER_KNOTS.);
#1951 = CARTESIAN_POINT('',(-63.19999999999,20.999986459833,
    1.188741982594E-05));
#1952 = CARTESIAN_POINT('',(-64.19999999999,20.999986459959,
    2.377483965188E-05));
#1953 = CARTESIAN_POINT('',(-65.19999999999,20.999986459959,
    2.377483965188E-05));
#1954 = CARTESIAN_POINT('',(-66.19999999999,20.999986459896,
    1.783112973891E-05));
#1955 = PCURVE('',#1655,#1956);
#1956 = DEFINITIONAL_REPRESENTATION('',(#1957),#1962);
#1957 = B_SPLINE_CURVE_WITH_KNOTS('',3,(#1958,#1959,#1960,#1961),
  .UNSPECIFIED.,.F.,.F.,(4,4),(0.725,0.81875),.PIECEWISE_BEZIER_KNOTS.);
#1958 = CARTESIAN_POINT('',(-63.19999999999,20.999986459833));
#1959 = CARTESIAN_POINT('',(-64.19999999999,20.999986459959));
#1960 = CARTESIAN_POINT('',(-65.19999999999,20.999986459959));
#1961 = CARTESIAN_POINT('',(-66.19999999999,20.999986459896));
#1962 = ( GEOMETRIC_REPRESENTATION_CONTEXT(2) 
PARAMETRIC_REPRESENTATION_CONTEXT() REPRESENTATION_CONTEXT('2D SPACE',''
  ) );
#1963 = PCURVE('',#1767,#1964);
#1964 = DEFINITIONAL_REPRESENTATION('',(#1965),#1970);
#1965 = B_SPLINE_CURVE_WITH_KNOTS('',3,(#1966,#1967,#1968,#1969),
  .UNSPECIFIED.,.F.,.F.,(4,4),(0.725,0.81875),.PIECEWISE_BEZIER_KNOTS.);
#1966 = CARTESIAN_POINT('',(-8.000209846157,3.));
#1967 = CARTESIAN_POINT('',(-8.000209846157,2.));
#1968 = CARTESIAN_POINT('',(-8.000209846157,1.));
#1969 = CARTESIAN_POINT('',(-8.000209846157,0.));
#1970 = ( GEOMETRIC_REPRESENTATION_CONTEXT(2) 
PARAMETRIC_REPRESENTATION_CONTEXT() REPRESENTATION_CONTEXT('2D SPACE',''
  ) );
#1971 = ORIENTED_EDGE('',*,*,#1639,.F.);
#1972 = ORIENTED_EDGE('',*,*,#1973,.F.);
#1973 = EDGE_CURVE('',#1974,#1617,#1976,.T.);
#1974 = VERTEX_POINT('',#1975);
#1975 = CARTESIAN_POINT('',(-39.99999999999,31.999417855582,0.));
#1976 = SURFACE_CURVE('',#1977,(#1981,#1988),.PCURVE_S1.);
#1977 = LINE('',#1978,#1979);
#1978 = CARTESIAN_POINT('',(-39.99999999999,0.,0.));
#1979 = VECTOR('',#1980,1.);
#1980 = DIRECTION('',(0.,-1.,0.));
#1981 = PCURVE('',#1655,#1982);
#1982 = DEFINITIONAL_REPRESENTATION('',(#1983),#1987);
#1983 = LINE('',#1984,#1985);
#1984 = CARTESIAN_POINT('',(-39.99999999999,0.));
#1985 = VECTOR('',#1986,1.);
#1986 = DIRECTION('',(0.,-1.));
#1987 = ( GEOMETRIC_REPRESENTATION_CONTEXT(2) 
PARAMETRIC_REPRESENTATION_CONTEXT() REPRESENTATION_CONTEXT('2D SPACE',''
  ) );
#1988 = PCURVE('',#840,#1989);
#1989 = DEFINITIONAL_REPRESENTATION('',(#1990),#1994);
#1990 = LINE('',#1991,#1992);
#1991 = CARTESIAN_POINT('',(42.,3.66911701217E-14));
#1992 = VECTOR('',#1993,1.);
#1993 = DIRECTION('',(0.,-1.));
#1994 = ( GEOMETRIC_REPRESENTATION_CONTEXT(2) 
PARAMETRIC_REPRESENTATION_CONTEXT() REPRESENTATION_CONTEXT('2D SPACE',''
  ) );
#1995 = ORIENTED_EDGE('',*,*,#1996,.T.);
#1996 = EDGE_CURVE('',#1974,#1997,#1999,.T.);
#1997 = VERTEX_POINT('',#1998);
#1998 = CARTESIAN_POINT('',(-44.99999999999,31.999417855582,0.));
#1999 = SURFACE_CURVE('',#2000,(#2004,#2011),.PCURVE_S1.);
#2000 = LINE('',#2001,#2002);
#2001 = CARTESIAN_POINT('',(0.,31.999417855582,0.));
#2002 = VECTOR('',#2003,1.);
#2003 = DIRECTION('',(-1.,0.,0.));
#2004 = PCURVE('',#1655,#2005);
#2005 = DEFINITIONAL_REPRESENTATION('',(#2006),#2010);
#2006 = LINE('',#2007,#2008);
#2007 = CARTESIAN_POINT('',(0.,31.999417855582));
#2008 = VECTOR('',#2009,1.);
#2009 = DIRECTION('',(-1.,0.));
#2010 = ( GEOMETRIC_REPRESENTATION_CONTEXT(2) 
PARAMETRIC_REPRESENTATION_CONTEXT() REPRESENTATION_CONTEXT('2D SPACE',''
  ) );
#2011 = PCURVE('',#2012,#2017);
#2012 = PLANE('',#2013);
#2013 = AXIS2_PLACEMENT_3D('',#2014,#2015,#2016);
#2014 = CARTESIAN_POINT('',(0.,31.999417855582,-42.));
#2015 = DIRECTION('',(0.,1.,-8.73599288612E-16));
#2016 = DIRECTION('',(0.,8.73599288612E-16,1.));
#2017 = DEFINITIONAL_REPRESENTATION('',(#2018),#2022);
#2018 = LINE('',#2019,#2020);
#2019 = CARTESIAN_POINT('',(42.,0.));
#2020 = VECTOR('',#2021,1.);
#2021 = DIRECTION('',(0.,-1.));
#2022 = ( GEOMETRIC_REPRESENTATION_CONTEXT(2) 
PARAMETRIC_REPRESENTATION_CONTEXT() REPRESENTATION_CONTEXT('2D SPACE',''
  ) );
#2023 = ORIENTED_EDGE('',*,*,#2024,.T.);
#2024 = EDGE_CURVE('',#1997,#1853,#2025,.T.);
#2025 = SURFACE_CURVE('',#2026,(#2030,#2037),.PCURVE_S1.);
#2026 = LINE('',#2027,#2028);
#2027 = CARTESIAN_POINT('',(-44.99999999999,0.,0.));
#2028 = VECTOR('',#2029,1.);
#2029 = DIRECTION('',(0.,-1.,0.));
#2030 = PCURVE('',#1655,#2031);
#2031 = DEFINITIONAL_REPRESENTATION('',(#2032),#2036);
#2032 = LINE('',#2033,#2034);
#2033 = CARTESIAN_POINT('',(-44.99999999999,0.));
#2034 = VECTOR('',#2035,1.);
#2035 = DIRECTION('',(0.,-1.));
#2036 = ( GEOMETRIC_REPRESENTATION_CONTEXT(2) 
PARAMETRIC_REPRESENTATION_CONTEXT() REPRESENTATION_CONTEXT('2D SPACE',''
  ) );
#2037 = PCURVE('',#790,#2038);
#2038 = DEFINITIONAL_REPRESENTATION('',(#2039),#2043);
#2039 = LINE('',#2040,#2041);
#2040 = CARTESIAN_POINT('',(42.,3.66911701217E-14));
#2041 = VECTOR('',#2042,1.);
#2042 = DIRECTION('',(0.,-1.));
#2043 = ( GEOMETRIC_REPRESENTATION_CONTEXT(2) 
PARAMETRIC_REPRESENTATION_CONTEXT() REPRESENTATION_CONTEXT('2D SPACE',''
  ) );
#2044 = ADVANCED_FACE('',(#2045),#1252,.F.);
#2045 = FACE_BOUND('',#2046,.T.);
#2046 = EDGE_LOOP('',(#2047,#2048,#2071,#2094,#2115));
#2047 = ORIENTED_EDGE('',*,*,#1236,.F.);
#2048 = ORIENTED_EDGE('',*,*,#2049,.F.);
#2049 = EDGE_CURVE('',#2050,#1214,#2052,.T.);
#2050 = VERTEX_POINT('',#2051);
#2051 = CARTESIAN_POINT('',(-44.99999999999,31.999417855582,-42.));
#2052 = SURFACE_CURVE('',#2053,(#2057,#2064),.PCURVE_S1.);
#2053 = LINE('',#2054,#2055);
#2054 = CARTESIAN_POINT('',(-44.99999999999,-3.66911701217E-14,-42.));
#2055 = VECTOR('',#2056,1.);
#2056 = DIRECTION('',(0.,-1.,0.));
#2057 = PCURVE('',#1252,#2058);
#2058 = DEFINITIONAL_REPRESENTATION('',(#2059),#2063);
#2059 = LINE('',#2060,#2061);
#2060 = CARTESIAN_POINT('',(-44.99999999999,0.));
#2061 = VECTOR('',#2062,1.);
#2062 = DIRECTION('',(0.,-1.));
#2063 = ( GEOMETRIC_REPRESENTATION_CONTEXT(2) 
PARAMETRIC_REPRESENTATION_CONTEXT() REPRESENTATION_CONTEXT('2D SPACE',''
  ) );
#2064 = PCURVE('',#790,#2065);
#2065 = DEFINITIONAL_REPRESENTATION('',(#2066),#2070);
#2066 = LINE('',#2067,#2068);
#2067 = CARTESIAN_POINT('',(0.,0.));
#2068 = VECTOR('',#2069,1.);
#2069 = DIRECTION('',(0.,-1.));
#2070 = ( GEOMETRIC_REPRESENTATION_CONTEXT(2) 
PARAMETRIC_REPRESENTATION_CONTEXT() REPRESENTATION_CONTEXT('2D SPACE',''
  ) );
#2071 = ORIENTED_EDGE('',*,*,#2072,.F.);
#2072 = EDGE_CURVE('',#2073,#2050,#2075,.T.);
#2073 = VERTEX_POINT('',#2074);
#2074 = CARTESIAN_POINT('',(-39.99999999999,31.999417855582,-42.));
#2075 = SURFACE_CURVE('',#2076,(#2080,#2087),.PCURVE_S1.);
#2076 = LINE('',#2077,#2078);
#2077 = CARTESIAN_POINT('',(0.,31.999417855582,-42.));
#2078 = VECTOR('',#2079,1.);
#2079 = DIRECTION('',(-1.,0.,0.));
#2080 = PCURVE('',#1252,#2081);
#2081 = DEFINITIONAL_REPRESENTATION('',(#2082),#2086);
#2082 = LINE('',#2083,#2084);
#2083 = CARTESIAN_POINT('',(0.,31.999417855582));
#2084 = VECTOR('',#2085,1.);
#2085 = DIRECTION('',(-1.,0.));
#2086 = ( GEOMETRIC_REPRESENTATION_CONTEXT(2) 
PARAMETRIC_REPRESENTATION_CONTEXT() REPRESENTATION_CONTEXT('2D SPACE',''
  ) );
#2087 = PCURVE('',#2012,#2088);
#2088 = DEFINITIONAL_REPRESENTATION('',(#2089),#2093);
#2089 = LINE('',#2090,#2091);
#2090 = CARTESIAN_POINT('',(0.,0.));
#2091 = VECTOR('',#2092,1.);
#2092 = DIRECTION('',(0.,-1.));
#2093 = ( GEOMETRIC_REPRESENTATION_CONTEXT(2) 
PARAMETRIC_REPRESENTATION_CONTEXT() REPRESENTATION_CONTEXT('2D SPACE',''
  ) );
#2094 = ORIENTED_EDGE('',*,*,#2095,.T.);
#2095 = EDGE_CURVE('',#2073,#1594,#2096,.T.);
#2096 = SURFACE_CURVE('',#2097,(#2101,#2108),.PCURVE_S1.);
#2097 = LINE('',#2098,#2099);
#2098 = CARTESIAN_POINT('',(-39.99999999999,-3.66911701217E-14,-42.));
#2099 = VECTOR('',#2100,1.);
#2100 = DIRECTION('',(0.,-1.,0.));
#2101 = PCURVE('',#1252,#2102);
#2102 = DEFINITIONAL_REPRESENTATION('',(#2103),#2107);
#2103 = LINE('',#2104,#2105);
#2104 = CARTESIAN_POINT('',(-39.99999999999,0.));
#2105 = VECTOR('',#2106,1.);
#2106 = DIRECTION('',(0.,-1.));
#2107 = ( GEOMETRIC_REPRESENTATION_CONTEXT(2) 
PARAMETRIC_REPRESENTATION_CONTEXT() REPRESENTATION_CONTEXT('2D SPACE',''
  ) );
#2108 = PCURVE('',#840,#2109);
#2109 = DEFINITIONAL_REPRESENTATION('',(#2110),#2114);
#2110 = LINE('',#2111,#2112);
#2111 = CARTESIAN_POINT('',(0.,0.));
#2112 = VECTOR('',#2113,1.);
#2113 = DIRECTION('',(0.,-1.));
#2114 = ( GEOMETRIC_REPRESENTATION_CONTEXT(2) 
PARAMETRIC_REPRESENTATION_CONTEXT() REPRESENTATION_CONTEXT('2D SPACE',''
  ) );
#2115 = ORIENTED_EDGE('',*,*,#1593,.T.);
#2116 = ADVANCED_FACE('',(#2117,#2142,#2167),#790,.T.);
#2117 = FACE_BOUND('',#2118,.T.);
#2118 = EDGE_LOOP('',(#2119,#2141));
#2119 = ORIENTED_EDGE('',*,*,#2120,.F.);
#2120 = EDGE_CURVE('',#741,#774,#2121,.T.);
#2121 = SURFACE_CURVE('',#2122,(#2127,#2134),.PCURVE_S1.);
#2122 = CIRCLE('',#2123,2.1);
#2123 = AXIS2_PLACEMENT_3D('',#2124,#2125,#2126);
#2124 = CARTESIAN_POINT('',(-44.99999999999,26.499702157645,
    -5.499864614342));
#2125 = DIRECTION('',(-1.,0.,0.));
#2126 = DIRECTION('',(0.,0.,1.));
#2127 = PCURVE('',#790,#2128);
#2128 = DEFINITIONAL_REPRESENTATION('',(#2129),#2133);
#2129 = CIRCLE('',#2130,2.1);
#2130 = AXIS2_PLACEMENT_2D('',#2131,#2132);
#2131 = CARTESIAN_POINT('',(36.500135385658,26.499702157645));
#2132 = DIRECTION('',(1.,0.));
#2133 = ( GEOMETRIC_REPRESENTATION_CONTEXT(2) 
PARAMETRIC_REPRESENTATION_CONTEXT() REPRESENTATION_CONTEXT('2D SPACE',''
  ) );
#2134 = PCURVE('',#761,#2135);
#2135 = DEFINITIONAL_REPRESENTATION('',(#2136),#2140);
#2136 = LINE('',#2137,#2138);
#2137 = CARTESIAN_POINT('',(0.,5.));
#2138 = VECTOR('',#2139,1.);
#2139 = DIRECTION('',(1.,0.));
#2140 = ( GEOMETRIC_REPRESENTATION_CONTEXT(2) 
PARAMETRIC_REPRESENTATION_CONTEXT() REPRESENTATION_CONTEXT('2D SPACE',''
  ) );
#2141 = ORIENTED_EDGE('',*,*,#773,.F.);
#2142 = FACE_BOUND('',#2143,.T.);
#2143 = EDGE_LOOP('',(#2144,#2166));
#2144 = ORIENTED_EDGE('',*,*,#2145,.F.);
#2145 = EDGE_CURVE('',#858,#891,#2146,.T.);
#2146 = SURFACE_CURVE('',#2147,(#2152,#2159),.PCURVE_S1.);
#2147 = CIRCLE('',#2148,2.1);
#2148 = AXIS2_PLACEMENT_3D('',#2149,#2150,#2151);
#2149 = CARTESIAN_POINT('',(-44.99999999999,26.499702157645,
    -36.49986461434));
#2150 = DIRECTION('',(-1.,0.,0.));
#2151 = DIRECTION('',(0.,0.,1.));
#2152 = PCURVE('',#790,#2153);
#2153 = DEFINITIONAL_REPRESENTATION('',(#2154),#2158);
#2154 = CIRCLE('',#2155,2.1);
#2155 = AXIS2_PLACEMENT_2D('',#2156,#2157);
#2156 = CARTESIAN_POINT('',(5.500135385658,26.499702157645));
#2157 = DIRECTION('',(1.,0.));
#2158 = ( GEOMETRIC_REPRESENTATION_CONTEXT(2) 
PARAMETRIC_REPRESENTATION_CONTEXT() REPRESENTATION_CONTEXT('2D SPACE',''
  ) );
#2159 = PCURVE('',#878,#2160);
#2160 = DEFINITIONAL_REPRESENTATION('',(#2161),#2165);
#2161 = LINE('',#2162,#2163);
#2162 = CARTESIAN_POINT('',(0.,5.));
#2163 = VECTOR('',#2164,1.);
#2164 = DIRECTION('',(1.,0.));
#2165 = ( GEOMETRIC_REPRESENTATION_CONTEXT(2) 
PARAMETRIC_REPRESENTATION_CONTEXT() REPRESENTATION_CONTEXT('2D SPACE',''
  ) );
#2166 = ORIENTED_EDGE('',*,*,#890,.F.);
#2167 = FACE_BOUND('',#2168,.T.);
#2168 = EDGE_LOOP('',(#2169,#2170,#2191,#2192));
#2169 = ORIENTED_EDGE('',*,*,#2024,.F.);
#2170 = ORIENTED_EDGE('',*,*,#2171,.F.);
#2171 = EDGE_CURVE('',#2050,#1997,#2172,.T.);
#2172 = SURFACE_CURVE('',#2173,(#2177,#2184),.PCURVE_S1.);
#2173 = LINE('',#2174,#2175);
#2174 = CARTESIAN_POINT('',(-44.99999999999,31.999417855582,-42.));
#2175 = VECTOR('',#2176,1.);
#2176 = DIRECTION('',(-0.,8.73599288612E-16,1.));
#2177 = PCURVE('',#790,#2178);
#2178 = DEFINITIONAL_REPRESENTATION('',(#2179),#2183);
#2179 = LINE('',#2180,#2181);
#2180 = CARTESIAN_POINT('',(0.,31.999417855582));
#2181 = VECTOR('',#2182,1.);
#2182 = DIRECTION('',(1.,8.73599288612E-16));
#2183 = ( GEOMETRIC_REPRESENTATION_CONTEXT(2) 
PARAMETRIC_REPRESENTATION_CONTEXT() REPRESENTATION_CONTEXT('2D SPACE',''
  ) );
#2184 = PCURVE('',#2012,#2185);
#2185 = DEFINITIONAL_REPRESENTATION('',(#2186),#2190);
#2186 = LINE('',#2187,#2188);
#2187 = CARTESIAN_POINT('',(0.,-44.99999999999));
#2188 = VECTOR('',#2189,1.);
#2189 = DIRECTION('',(1.,0.));
#2190 = ( GEOMETRIC_REPRESENTATION_CONTEXT(2) 
PARAMETRIC_REPRESENTATION_CONTEXT() REPRESENTATION_CONTEXT('2D SPACE',''
  ) );
#2191 = ORIENTED_EDGE('',*,*,#2049,.T.);
#2192 = ORIENTED_EDGE('',*,*,#1852,.T.);
#2193 = ADVANCED_FACE('',(#2194),#2012,.T.);
#2194 = FACE_BOUND('',#2195,.T.);
#2195 = EDGE_LOOP('',(#2196,#2197,#2218,#2219));
#2196 = ORIENTED_EDGE('',*,*,#1996,.F.);
#2197 = ORIENTED_EDGE('',*,*,#2198,.F.);
#2198 = EDGE_CURVE('',#2073,#1974,#2199,.T.);
#2199 = SURFACE_CURVE('',#2200,(#2204,#2211),.PCURVE_S1.);
#2200 = LINE('',#2201,#2202);
#2201 = CARTESIAN_POINT('',(-39.99999999999,31.999417855582,-42.));
#2202 = VECTOR('',#2203,1.);
#2203 = DIRECTION('',(-0.,8.73599288612E-16,1.));
#2204 = PCURVE('',#2012,#2205);
#2205 = DEFINITIONAL_REPRESENTATION('',(#2206),#2210);
#2206 = LINE('',#2207,#2208);
#2207 = CARTESIAN_POINT('',(0.,-39.99999999999));
#2208 = VECTOR('',#2209,1.);
#2209 = DIRECTION('',(1.,0.));
#2210 = ( GEOMETRIC_REPRESENTATION_CONTEXT(2) 
PARAMETRIC_REPRESENTATION_CONTEXT() REPRESENTATION_CONTEXT('2D SPACE',''
  ) );
#2211 = PCURVE('',#840,#2212);
#2212 = DEFINITIONAL_REPRESENTATION('',(#2213),#2217);
#2213 = LINE('',#2214,#2215);
#2214 = CARTESIAN_POINT('',(0.,31.999417855582));
#2215 = VECTOR('',#2216,1.);
#2216 = DIRECTION('',(1.,8.73599288612E-16));
#2217 = ( GEOMETRIC_REPRESENTATION_CONTEXT(2) 
PARAMETRIC_REPRESENTATION_CONTEXT() REPRESENTATION_CONTEXT('2D SPACE',''
  ) );
#2218 = ORIENTED_EDGE('',*,*,#2072,.T.);
#2219 = ORIENTED_EDGE('',*,*,#2171,.T.);
#2220 = ADVANCED_FACE('',(#2221,#2246,#2271),#840,.F.);
#2221 = FACE_BOUND('',#2222,.T.);
#2222 = EDGE_LOOP('',(#2223,#2245));
#2223 = ORIENTED_EDGE('',*,*,#2224,.T.);
#2224 = EDGE_CURVE('',#739,#803,#2225,.T.);
#2225 = SURFACE_CURVE('',#2226,(#2231,#2238),.PCURVE_S1.);
#2226 = CIRCLE('',#2227,2.1);
#2227 = AXIS2_PLACEMENT_3D('',#2228,#2229,#2230);
#2228 = CARTESIAN_POINT('',(-39.99999999999,26.499702157645,
    -5.499864614342));
#2229 = DIRECTION('',(-1.,0.,0.));
#2230 = DIRECTION('',(0.,0.,1.));
#2231 = PCURVE('',#840,#2232);
#2232 = DEFINITIONAL_REPRESENTATION('',(#2233),#2237);
#2233 = CIRCLE('',#2234,2.1);
#2234 = AXIS2_PLACEMENT_2D('',#2235,#2236);
#2235 = CARTESIAN_POINT('',(36.500135385658,26.499702157645));
#2236 = DIRECTION('',(1.,0.));
#2237 = ( GEOMETRIC_REPRESENTATION_CONTEXT(2) 
PARAMETRIC_REPRESENTATION_CONTEXT() REPRESENTATION_CONTEXT('2D SPACE',''
  ) );
#2238 = PCURVE('',#761,#2239);
#2239 = DEFINITIONAL_REPRESENTATION('',(#2240),#2244);
#2240 = LINE('',#2241,#2242);
#2241 = CARTESIAN_POINT('',(0.,0.));
#2242 = VECTOR('',#2243,1.);
#2243 = DIRECTION('',(1.,0.));
#2244 = ( GEOMETRIC_REPRESENTATION_CONTEXT(2) 
PARAMETRIC_REPRESENTATION_CONTEXT() REPRESENTATION_CONTEXT('2D SPACE',''
  ) );
#2245 = ORIENTED_EDGE('',*,*,#825,.T.);
#2246 = FACE_BOUND('',#2247,.T.);
#2247 = EDGE_LOOP('',(#2248,#2270));
#2248 = ORIENTED_EDGE('',*,*,#2249,.T.);
#2249 = EDGE_CURVE('',#856,#915,#2250,.T.);
#2250 = SURFACE_CURVE('',#2251,(#2256,#2263),.PCURVE_S1.);
#2251 = CIRCLE('',#2252,2.1);
#2252 = AXIS2_PLACEMENT_3D('',#2253,#2254,#2255);
#2253 = CARTESIAN_POINT('',(-39.99999999999,26.499702157645,
    -36.49986461434));
#2254 = DIRECTION('',(-1.,0.,0.));
#2255 = DIRECTION('',(0.,0.,1.));
#2256 = PCURVE('',#840,#2257);
#2257 = DEFINITIONAL_REPRESENTATION('',(#2258),#2262);
#2258 = CIRCLE('',#2259,2.1);
#2259 = AXIS2_PLACEMENT_2D('',#2260,#2261);
#2260 = CARTESIAN_POINT('',(5.500135385658,26.499702157645));
#2261 = DIRECTION('',(1.,0.));
#2262 = ( GEOMETRIC_REPRESENTATION_CONTEXT(2) 
PARAMETRIC_REPRESENTATION_CONTEXT() REPRESENTATION_CONTEXT('2D SPACE',''
  ) );
#2263 = PCURVE('',#878,#2264);
#2264 = DEFINITIONAL_REPRESENTATION('',(#2265),#2269);
#2265 = LINE('',#2266,#2267);
#2266 = CARTESIAN_POINT('',(0.,0.));
#2267 = VECTOR('',#2268,1.);
#2268 = DIRECTION('',(1.,0.));
#2269 = ( GEOMETRIC_REPRESENTATION_CONTEXT(2) 
PARAMETRIC_REPRESENTATION_CONTEXT() REPRESENTATION_CONTEXT('2D SPACE',''
  ) );
#2270 = ORIENTED_EDGE('',*,*,#937,.T.);
#2271 = FACE_BOUND('',#2272,.T.);
#2272 = EDGE_LOOP('',(#2273,#2274,#2275,#2276));
#2273 = ORIENTED_EDGE('',*,*,#1973,.T.);
#2274 = ORIENTED_EDGE('',*,*,#1616,.F.);
#2275 = ORIENTED_EDGE('',*,*,#2095,.F.);
#2276 = ORIENTED_EDGE('',*,*,#2198,.T.);
#2277 = ADVANCED_FACE('',(#2278),#878,.F.);
#2278 = FACE_BOUND('',#2279,.F.);
#2279 = EDGE_LOOP('',(#2280,#2281,#2282,#2283));
#2280 = ORIENTED_EDGE('',*,*,#2145,.F.);
#2281 = ORIENTED_EDGE('',*,*,#855,.F.);
#2282 = ORIENTED_EDGE('',*,*,#2249,.T.);
#2283 = ORIENTED_EDGE('',*,*,#914,.T.);
#2284 = ADVANCED_FACE('',(#2285),#761,.F.);
#2285 = FACE_BOUND('',#2286,.F.);
#2286 = EDGE_LOOP('',(#2287,#2288,#2289,#2290));
#2287 = ORIENTED_EDGE('',*,*,#2120,.F.);
#2288 = ORIENTED_EDGE('',*,*,#738,.F.);
#2289 = ORIENTED_EDGE('',*,*,#2224,.T.);
#2290 = ORIENTED_EDGE('',*,*,#802,.T.);
#2291 = ADVANCED_FACE('',(#2292,#2420,#2449,#2478,#2503),#141,.T.);
#2292 = FACE_BOUND('',#2293,.T.);
#2293 = EDGE_LOOP('',(#2294,#2295,#2296,#2297,#2320,#2348,#2376,#2397,
    #2398,#2399));
#2294 = ORIENTED_EDGE('',*,*,#1925,.F.);
#2295 = ORIENTED_EDGE('',*,*,#1877,.F.);
#2296 = ORIENTED_EDGE('',*,*,#1109,.F.);
#2297 = ORIENTED_EDGE('',*,*,#2298,.T.);
#2298 = EDGE_CURVE('',#1082,#2299,#2301,.T.);
#2299 = VERTEX_POINT('',#2300);
#2300 = CARTESIAN_POINT('',(-66.19999999999,-23.25142152717,0.));
#2301 = SURFACE_CURVE('',#2302,(#2306,#2313),.PCURVE_S1.);
#2302 = LINE('',#2303,#2304);
#2303 = CARTESIAN_POINT('',(-66.19999999999,-23.25142152717,-42.));
#2304 = VECTOR('',#2305,1.);
#2305 = DIRECTION('',(-5.173733248011E-30,-8.73599288612E-16,1.));
#2306 = PCURVE('',#141,#2307);
#2307 = DEFINITIONAL_REPRESENTATION('',(#2308),#2312);
#2308 = LINE('',#2309,#2310);
#2309 = CARTESIAN_POINT('',(-42.,-23.25142152717));
#2310 = VECTOR('',#2311,1.);
#2311 = DIRECTION('',(1.,-8.73599288612E-16));
#2312 = ( GEOMETRIC_REPRESENTATION_CONTEXT(2) 
PARAMETRIC_REPRESENTATION_CONTEXT() REPRESENTATION_CONTEXT('2D SPACE',''
  ) );
#2313 = PCURVE('',#1097,#2314);
#2314 = DEFINITIONAL_REPRESENTATION('',(#2315),#2319);
#2315 = LINE('',#2316,#2317);
#2316 = CARTESIAN_POINT('',(-5.107450935238E-30,66.199999999994));
#2317 = VECTOR('',#2318,1.);
#2318 = DIRECTION('',(1.,0.));
#2319 = ( GEOMETRIC_REPRESENTATION_CONTEXT(2) 
PARAMETRIC_REPRESENTATION_CONTEXT() REPRESENTATION_CONTEXT('2D SPACE',''
  ) );
#2320 = ORIENTED_EDGE('',*,*,#2321,.T.);
#2321 = EDGE_CURVE('',#2299,#2322,#2324,.T.);
#2322 = VERTEX_POINT('',#2323);
#2323 = CARTESIAN_POINT('',(-66.19999999999,-21.00142152736,
    1.783112973891E-05));
#2324 = SURFACE_CURVE('',#2325,(#2329,#2336),.PCURVE_S1.);
#2325 = LINE('',#2326,#2327);
#2326 = CARTESIAN_POINT('',(-66.19999999999,-1.435067465548E-03,0.));
#2327 = VECTOR('',#2328,1.);
#2328 = DIRECTION('',(5.922318522295E-15,1.,0.));
#2329 = PCURVE('',#141,#2330);
#2330 = DEFINITIONAL_REPRESENTATION('',(#2331),#2335);
#2331 = LINE('',#2332,#2333);
#2332 = CARTESIAN_POINT('',(0.,-1.435067465548E-03));
#2333 = VECTOR('',#2334,1.);
#2334 = DIRECTION('',(0.,1.));
#2335 = ( GEOMETRIC_REPRESENTATION_CONTEXT(2) 
PARAMETRIC_REPRESENTATION_CONTEXT() REPRESENTATION_CONTEXT('2D SPACE',''
  ) );
#2336 = PCURVE('',#2337,#2342);
#2337 = PLANE('',#2338);
#2338 = AXIS2_PLACEMENT_3D('',#2339,#2340,#2341);
#2339 = CARTESIAN_POINT('',(-4.249463317141E-18,-1.43506746594E-03,0.));
#2340 = DIRECTION('',(0.,0.,1.));
#2341 = DIRECTION('',(1.,-5.922318522295E-15,0.));
#2342 = DEFINITIONAL_REPRESENTATION('',(#2343),#2347);
#2343 = LINE('',#2344,#2345);
#2344 = CARTESIAN_POINT('',(-66.19999999999,-5.94517475923E-21));
#2345 = VECTOR('',#2346,1.);
#2346 = DIRECTION('',(0.,1.));
#2347 = ( GEOMETRIC_REPRESENTATION_CONTEXT(2) 
PARAMETRIC_REPRESENTATION_CONTEXT() REPRESENTATION_CONTEXT('2D SPACE',''
  ) );
#2348 = ORIENTED_EDGE('',*,*,#2349,.T.);
#2349 = EDGE_CURVE('',#2322,#2350,#2352,.T.);
#2350 = VERTEX_POINT('',#2351);
#2351 = CARTESIAN_POINT('',(-66.19999999999,-13.00121168171,
    1.083098202289E-04));
#2352 = SURFACE_CURVE('',#2353,(#2357,#2364),.PCURVE_S1.);
#2353 = LINE('',#2354,#2355);
#2354 = CARTESIAN_POINT('',(-66.19999999999,-13.00121168171,
    1.083098202289E-04));
#2355 = VECTOR('',#2356,1.);
#2356 = DIRECTION('',(5.922318521965E-15,0.999999999944,
    1.05665954022E-05));
#2357 = PCURVE('',#141,#2358);
#2358 = DEFINITIONAL_REPRESENTATION('',(#2359),#2363);
#2359 = LINE('',#2360,#2361);
#2360 = CARTESIAN_POINT('',(1.083098202289E-04,-13.00121168171));
#2361 = VECTOR('',#2362,1.);
#2362 = DIRECTION('',(1.05665954022E-05,0.999999999944));
#2363 = ( GEOMETRIC_REPRESENTATION_CONTEXT(2) 
PARAMETRIC_REPRESENTATION_CONTEXT() REPRESENTATION_CONTEXT('2D SPACE',''
  ) );
#2364 = PCURVE('',#2365,#2370);
#2365 = PLANE('',#2366);
#2366 = AXIS2_PLACEMENT_3D('',#2367,#2368,#2369);
#2367 = CARTESIAN_POINT('',(-66.19999999999,-13.00121168171,
    1.083098202289E-04));
#2368 = DIRECTION('',(-6.257874366803E-20,-1.05665954022E-05,
    0.999999999944));
#2369 = DIRECTION('',(5.922318521965E-15,0.999999999944,
    1.05665954022E-05));
#2370 = DEFINITIONAL_REPRESENTATION('',(#2371),#2375);
#2371 = LINE('',#2372,#2373);
#2372 = CARTESIAN_POINT('',(0.,0.));
#2373 = VECTOR('',#2374,1.);
#2374 = DIRECTION('',(1.,1.577721810569E-30));
#2375 = ( GEOMETRIC_REPRESENTATION_CONTEXT(2) 
PARAMETRIC_REPRESENTATION_CONTEXT() REPRESENTATION_CONTEXT('2D SPACE',''
  ) );
#2376 = ORIENTED_EDGE('',*,*,#2377,.T.);
#2377 = EDGE_CURVE('',#2350,#1420,#2378,.T.);
#2378 = SURFACE_CURVE('',#2379,(#2383,#2390),.PCURVE_S1.);
#2379 = LINE('',#2380,#2381);
#2380 = CARTESIAN_POINT('',(-66.19999999999,-13.00064307007,-43.2));
#2381 = VECTOR('',#2382,1.);
#2382 = DIRECTION('',(7.795117617918E-20,1.316227350584E-05,
    -0.999999999913));
#2383 = PCURVE('',#141,#2384);
#2384 = DEFINITIONAL_REPRESENTATION('',(#2385),#2389);
#2385 = LINE('',#2386,#2387);
#2386 = CARTESIAN_POINT('',(-43.2,-13.00064307007));
#2387 = VECTOR('',#2388,1.);
#2388 = DIRECTION('',(-0.999999999913,1.316227350584E-05));
#2389 = ( GEOMETRIC_REPRESENTATION_CONTEXT(2) 
PARAMETRIC_REPRESENTATION_CONTEXT() REPRESENTATION_CONTEXT('2D SPACE',''
  ) );
#2390 = PCURVE('',#1458,#2391);
#2391 = DEFINITIONAL_REPRESENTATION('',(#2392),#2396);
#2392 = LINE('',#2393,#2394);
#2393 = CARTESIAN_POINT('',(0.,0.));
#2394 = VECTOR('',#2395,1.);
#2395 = DIRECTION('',(1.,0.));
#2396 = ( GEOMETRIC_REPRESENTATION_CONTEXT(2) 
PARAMETRIC_REPRESENTATION_CONTEXT() REPRESENTATION_CONTEXT('2D SPACE',''
  ) );
#2397 = ORIENTED_EDGE('',*,*,#1419,.T.);
#2398 = ORIENTED_EDGE('',*,*,#1803,.F.);
#2399 = ORIENTED_EDGE('',*,*,#2400,.F.);
#2400 = EDGE_CURVE('',#1926,#1804,#2401,.T.);
#2401 = SURFACE_CURVE('',#2402,(#2406,#2413),.PCURVE_S1.);
#2402 = LINE('',#2403,#2404);
#2403 = CARTESIAN_POINT('',(-66.19999999999,12.999776614248,
    1.083098202289E-04));
#2404 = VECTOR('',#2405,1.);
#2405 = DIRECTION('',(-0.,-0.999999999944,1.05665954022E-05));
#2406 = PCURVE('',#141,#2407);
#2407 = DEFINITIONAL_REPRESENTATION('',(#2408),#2412);
#2408 = LINE('',#2409,#2410);
#2409 = CARTESIAN_POINT('',(1.083098202289E-04,12.999776614248));
#2410 = VECTOR('',#2411,1.);
#2411 = DIRECTION('',(1.05665954022E-05,-0.999999999944));
#2412 = ( GEOMETRIC_REPRESENTATION_CONTEXT(2) 
PARAMETRIC_REPRESENTATION_CONTEXT() REPRESENTATION_CONTEXT('2D SPACE',''
  ) );
#2413 = PCURVE('',#1767,#2414);
#2414 = DEFINITIONAL_REPRESENTATION('',(#2415),#2419);
#2415 = LINE('',#2416,#2417);
#2416 = CARTESIAN_POINT('',(0.,0.));
#2417 = VECTOR('',#2418,1.);
#2418 = DIRECTION('',(1.,0.));
#2419 = ( GEOMETRIC_REPRESENTATION_CONTEXT(2) 
PARAMETRIC_REPRESENTATION_CONTEXT() REPRESENTATION_CONTEXT('2D SPACE',''
  ) );
#2420 = FACE_BOUND('',#2421,.T.);
#2421 = EDGE_LOOP('',(#2422,#2448));
#2422 = ORIENTED_EDGE('',*,*,#2423,.T.);
#2423 = EDGE_CURVE('',#624,#687,#2424,.T.);
#2424 = SURFACE_CURVE('',#2425,(#2430,#2441),.PCURVE_S1.);
#2425 = CIRCLE('',#2426,1.6);
#2426 = AXIS2_PLACEMENT_3D('',#2427,#2428,#2429);
#2427 = CARTESIAN_POINT('',(-66.19999999999,15.499282466267,
    -36.49971568656));
#2428 = DIRECTION('',(1.,0.,0.));
#2429 = DIRECTION('',(0.,0.,-1.));
#2430 = PCURVE('',#141,#2431);
#2431 = DEFINITIONAL_REPRESENTATION('',(#2432),#2440);
#2432 = ( BOUNDED_CURVE() B_SPLINE_CURVE(2,(#2433,#2434,#2435,#2436,
#2437,#2438,#2439),.UNSPECIFIED.,.T.,.F.) B_SPLINE_CURVE_WITH_KNOTS((1,2
    ,2,2,2,1),(-2.094395102393,0.,2.094395102393,4.188790204786,
6.28318530718,8.377580409573),.UNSPECIFIED.) CURVE() 
GEOMETRIC_REPRESENTATION_ITEM() RATIONAL_B_SPLINE_CURVE((1.,0.5,1.,0.5,
1.,0.5,1.)) REPRESENTATION_ITEM('') );
#2433 = CARTESIAN_POINT('',(-38.09971568656,15.499282466267));
#2434 = CARTESIAN_POINT('',(-38.09971568656,18.270563758378));
#2435 = CARTESIAN_POINT('',(-35.69971568656,16.884923112322));
#2436 = CARTESIAN_POINT('',(-33.29971568656,15.499282466267));
#2437 = CARTESIAN_POINT('',(-35.69971568656,14.113641820212));
#2438 = CARTESIAN_POINT('',(-38.09971568656,12.728001174157));
#2439 = CARTESIAN_POINT('',(-38.09971568656,15.499282466267));
#2440 = ( GEOMETRIC_REPRESENTATION_CONTEXT(2) 
PARAMETRIC_REPRESENTATION_CONTEXT() REPRESENTATION_CONTEXT('2D SPACE',''
  ) );
#2441 = PCURVE('',#646,#2442);
#2442 = DEFINITIONAL_REPRESENTATION('',(#2443),#2447);
#2443 = LINE('',#2444,#2445);
#2444 = CARTESIAN_POINT('',(0.,0.));
#2445 = VECTOR('',#2446,1.);
#2446 = DIRECTION('',(1.,0.));
#2447 = ( GEOMETRIC_REPRESENTATION_CONTEXT(2) 
PARAMETRIC_REPRESENTATION_CONTEXT() REPRESENTATION_CONTEXT('2D SPACE',''
  ) );
#2448 = ORIENTED_EDGE('',*,*,#709,.T.);
#2449 = FACE_BOUND('',#2450,.T.);
#2450 = EDGE_LOOP('',(#2451,#2477));
#2451 = ORIENTED_EDGE('',*,*,#2452,.T.);
#2452 = EDGE_CURVE('',#504,#572,#2453,.T.);
#2453 = SURFACE_CURVE('',#2454,(#2459,#2470),.PCURVE_S1.);
#2454 = CIRCLE('',#2455,1.6);
#2455 = AXIS2_PLACEMENT_3D('',#2456,#2457,#2458);
#2456 = CARTESIAN_POINT('',(-66.19999999999,15.500121845356,
    -5.499715697928));
#2457 = DIRECTION('',(1.,0.,0.));
#2458 = DIRECTION('',(0.,0.,-1.));
#2459 = PCURVE('',#141,#2460);
#2460 = DEFINITIONAL_REPRESENTATION('',(#2461),#2469);
#2461 = ( BOUNDED_CURVE() B_SPLINE_CURVE(2,(#2462,#2463,#2464,#2465,
#2466,#2467,#2468),.UNSPECIFIED.,.T.,.F.) B_SPLINE_CURVE_WITH_KNOTS((1,2
    ,2,2,2,1),(-2.094395102393,0.,2.094395102393,4.188790204786,
6.28318530718,8.377580409573),.UNSPECIFIED.) CURVE() 
GEOMETRIC_REPRESENTATION_ITEM() RATIONAL_B_SPLINE_CURVE((1.,0.5,1.,0.5,
1.,0.5,1.)) REPRESENTATION_ITEM('') );
#2462 = CARTESIAN_POINT('',(-7.099715697927,15.500121845356));
#2463 = CARTESIAN_POINT('',(-7.099715697927,18.271403137466));
#2464 = CARTESIAN_POINT('',(-4.699715697928,16.885762491411));
#2465 = CARTESIAN_POINT('',(-2.299715697928,15.500121845356));
#2466 = CARTESIAN_POINT('',(-4.699715697928,14.114481199301));
#2467 = CARTESIAN_POINT('',(-7.099715697927,12.728840553246));
#2468 = CARTESIAN_POINT('',(-7.099715697927,15.500121845356));
#2469 = ( GEOMETRIC_REPRESENTATION_CONTEXT(2) 
PARAMETRIC_REPRESENTATION_CONTEXT() REPRESENTATION_CONTEXT('2D SPACE',''
  ) );
#2470 = PCURVE('',#526,#2471);
#2471 = DEFINITIONAL_REPRESENTATION('',(#2472),#2476);
#2472 = LINE('',#2473,#2474);
#2473 = CARTESIAN_POINT('',(0.,0.));
#2474 = VECTOR('',#2475,1.);
#2475 = DIRECTION('',(1.,0.));
#2476 = ( GEOMETRIC_REPRESENTATION_CONTEXT(2) 
PARAMETRIC_REPRESENTATION_CONTEXT() REPRESENTATION_CONTEXT('2D SPACE',''
  ) );
#2477 = ORIENTED_EDGE('',*,*,#594,.T.);
#2478 = FACE_BOUND('',#2479,.T.);
#2479 = EDGE_LOOP('',(#2480,#2481));
#2480 = ORIENTED_EDGE('',*,*,#238,.F.);
#2481 = ORIENTED_EDGE('',*,*,#2482,.F.);
#2482 = EDGE_CURVE('',#216,#157,#2483,.T.);
#2483 = SURFACE_CURVE('',#2484,(#2489,#2496),.PCURVE_S1.);
#2484 = CIRCLE('',#2485,1.6);
#2485 = AXIS2_PLACEMENT_3D('',#2486,#2487,#2488);
#2486 = CARTESIAN_POINT('',(-66.19999999999,-15.50071753373,
    -36.49971568656));
#2487 = DIRECTION('',(-1.,5.922318522295E-15,0.));
#2488 = DIRECTION('',(0.,0.,-1.));
#2489 = PCURVE('',#141,#2490);
#2490 = DEFINITIONAL_REPRESENTATION('',(#2491),#2495);
#2491 = CIRCLE('',#2492,1.6);
#2492 = AXIS2_PLACEMENT_2D('',#2493,#2494);
#2493 = CARTESIAN_POINT('',(-36.49971568656,-15.50071753373));
#2494 = DIRECTION('',(-1.,0.));
#2495 = ( GEOMETRIC_REPRESENTATION_CONTEXT(2) 
PARAMETRIC_REPRESENTATION_CONTEXT() REPRESENTATION_CONTEXT('2D SPACE',''
  ) );
#2496 = PCURVE('',#179,#2497);
#2497 = DEFINITIONAL_REPRESENTATION('',(#2498),#2502);
#2498 = LINE('',#2499,#2500);
#2499 = CARTESIAN_POINT('',(6.28318530718,0.));
#2500 = VECTOR('',#2501,1.);
#2501 = DIRECTION('',(-1.,0.));
#2502 = ( GEOMETRIC_REPRESENTATION_CONTEXT(2) 
PARAMETRIC_REPRESENTATION_CONTEXT() REPRESENTATION_CONTEXT('2D SPACE',''
  ) );
#2503 = FACE_BOUND('',#2504,.T.);
#2504 = EDGE_LOOP('',(#2505,#2506));
#2505 = ORIENTED_EDGE('',*,*,#126,.F.);
#2506 = ORIENTED_EDGE('',*,*,#2507,.F.);
#2507 = EDGE_CURVE('',#104,#40,#2508,.T.);
#2508 = SURFACE_CURVE('',#2509,(#2514,#2521),.PCURVE_S1.);
#2509 = CIRCLE('',#2510,1.6);
#2510 = AXIS2_PLACEMENT_3D('',#2511,#2512,#2513);
#2511 = CARTESIAN_POINT('',(-66.19999999999,-15.50155691282,
    -5.499715697928));
#2512 = DIRECTION('',(-1.,5.922318522295E-15,0.));
#2513 = DIRECTION('',(0.,0.,-1.));
#2514 = PCURVE('',#141,#2515);
#2515 = DEFINITIONAL_REPRESENTATION('',(#2516),#2520);
#2516 = CIRCLE('',#2517,1.6);
#2517 = AXIS2_PLACEMENT_2D('',#2518,#2519);
#2518 = CARTESIAN_POINT('',(-5.499715697928,-15.50155691282));
#2519 = DIRECTION('',(-1.,0.));
#2520 = ( GEOMETRIC_REPRESENTATION_CONTEXT(2) 
PARAMETRIC_REPRESENTATION_CONTEXT() REPRESENTATION_CONTEXT('2D SPACE',''
  ) );
#2521 = PCURVE('',#62,#2522);
#2522 = DEFINITIONAL_REPRESENTATION('',(#2523),#2527);
#2523 = LINE('',#2524,#2525);
#2524 = CARTESIAN_POINT('',(6.28318530718,0.));
#2525 = VECTOR('',#2526,1.);
#2526 = DIRECTION('',(-1.,0.));
#2527 = ( GEOMETRIC_REPRESENTATION_CONTEXT(2) 
PARAMETRIC_REPRESENTATION_CONTEXT() REPRESENTATION_CONTEXT('2D SPACE',''
  ) );
#2528 = ADVANCED_FACE('',(#2529),#1767,.T.);
#2529 = FACE_BOUND('',#2530,.T.);
#2530 = EDGE_LOOP('',(#2531,#2532,#2533,#2534));
#2531 = ORIENTED_EDGE('',*,*,#1751,.F.);
#2532 = ORIENTED_EDGE('',*,*,#1948,.T.);
#2533 = ORIENTED_EDGE('',*,*,#2400,.T.);
#2534 = ORIENTED_EDGE('',*,*,#1828,.T.);
#2535 = ADVANCED_FACE('',(#2536),#646,.F.);
#2536 = FACE_BOUND('',#2537,.F.);
#2537 = EDGE_LOOP('',(#2538,#2539,#2540,#2541));
#2538 = ORIENTED_EDGE('',*,*,#1691,.F.);
#2539 = ORIENTED_EDGE('',*,*,#623,.F.);
#2540 = ORIENTED_EDGE('',*,*,#2423,.T.);
#2541 = ORIENTED_EDGE('',*,*,#686,.T.);
#2542 = ADVANCED_FACE('',(#2543),#526,.F.);
#2543 = FACE_BOUND('',#2544,.F.);
#2544 = EDGE_LOOP('',(#2545,#2546,#2547,#2548));
#2545 = ORIENTED_EDGE('',*,*,#1720,.F.);
#2546 = ORIENTED_EDGE('',*,*,#503,.F.);
#2547 = ORIENTED_EDGE('',*,*,#2452,.T.);
#2548 = ORIENTED_EDGE('',*,*,#571,.T.);
#2549 = ADVANCED_FACE('',(#2550),#1013,.F.);
#2550 = FACE_BOUND('',#2551,.T.);
#2551 = EDGE_LOOP('',(#2552,#2553,#2574,#2575));
#2552 = ORIENTED_EDGE('',*,*,#1567,.T.);
#2553 = ORIENTED_EDGE('',*,*,#2554,.F.);
#2554 = EDGE_CURVE('',#998,#1545,#2555,.T.);
#2555 = SURFACE_CURVE('',#2556,(#2560,#2567),.PCURVE_S1.);
#2556 = LINE('',#2557,#2558);
#2557 = CARTESIAN_POINT('',(-50.99999999999,-9.000717533733,-43.2));
#2558 = VECTOR('',#2559,1.);
#2559 = DIRECTION('',(0.,0.,1.));
#2560 = PCURVE('',#1013,#2561);
#2561 = DEFINITIONAL_REPRESENTATION('',(#2562),#2566);
#2562 = LINE('',#2563,#2564);
#2563 = CARTESIAN_POINT('',(0.,-9.));
#2564 = VECTOR('',#2565,1.);
#2565 = DIRECTION('',(1.,0.));
#2566 = ( GEOMETRIC_REPRESENTATION_CONTEXT(2) 
PARAMETRIC_REPRESENTATION_CONTEXT() REPRESENTATION_CONTEXT('2D SPACE',''
  ) );
#2567 = PCURVE('',#1041,#2568);
#2568 = DEFINITIONAL_REPRESENTATION('',(#2569),#2573);
#2569 = LINE('',#2570,#2571);
#2570 = CARTESIAN_POINT('',(0.,0.));
#2571 = VECTOR('',#2572,1.);
#2572 = DIRECTION('',(1.,0.));
#2573 = ( GEOMETRIC_REPRESENTATION_CONTEXT(2) 
PARAMETRIC_REPRESENTATION_CONTEXT() REPRESENTATION_CONTEXT('2D SPACE',''
  ) );
#2574 = ORIENTED_EDGE('',*,*,#997,.F.);
#2575 = ORIENTED_EDGE('',*,*,#2576,.T.);
#2576 = EDGE_CURVE('',#965,#1322,#2577,.T.);
#2577 = SURFACE_CURVE('',#2578,(#2582,#2589),.PCURVE_S1.);
#2578 = LINE('',#2579,#2580);
#2579 = CARTESIAN_POINT('',(-50.99999999999,8.999282466267,-43.2));
#2580 = VECTOR('',#2581,1.);
#2581 = DIRECTION('',(-0.,-0.,1.));
#2582 = PCURVE('',#1013,#2583);
#2583 = DEFINITIONAL_REPRESENTATION('',(#2584),#2588);
#2584 = LINE('',#2585,#2586);
#2585 = CARTESIAN_POINT('',(0.,9.));
#2586 = VECTOR('',#2587,1.);
#2587 = DIRECTION('',(1.,0.));
#2588 = ( GEOMETRIC_REPRESENTATION_CONTEXT(2) 
PARAMETRIC_REPRESENTATION_CONTEXT() REPRESENTATION_CONTEXT('2D SPACE',''
  ) );
#2589 = PCURVE('',#985,#2590);
#2590 = DEFINITIONAL_REPRESENTATION('',(#2591),#2595);
#2591 = LINE('',#2592,#2593);
#2592 = CARTESIAN_POINT('',(0.,0.));
#2593 = VECTOR('',#2594,1.);
#2594 = DIRECTION('',(1.,0.));
#2595 = ( GEOMETRIC_REPRESENTATION_CONTEXT(2) 
PARAMETRIC_REPRESENTATION_CONTEXT() REPRESENTATION_CONTEXT('2D SPACE',''
  ) );
#2596 = ADVANCED_FACE('',(#2597),#985,.F.);
#2597 = FACE_BOUND('',#2598,.T.);
#2598 = EDGE_LOOP('',(#2599,#2600,#2601,#2602));
#2599 = ORIENTED_EDGE('',*,*,#1321,.T.);
#2600 = ORIENTED_EDGE('',*,*,#2576,.F.);
#2601 = ORIENTED_EDGE('',*,*,#962,.F.);
#2602 = ORIENTED_EDGE('',*,*,#1189,.T.);
#2603 = ADVANCED_FACE('',(#2604),#1069,.F.);
#2604 = FACE_BOUND('',#2605,.T.);
#2605 = EDGE_LOOP('',(#2606,#2627,#2628,#2651,#2679,#2700));
#2606 = ORIENTED_EDGE('',*,*,#2607,.T.);
#2607 = EDGE_CURVE('',#1026,#1522,#2608,.T.);
#2608 = SURFACE_CURVE('',#2609,(#2613,#2620),.PCURVE_S1.);
#2609 = LINE('',#2610,#2611);
#2610 = CARTESIAN_POINT('',(-44.99999999999,-9.000717533733,-43.2));
#2611 = VECTOR('',#2612,1.);
#2612 = DIRECTION('',(0.,0.,1.));
#2613 = PCURVE('',#1069,#2614);
#2614 = DEFINITIONAL_REPRESENTATION('',(#2615),#2619);
#2615 = LINE('',#2616,#2617);
#2616 = CARTESIAN_POINT('',(0.,-8.999282466267));
#2617 = VECTOR('',#2618,1.);
#2618 = DIRECTION('',(1.,0.));
#2619 = ( GEOMETRIC_REPRESENTATION_CONTEXT(2) 
PARAMETRIC_REPRESENTATION_CONTEXT() REPRESENTATION_CONTEXT('2D SPACE',''
  ) );
#2620 = PCURVE('',#1041,#2621);
#2621 = DEFINITIONAL_REPRESENTATION('',(#2622),#2626);
#2622 = LINE('',#2623,#2624);
#2623 = CARTESIAN_POINT('',(0.,-6.));
#2624 = VECTOR('',#2625,1.);
#2625 = DIRECTION('',(1.,0.));
#2626 = ( GEOMETRIC_REPRESENTATION_CONTEXT(2) 
PARAMETRIC_REPRESENTATION_CONTEXT() REPRESENTATION_CONTEXT('2D SPACE',''
  ) );
#2627 = ORIENTED_EDGE('',*,*,#1521,.F.);
#2628 = ORIENTED_EDGE('',*,*,#2629,.T.);
#2629 = EDGE_CURVE('',#1494,#2630,#2632,.T.);
#2630 = VERTEX_POINT('',#2631);
#2631 = CARTESIAN_POINT('',(-44.99999999999,-21.00142152717,-42.));
#2632 = SURFACE_CURVE('',#2633,(#2637,#2644),.PCURVE_S1.);
#2633 = LINE('',#2634,#2635);
#2634 = CARTESIAN_POINT('',(-44.99999999999,-21.00142152717,-43.2));
#2635 = VECTOR('',#2636,1.);
#2636 = DIRECTION('',(0.,0.,1.));
#2637 = PCURVE('',#1069,#2638);
#2638 = DEFINITIONAL_REPRESENTATION('',(#2639),#2643);
#2639 = LINE('',#2640,#2641);
#2640 = CARTESIAN_POINT('',(0.,-20.9999864597));
#2641 = VECTOR('',#2642,1.);
#2642 = DIRECTION('',(1.,0.));
#2643 = ( GEOMETRIC_REPRESENTATION_CONTEXT(2) 
PARAMETRIC_REPRESENTATION_CONTEXT() REPRESENTATION_CONTEXT('2D SPACE',''
  ) );
#2644 = PCURVE('',#1509,#2645);
#2645 = DEFINITIONAL_REPRESENTATION('',(#2646),#2650);
#2646 = LINE('',#2647,#2648);
#2647 = CARTESIAN_POINT('',(-1.2,44.999999999994));
#2648 = VECTOR('',#2649,1.);
#2649 = DIRECTION('',(1.,1.89431649319E-31));
#2650 = ( GEOMETRIC_REPRESENTATION_CONTEXT(2) 
PARAMETRIC_REPRESENTATION_CONTEXT() REPRESENTATION_CONTEXT('2D SPACE',''
  ) );
#2651 = ORIENTED_EDGE('',*,*,#2652,.F.);
#2652 = EDGE_CURVE('',#2653,#2630,#2655,.T.);
#2653 = VERTEX_POINT('',#2654);
#2654 = CARTESIAN_POINT('',(-44.99999999999,-23.25142152717,-42.));
#2655 = SURFACE_CURVE('',#2656,(#2660,#2667),.PCURVE_S1.);
#2656 = LINE('',#2657,#2658);
#2657 = CARTESIAN_POINT('',(-44.99999999999,-1.435067465674E-03,-42.));
#2658 = VECTOR('',#2659,1.);
#2659 = DIRECTION('',(5.922318522295E-15,1.,0.));
#2660 = PCURVE('',#1069,#2661);
#2661 = DEFINITIONAL_REPRESENTATION('',(#2662),#2666);
#2662 = LINE('',#2663,#2664);
#2663 = CARTESIAN_POINT('',(1.2,0.));
#2664 = VECTOR('',#2665,1.);
#2665 = DIRECTION('',(0.,1.));
#2666 = ( GEOMETRIC_REPRESENTATION_CONTEXT(2) 
PARAMETRIC_REPRESENTATION_CONTEXT() REPRESENTATION_CONTEXT('2D SPACE',''
  ) );
#2667 = PCURVE('',#2668,#2673);
#2668 = PLANE('',#2669);
#2669 = AXIS2_PLACEMENT_3D('',#2670,#2671,#2672);
#2670 = CARTESIAN_POINT('',(-4.249463316924E-18,-1.435067465904E-03,-42.
    ));
#2671 = DIRECTION('',(0.,0.,1.));
#2672 = DIRECTION('',(1.,-5.922318522295E-15,0.));
#2673 = DEFINITIONAL_REPRESENTATION('',(#2674),#2678);
#2674 = LINE('',#2675,#2676);
#2675 = CARTESIAN_POINT('',(-44.99999999999,-3.669120317193E-14));
#2676 = VECTOR('',#2677,1.);
#2677 = DIRECTION('',(0.,1.));
#2678 = ( GEOMETRIC_REPRESENTATION_CONTEXT(2) 
PARAMETRIC_REPRESENTATION_CONTEXT() REPRESENTATION_CONTEXT('2D SPACE',''
  ) );
#2679 = ORIENTED_EDGE('',*,*,#2680,.F.);
#2680 = EDGE_CURVE('',#1054,#2653,#2681,.T.);
#2681 = SURFACE_CURVE('',#2682,(#2686,#2693),.PCURVE_S1.);
#2682 = LINE('',#2683,#2684);
#2683 = CARTESIAN_POINT('',(-44.99999999999,-23.25142152717,-43.2));
#2684 = VECTOR('',#2685,1.);
#2685 = DIRECTION('',(0.,0.,1.));
#2686 = PCURVE('',#1069,#2687);
#2687 = DEFINITIONAL_REPRESENTATION('',(#2688),#2692);
#2688 = LINE('',#2689,#2690);
#2689 = CARTESIAN_POINT('',(0.,-23.2499864597));
#2690 = VECTOR('',#2691,1.);
#2691 = DIRECTION('',(1.,0.));
#2692 = ( GEOMETRIC_REPRESENTATION_CONTEXT(2) 
PARAMETRIC_REPRESENTATION_CONTEXT() REPRESENTATION_CONTEXT('2D SPACE',''
  ) );
#2693 = PCURVE('',#1097,#2694);
#2694 = DEFINITIONAL_REPRESENTATION('',(#2695),#2699);
#2695 = LINE('',#2696,#2697);
#2696 = CARTESIAN_POINT('',(-1.2,44.999999999994));
#2697 = VECTOR('',#2698,1.);
#2698 = DIRECTION('',(1.,9.471582465949E-32));
#2699 = ( GEOMETRIC_REPRESENTATION_CONTEXT(2) 
PARAMETRIC_REPRESENTATION_CONTEXT() REPRESENTATION_CONTEXT('2D SPACE',''
  ) );
#2700 = ORIENTED_EDGE('',*,*,#1053,.T.);
#2701 = ADVANCED_FACE('',(#2702),#1509,.F.);
#2702 = FACE_BOUND('',#2703,.T.);
#2703 = EDGE_LOOP('',(#2704,#2705,#2728,#2751,#2774,#2795));
#2704 = ORIENTED_EDGE('',*,*,#1493,.T.);
#2705 = ORIENTED_EDGE('',*,*,#2706,.T.);
#2706 = EDGE_CURVE('',#1471,#2707,#2709,.T.);
#2707 = VERTEX_POINT('',#2708);
#2708 = CARTESIAN_POINT('',(-63.19999999999,-21.00142152729,
    1.188741982594E-05));
#2709 = SURFACE_CURVE('',#2710,(#2714,#2721),.PCURVE_S1.);
#2710 = LINE('',#2711,#2712);
#2711 = CARTESIAN_POINT('',(-63.19999999999,-21.00142152717,-42.));
#2712 = VECTOR('',#2713,1.);
#2713 = DIRECTION('',(-5.173733248011E-30,-8.73599288612E-16,1.));
#2714 = PCURVE('',#1509,#2715);
#2715 = DEFINITIONAL_REPRESENTATION('',(#2716),#2720);
#2716 = LINE('',#2717,#2718);
#2717 = CARTESIAN_POINT('',(-1.131770625194E-29,63.199999999994));
#2718 = VECTOR('',#2719,1.);
#2719 = DIRECTION('',(1.,0.));
#2720 = ( GEOMETRIC_REPRESENTATION_CONTEXT(2) 
PARAMETRIC_REPRESENTATION_CONTEXT() REPRESENTATION_CONTEXT('2D SPACE',''
  ) );
#2721 = PCURVE('',#91,#2722);
#2722 = DEFINITIONAL_REPRESENTATION('',(#2723),#2727);
#2723 = LINE('',#2724,#2725);
#2724 = CARTESIAN_POINT('',(-42.,-20.9999864597));
#2725 = VECTOR('',#2726,1.);
#2726 = DIRECTION('',(1.,-8.73599288612E-16));
#2727 = ( GEOMETRIC_REPRESENTATION_CONTEXT(2) 
PARAMETRIC_REPRESENTATION_CONTEXT() REPRESENTATION_CONTEXT('2D SPACE',''
  ) );
#2728 = ORIENTED_EDGE('',*,*,#2729,.F.);
#2729 = EDGE_CURVE('',#2730,#2707,#2732,.T.);
#2730 = VERTEX_POINT('',#2731);
#2731 = CARTESIAN_POINT('',(-39.99999999999,-21.00142152717,0.));
#2732 = SURFACE_CURVE('',#2733,(#2737,#2744),.PCURVE_S1.);
#2733 = LINE('',#2734,#2735);
#2734 = CARTESIAN_POINT('',(-1.2892650443E-13,-21.00142152717,0.));
#2735 = VECTOR('',#2736,1.);
#2736 = DIRECTION('',(-1.,6.139158956793E-15,0.));
#2737 = PCURVE('',#1509,#2738);
#2738 = DEFINITIONAL_REPRESENTATION('',(#2739),#2743);
#2739 = LINE('',#2740,#2741);
#2740 = CARTESIAN_POINT('',(42.,-8.202219013298E-30));
#2741 = VECTOR('',#2742,1.);
#2742 = DIRECTION('',(-1.89431649319E-31,1.));
#2743 = ( GEOMETRIC_REPRESENTATION_CONTEXT(2) 
PARAMETRIC_REPRESENTATION_CONTEXT() REPRESENTATION_CONTEXT('2D SPACE',''
  ) );
#2744 = PCURVE('',#2337,#2745);
#2745 = DEFINITIONAL_REPRESENTATION('',(#2746),#2750);
#2746 = LINE('',#2747,#2748);
#2747 = CARTESIAN_POINT('',(-4.553646188356E-15,-20.9999864597));
#2748 = VECTOR('',#2749,1.);
#2749 = DIRECTION('',(-1.,2.168404344971E-16));
#2750 = ( GEOMETRIC_REPRESENTATION_CONTEXT(2) 
PARAMETRIC_REPRESENTATION_CONTEXT() REPRESENTATION_CONTEXT('2D SPACE',''
  ) );
#2751 = ORIENTED_EDGE('',*,*,#2752,.F.);
#2752 = EDGE_CURVE('',#2753,#2730,#2755,.T.);
#2753 = VERTEX_POINT('',#2754);
#2754 = CARTESIAN_POINT('',(-39.99999999999,-21.00142152717,-42.));
#2755 = SURFACE_CURVE('',#2756,(#2760,#2767),.PCURVE_S1.);
#2756 = LINE('',#2757,#2758);
#2757 = CARTESIAN_POINT('',(-39.99999999999,-21.00142152717,-42.));
#2758 = VECTOR('',#2759,1.);
#2759 = DIRECTION('',(-5.173733248011E-30,-8.73599288612E-16,1.));
#2760 = PCURVE('',#1509,#2761);
#2761 = DEFINITIONAL_REPRESENTATION('',(#2762),#2766);
#2762 = LINE('',#2763,#2764);
#2763 = CARTESIAN_POINT('',(-7.202391908109E-30,39.999999999994));
#2764 = VECTOR('',#2765,1.);
#2765 = DIRECTION('',(1.,0.));
#2766 = ( GEOMETRIC_REPRESENTATION_CONTEXT(2) 
PARAMETRIC_REPRESENTATION_CONTEXT() REPRESENTATION_CONTEXT('2D SPACE',''
  ) );
#2767 = PCURVE('',#369,#2768);
#2768 = DEFINITIONAL_REPRESENTATION('',(#2769),#2773);
#2769 = LINE('',#2770,#2771);
#2770 = CARTESIAN_POINT('',(0.,-20.9999864597));
#2771 = VECTOR('',#2772,1.);
#2772 = DIRECTION('',(1.,-8.73599288612E-16));
#2773 = ( GEOMETRIC_REPRESENTATION_CONTEXT(2) 
PARAMETRIC_REPRESENTATION_CONTEXT() REPRESENTATION_CONTEXT('2D SPACE',''
  ) );
#2774 = ORIENTED_EDGE('',*,*,#2775,.T.);
#2775 = EDGE_CURVE('',#2753,#2630,#2776,.T.);
#2776 = SURFACE_CURVE('',#2777,(#2781,#2788),.PCURVE_S1.);
#2777 = LINE('',#2778,#2779);
#2778 = CARTESIAN_POINT('',(-1.2892650443E-13,-21.00142152717,-42.));
#2779 = VECTOR('',#2780,1.);
#2780 = DIRECTION('',(-1.,6.139158956793E-15,0.));
#2781 = PCURVE('',#1509,#2782);
#2782 = DEFINITIONAL_REPRESENTATION('',(#2783),#2787);
#2783 = LINE('',#2784,#2785);
#2784 = CARTESIAN_POINT('',(0.,0.));
#2785 = VECTOR('',#2786,1.);
#2786 = DIRECTION('',(-1.89431649319E-31,1.));
#2787 = ( GEOMETRIC_REPRESENTATION_CONTEXT(2) 
PARAMETRIC_REPRESENTATION_CONTEXT() REPRESENTATION_CONTEXT('2D SPACE',''
  ) );
#2788 = PCURVE('',#2668,#2789);
#2789 = DEFINITIONAL_REPRESENTATION('',(#2790),#2794);
#2790 = LINE('',#2791,#2792);
#2791 = CARTESIAN_POINT('',(-4.553646188356E-15,-20.9999864597));
#2792 = VECTOR('',#2793,1.);
#2793 = DIRECTION('',(-1.,2.168404344971E-16));
#2794 = ( GEOMETRIC_REPRESENTATION_CONTEXT(2) 
PARAMETRIC_REPRESENTATION_CONTEXT() REPRESENTATION_CONTEXT('2D SPACE',''
  ) );
#2795 = ORIENTED_EDGE('',*,*,#2629,.F.);
#2796 = ADVANCED_FACE('',(#2797,#2822,#2847),#91,.F.);
#2797 = FACE_BOUND('',#2798,.T.);
#2798 = EDGE_LOOP('',(#2799,#2800));
#2799 = ORIENTED_EDGE('',*,*,#191,.T.);
#2800 = ORIENTED_EDGE('',*,*,#2801,.T.);
#2801 = EDGE_CURVE('',#192,#159,#2802,.T.);
#2802 = SURFACE_CURVE('',#2803,(#2808,#2815),.PCURVE_S1.);
#2803 = CIRCLE('',#2804,1.6);
#2804 = AXIS2_PLACEMENT_3D('',#2805,#2806,#2807);
#2805 = CARTESIAN_POINT('',(-63.19999999999,-15.50071753373,
    -36.49971568656));
#2806 = DIRECTION('',(-1.,5.922318522295E-15,0.));
#2807 = DIRECTION('',(0.,0.,-1.));
#2808 = PCURVE('',#91,#2809);
#2809 = DEFINITIONAL_REPRESENTATION('',(#2810),#2814);
#2810 = CIRCLE('',#2811,1.6);
#2811 = AXIS2_PLACEMENT_2D('',#2812,#2813);
#2812 = CARTESIAN_POINT('',(-36.49971568656,-15.49928246626));
#2813 = DIRECTION('',(-1.,0.));
#2814 = ( GEOMETRIC_REPRESENTATION_CONTEXT(2) 
PARAMETRIC_REPRESENTATION_CONTEXT() REPRESENTATION_CONTEXT('2D SPACE',''
  ) );
#2815 = PCURVE('',#179,#2816);
#2816 = DEFINITIONAL_REPRESENTATION('',(#2817),#2821);
#2817 = LINE('',#2818,#2819);
#2818 = CARTESIAN_POINT('',(6.28318530718,3.));
#2819 = VECTOR('',#2820,1.);
#2820 = DIRECTION('',(-1.,0.));
#2821 = ( GEOMETRIC_REPRESENTATION_CONTEXT(2) 
PARAMETRIC_REPRESENTATION_CONTEXT() REPRESENTATION_CONTEXT('2D SPACE',''
  ) );
#2822 = FACE_BOUND('',#2823,.T.);
#2823 = EDGE_LOOP('',(#2824,#2825));
#2824 = ORIENTED_EDGE('',*,*,#74,.T.);
#2825 = ORIENTED_EDGE('',*,*,#2826,.T.);
#2826 = EDGE_CURVE('',#75,#42,#2827,.T.);
#2827 = SURFACE_CURVE('',#2828,(#2833,#2840),.PCURVE_S1.);
#2828 = CIRCLE('',#2829,1.6);
#2829 = AXIS2_PLACEMENT_3D('',#2830,#2831,#2832);
#2830 = CARTESIAN_POINT('',(-63.19999999999,-15.50155691282,
    -5.499715697928));
#2831 = DIRECTION('',(-1.,5.922318522295E-15,0.));
#2832 = DIRECTION('',(0.,0.,-1.));
#2833 = PCURVE('',#91,#2834);
#2834 = DEFINITIONAL_REPRESENTATION('',(#2835),#2839);
#2835 = CIRCLE('',#2836,1.6);
#2836 = AXIS2_PLACEMENT_2D('',#2837,#2838);
#2837 = CARTESIAN_POINT('',(-5.499715697928,-15.50012184535));
#2838 = DIRECTION('',(-1.,0.));
#2839 = ( GEOMETRIC_REPRESENTATION_CONTEXT(2) 
PARAMETRIC_REPRESENTATION_CONTEXT() REPRESENTATION_CONTEXT('2D SPACE',''
  ) );
#2840 = PCURVE('',#62,#2841);
#2841 = DEFINITIONAL_REPRESENTATION('',(#2842),#2846);
#2842 = LINE('',#2843,#2844);
#2843 = CARTESIAN_POINT('',(6.28318530718,3.));
#2844 = VECTOR('',#2845,1.);
#2845 = DIRECTION('',(-1.,0.));
#2846 = ( GEOMETRIC_REPRESENTATION_CONTEXT(2) 
PARAMETRIC_REPRESENTATION_CONTEXT() REPRESENTATION_CONTEXT('2D SPACE',''
  ) );
#2847 = FACE_BOUND('',#2848,.T.);
#2848 = EDGE_LOOP('',(#2849,#2850,#2873,#2894));
#2849 = ORIENTED_EDGE('',*,*,#1470,.T.);
#2850 = ORIENTED_EDGE('',*,*,#2851,.F.);
#2851 = EDGE_CURVE('',#2852,#1443,#2854,.T.);
#2852 = VERTEX_POINT('',#2853);
#2853 = CARTESIAN_POINT('',(-63.19999999999,-13.00121168171,
    1.083098202289E-04));
#2854 = SURFACE_CURVE('',#2855,(#2859,#2866),.PCURVE_S1.);
#2855 = LINE('',#2856,#2857);
#2856 = CARTESIAN_POINT('',(-63.19999999999,-13.00064307007,-43.2));
#2857 = VECTOR('',#2858,1.);
#2858 = DIRECTION('',(7.795117617918E-20,1.316227350584E-05,
    -0.999999999913));
#2859 = PCURVE('',#91,#2860);
#2860 = DEFINITIONAL_REPRESENTATION('',(#2861),#2865);
#2861 = LINE('',#2862,#2863);
#2862 = CARTESIAN_POINT('',(-43.2,-12.9992080026));
#2863 = VECTOR('',#2864,1.);
#2864 = DIRECTION('',(-0.999999999913,1.316227350584E-05));
#2865 = ( GEOMETRIC_REPRESENTATION_CONTEXT(2) 
PARAMETRIC_REPRESENTATION_CONTEXT() REPRESENTATION_CONTEXT('2D SPACE',''
  ) );
#2866 = PCURVE('',#1458,#2867);
#2867 = DEFINITIONAL_REPRESENTATION('',(#2868),#2872);
#2868 = LINE('',#2869,#2870);
#2869 = CARTESIAN_POINT('',(4.458289590795E-23,-3.));
#2870 = VECTOR('',#2871,1.);
#2871 = DIRECTION('',(1.,0.));
#2872 = ( GEOMETRIC_REPRESENTATION_CONTEXT(2) 
PARAMETRIC_REPRESENTATION_CONTEXT() REPRESENTATION_CONTEXT('2D SPACE',''
  ) );
#2873 = ORIENTED_EDGE('',*,*,#2874,.F.);
#2874 = EDGE_CURVE('',#2707,#2852,#2875,.T.);
#2875 = SURFACE_CURVE('',#2876,(#2880,#2887),.PCURVE_S1.);
#2876 = LINE('',#2877,#2878);
#2877 = CARTESIAN_POINT('',(-63.19999999999,-13.00121168171,
    1.083098202289E-04));
#2878 = VECTOR('',#2879,1.);
#2879 = DIRECTION('',(5.922318521965E-15,0.999999999944,
    1.05665954022E-05));
#2880 = PCURVE('',#91,#2881);
#2881 = DEFINITIONAL_REPRESENTATION('',(#2882),#2886);
#2882 = LINE('',#2883,#2884);
#2883 = CARTESIAN_POINT('',(1.083098202289E-04,-12.99977661424));
#2884 = VECTOR('',#2885,1.);
#2885 = DIRECTION('',(1.05665954022E-05,0.999999999944));
#2886 = ( GEOMETRIC_REPRESENTATION_CONTEXT(2) 
PARAMETRIC_REPRESENTATION_CONTEXT() REPRESENTATION_CONTEXT('2D SPACE',''
  ) );
#2887 = PCURVE('',#2365,#2888);
#2888 = DEFINITIONAL_REPRESENTATION('',(#2889),#2893);
#2889 = LINE('',#2890,#2891);
#2890 = CARTESIAN_POINT('',(3.387172883597E-18,-3.));
#2891 = VECTOR('',#2892,1.);
#2892 = DIRECTION('',(1.,1.577721810569E-30));
#2893 = ( GEOMETRIC_REPRESENTATION_CONTEXT(2) 
PARAMETRIC_REPRESENTATION_CONTEXT() REPRESENTATION_CONTEXT('2D SPACE',''
  ) );
#2894 = ORIENTED_EDGE('',*,*,#2706,.F.);
#2895 = ADVANCED_FACE('',(#2896),#1458,.T.);
#2896 = FACE_BOUND('',#2897,.T.);
#2897 = EDGE_LOOP('',(#2898,#2899,#2920,#2921));
#2898 = ORIENTED_EDGE('',*,*,#2377,.F.);
#2899 = ORIENTED_EDGE('',*,*,#2900,.T.);
#2900 = EDGE_CURVE('',#2350,#2852,#2901,.T.);
#2901 = SURFACE_CURVE('',#2902,(#2906,#2913),.PCURVE_S1.);
#2902 = LINE('',#2903,#2904);
#2903 = CARTESIAN_POINT('',(-66.19999999999,-13.00121168171,
    1.083098202289E-04));
#2904 = VECTOR('',#2905,1.);
#2905 = DIRECTION('',(1.,-5.922318522295E-15,0.));
#2906 = PCURVE('',#1458,#2907);
#2907 = DEFINITIONAL_REPRESENTATION('',(#2908),#2912);
#2908 = LINE('',#2909,#2910);
#2909 = CARTESIAN_POINT('',(-43.20010831356,-3.36749925411E-18));
#2910 = VECTOR('',#2911,1.);
#2911 = DIRECTION('',(0.,-1.));
#2912 = ( GEOMETRIC_REPRESENTATION_CONTEXT(2) 
PARAMETRIC_REPRESENTATION_CONTEXT() REPRESENTATION_CONTEXT('2D SPACE',''
  ) );
#2913 = PCURVE('',#2365,#2914);
#2914 = DEFINITIONAL_REPRESENTATION('',(#2915),#2919);
#2915 = LINE('',#2916,#2917);
#2916 = CARTESIAN_POINT('',(0.,0.));
#2917 = VECTOR('',#2918,1.);
#2918 = DIRECTION('',(7.88860905221E-31,-1.));
#2919 = ( GEOMETRIC_REPRESENTATION_CONTEXT(2) 
PARAMETRIC_REPRESENTATION_CONTEXT() REPRESENTATION_CONTEXT('2D SPACE',''
  ) );
#2920 = ORIENTED_EDGE('',*,*,#2851,.T.);
#2921 = ORIENTED_EDGE('',*,*,#1442,.F.);
#2922 = ADVANCED_FACE('',(#2923),#1097,.T.);
#2923 = FACE_BOUND('',#2924,.T.);
#2924 = EDGE_LOOP('',(#2925,#2948,#2969,#2970,#2971));
#2925 = ORIENTED_EDGE('',*,*,#2926,.T.);
#2926 = EDGE_CURVE('',#2653,#2927,#2929,.T.);
#2927 = VERTEX_POINT('',#2928);
#2928 = CARTESIAN_POINT('',(-44.99999999999,-23.25142152717,0.));
#2929 = SURFACE_CURVE('',#2930,(#2934,#2941),.PCURVE_S1.);
#2930 = LINE('',#2931,#2932);
#2931 = CARTESIAN_POINT('',(-44.99999999999,-23.25142152717,-42.));
#2932 = VECTOR('',#2933,1.);
#2933 = DIRECTION('',(-5.173733248011E-30,-8.73599288612E-16,1.));
#2934 = PCURVE('',#1097,#2935);
#2935 = DEFINITIONAL_REPRESENTATION('',(#2936),#2940);
#2936 = LINE('',#2937,#2938);
#2937 = CARTESIAN_POINT('',(-3.05926266515E-30,44.999999999994));
#2938 = VECTOR('',#2939,1.);
#2939 = DIRECTION('',(1.,0.));
#2940 = ( GEOMETRIC_REPRESENTATION_CONTEXT(2) 
PARAMETRIC_REPRESENTATION_CONTEXT() REPRESENTATION_CONTEXT('2D SPACE',''
  ) );
#2941 = PCURVE('',#315,#2942);
#2942 = DEFINITIONAL_REPRESENTATION('',(#2943),#2947);
#2943 = LINE('',#2944,#2945);
#2944 = CARTESIAN_POINT('',(0.,-23.2499864597));
#2945 = VECTOR('',#2946,1.);
#2946 = DIRECTION('',(1.,-8.73599288612E-16));
#2947 = ( GEOMETRIC_REPRESENTATION_CONTEXT(2) 
PARAMETRIC_REPRESENTATION_CONTEXT() REPRESENTATION_CONTEXT('2D SPACE',''
  ) );
#2948 = ORIENTED_EDGE('',*,*,#2949,.T.);
#2949 = EDGE_CURVE('',#2927,#2299,#2950,.T.);
#2950 = SURFACE_CURVE('',#2951,(#2955,#2962),.PCURVE_S1.);
#2951 = LINE('',#2952,#2953);
#2952 = CARTESIAN_POINT('',(-1.402188434998E-13,-23.25142152717,0.));
#2953 = VECTOR('',#2954,1.);
#2954 = DIRECTION('',(-1.,6.030738739544E-15,0.));
#2955 = PCURVE('',#1097,#2956);
#2956 = DEFINITIONAL_REPRESENTATION('',(#2957),#2961);
#2957 = LINE('',#2958,#2959);
#2958 = CARTESIAN_POINT('',(42.,-8.328423760222E-30));
#2959 = VECTOR('',#2960,1.);
#2960 = DIRECTION('',(-9.471582465949E-32,1.));
#2961 = ( GEOMETRIC_REPRESENTATION_CONTEXT(2) 
PARAMETRIC_REPRESENTATION_CONTEXT() REPRESENTATION_CONTEXT('2D SPACE',''
  ) );
#2962 = PCURVE('',#2337,#2963);
#2963 = DEFINITIONAL_REPRESENTATION('',(#2964),#2968);
#2964 = LINE('',#2965,#2966);
#2965 = CARTESIAN_POINT('',(-2.520768582987E-15,-23.2499864597));
#2966 = VECTOR('',#2967,1.);
#2967 = DIRECTION('',(-1.,1.084202172486E-16));
#2968 = ( GEOMETRIC_REPRESENTATION_CONTEXT(2) 
PARAMETRIC_REPRESENTATION_CONTEXT() REPRESENTATION_CONTEXT('2D SPACE',''
  ) );
#2969 = ORIENTED_EDGE('',*,*,#2298,.F.);
#2970 = ORIENTED_EDGE('',*,*,#1081,.T.);
#2971 = ORIENTED_EDGE('',*,*,#2680,.T.);
#2972 = ADVANCED_FACE('',(#2973),#2337,.T.);
#2973 = FACE_BOUND('',#2974,.T.);
#2974 = EDGE_LOOP('',(#2975,#2976,#2999,#3027,#3048,#3049,#3073));
#2975 = ORIENTED_EDGE('',*,*,#2949,.F.);
#2976 = ORIENTED_EDGE('',*,*,#2977,.F.);
#2977 = EDGE_CURVE('',#2978,#2927,#2980,.T.);
#2978 = VERTEX_POINT('',#2979);
#2979 = CARTESIAN_POINT('',(-44.99999999999,-32.00085292304,0.));
#2980 = SURFACE_CURVE('',#2981,(#2985,#2992),.PCURVE_S1.);
#2981 = LINE('',#2982,#2983);
#2982 = CARTESIAN_POINT('',(-44.99999999999,-1.435067465674E-03,0.));
#2983 = VECTOR('',#2984,1.);
#2984 = DIRECTION('',(5.922318522295E-15,1.,0.));
#2985 = PCURVE('',#2337,#2986);
#2986 = DEFINITIONAL_REPRESENTATION('',(#2987),#2991);
#2987 = LINE('',#2988,#2989);
#2988 = CARTESIAN_POINT('',(-44.99999999999,-6.693154696154E-20));
#2989 = VECTOR('',#2990,1.);
#2990 = DIRECTION('',(0.,1.));
#2991 = ( GEOMETRIC_REPRESENTATION_CONTEXT(2) 
PARAMETRIC_REPRESENTATION_CONTEXT() REPRESENTATION_CONTEXT('2D SPACE',''
  ) );
#2992 = PCURVE('',#315,#2993);
#2993 = DEFINITIONAL_REPRESENTATION('',(#2994),#2998);
#2994 = LINE('',#2995,#2996);
#2995 = CARTESIAN_POINT('',(42.,-3.669113624039E-14));
#2996 = VECTOR('',#2997,1.);
#2997 = DIRECTION('',(0.,1.));
#2998 = ( GEOMETRIC_REPRESENTATION_CONTEXT(2) 
PARAMETRIC_REPRESENTATION_CONTEXT() REPRESENTATION_CONTEXT('2D SPACE',''
  ) );
#2999 = ORIENTED_EDGE('',*,*,#3000,.F.);
#3000 = EDGE_CURVE('',#3001,#2978,#3003,.T.);
#3001 = VERTEX_POINT('',#3002);
#3002 = CARTESIAN_POINT('',(-39.99999999999,-32.00085292304,0.));
#3003 = SURFACE_CURVE('',#3004,(#3008,#3015),.PCURVE_S1.);
#3004 = LINE('',#3005,#3006);
#3005 = CARTESIAN_POINT('',(-1.895149945321E-13,-32.00085292304,0.));
#3006 = VECTOR('',#3007,1.);
#3007 = DIRECTION('',(-1.,5.922318522295E-15,0.));
#3008 = PCURVE('',#2337,#3009);
#3009 = DEFINITIONAL_REPRESENTATION('',(#3010),#3014);
#3010 = LINE('',#3011,#3012);
#3011 = CARTESIAN_POINT('',(2.524354896707E-29,-31.99941785558));
#3012 = VECTOR('',#3013,1.);
#3013 = DIRECTION('',(-1.,0.));
#3014 = ( GEOMETRIC_REPRESENTATION_CONTEXT(2) 
PARAMETRIC_REPRESENTATION_CONTEXT() REPRESENTATION_CONTEXT('2D SPACE',''
  ) );
#3015 = PCURVE('',#3016,#3021);
#3016 = PLANE('',#3017);
#3017 = AXIS2_PLACEMENT_3D('',#3018,#3019,#3020);
#3018 = CARTESIAN_POINT('',(-1.895149945321E-13,-32.00085292304,-42.));
#3019 = DIRECTION('',(-5.922318522295E-15,-1.,-8.73599288612E-16));
#3020 = DIRECTION('',(-5.173733248011E-30,-8.73599288612E-16,1.));
#3021 = DEFINITIONAL_REPRESENTATION('',(#3022),#3026);
#3022 = LINE('',#3023,#3024);
#3023 = CARTESIAN_POINT('',(42.,-8.454628507146E-30));
#3024 = VECTOR('',#3025,1.);
#3025 = DIRECTION('',(1.150090654753E-47,1.));
#3026 = ( GEOMETRIC_REPRESENTATION_CONTEXT(2) 
PARAMETRIC_REPRESENTATION_CONTEXT() REPRESENTATION_CONTEXT('2D SPACE',''
  ) );
#3027 = ORIENTED_EDGE('',*,*,#3028,.T.);
#3028 = EDGE_CURVE('',#3001,#2730,#3029,.T.);
#3029 = SURFACE_CURVE('',#3030,(#3034,#3041),.PCURVE_S1.);
#3030 = LINE('',#3031,#3032);
#3031 = CARTESIAN_POINT('',(-39.99999999999,-1.435067465703E-03,0.));
#3032 = VECTOR('',#3033,1.);
#3033 = DIRECTION('',(5.922318522295E-15,1.,0.));
#3034 = PCURVE('',#2337,#3035);
#3035 = DEFINITIONAL_REPRESENTATION('',(#3036),#3040);
#3036 = LINE('',#3037,#3038);
#3037 = CARTESIAN_POINT('',(-39.99999999999,-2.040549939182E-19));
#3038 = VECTOR('',#3039,1.);
#3039 = DIRECTION('',(0.,1.));
#3040 = ( GEOMETRIC_REPRESENTATION_CONTEXT(2) 
PARAMETRIC_REPRESENTATION_CONTEXT() REPRESENTATION_CONTEXT('2D SPACE',''
  ) );
#3041 = PCURVE('',#369,#3042);
#3042 = DEFINITIONAL_REPRESENTATION('',(#3043),#3047);
#3043 = LINE('',#3044,#3045);
#3044 = CARTESIAN_POINT('',(42.,-3.669113624039E-14));
#3045 = VECTOR('',#3046,1.);
#3046 = DIRECTION('',(0.,1.));
#3047 = ( GEOMETRIC_REPRESENTATION_CONTEXT(2) 
PARAMETRIC_REPRESENTATION_CONTEXT() REPRESENTATION_CONTEXT('2D SPACE',''
  ) );
#3048 = ORIENTED_EDGE('',*,*,#2729,.T.);
#3049 = ORIENTED_EDGE('',*,*,#3050,.T.);
#3050 = EDGE_CURVE('',#2707,#2322,#3051,.T.);
#3051 = SURFACE_CURVE('',#3052,(#3057,#3065),.PCURVE_S1.);
#3052 = B_SPLINE_CURVE_WITH_KNOTS('',3,(#3053,#3054,#3055,#3056),
  .UNSPECIFIED.,.F.,.F.,(4,4),(0.,1.),.PIECEWISE_BEZIER_KNOTS.);
#3053 = CARTESIAN_POINT('',(-63.19999999999,-21.00142152729,
    1.188741982594E-05));
#3054 = CARTESIAN_POINT('',(-64.19999999999,-21.00142152717,0.));
#3055 = CARTESIAN_POINT('',(-65.19999999999,-21.00142152717,0.));
#3056 = CARTESIAN_POINT('',(-66.19999999999,-21.00142152736,
    1.783112973891E-05));
#3057 = PCURVE('',#2337,#3058);
#3058 = DEFINITIONAL_REPRESENTATION('',(#3059),#3064);
#3059 = B_SPLINE_CURVE_WITH_KNOTS('',3,(#3060,#3061,#3062,#3063),
  .UNSPECIFIED.,.F.,.F.,(4,4),(0.,1.),.PIECEWISE_BEZIER_KNOTS.);
#3060 = CARTESIAN_POINT('',(-63.19999999999,-20.99998645983));
#3061 = CARTESIAN_POINT('',(-64.19999999999,-20.9999864597));
#3062 = CARTESIAN_POINT('',(-65.19999999999,-20.9999864597));
#3063 = CARTESIAN_POINT('',(-66.19999999999,-20.99998645989));
#3064 = ( GEOMETRIC_REPRESENTATION_CONTEXT(2) 
PARAMETRIC_REPRESENTATION_CONTEXT() REPRESENTATION_CONTEXT('2D SPACE',''
  ) );
#3065 = PCURVE('',#2365,#3066);
#3066 = DEFINITIONAL_REPRESENTATION('',(#3067),#3072);
#3067 = B_SPLINE_CURVE_WITH_KNOTS('',3,(#3068,#3069,#3070,#3071),
  .UNSPECIFIED.,.F.,.F.,(4,4),(0.,1.),.PIECEWISE_BEZIER_KNOTS.);
#3068 = CARTESIAN_POINT('',(-8.000209846157,-3.));
#3069 = CARTESIAN_POINT('',(-8.000209846157,-2.));
#3070 = CARTESIAN_POINT('',(-8.000209846157,-1.));
#3071 = CARTESIAN_POINT('',(-8.000209846157,-1.42108547152E-14));
#3072 = ( GEOMETRIC_REPRESENTATION_CONTEXT(2) 
PARAMETRIC_REPRESENTATION_CONTEXT() REPRESENTATION_CONTEXT('2D SPACE',''
  ) );
#3073 = ORIENTED_EDGE('',*,*,#2321,.F.);
#3074 = ADVANCED_FACE('',(#3075),#2668,.F.);
#3075 = FACE_BOUND('',#3076,.T.);
#3076 = EDGE_LOOP('',(#3077,#3078,#3079,#3102,#3125));
#3077 = ORIENTED_EDGE('',*,*,#2652,.T.);
#3078 = ORIENTED_EDGE('',*,*,#2775,.F.);
#3079 = ORIENTED_EDGE('',*,*,#3080,.F.);
#3080 = EDGE_CURVE('',#3081,#2753,#3083,.T.);
#3081 = VERTEX_POINT('',#3082);
#3082 = CARTESIAN_POINT('',(-39.99999999999,-32.00085292304,-42.));
#3083 = SURFACE_CURVE('',#3084,(#3088,#3095),.PCURVE_S1.);
#3084 = LINE('',#3085,#3086);
#3085 = CARTESIAN_POINT('',(-39.99999999999,-1.435067465667E-03,-42.));
#3086 = VECTOR('',#3087,1.);
#3087 = DIRECTION('',(5.922318522295E-15,1.,0.));
#3088 = PCURVE('',#2668,#3089);
#3089 = DEFINITIONAL_REPRESENTATION('',(#3090),#3094);
#3090 = LINE('',#3091,#3092);
#3091 = CARTESIAN_POINT('',(-39.99999999999,-2.040549939182E-19));
#3092 = VECTOR('',#3093,1.);
#3093 = DIRECTION('',(0.,1.));
#3094 = ( GEOMETRIC_REPRESENTATION_CONTEXT(2) 
PARAMETRIC_REPRESENTATION_CONTEXT() REPRESENTATION_CONTEXT('2D SPACE',''
  ) );
#3095 = PCURVE('',#369,#3096);
#3096 = DEFINITIONAL_REPRESENTATION('',(#3097),#3101);
#3097 = LINE('',#3098,#3099);
#3098 = CARTESIAN_POINT('',(0.,0.));
#3099 = VECTOR('',#3100,1.);
#3100 = DIRECTION('',(0.,1.));
#3101 = ( GEOMETRIC_REPRESENTATION_CONTEXT(2) 
PARAMETRIC_REPRESENTATION_CONTEXT() REPRESENTATION_CONTEXT('2D SPACE',''
  ) );
#3102 = ORIENTED_EDGE('',*,*,#3103,.T.);
#3103 = EDGE_CURVE('',#3081,#3104,#3106,.T.);
#3104 = VERTEX_POINT('',#3105);
#3105 = CARTESIAN_POINT('',(-44.99999999999,-32.00085292304,-42.));
#3106 = SURFACE_CURVE('',#3107,(#3111,#3118),.PCURVE_S1.);
#3107 = LINE('',#3108,#3109);
#3108 = CARTESIAN_POINT('',(-1.895149945321E-13,-32.00085292304,-42.));
#3109 = VECTOR('',#3110,1.);
#3110 = DIRECTION('',(-1.,5.922318522295E-15,0.));
#3111 = PCURVE('',#2668,#3112);
#3112 = DEFINITIONAL_REPRESENTATION('',(#3113),#3117);
#3113 = LINE('',#3114,#3115);
#3114 = CARTESIAN_POINT('',(5.048709793414E-29,-31.99941785558));
#3115 = VECTOR('',#3116,1.);
#3116 = DIRECTION('',(-1.,0.));
#3117 = ( GEOMETRIC_REPRESENTATION_CONTEXT(2) 
PARAMETRIC_REPRESENTATION_CONTEXT() REPRESENTATION_CONTEXT('2D SPACE',''
  ) );
#3118 = PCURVE('',#3016,#3119);
#3119 = DEFINITIONAL_REPRESENTATION('',(#3120),#3124);
#3120 = LINE('',#3121,#3122);
#3121 = CARTESIAN_POINT('',(0.,0.));
#3122 = VECTOR('',#3123,1.);
#3123 = DIRECTION('',(1.150090654753E-47,1.));
#3124 = ( GEOMETRIC_REPRESENTATION_CONTEXT(2) 
PARAMETRIC_REPRESENTATION_CONTEXT() REPRESENTATION_CONTEXT('2D SPACE',''
  ) );
#3125 = ORIENTED_EDGE('',*,*,#3126,.T.);
#3126 = EDGE_CURVE('',#3104,#2653,#3127,.T.);
#3127 = SURFACE_CURVE('',#3128,(#3132,#3139),.PCURVE_S1.);
#3128 = LINE('',#3129,#3130);
#3129 = CARTESIAN_POINT('',(-44.99999999999,-1.435067465637E-03,-42.));
#3130 = VECTOR('',#3131,1.);
#3131 = DIRECTION('',(5.922318522295E-15,1.,0.));
#3132 = PCURVE('',#2668,#3133);
#3133 = DEFINITIONAL_REPRESENTATION('',(#3134),#3138);
#3134 = LINE('',#3135,#3136);
#3135 = CARTESIAN_POINT('',(-44.99999999999,-6.693154696154E-20));
#3136 = VECTOR('',#3137,1.);
#3137 = DIRECTION('',(0.,1.));
#3138 = ( GEOMETRIC_REPRESENTATION_CONTEXT(2) 
PARAMETRIC_REPRESENTATION_CONTEXT() REPRESENTATION_CONTEXT('2D SPACE',''
  ) );
#3139 = PCURVE('',#315,#3140);
#3140 = DEFINITIONAL_REPRESENTATION('',(#3141),#3145);
#3141 = LINE('',#3142,#3143);
#3142 = CARTESIAN_POINT('',(0.,0.));
#3143 = VECTOR('',#3144,1.);
#3144 = DIRECTION('',(0.,1.));
#3145 = ( GEOMETRIC_REPRESENTATION_CONTEXT(2) 
PARAMETRIC_REPRESENTATION_CONTEXT() REPRESENTATION_CONTEXT('2D SPACE',''
  ) );
#3146 = ADVANCED_FACE('',(#3147,#3176,#3205),#315,.T.);
#3147 = FACE_BOUND('',#3148,.T.);
#3148 = EDGE_LOOP('',(#3149,#3150));
#3149 = ORIENTED_EDGE('',*,*,#298,.T.);
#3150 = ORIENTED_EDGE('',*,*,#3151,.T.);
#3151 = EDGE_CURVE('',#299,#266,#3152,.T.);
#3152 = SURFACE_CURVE('',#3153,(#3158,#3169),.PCURVE_S1.);
#3153 = CIRCLE('',#3154,2.1);
#3154 = AXIS2_PLACEMENT_3D('',#3155,#3156,#3157);
#3155 = CARTESIAN_POINT('',(-44.99999999999,-26.50113722511,
    -5.499864614342));
#3156 = DIRECTION('',(1.,-5.922318522295E-15,0.));
#3157 = DIRECTION('',(0.,0.,1.));
#3158 = PCURVE('',#315,#3159);
#3159 = DEFINITIONAL_REPRESENTATION('',(#3160),#3168);
#3160 = ( BOUNDED_CURVE() B_SPLINE_CURVE(2,(#3161,#3162,#3163,#3164,
#3165,#3166,#3167),.UNSPECIFIED.,.T.,.F.) B_SPLINE_CURVE_WITH_KNOTS((1,2
    ,2,2,2,1),(-2.094395102393,0.,2.094395102393,4.188790204786,
6.28318530718,8.377580409573),.UNSPECIFIED.) CURVE() 
GEOMETRIC_REPRESENTATION_ITEM() RATIONAL_B_SPLINE_CURVE((1.,0.5,1.,0.5,
1.,0.5,1.)) REPRESENTATION_ITEM('') );
#3161 = CARTESIAN_POINT('',(38.600135385658,-26.49970215764));
#3162 = CARTESIAN_POINT('',(38.600135385658,-30.13700885353));
#3163 = CARTESIAN_POINT('',(35.450135385658,-28.31835550559));
#3164 = CARTESIAN_POINT('',(32.300135385658,-26.49970215764));
#3165 = CARTESIAN_POINT('',(35.450135385658,-24.68104880969));
#3166 = CARTESIAN_POINT('',(38.600135385658,-22.86239546175));
#3167 = CARTESIAN_POINT('',(38.600135385658,-26.49970215764));
#3168 = ( GEOMETRIC_REPRESENTATION_CONTEXT(2) 
PARAMETRIC_REPRESENTATION_CONTEXT() REPRESENTATION_CONTEXT('2D SPACE',''
  ) );
#3169 = PCURVE('',#286,#3170);
#3170 = DEFINITIONAL_REPRESENTATION('',(#3171),#3175);
#3171 = LINE('',#3172,#3173);
#3172 = CARTESIAN_POINT('',(6.28318530718,5.));
#3173 = VECTOR('',#3174,1.);
#3174 = DIRECTION('',(-1.,0.));
#3175 = ( GEOMETRIC_REPRESENTATION_CONTEXT(2) 
PARAMETRIC_REPRESENTATION_CONTEXT() REPRESENTATION_CONTEXT('2D SPACE',''
  ) );
#3176 = FACE_BOUND('',#3177,.T.);
#3177 = EDGE_LOOP('',(#3178,#3179));
#3178 = ORIENTED_EDGE('',*,*,#423,.T.);
#3179 = ORIENTED_EDGE('',*,*,#3180,.T.);
#3180 = EDGE_CURVE('',#424,#391,#3181,.T.);
#3181 = SURFACE_CURVE('',#3182,(#3187,#3198),.PCURVE_S1.);
#3182 = CIRCLE('',#3183,2.1);
#3183 = AXIS2_PLACEMENT_3D('',#3184,#3185,#3186);
#3184 = CARTESIAN_POINT('',(-44.99999999999,-26.50113722511,
    -36.49986461434));
#3185 = DIRECTION('',(1.,-5.922318522295E-15,0.));
#3186 = DIRECTION('',(0.,0.,1.));
#3187 = PCURVE('',#315,#3188);
#3188 = DEFINITIONAL_REPRESENTATION('',(#3189),#3197);
#3189 = ( BOUNDED_CURVE() B_SPLINE_CURVE(2,(#3190,#3191,#3192,#3193,
#3194,#3195,#3196),.UNSPECIFIED.,.T.,.F.) B_SPLINE_CURVE_WITH_KNOTS((1,2
    ,2,2,2,1),(-2.094395102393,0.,2.094395102393,4.188790204786,
6.28318530718,8.377580409573),.UNSPECIFIED.) CURVE() 
GEOMETRIC_REPRESENTATION_ITEM() RATIONAL_B_SPLINE_CURVE((1.,0.5,1.,0.5,
1.,0.5,1.)) REPRESENTATION_ITEM('') );
#3190 = CARTESIAN_POINT('',(7.600135385658,-26.49970215764));
#3191 = CARTESIAN_POINT('',(7.600135385658,-30.13700885353));
#3192 = CARTESIAN_POINT('',(4.450135385658,-28.31835550559));
#3193 = CARTESIAN_POINT('',(1.300135385658,-26.49970215764));
#3194 = CARTESIAN_POINT('',(4.450135385658,-24.68104880969));
#3195 = CARTESIAN_POINT('',(7.600135385658,-22.86239546175));
#3196 = CARTESIAN_POINT('',(7.600135385658,-26.49970215764));
#3197 = ( GEOMETRIC_REPRESENTATION_CONTEXT(2) 
PARAMETRIC_REPRESENTATION_CONTEXT() REPRESENTATION_CONTEXT('2D SPACE',''
  ) );
#3198 = PCURVE('',#411,#3199);
#3199 = DEFINITIONAL_REPRESENTATION('',(#3200),#3204);
#3200 = LINE('',#3201,#3202);
#3201 = CARTESIAN_POINT('',(6.28318530718,5.));
#3202 = VECTOR('',#3203,1.);
#3203 = DIRECTION('',(-1.,0.));
#3204 = ( GEOMETRIC_REPRESENTATION_CONTEXT(2) 
PARAMETRIC_REPRESENTATION_CONTEXT() REPRESENTATION_CONTEXT('2D SPACE',''
  ) );
#3205 = FACE_BOUND('',#3206,.T.);
#3206 = EDGE_LOOP('',(#3207,#3208,#3209,#3210));
#3207 = ORIENTED_EDGE('',*,*,#2977,.T.);
#3208 = ORIENTED_EDGE('',*,*,#2926,.F.);
#3209 = ORIENTED_EDGE('',*,*,#3126,.F.);
#3210 = ORIENTED_EDGE('',*,*,#3211,.T.);
#3211 = EDGE_CURVE('',#3104,#2978,#3212,.T.);
#3212 = SURFACE_CURVE('',#3213,(#3217,#3224),.PCURVE_S1.);
#3213 = LINE('',#3214,#3215);
#3214 = CARTESIAN_POINT('',(-44.99999999999,-32.00085292304,-42.));
#3215 = VECTOR('',#3216,1.);
#3216 = DIRECTION('',(-5.173733248011E-30,-8.73599288612E-16,1.));
#3217 = PCURVE('',#315,#3218);
#3218 = DEFINITIONAL_REPRESENTATION('',(#3219),#3223);
#3219 = LINE('',#3220,#3221);
#3220 = CARTESIAN_POINT('',(0.,-31.99941785558));
#3221 = VECTOR('',#3222,1.);
#3222 = DIRECTION('',(1.,-8.73599288612E-16));
#3223 = ( GEOMETRIC_REPRESENTATION_CONTEXT(2) 
PARAMETRIC_REPRESENTATION_CONTEXT() REPRESENTATION_CONTEXT('2D SPACE',''
  ) );
#3224 = PCURVE('',#3016,#3225);
#3225 = DEFINITIONAL_REPRESENTATION('',(#3226),#3230);
#3226 = LINE('',#3227,#3228);
#3227 = CARTESIAN_POINT('',(-3.05926266515E-30,44.999999999994));
#3228 = VECTOR('',#3229,1.);
#3229 = DIRECTION('',(1.,0.));
#3230 = ( GEOMETRIC_REPRESENTATION_CONTEXT(2) 
PARAMETRIC_REPRESENTATION_CONTEXT() REPRESENTATION_CONTEXT('2D SPACE',''
  ) );
#3231 = ADVANCED_FACE('',(#3232),#3016,.T.);
#3232 = FACE_BOUND('',#3233,.T.);
#3233 = EDGE_LOOP('',(#3234,#3235,#3236,#3237));
#3234 = ORIENTED_EDGE('',*,*,#3000,.T.);
#3235 = ORIENTED_EDGE('',*,*,#3211,.F.);
#3236 = ORIENTED_EDGE('',*,*,#3103,.F.);
#3237 = ORIENTED_EDGE('',*,*,#3238,.T.);
#3238 = EDGE_CURVE('',#3081,#3001,#3239,.T.);
#3239 = SURFACE_CURVE('',#3240,(#3244,#3251),.PCURVE_S1.);
#3240 = LINE('',#3241,#3242);
#3241 = CARTESIAN_POINT('',(-39.99999999999,-32.00085292304,-42.));
#3242 = VECTOR('',#3243,1.);
#3243 = DIRECTION('',(-5.173733248011E-30,-8.73599288612E-16,1.));
#3244 = PCURVE('',#3016,#3245);
#3245 = DEFINITIONAL_REPRESENTATION('',(#3246),#3250);
#3246 = LINE('',#3247,#3248);
#3247 = CARTESIAN_POINT('',(2.108552519218E-30,39.999999999994));
#3248 = VECTOR('',#3249,1.);
#3249 = DIRECTION('',(1.,0.));
#3250 = ( GEOMETRIC_REPRESENTATION_CONTEXT(2) 
PARAMETRIC_REPRESENTATION_CONTEXT() REPRESENTATION_CONTEXT('2D SPACE',''
  ) );
#3251 = PCURVE('',#369,#3252);
#3252 = DEFINITIONAL_REPRESENTATION('',(#3253),#3257);
#3253 = LINE('',#3254,#3255);
#3254 = CARTESIAN_POINT('',(0.,-31.99941785558));
#3255 = VECTOR('',#3256,1.);
#3256 = DIRECTION('',(1.,-8.73599288612E-16));
#3257 = ( GEOMETRIC_REPRESENTATION_CONTEXT(2) 
PARAMETRIC_REPRESENTATION_CONTEXT() REPRESENTATION_CONTEXT('2D SPACE',''
  ) );
#3258 = ADVANCED_FACE('',(#3259,#3288,#3317),#369,.F.);
#3259 = FACE_BOUND('',#3260,.T.);
#3260 = EDGE_LOOP('',(#3261,#3262));
#3261 = ORIENTED_EDGE('',*,*,#354,.F.);
#3262 = ORIENTED_EDGE('',*,*,#3263,.F.);
#3263 = EDGE_CURVE('',#332,#264,#3264,.T.);
#3264 = SURFACE_CURVE('',#3265,(#3270,#3281),.PCURVE_S1.);
#3265 = CIRCLE('',#3266,2.1);
#3266 = AXIS2_PLACEMENT_3D('',#3267,#3268,#3269);
#3267 = CARTESIAN_POINT('',(-39.99999999999,-26.50113722511,
    -5.499864614342));
#3268 = DIRECTION('',(1.,-5.922318522295E-15,0.));
#3269 = DIRECTION('',(0.,0.,1.));
#3270 = PCURVE('',#369,#3271);
#3271 = DEFINITIONAL_REPRESENTATION('',(#3272),#3280);
#3272 = ( BOUNDED_CURVE() B_SPLINE_CURVE(2,(#3273,#3274,#3275,#3276,
#3277,#3278,#3279),.UNSPECIFIED.,.T.,.F.) B_SPLINE_CURVE_WITH_KNOTS((1,2
    ,2,2,2,1),(-2.094395102393,0.,2.094395102393,4.188790204786,
6.28318530718,8.377580409573),.UNSPECIFIED.) CURVE() 
GEOMETRIC_REPRESENTATION_ITEM() RATIONAL_B_SPLINE_CURVE((1.,0.5,1.,0.5,
1.,0.5,1.)) REPRESENTATION_ITEM('') );
#3273 = CARTESIAN_POINT('',(38.600135385658,-26.49970215764));
#3274 = CARTESIAN_POINT('',(38.600135385658,-30.13700885353));
#3275 = CARTESIAN_POINT('',(35.450135385658,-28.31835550559));
#3276 = CARTESIAN_POINT('',(32.300135385658,-26.49970215764));
#3277 = CARTESIAN_POINT('',(35.450135385658,-24.68104880969));
#3278 = CARTESIAN_POINT('',(38.600135385658,-22.86239546175));
#3279 = CARTESIAN_POINT('',(38.600135385658,-26.49970215764));
#3280 = ( GEOMETRIC_REPRESENTATION_CONTEXT(2) 
PARAMETRIC_REPRESENTATION_CONTEXT() REPRESENTATION_CONTEXT('2D SPACE',''
  ) );
#3281 = PCURVE('',#286,#3282);
#3282 = DEFINITIONAL_REPRESENTATION('',(#3283),#3287);
#3283 = LINE('',#3284,#3285);
#3284 = CARTESIAN_POINT('',(6.28318530718,0.));
#3285 = VECTOR('',#3286,1.);
#3286 = DIRECTION('',(-1.,0.));
#3287 = ( GEOMETRIC_REPRESENTATION_CONTEXT(2) 
PARAMETRIC_REPRESENTATION_CONTEXT() REPRESENTATION_CONTEXT('2D SPACE',''
  ) );
#3288 = FACE_BOUND('',#3289,.T.);
#3289 = EDGE_LOOP('',(#3290,#3291));
#3290 = ORIENTED_EDGE('',*,*,#474,.F.);
#3291 = ORIENTED_EDGE('',*,*,#3292,.F.);
#3292 = EDGE_CURVE('',#452,#389,#3293,.T.);
#3293 = SURFACE_CURVE('',#3294,(#3299,#3310),.PCURVE_S1.);
#3294 = CIRCLE('',#3295,2.1);
#3295 = AXIS2_PLACEMENT_3D('',#3296,#3297,#3298);
#3296 = CARTESIAN_POINT('',(-39.99999999999,-26.50113722511,
    -36.49986461434));
#3297 = DIRECTION('',(1.,-5.922318522295E-15,0.));
#3298 = DIRECTION('',(0.,0.,1.));
#3299 = PCURVE('',#369,#3300);
#3300 = DEFINITIONAL_REPRESENTATION('',(#3301),#3309);
#3301 = ( BOUNDED_CURVE() B_SPLINE_CURVE(2,(#3302,#3303,#3304,#3305,
#3306,#3307,#3308),.UNSPECIFIED.,.T.,.F.) B_SPLINE_CURVE_WITH_KNOTS((1,2
    ,2,2,2,1),(-2.094395102393,0.,2.094395102393,4.188790204786,
6.28318530718,8.377580409573),.UNSPECIFIED.) CURVE() 
GEOMETRIC_REPRESENTATION_ITEM() RATIONAL_B_SPLINE_CURVE((1.,0.5,1.,0.5,
1.,0.5,1.)) REPRESENTATION_ITEM('') );
#3302 = CARTESIAN_POINT('',(7.600135385658,-26.49970215764));
#3303 = CARTESIAN_POINT('',(7.600135385658,-30.13700885353));
#3304 = CARTESIAN_POINT('',(4.450135385658,-28.31835550559));
#3305 = CARTESIAN_POINT('',(1.300135385658,-26.49970215764));
#3306 = CARTESIAN_POINT('',(4.450135385658,-24.68104880969));
#3307 = CARTESIAN_POINT('',(7.600135385658,-22.86239546175));
#3308 = CARTESIAN_POINT('',(7.600135385658,-26.49970215764));
#3309 = ( GEOMETRIC_REPRESENTATION_CONTEXT(2) 
PARAMETRIC_REPRESENTATION_CONTEXT() REPRESENTATION_CONTEXT('2D SPACE',''
  ) );
#3310 = PCURVE('',#411,#3311);
#3311 = DEFINITIONAL_REPRESENTATION('',(#3312),#3316);
#3312 = LINE('',#3313,#3314);
#3313 = CARTESIAN_POINT('',(6.28318530718,0.));
#3314 = VECTOR('',#3315,1.);
#3315 = DIRECTION('',(-1.,0.));
#3316 = ( GEOMETRIC_REPRESENTATION_CONTEXT(2) 
PARAMETRIC_REPRESENTATION_CONTEXT() REPRESENTATION_CONTEXT('2D SPACE',''
  ) );
#3317 = FACE_BOUND('',#3318,.T.);
#3318 = EDGE_LOOP('',(#3319,#3320,#3321,#3322));
#3319 = ORIENTED_EDGE('',*,*,#3028,.F.);
#3320 = ORIENTED_EDGE('',*,*,#3238,.F.);
#3321 = ORIENTED_EDGE('',*,*,#3080,.T.);
#3322 = ORIENTED_EDGE('',*,*,#2752,.T.);
#3323 = ADVANCED_FACE('',(#3324),#411,.F.);
#3324 = FACE_BOUND('',#3325,.F.);
#3325 = EDGE_LOOP('',(#3326,#3327,#3328,#3329));
#3326 = ORIENTED_EDGE('',*,*,#3180,.T.);
#3327 = ORIENTED_EDGE('',*,*,#388,.F.);
#3328 = ORIENTED_EDGE('',*,*,#3292,.F.);
#3329 = ORIENTED_EDGE('',*,*,#451,.T.);
#3330 = ADVANCED_FACE('',(#3331),#286,.F.);
#3331 = FACE_BOUND('',#3332,.F.);
#3332 = EDGE_LOOP('',(#3333,#3334,#3335,#3336));
#3333 = ORIENTED_EDGE('',*,*,#3151,.T.);
#3334 = ORIENTED_EDGE('',*,*,#263,.F.);
#3335 = ORIENTED_EDGE('',*,*,#3263,.F.);
#3336 = ORIENTED_EDGE('',*,*,#331,.T.);
#3337 = ADVANCED_FACE('',(#3338),#2365,.T.);
#3338 = FACE_BOUND('',#3339,.T.);
#3339 = EDGE_LOOP('',(#3340,#3341,#3342,#3343));
#3340 = ORIENTED_EDGE('',*,*,#2874,.T.);
#3341 = ORIENTED_EDGE('',*,*,#2900,.F.);
#3342 = ORIENTED_EDGE('',*,*,#2349,.F.);
#3343 = ORIENTED_EDGE('',*,*,#3050,.F.);
#3344 = ADVANCED_FACE('',(#3345),#179,.F.);
#3345 = FACE_BOUND('',#3346,.F.);
#3346 = EDGE_LOOP('',(#3347,#3348,#3349,#3350));
#3347 = ORIENTED_EDGE('',*,*,#2801,.T.);
#3348 = ORIENTED_EDGE('',*,*,#156,.F.);
#3349 = ORIENTED_EDGE('',*,*,#2482,.F.);
#3350 = ORIENTED_EDGE('',*,*,#215,.T.);
#3351 = ADVANCED_FACE('',(#3352),#62,.F.);
#3352 = FACE_BOUND('',#3353,.F.);
#3353 = EDGE_LOOP('',(#3354,#3355,#3356,#3357));
#3354 = ORIENTED_EDGE('',*,*,#2826,.T.);
#3355 = ORIENTED_EDGE('',*,*,#39,.F.);
#3356 = ORIENTED_EDGE('',*,*,#2507,.F.);
#3357 = ORIENTED_EDGE('',*,*,#103,.T.);
#3358 = ADVANCED_FACE('',(#3359),#1041,.F.);
#3359 = FACE_BOUND('',#3360,.T.);
#3360 = EDGE_LOOP('',(#3361,#3362,#3363,#3364));
#3361 = ORIENTED_EDGE('',*,*,#1544,.F.);
#3362 = ORIENTED_EDGE('',*,*,#2607,.F.);
#3363 = ORIENTED_EDGE('',*,*,#1025,.T.);
#3364 = ORIENTED_EDGE('',*,*,#2554,.T.);
#3365 = ( GEOMETRIC_REPRESENTATION_CONTEXT(3) 
GLOBAL_UNCERTAINTY_ASSIGNED_CONTEXT((#3369)) 
GLOBAL_UNIT_ASSIGNED_CONTEXT((#3366,#3367,#3368)) REPRESENTATION_CONTEXT
('Context #1','3D Context with UNIT and UNCERTAINTY') );
#3366 = ( LENGTH_UNIT() NAMED_UNIT(*) SI_UNIT(.MILLI.,.METRE.) );
#3367 = ( NAMED_UNIT(*) PLANE_ANGLE_UNIT() SI_UNIT($,.RADIAN.) );
#3368 = ( NAMED_UNIT(*) SI_UNIT($,.STERADIAN.) SOLID_ANGLE_UNIT() );
#3369 = UNCERTAINTY_MEASURE_WITH_UNIT(LENGTH_MEASURE(1.E-06),#3366,
  'distance_accuracy_value','confusion accuracy');
#3370 = CONTEXT_DEPENDENT_SHAPE_REPRESENTATION(#3371,#3373);
#3371 = ( REPRESENTATION_RELATIONSHIP('','',#32,#10) 
REPRESENTATION_RELATIONSHIP_WITH_TRANSFORMATION(#3372) 
SHAPE_REPRESENTATION_RELATIONSHIP() );
#3372 = ITEM_DEFINED_TRANSFORMATION('','',#11,#15);
#3373 = PRODUCT_DEFINITION_SHAPE('Placement','Placement of an item',
  #3374);
#3374 = NEXT_ASSEMBLY_USAGE_OCCURRENCE('1','=>[0:1:1:2]','',#5,#27,$);
#3375 = PRODUCT_RELATED_PRODUCT_CATEGORY('part',$,(#29));
#3376 = MECHANICAL_DESIGN_GEOMETRIC_PRESENTATION_REPRESENTATION('',(
    #3377),#3365);
#3377 = STYLED_ITEM('color',(#3378),#33);
#3378 = PRESENTATION_STYLE_ASSIGNMENT((#3379));
#3379 = SURFACE_STYLE_USAGE(.BOTH.,#3380);
#3380 = SURFACE_SIDE_STYLE('',(#3381));
#3381 = SURFACE_STYLE_FILL_AREA(#3382);
#3382 = FILL_AREA_STYLE('',(#3383));
#3383 = FILL_AREA_STYLE_COLOUR('',#3384);
#3384 = COLOUR_RGB('',0.792156867455,0.819607826924,0.933333342953);

#3385=DESCRIPTIVE_REPRESENTATION_ITEM('cadgen:generator','cadgen');
#3386=REPRESENTATION('cadgen:generator',(#3385),#19);
#3387=PROPERTY_DEFINITION('cadgen metadata','cadgen:generator',#5);
#3388=PROPERTY_DEFINITION_REPRESENTATION(#3387,#3386);
#3389=DESCRIPTIVE_REPRESENTATION_ITEM('cadgen:entryKind','part');
#3390=REPRESENTATION('cadgen:entryKind',(#3389),#19);
#3391=PROPERTY_DEFINITION('cadgen metadata','cadgen:entryKind',#5);
#3392=PROPERTY_DEFINITION_REPRESENTATION(#3391,#3390);
#3393=DESCRIPTIVE_REPRESENTATION_ITEM('cadgen:sourcePath','gripper_clamp_bracket.py');
#3394=REPRESENTATION('cadgen:sourcePath',(#3393),#19);
#3395=PROPERTY_DEFINITION('cadgen metadata','cadgen:sourcePath',#5);
#3396=PROPERTY_DEFINITION_REPRESENTATION(#3395,#3394);
#3397=DESCRIPTIVE_REPRESENTATION_ITEM('cadgen:sourceHash','4579251a308dccacb6b4cc9c0c81a4e114a1e7be6d93aaba493253b70fda4da8');
#3398=REPRESENTATION('cadgen:sourceHash',(#3397),#19);
#3399=PROPERTY_DEFINITION('cadgen metadata','cadgen:sourceHash',#5);
#3400=PROPERTY_DEFINITION_REPRESENTATION(#3399,#3398);
ENDSEC;
END-ISO-10303-21;
