ISO-10303-21;
HEADER;
FILE_DESCRIPTION(('Open CASCADE Model'),'2;1');
FILE_NAME('mg996r_servo','2026-08-28T01:48:01',('Author'),(
    'Open CASCADE'),'Open CASCADE STEP processor 7.8','cadgen','Unknown'
  );
FILE_SCHEMA(('AUTOMOTIVE_DESIGN { 1 0 10303 214 1 1 1 1 }'));
ENDSEC;
DATA;
#1 = APPLICATION_PROTOCOL_DEFINITION('international standard',
  'automotive_design',2000,#2);
#2 = APPLICATION_CONTEXT(
  'core data for automotive mechanical design processes');
#3 = SHAPE_DEFINITION_REPRESENTATION(#4,#10);
#4 = PRODUCT_DEFINITION_SHAPE('','',#5);
#5 = PRODUCT_DEFINITION('design','',#6,#9);
#6 = PRODUCT_DEFINITION_FORMATION('','',#7);
#7 = PRODUCT('mg996r_servo','mg996r_servo','',(#8));
#8 = PRODUCT_CONTEXT('',#2,'mechanical');
#9 = PRODUCT_DEFINITION_CONTEXT('part definition',#2,'design');
#10 = SHAPE_REPRESENTATION('',(#11,#15,#9511,#9689,#9867),#10045);
#11 = AXIS2_PLACEMENT_3D('',#12,#13,#14);
#12 = CARTESIAN_POINT('',(0.,0.,0.));
#13 = DIRECTION('',(0.,0.,1.));
#14 = DIRECTION('',(1.,0.,-0.));
#15 = MANIFOLD_SOLID_BREP('',#16);
#16 = CLOSED_SHELL('',(#17,#239,#356,#486,#611,#737,#858,#970,#1082,
    #1189,#1633,#1753,#1829,#1878,#1927,#1954,#2069,#2145,#2216,#2263,
    #2449,#2628,#2782,#2906,#3087,#3246,#3354,#3508,#3600,#3708,#3924,
    #4033,#4125,#4279,#4387,#4506,#4685,#4885,#4937,#5105,#5309,#5335,
    #5450,#5562,#5674,#5745,#5845,#5916,#6016,#6063,#6134,#6205,#6320,
    #6368,#6416,#6536,#6656,#6727,#6827,#6898,#6998,#7045,#7116,#7187,
    #7339,#7486,#7633,#7775,#7873,#7944,#8015,#8064,#8115,#8140,#8191,
    #8242,#8296,#8345,#8416,#8513,#8520,#8530,#8540,#8661,#8693,#8700,
    #8765,#8772,#8819,#8888,#8969,#9027,#9085,#9132,#9221,#9299,#9377,
    #9383,#9389,#9398,#9424,#9437,#9448,#9455,#9462,#9469,#9476,#9483,
    #9490,#9497,#9504));
#17 = ADVANCED_FACE('',(#18),#33,.T.);
#18 = FACE_BOUND('',#19,.T.);
#19 = EDGE_LOOP('',(#20,#56,#85,#114));
#20 = ORIENTED_EDGE('',*,*,#21,.F.);
#21 = EDGE_CURVE('',#22,#24,#26,.T.);
#22 = VERTEX_POINT('',#23);
#23 = CARTESIAN_POINT('',(-20.5,38.9,1.882894453689E-15));
#24 = VERTEX_POINT('',#25);
#25 = CARTESIAN_POINT('',(-5.121952125808,38.9,-8.875));
#26 = SURFACE_CURVE('',#27,(#32,#44),.PCURVE_S1.);
#27 = CIRCLE('',#28,10.25);
#28 = AXIS2_PLACEMENT_3D('',#29,#30,#31);
#29 = CARTESIAN_POINT('',(-10.25,38.9,0.));
#30 = DIRECTION('',(0.,-1.,0.));
#31 = DIRECTION('',(0.,0.,1.));
#32 = PCURVE('',#33,#38);
#33 = TOROIDAL_SURFACE('',#34,9.85,0.4);
#34 = AXIS2_PLACEMENT_3D('',#35,#36,#37);
#35 = CARTESIAN_POINT('',(-10.25,38.9,0.));
#36 = DIRECTION('',(0.,1.,0.));
#37 = DIRECTION('',(-1.,0.,-1.836970198721E-16));
#38 = DEFINITIONAL_REPRESENTATION('',(#39),#43);
#39 = LINE('',#40,#41);
#40 = CARTESIAN_POINT('',(7.853981633974,0.));
#41 = VECTOR('',#42,1.);
#42 = DIRECTION('',(-1.,0.));
#43 = ( GEOMETRIC_REPRESENTATION_CONTEXT(2) 
PARAMETRIC_REPRESENTATION_CONTEXT() REPRESENTATION_CONTEXT('2D SPACE',''
  ) );
#44 = PCURVE('',#45,#50);
#45 = CYLINDRICAL_SURFACE('',#46,10.25);
#46 = AXIS2_PLACEMENT_3D('',#47,#48,#49);
#47 = CARTESIAN_POINT('',(-10.25,39.3,0.));
#48 = DIRECTION('',(0.,-1.,0.));
#49 = DIRECTION('',(-1.,0.,1.836970198721E-16));
#50 = DEFINITIONAL_REPRESENTATION('',(#51),#55);
#51 = LINE('',#52,#53);
#52 = CARTESIAN_POINT('',(-1.570796326795,0.4));
#53 = VECTOR('',#54,1.);
#54 = DIRECTION('',(1.,0.));
#55 = ( GEOMETRIC_REPRESENTATION_CONTEXT(2) 
PARAMETRIC_REPRESENTATION_CONTEXT() REPRESENTATION_CONTEXT('2D SPACE',''
  ) );
#56 = ORIENTED_EDGE('',*,*,#57,.T.);
#57 = EDGE_CURVE('',#22,#58,#60,.T.);
#58 = VERTEX_POINT('',#59);
#59 = CARTESIAN_POINT('',(-20.1,39.3,-1.846155049715E-15));
#60 = SURFACE_CURVE('',#61,(#66,#73),.PCURVE_S1.);
#61 = CIRCLE('',#62,0.4);
#62 = AXIS2_PLACEMENT_3D('',#63,#64,#65);
#63 = CARTESIAN_POINT('',(-20.1,38.9,-1.80941564574E-15));
#64 = DIRECTION('',(1.836970198721E-16,0.,-1.));
#65 = DIRECTION('',(-1.,0.,-1.836970198721E-16));
#66 = PCURVE('',#33,#67);
#67 = DEFINITIONAL_REPRESENTATION('',(#68),#72);
#68 = LINE('',#69,#70);
#69 = CARTESIAN_POINT('',(6.28318530718,0.));
#70 = VECTOR('',#71,1.);
#71 = DIRECTION('',(0.,1.));
#72 = ( GEOMETRIC_REPRESENTATION_CONTEXT(2) 
PARAMETRIC_REPRESENTATION_CONTEXT() REPRESENTATION_CONTEXT('2D SPACE',''
  ) );
#73 = PCURVE('',#74,#79);
#74 = TOROIDAL_SURFACE('',#75,9.85,0.4);
#75 = AXIS2_PLACEMENT_3D('',#76,#77,#78);
#76 = CARTESIAN_POINT('',(-10.25,38.9,0.));
#77 = DIRECTION('',(0.,1.,0.));
#78 = DIRECTION('',(-1.,0.,-1.836970198721E-16));
#79 = DEFINITIONAL_REPRESENTATION('',(#80),#84);
#80 = LINE('',#81,#82);
#81 = CARTESIAN_POINT('',(0.,0.));
#82 = VECTOR('',#83,1.);
#83 = DIRECTION('',(0.,1.));
#84 = ( GEOMETRIC_REPRESENTATION_CONTEXT(2) 
PARAMETRIC_REPRESENTATION_CONTEXT() REPRESENTATION_CONTEXT('2D SPACE',''
  ) );
#85 = ORIENTED_EDGE('',*,*,#86,.F.);
#86 = EDGE_CURVE('',#87,#58,#89,.T.);
#87 = VERTEX_POINT('',#88);
#88 = CARTESIAN_POINT('',(-5.230351107896,39.3,-8.475));
#89 = SURFACE_CURVE('',#90,(#95,#102),.PCURVE_S1.);
#90 = CIRCLE('',#91,9.85);
#91 = AXIS2_PLACEMENT_3D('',#92,#93,#94);
#92 = CARTESIAN_POINT('',(-10.25,39.3,0.));
#93 = DIRECTION('',(0.,1.,0.));
#94 = DIRECTION('',(0.,-0.,1.));
#95 = PCURVE('',#33,#96);
#96 = DEFINITIONAL_REPRESENTATION('',(#97),#101);
#97 = LINE('',#98,#99);
#98 = CARTESIAN_POINT('',(1.570796326795,1.570796326795));
#99 = VECTOR('',#100,1.);
#100 = DIRECTION('',(1.,-3.163739653671E-15));
#101 = ( GEOMETRIC_REPRESENTATION_CONTEXT(2) 
PARAMETRIC_REPRESENTATION_CONTEXT() REPRESENTATION_CONTEXT('2D SPACE',''
  ) );
#102 = PCURVE('',#103,#108);
#103 = PLANE('',#104);
#104 = AXIS2_PLACEMENT_3D('',#105,#106,#107);
#105 = CARTESIAN_POINT('',(-10.25,39.3,0.));
#106 = DIRECTION('',(-0.,1.,0.));
#107 = DIRECTION('',(1.,0.,0.));
#108 = DEFINITIONAL_REPRESENTATION('',(#109),#113);
#109 = CIRCLE('',#110,9.85);
#110 = AXIS2_PLACEMENT_2D('',#111,#112);
#111 = CARTESIAN_POINT('',(0.,0.));
#112 = DIRECTION('',(0.,-1.));
#113 = ( GEOMETRIC_REPRESENTATION_CONTEXT(2) 
PARAMETRIC_REPRESENTATION_CONTEXT() REPRESENTATION_CONTEXT('2D SPACE',''
  ) );
#114 = ORIENTED_EDGE('',*,*,#115,.F.);
#115 = EDGE_CURVE('',#24,#87,#116,.T.);
#116 = SURFACE_CURVE('',#117,(#132,#183),.PCURVE_S1.);
#117 = B_SPLINE_CURVE_WITH_KNOTS('',3,(#118,#119,#120,#121,#122,#123,
    #124,#125,#126,#127,#128,#129,#130,#131),.UNSPECIFIED.,.F.,.F.,(4,2,
    2,2,2,2,4),(6.388328207338E-02,7.902740601041E-02,9.443986219669E-02
    ,0.11040778327,0.119073252163,0.127766564147,0.128060490822),
  .UNSPECIFIED.);
#118 = CARTESIAN_POINT('',(-5.121952125808,38.9,-8.875));
#119 = CARTESIAN_POINT('',(-5.121952125808,38.950416056405,-8.875));
#120 = CARTESIAN_POINT('',(-5.124505613496,39.000255843738,
    -8.865470256601));
#121 = CARTESIAN_POINT('',(-5.134492897688,39.094431079889,
    -8.828277286349));
#122 = CARTESIAN_POINT('',(-5.14190107706,39.137612358147,
    -8.800713600476));
#123 = CARTESIAN_POINT('',(-5.160914358821,39.212417218345,
    -8.730208748711));
#124 = CARTESIAN_POINT('',(-5.172472190529,39.242830127559,
    -8.687454744486));
#125 = CARTESIAN_POINT('',(-5.192174242102,39.275791047114,
    -8.61488303956));
#126 = CARTESIAN_POINT('',(-5.199415037379,39.284642885303,
    -8.588264810571));
#127 = CARTESIAN_POINT('',(-5.214303042754,39.296665047496,
    -8.533659365121));
#128 = CARTESIAN_POINT('',(-5.221920269295,39.299791881761,
    -8.505782614151));
#129 = CARTESIAN_POINT('',(-5.229833441632,39.299996651545,
    -8.476889893372));
#130 = CARTESIAN_POINT('',(-5.230092265159,39.3,-8.475944945206));
#131 = CARTESIAN_POINT('',(-5.230351107896,39.3,-8.475));
#132 = PCURVE('',#33,#133);
#133 = DEFINITIONAL_REPRESENTATION('',(#134),#182);
#134 = B_SPLINE_CURVE_WITH_KNOTS('',3,(#135,#136,#137,#138,#139,#140,
    #141,#142,#143,#144,#145,#146,#147,#148,#149,#150,#151,#152,#153,
    #154,#155,#156,#157,#158,#159,#160,#161,#162,#163,#164,#165,#166,
    #167,#168,#169,#170,#171,#172,#173,#174,#175,#176,#177,#178,#179,
    #180,#181),.UNSPECIFIED.,.F.,.F.,(4,1,1,1,1,1,1,1,1,1,1,1,1,1,1,1,1,
    1,1,1,1,1,1,1,1,1,1,1,1,1,1,1,1,1,1,1,1,1,1,1,1,1,1,1,4),(
    6.388328207338E-02,6.534185499948E-02,6.680042792558E-02,
    6.825900085168E-02,6.971757377778E-02,7.117614670387E-02,
    7.263471962997E-02,7.409329255607E-02,7.555186548217E-02,
    7.701043840827E-02,7.846901133437E-02,7.992758426047E-02,
    8.138615718657E-02,8.284473011267E-02,8.430330303877E-02,
    8.576187596487E-02,8.722044889097E-02,8.867902181707E-02,
    9.013759474317E-02,9.159616766927E-02,9.305474059537E-02,
    9.451331352147E-02,9.597188644757E-02,9.743045937367E-02,
    9.888903229977E-02,0.100347605226,0.101806178152,0.103264751078,
    0.104723324004,0.10618189693,0.107640469856,0.109099042782,
    0.110557615709,0.112016188635,0.113474761561,0.114933334487,
    0.116391907413,0.117850480339,0.119309053265,0.120767626191,
    0.122226199117,0.123684772043,0.12514334497,0.126601917896,
    0.128060490822),.QUASI_UNIFORM_KNOTS.);
#135 = CARTESIAN_POINT('',(4.188446816402,0.));
#136 = CARTESIAN_POINT('',(4.188446816052,1.213923832347E-02));
#137 = CARTESIAN_POINT('',(4.188442188998,3.639114163053E-02));
#138 = CARTESIAN_POINT('',(4.188421455289,7.270202462128E-02));
#139 = CARTESIAN_POINT('',(4.188387016012,0.108958853867));
#140 = CARTESIAN_POINT('',(4.188338953035,0.14517395198));
#141 = CARTESIAN_POINT('',(4.188277344584,0.181359358748));
#142 = CARTESIAN_POINT('',(4.188202264841,0.217526858901));
#143 = CARTESIAN_POINT('',(4.188113784009,0.253688091635));
#144 = CARTESIAN_POINT('',(4.188011968907,0.289854632756));
#145 = CARTESIAN_POINT('',(4.187896880965,0.326038113719));
#146 = CARTESIAN_POINT('',(4.187768584075,0.362250224157));
#147 = CARTESIAN_POINT('',(4.187627115597,0.398503141829));
#148 = CARTESIAN_POINT('',(4.187473309494,0.43463665609));
#149 = CARTESIAN_POINT('',(4.187307266713,0.470693322867));
#150 = CARTESIAN_POINT('',(4.187129214021,0.506678359342));
#151 = CARTESIAN_POINT('',(4.186939341707,0.542606301918));
#152 = CARTESIAN_POINT('',(4.18673784769,0.578488552248));
#153 = CARTESIAN_POINT('',(4.186524924493,0.614337012145));
#154 = CARTESIAN_POINT('',(4.1863007683,0.650162502622));
#155 = CARTESIAN_POINT('',(4.186065556818,0.685977979574));
#156 = CARTESIAN_POINT('',(4.185819529793,0.721787795401));
#157 = CARTESIAN_POINT('',(4.185562690106,0.757627991532));
#158 = CARTESIAN_POINT('',(4.185295927052,0.793415456153));
#159 = CARTESIAN_POINT('',(4.185020012857,0.829096637481));
#160 = CARTESIAN_POINT('',(4.184735085807,0.864702520885));
#161 = CARTESIAN_POINT('',(4.184441454953,0.900240697183));
#162 = CARTESIAN_POINT('',(4.184139384642,0.935724382816));
#163 = CARTESIAN_POINT('',(4.183829152848,0.971164704753));
#164 = CARTESIAN_POINT('',(4.183511034443,1.00657300432));
#165 = CARTESIAN_POINT('',(4.183185310875,1.041959824838));
#166 = CARTESIAN_POINT('',(4.182852249263,1.077337164121));
#167 = CARTESIAN_POINT('',(4.182512177375,1.112710997728));
#168 = CARTESIAN_POINT('',(4.182165205632,1.148109463394));
#169 = CARTESIAN_POINT('',(4.18181229044,1.183475566878));
#170 = CARTESIAN_POINT('',(4.181454086155,1.218786813598));
#171 = CARTESIAN_POINT('',(4.181090822353,1.254063499759));
#172 = CARTESIAN_POINT('',(4.180722836008,1.289315056093));
#173 = CARTESIAN_POINT('',(4.180350477691,1.324550009915));
#174 = CARTESIAN_POINT('',(4.17997395538,1.359790282554));
#175 = CARTESIAN_POINT('',(4.179594095468,1.395000655307));
#176 = CARTESIAN_POINT('',(4.179211404289,1.43017677002));
#177 = CARTESIAN_POINT('',(4.178826178759,1.465333808839));
#178 = CARTESIAN_POINT('',(4.178438777512,1.500481468135));
#179 = CARTESIAN_POINT('',(4.178049544861,1.535631030679));
#180 = CARTESIAN_POINT('',(4.177789077813,1.559072069421));
#181 = CARTESIAN_POINT('',(4.177658659302,1.570796326795));
#182 = ( GEOMETRIC_REPRESENTATION_CONTEXT(2) 
PARAMETRIC_REPRESENTATION_CONTEXT() REPRESENTATION_CONTEXT('2D SPACE',''
  ) );
#183 = PCURVE('',#184,#189);
#184 = CYLINDRICAL_SURFACE('',#185,0.4);
#185 = AXIS2_PLACEMENT_3D('',#186,#187,#188);
#186 = CARTESIAN_POINT('',(-10.25,38.9,-8.475));
#187 = DIRECTION('',(1.,0.,-1.741519570996E-16));
#188 = DIRECTION('',(-1.741519570996E-16,-0.,-1.));
#189 = DEFINITIONAL_REPRESENTATION('',(#190),#238);
#190 = B_SPLINE_CURVE_WITH_KNOTS('',3,(#191,#192,#193,#194,#195,#196,
    #197,#198,#199,#200,#201,#202,#203,#204,#205,#206,#207,#208,#209,
    #210,#211,#212,#213,#214,#215,#216,#217,#218,#219,#220,#221,#222,
    #223,#224,#225,#226,#227,#228,#229,#230,#231,#232,#233,#234,#235,
    #236,#237),.UNSPECIFIED.,.F.,.F.,(4,1,1,1,1,1,1,1,1,1,1,1,1,1,1,1,1,
    1,1,1,1,1,1,1,1,1,1,1,1,1,1,1,1,1,1,1,1,1,1,1,1,1,1,1,4),(
    6.388328207338E-02,6.534185499948E-02,6.680042792558E-02,
    6.825900085168E-02,6.971757377778E-02,7.117614670387E-02,
    7.263471962997E-02,7.409329255607E-02,7.555186548217E-02,
    7.701043840827E-02,7.846901133437E-02,7.992758426047E-02,
    8.138615718657E-02,8.284473011267E-02,8.430330303877E-02,
    8.576187596487E-02,8.722044889097E-02,8.867902181707E-02,
    9.013759474317E-02,9.159616766927E-02,9.305474059537E-02,
    9.451331352147E-02,9.597188644757E-02,9.743045937367E-02,
    9.888903229977E-02,0.100347605226,0.101806178152,0.103264751078,
    0.104723324004,0.10618189693,0.107640469856,0.109099042782,
    0.110557615709,0.112016188635,0.113474761561,0.114933334487,
    0.116391907413,0.117850480339,0.119309053265,0.120767626191,
    0.122226199117,0.123684772043,0.12514334497,0.126601917896,
    0.128060490822),.QUASI_UNIFORM_KNOTS.);
#191 = CARTESIAN_POINT('',(0.,5.128047874192));
#192 = CARTESIAN_POINT('',(1.213923771184E-02,5.128047874192));
#193 = CARTESIAN_POINT('',(3.639114219018E-02,5.128000501097));
#194 = CARTESIAN_POINT('',(7.27020344093E-02,5.127788164761));
#195 = CARTESIAN_POINT('',(0.108958882912,5.12743539431));
#196 = CARTESIAN_POINT('',(0.145174004925,5.126943032348));
#197 = CARTESIAN_POINT('',(0.181359432923,5.126311921397));
#198 = CARTESIAN_POINT('',(0.21752694395,5.125542904274));
#199 = CARTESIAN_POINT('',(0.25368817184,5.124636822704));
#200 = CARTESIAN_POINT('',(0.289854691422,5.123594522485));
#201 = CARTESIAN_POINT('',(0.326038140348,5.122416834213));
#202 = CARTESIAN_POINT('',(0.362250221468,5.12110464522));
#203 = CARTESIAN_POINT('',(0.398503142902,5.119658631091));
#204 = CARTESIAN_POINT('',(0.434636675998,5.118087419522));
#205 = CARTESIAN_POINT('',(0.470693369051,5.116392222554));
#206 = CARTESIAN_POINT('',(0.506678430932,5.114575555926));
#207 = CARTESIAN_POINT('',(0.542606391311,5.112639585241));
#208 = CARTESIAN_POINT('',(0.578488647164,5.110586572949));
#209 = CARTESIAN_POINT('',(0.61433709852,5.108418744256));
#210 = CARTESIAN_POINT('',(0.650162567612,5.106138376483));
#211 = CARTESIAN_POINT('',(0.68597801623,5.103747575742));
#212 = CARTESIAN_POINT('',(0.721787802528,5.101249080872));
#213 = CARTESIAN_POINT('',(0.757627992221,5.098643271006));
#214 = CARTESIAN_POINT('',(0.793415446166,5.095939403425));
#215 = CARTESIAN_POINT('',(0.829096592058,5.093145546359));
#216 = CARTESIAN_POINT('',(0.864702434714,5.090263419368));
#217 = CARTESIAN_POINT('',(0.900240573253,5.087296443336));
#218 = CARTESIAN_POINT('',(0.935724233708,5.084247582519));
#219 = CARTESIAN_POINT('',(0.971164549306,5.081119926359));
#220 = CARTESIAN_POINT('',(1.006572864166,5.077916520188));
#221 = CARTESIAN_POINT('',(1.04195971983,5.074640460587));
#222 = CARTESIAN_POINT('',(1.077337106128,5.071294683252));
#223 = CARTESIAN_POINT('',(1.112710986016,5.067882716171));
#224 = CARTESIAN_POINT('',(1.148109469495,5.06440587905));
#225 = CARTESIAN_POINT('',(1.183475555315,5.060873987411));
#226 = CARTESIAN_POINT('',(1.218786784168,5.057293854871));
#227 = CARTESIAN_POINT('',(1.254063463309,5.05366798704));
#228 = CARTESIAN_POINT('',(1.289315029098,5.049999941677));
#229 = CARTESIAN_POINT('',(1.324550002967,5.046293375959));
#230 = CARTESIAN_POINT('',(1.359790287771,5.042550497243));
#231 = CARTESIAN_POINT('',(1.395000638577,5.038779626628));
#232 = CARTESIAN_POINT('',(1.430176730385,5.034985955125));
#233 = CARTESIAN_POINT('',(1.465333762099,5.031172550961));
#234 = CARTESIAN_POINT('',(1.500481434853,5.027343057586));
#235 = CARTESIAN_POINT('',(1.535631023336,5.023500940348));
#236 = CARTESIAN_POINT('',(1.559072070698,5.020933514631));
#237 = CARTESIAN_POINT('',(1.570796326795,5.019648892104));
#238 = ( GEOMETRIC_REPRESENTATION_CONTEXT(2) 
PARAMETRIC_REPRESENTATION_CONTEXT() REPRESENTATION_CONTEXT('2D SPACE',''
  ) );
#239 = ADVANCED_FACE('',(#240),#254,.F.);
#240 = FACE_BOUND('',#241,.F.);
#241 = EDGE_LOOP('',(#242,#277,#306,#329));
#242 = ORIENTED_EDGE('',*,*,#243,.T.);
#243 = EDGE_CURVE('',#244,#246,#248,.T.);
#244 = VERTEX_POINT('',#245);
#245 = CARTESIAN_POINT('',(-10.25,41.2,1.25));
#246 = VERTEX_POINT('',#247);
#247 = CARTESIAN_POINT('',(-10.25,45.2,1.25));
#248 = SURFACE_CURVE('',#249,(#253,#265),.PCURVE_S1.);
#249 = LINE('',#250,#251);
#250 = CARTESIAN_POINT('',(-10.25,41.2,1.25));
#251 = VECTOR('',#252,1.);
#252 = DIRECTION('',(0.,1.,0.));
#253 = PCURVE('',#254,#259);
#254 = CYLINDRICAL_SURFACE('',#255,1.25);
#255 = AXIS2_PLACEMENT_3D('',#256,#257,#258);
#256 = CARTESIAN_POINT('',(-10.25,41.2,0.));
#257 = DIRECTION('',(0.,1.,0.));
#258 = DIRECTION('',(0.,-0.,1.));
#259 = DEFINITIONAL_REPRESENTATION('',(#260),#264);
#260 = LINE('',#261,#262);
#261 = CARTESIAN_POINT('',(6.28318530718,0.));
#262 = VECTOR('',#263,1.);
#263 = DIRECTION('',(0.,1.));
#264 = ( GEOMETRIC_REPRESENTATION_CONTEXT(2) 
PARAMETRIC_REPRESENTATION_CONTEXT() REPRESENTATION_CONTEXT('2D SPACE',''
  ) );
#265 = PCURVE('',#266,#271);
#266 = CYLINDRICAL_SURFACE('',#267,1.25);
#267 = AXIS2_PLACEMENT_3D('',#268,#269,#270);
#268 = CARTESIAN_POINT('',(-10.25,41.2,0.));
#269 = DIRECTION('',(0.,1.,0.));
#270 = DIRECTION('',(0.,-0.,1.));
#271 = DEFINITIONAL_REPRESENTATION('',(#272),#276);
#272 = LINE('',#273,#274);
#273 = CARTESIAN_POINT('',(0.,0.));
#274 = VECTOR('',#275,1.);
#275 = DIRECTION('',(0.,1.));
#276 = ( GEOMETRIC_REPRESENTATION_CONTEXT(2) 
PARAMETRIC_REPRESENTATION_CONTEXT() REPRESENTATION_CONTEXT('2D SPACE',''
  ) );
#277 = ORIENTED_EDGE('',*,*,#278,.F.);
#278 = EDGE_CURVE('',#279,#246,#281,.T.);
#279 = VERTEX_POINT('',#280);
#280 = CARTESIAN_POINT('',(-10.25,45.2,-1.25));
#281 = SURFACE_CURVE('',#282,(#287,#294),.PCURVE_S1.);
#282 = CIRCLE('',#283,1.25);
#283 = AXIS2_PLACEMENT_3D('',#284,#285,#286);
#284 = CARTESIAN_POINT('',(-10.25,45.2,0.));
#285 = DIRECTION('',(0.,1.,0.));
#286 = DIRECTION('',(0.,-0.,1.));
#287 = PCURVE('',#254,#288);
#288 = DEFINITIONAL_REPRESENTATION('',(#289),#293);
#289 = LINE('',#290,#291);
#290 = CARTESIAN_POINT('',(0.,4.));
#291 = VECTOR('',#292,1.);
#292 = DIRECTION('',(1.,0.));
#293 = ( GEOMETRIC_REPRESENTATION_CONTEXT(2) 
PARAMETRIC_REPRESENTATION_CONTEXT() REPRESENTATION_CONTEXT('2D SPACE',''
  ) );
#294 = PCURVE('',#295,#300);
#295 = PLANE('',#296);
#296 = AXIS2_PLACEMENT_3D('',#297,#298,#299);
#297 = CARTESIAN_POINT('',(-10.25,45.2,0.));
#298 = DIRECTION('',(-0.,1.,0.));
#299 = DIRECTION('',(1.,0.,0.));
#300 = DEFINITIONAL_REPRESENTATION('',(#301),#305);
#301 = CIRCLE('',#302,1.25);
#302 = AXIS2_PLACEMENT_2D('',#303,#304);
#303 = CARTESIAN_POINT('',(0.,0.));
#304 = DIRECTION('',(0.,-1.));
#305 = ( GEOMETRIC_REPRESENTATION_CONTEXT(2) 
PARAMETRIC_REPRESENTATION_CONTEXT() REPRESENTATION_CONTEXT('2D SPACE',''
  ) );
#306 = ORIENTED_EDGE('',*,*,#307,.F.);
#307 = EDGE_CURVE('',#308,#279,#310,.T.);
#308 = VERTEX_POINT('',#309);
#309 = CARTESIAN_POINT('',(-10.25,41.2,-1.25));
#310 = SURFACE_CURVE('',#311,(#315,#322),.PCURVE_S1.);
#311 = LINE('',#312,#313);
#312 = CARTESIAN_POINT('',(-10.25,41.2,-1.25));
#313 = VECTOR('',#314,1.);
#314 = DIRECTION('',(0.,1.,0.));
#315 = PCURVE('',#254,#316);
#316 = DEFINITIONAL_REPRESENTATION('',(#317),#321);
#317 = LINE('',#318,#319);
#318 = CARTESIAN_POINT('',(3.14159265359,0.));
#319 = VECTOR('',#320,1.);
#320 = DIRECTION('',(0.,1.));
#321 = ( GEOMETRIC_REPRESENTATION_CONTEXT(2) 
PARAMETRIC_REPRESENTATION_CONTEXT() REPRESENTATION_CONTEXT('2D SPACE',''
  ) );
#322 = PCURVE('',#266,#323);
#323 = DEFINITIONAL_REPRESENTATION('',(#324),#328);
#324 = LINE('',#325,#326);
#325 = CARTESIAN_POINT('',(3.14159265359,0.));
#326 = VECTOR('',#327,1.);
#327 = DIRECTION('',(0.,1.));
#328 = ( GEOMETRIC_REPRESENTATION_CONTEXT(2) 
PARAMETRIC_REPRESENTATION_CONTEXT() REPRESENTATION_CONTEXT('2D SPACE',''
  ) );
#329 = ORIENTED_EDGE('',*,*,#330,.T.);
#330 = EDGE_CURVE('',#308,#244,#331,.T.);
#331 = SURFACE_CURVE('',#332,(#337,#344),.PCURVE_S1.);
#332 = CIRCLE('',#333,1.25);
#333 = AXIS2_PLACEMENT_3D('',#334,#335,#336);
#334 = CARTESIAN_POINT('',(-10.25,41.2,0.));
#335 = DIRECTION('',(0.,1.,0.));
#336 = DIRECTION('',(0.,-0.,1.));
#337 = PCURVE('',#254,#338);
#338 = DEFINITIONAL_REPRESENTATION('',(#339),#343);
#339 = LINE('',#340,#341);
#340 = CARTESIAN_POINT('',(0.,0.));
#341 = VECTOR('',#342,1.);
#342 = DIRECTION('',(1.,0.));
#343 = ( GEOMETRIC_REPRESENTATION_CONTEXT(2) 
PARAMETRIC_REPRESENTATION_CONTEXT() REPRESENTATION_CONTEXT('2D SPACE',''
  ) );
#344 = PCURVE('',#345,#350);
#345 = PLANE('',#346);
#346 = AXIS2_PLACEMENT_3D('',#347,#348,#349);
#347 = CARTESIAN_POINT('',(-10.25,41.2,0.));
#348 = DIRECTION('',(-0.,1.,0.));
#349 = DIRECTION('',(1.,0.,0.));
#350 = DEFINITIONAL_REPRESENTATION('',(#351),#355);
#351 = CIRCLE('',#352,1.25);
#352 = AXIS2_PLACEMENT_2D('',#353,#354);
#353 = CARTESIAN_POINT('',(0.,0.));
#354 = DIRECTION('',(0.,-1.));
#355 = ( GEOMETRIC_REPRESENTATION_CONTEXT(2) 
PARAMETRIC_REPRESENTATION_CONTEXT() REPRESENTATION_CONTEXT('2D SPACE',''
  ) );
#356 = ADVANCED_FACE('',(#357),#371,.F.);
#357 = FACE_BOUND('',#358,.F.);
#358 = EDGE_LOOP('',(#359,#394,#427,#455));
#359 = ORIENTED_EDGE('',*,*,#360,.T.);
#360 = EDGE_CURVE('',#361,#363,#365,.T.);
#361 = VERTEX_POINT('',#362);
#362 = CARTESIAN_POINT('',(25.687453703069,28.8,-3.75));
#363 = VERTEX_POINT('',#364);
#364 = CARTESIAN_POINT('',(25.687453703069,31.2,-3.75));
#365 = SURFACE_CURVE('',#366,(#370,#382),.PCURVE_S1.);
#366 = LINE('',#367,#368);
#367 = CARTESIAN_POINT('',(25.687453703069,24.4,-3.75));
#368 = VECTOR('',#369,1.);
#369 = DIRECTION('',(0.,1.,0.));
#370 = PCURVE('',#371,#376);
#371 = CYLINDRICAL_SURFACE('',#372,2.1);
#372 = AXIS2_PLACEMENT_3D('',#373,#374,#375);
#373 = CARTESIAN_POINT('',(24.,24.4,-5.));
#374 = DIRECTION('',(0.,1.,0.));
#375 = DIRECTION('',(-1.,0.,1.032573497605E-14));
#376 = DEFINITIONAL_REPRESENTATION('',(#377),#381);
#377 = LINE('',#378,#379);
#378 = CARTESIAN_POINT('',(2.504030732971,0.));
#379 = VECTOR('',#380,1.);
#380 = DIRECTION('',(0.,1.));
#381 = ( GEOMETRIC_REPRESENTATION_CONTEXT(2) 
PARAMETRIC_REPRESENTATION_CONTEXT() REPRESENTATION_CONTEXT('2D SPACE',''
  ) );
#382 = PCURVE('',#383,#388);
#383 = PLANE('',#384);
#384 = AXIS2_PLACEMENT_3D('',#385,#386,#387);
#385 = CARTESIAN_POINT('',(-3.354230839598E-14,24.4,-3.75));
#386 = DIRECTION('',(8.944615572261E-15,0.,1.));
#387 = DIRECTION('',(1.,0.,-8.944615572261E-15));
#388 = DEFINITIONAL_REPRESENTATION('',(#389),#393);
#389 = LINE('',#390,#391);
#390 = CARTESIAN_POINT('',(25.687453703069,0.));
#391 = VECTOR('',#392,1.);
#392 = DIRECTION('',(0.,1.));
#393 = ( GEOMETRIC_REPRESENTATION_CONTEXT(2) 
PARAMETRIC_REPRESENTATION_CONTEXT() REPRESENTATION_CONTEXT('2D SPACE',''
  ) );
#394 = ORIENTED_EDGE('',*,*,#395,.T.);
#395 = EDGE_CURVE('',#363,#396,#398,.T.);
#396 = VERTEX_POINT('',#397);
#397 = CARTESIAN_POINT('',(21.9,31.2,-5.));
#398 = SURFACE_CURVE('',#399,(#404,#411),.PCURVE_S1.);
#399 = CIRCLE('',#400,2.1);
#400 = AXIS2_PLACEMENT_3D('',#401,#402,#403);
#401 = CARTESIAN_POINT('',(24.,31.2,-5.));
#402 = DIRECTION('',(0.,-1.,0.));
#403 = DIRECTION('',(0.,0.,1.));
#404 = PCURVE('',#371,#405);
#405 = DEFINITIONAL_REPRESENTATION('',(#406),#410);
#406 = LINE('',#407,#408);
#407 = CARTESIAN_POINT('',(7.853981633974,6.8));
#408 = VECTOR('',#409,1.);
#409 = DIRECTION('',(-1.,0.));
#410 = ( GEOMETRIC_REPRESENTATION_CONTEXT(2) 
PARAMETRIC_REPRESENTATION_CONTEXT() REPRESENTATION_CONTEXT('2D SPACE',''
  ) );
#411 = PCURVE('',#412,#417);
#412 = PLANE('',#413);
#413 = AXIS2_PLACEMENT_3D('',#414,#415,#416);
#414 = CARTESIAN_POINT('',(27.3,31.2,-9.25));
#415 = DIRECTION('',(-0.,1.,0.));
#416 = DIRECTION('',(1.,0.,0.));
#417 = DEFINITIONAL_REPRESENTATION('',(#418),#426);
#418 = ( BOUNDED_CURVE() B_SPLINE_CURVE(2,(#419,#420,#421,#422,#423,#424
,#425),.UNSPECIFIED.,.T.,.F.) B_SPLINE_CURVE_WITH_KNOTS((1,2,2,2,2,1),(
    -2.094395102393,0.,2.094395102393,4.188790204786,6.28318530718,
8.377580409573),.UNSPECIFIED.) CURVE() GEOMETRIC_REPRESENTATION_ITEM() 
RATIONAL_B_SPLINE_CURVE((1.,0.5,1.,0.5,1.,0.5,1.)) REPRESENTATION_ITEM(
  '') );
#419 = CARTESIAN_POINT('',(-3.3,-6.35));
#420 = CARTESIAN_POINT('',(-6.937306695895,-6.35));
#421 = CARTESIAN_POINT('',(-5.118653347947,-3.2));
#422 = CARTESIAN_POINT('',(-3.3,-5.E-02));
#423 = CARTESIAN_POINT('',(-1.481346652053,-3.2));
#424 = CARTESIAN_POINT('',(0.337306695895,-6.35));
#425 = CARTESIAN_POINT('',(-3.3,-6.35));
#426 = ( GEOMETRIC_REPRESENTATION_CONTEXT(2) 
PARAMETRIC_REPRESENTATION_CONTEXT() REPRESENTATION_CONTEXT('2D SPACE',''
  ) );
#427 = ORIENTED_EDGE('',*,*,#428,.F.);
#428 = EDGE_CURVE('',#429,#396,#431,.T.);
#429 = VERTEX_POINT('',#430);
#430 = CARTESIAN_POINT('',(21.9,28.8,-5.));
#431 = SURFACE_CURVE('',#432,(#436,#443),.PCURVE_S1.);
#432 = LINE('',#433,#434);
#433 = CARTESIAN_POINT('',(21.9,24.4,-5.));
#434 = VECTOR('',#435,1.);
#435 = DIRECTION('',(0.,1.,0.));
#436 = PCURVE('',#371,#437);
#437 = DEFINITIONAL_REPRESENTATION('',(#438),#442);
#438 = LINE('',#439,#440);
#439 = CARTESIAN_POINT('',(0.,0.));
#440 = VECTOR('',#441,1.);
#441 = DIRECTION('',(0.,1.));
#442 = ( GEOMETRIC_REPRESENTATION_CONTEXT(2) 
PARAMETRIC_REPRESENTATION_CONTEXT() REPRESENTATION_CONTEXT('2D SPACE',''
  ) );
#443 = PCURVE('',#444,#449);
#444 = CYLINDRICAL_SURFACE('',#445,2.1);
#445 = AXIS2_PLACEMENT_3D('',#446,#447,#448);
#446 = CARTESIAN_POINT('',(24.,24.4,-5.));
#447 = DIRECTION('',(0.,1.,0.));
#448 = DIRECTION('',(-1.,0.,1.032573497605E-14));
#449 = DEFINITIONAL_REPRESENTATION('',(#450),#454);
#450 = LINE('',#451,#452);
#451 = CARTESIAN_POINT('',(6.28318530718,0.));
#452 = VECTOR('',#453,1.);
#453 = DIRECTION('',(0.,1.));
#454 = ( GEOMETRIC_REPRESENTATION_CONTEXT(2) 
PARAMETRIC_REPRESENTATION_CONTEXT() REPRESENTATION_CONTEXT('2D SPACE',''
  ) );
#455 = ORIENTED_EDGE('',*,*,#456,.T.);
#456 = EDGE_CURVE('',#429,#361,#457,.T.);
#457 = SURFACE_CURVE('',#458,(#463,#470),.PCURVE_S1.);
#458 = CIRCLE('',#459,2.1);
#459 = AXIS2_PLACEMENT_3D('',#460,#461,#462);
#460 = CARTESIAN_POINT('',(24.,28.8,-5.));
#461 = DIRECTION('',(0.,1.,0.));
#462 = DIRECTION('',(0.,0.,-1.));
#463 = PCURVE('',#371,#464);
#464 = DEFINITIONAL_REPRESENTATION('',(#465),#469);
#465 = LINE('',#466,#467);
#466 = CARTESIAN_POINT('',(-1.570796326795,4.4));
#467 = VECTOR('',#468,1.);
#468 = DIRECTION('',(1.,0.));
#469 = ( GEOMETRIC_REPRESENTATION_CONTEXT(2) 
PARAMETRIC_REPRESENTATION_CONTEXT() REPRESENTATION_CONTEXT('2D SPACE',''
  ) );
#470 = PCURVE('',#471,#476);
#471 = PLANE('',#472);
#472 = AXIS2_PLACEMENT_3D('',#473,#474,#475);
#473 = CARTESIAN_POINT('',(27.3,28.8,-9.25));
#474 = DIRECTION('',(0.,-1.,0.));
#475 = DIRECTION('',(0.,0.,-1.));
#476 = DEFINITIONAL_REPRESENTATION('',(#477),#485);
#477 = ( BOUNDED_CURVE() B_SPLINE_CURVE(2,(#478,#479,#480,#481,#482,#483
,#484),.UNSPECIFIED.,.T.,.F.) B_SPLINE_CURVE_WITH_KNOTS((1,2,2,2,2,1),(
    -2.094395102393,0.,2.094395102393,4.188790204786,6.28318530718,
8.377580409573),.UNSPECIFIED.) CURVE() GEOMETRIC_REPRESENTATION_ITEM() 
RATIONAL_B_SPLINE_CURVE((1.,0.5,1.,0.5,1.,0.5,1.)) REPRESENTATION_ITEM(
  '') );
#478 = CARTESIAN_POINT('',(-2.15,-3.3));
#479 = CARTESIAN_POINT('',(-2.15,-6.937306695895));
#480 = CARTESIAN_POINT('',(-5.3,-5.118653347947));
#481 = CARTESIAN_POINT('',(-8.45,-3.3));
#482 = CARTESIAN_POINT('',(-5.3,-1.481346652053));
#483 = CARTESIAN_POINT('',(-2.15,0.337306695895));
#484 = CARTESIAN_POINT('',(-2.15,-3.3));
#485 = ( GEOMETRIC_REPRESENTATION_CONTEXT(2) 
PARAMETRIC_REPRESENTATION_CONTEXT() REPRESENTATION_CONTEXT('2D SPACE',''
  ) );
#486 = ADVANCED_FACE('',(#487),#501,.F.);
#487 = FACE_BOUND('',#488,.F.);
#488 = EDGE_LOOP('',(#489,#524,#557,#585));
#489 = ORIENTED_EDGE('',*,*,#490,.T.);
#490 = EDGE_CURVE('',#491,#493,#495,.T.);
#491 = VERTEX_POINT('',#492);
#492 = CARTESIAN_POINT('',(25.687453703069,28.8,6.25));
#493 = VERTEX_POINT('',#494);
#494 = CARTESIAN_POINT('',(25.687453703069,31.2,6.25));
#495 = SURFACE_CURVE('',#496,(#500,#512),.PCURVE_S1.);
#496 = LINE('',#497,#498);
#497 = CARTESIAN_POINT('',(25.687453703069,24.4,6.25));
#498 = VECTOR('',#499,1.);
#499 = DIRECTION('',(0.,1.,0.));
#500 = PCURVE('',#501,#506);
#501 = CYLINDRICAL_SURFACE('',#502,2.1);
#502 = AXIS2_PLACEMENT_3D('',#503,#504,#505);
#503 = CARTESIAN_POINT('',(24.,24.4,5.));
#504 = DIRECTION('',(0.,1.,0.));
#505 = DIRECTION('',(-1.,0.,-2.06514699521E-15));
#506 = DEFINITIONAL_REPRESENTATION('',(#507),#511);
#507 = LINE('',#508,#509);
#508 = CARTESIAN_POINT('',(2.504030732971,0.));
#509 = VECTOR('',#510,1.);
#510 = DIRECTION('',(0.,1.));
#511 = ( GEOMETRIC_REPRESENTATION_CONTEXT(2) 
PARAMETRIC_REPRESENTATION_CONTEXT() REPRESENTATION_CONTEXT('2D SPACE',''
  ) );
#512 = PCURVE('',#513,#518);
#513 = PLANE('',#514);
#514 = AXIS2_PLACEMENT_3D('',#515,#516,#517);
#515 = CARTESIAN_POINT('',(-4.541865326758E-15,24.4,6.25));
#516 = DIRECTION('',(-7.266984522813E-16,0.,1.));
#517 = DIRECTION('',(1.,0.,7.266984522813E-16));
#518 = DEFINITIONAL_REPRESENTATION('',(#519),#523);
#519 = LINE('',#520,#521);
#520 = CARTESIAN_POINT('',(25.687453703069,0.));
#521 = VECTOR('',#522,1.);
#522 = DIRECTION('',(0.,1.));
#523 = ( GEOMETRIC_REPRESENTATION_CONTEXT(2) 
PARAMETRIC_REPRESENTATION_CONTEXT() REPRESENTATION_CONTEXT('2D SPACE',''
  ) );
#524 = ORIENTED_EDGE('',*,*,#525,.T.);
#525 = EDGE_CURVE('',#493,#526,#528,.T.);
#526 = VERTEX_POINT('',#527);
#527 = CARTESIAN_POINT('',(21.9,31.2,5.));
#528 = SURFACE_CURVE('',#529,(#534,#541),.PCURVE_S1.);
#529 = CIRCLE('',#530,2.1);
#530 = AXIS2_PLACEMENT_3D('',#531,#532,#533);
#531 = CARTESIAN_POINT('',(24.,31.2,5.));
#532 = DIRECTION('',(0.,-1.,0.));
#533 = DIRECTION('',(0.,0.,1.));
#534 = PCURVE('',#501,#535);
#535 = DEFINITIONAL_REPRESENTATION('',(#536),#540);
#536 = LINE('',#537,#538);
#537 = CARTESIAN_POINT('',(7.853981633974,6.8));
#538 = VECTOR('',#539,1.);
#539 = DIRECTION('',(-1.,0.));
#540 = ( GEOMETRIC_REPRESENTATION_CONTEXT(2) 
PARAMETRIC_REPRESENTATION_CONTEXT() REPRESENTATION_CONTEXT('2D SPACE',''
  ) );
#541 = PCURVE('',#542,#547);
#542 = PLANE('',#543);
#543 = AXIS2_PLACEMENT_3D('',#544,#545,#546);
#544 = CARTESIAN_POINT('',(27.3,31.2,-9.25));
#545 = DIRECTION('',(-0.,1.,0.));
#546 = DIRECTION('',(1.,0.,0.));
#547 = DEFINITIONAL_REPRESENTATION('',(#548),#556);
#548 = ( BOUNDED_CURVE() B_SPLINE_CURVE(2,(#549,#550,#551,#552,#553,#554
,#555),.UNSPECIFIED.,.T.,.F.) B_SPLINE_CURVE_WITH_KNOTS((1,2,2,2,2,1),(
    -2.094395102393,0.,2.094395102393,4.188790204786,6.28318530718,
8.377580409573),.UNSPECIFIED.) CURVE() GEOMETRIC_REPRESENTATION_ITEM() 
RATIONAL_B_SPLINE_CURVE((1.,0.5,1.,0.5,1.,0.5,1.)) REPRESENTATION_ITEM(
  '') );
#549 = CARTESIAN_POINT('',(-3.3,-16.35));
#550 = CARTESIAN_POINT('',(-6.937306695895,-16.35));
#551 = CARTESIAN_POINT('',(-5.118653347947,-13.2));
#552 = CARTESIAN_POINT('',(-3.3,-10.05));
#553 = CARTESIAN_POINT('',(-1.481346652053,-13.2));
#554 = CARTESIAN_POINT('',(0.337306695895,-16.35));
#555 = CARTESIAN_POINT('',(-3.3,-16.35));
#556 = ( GEOMETRIC_REPRESENTATION_CONTEXT(2) 
PARAMETRIC_REPRESENTATION_CONTEXT() REPRESENTATION_CONTEXT('2D SPACE',''
  ) );
#557 = ORIENTED_EDGE('',*,*,#558,.F.);
#558 = EDGE_CURVE('',#559,#526,#561,.T.);
#559 = VERTEX_POINT('',#560);
#560 = CARTESIAN_POINT('',(21.9,28.8,5.));
#561 = SURFACE_CURVE('',#562,(#566,#573),.PCURVE_S1.);
#562 = LINE('',#563,#564);
#563 = CARTESIAN_POINT('',(21.9,24.4,5.));
#564 = VECTOR('',#565,1.);
#565 = DIRECTION('',(0.,1.,0.));
#566 = PCURVE('',#501,#567);
#567 = DEFINITIONAL_REPRESENTATION('',(#568),#572);
#568 = LINE('',#569,#570);
#569 = CARTESIAN_POINT('',(0.,0.));
#570 = VECTOR('',#571,1.);
#571 = DIRECTION('',(0.,1.));
#572 = ( GEOMETRIC_REPRESENTATION_CONTEXT(2) 
PARAMETRIC_REPRESENTATION_CONTEXT() REPRESENTATION_CONTEXT('2D SPACE',''
  ) );
#573 = PCURVE('',#574,#579);
#574 = CYLINDRICAL_SURFACE('',#575,2.1);
#575 = AXIS2_PLACEMENT_3D('',#576,#577,#578);
#576 = CARTESIAN_POINT('',(24.,24.4,5.));
#577 = DIRECTION('',(0.,1.,0.));
#578 = DIRECTION('',(-1.,0.,-2.06514699521E-15));
#579 = DEFINITIONAL_REPRESENTATION('',(#580),#584);
#580 = LINE('',#581,#582);
#581 = CARTESIAN_POINT('',(6.28318530718,0.));
#582 = VECTOR('',#583,1.);
#583 = DIRECTION('',(0.,1.));
#584 = ( GEOMETRIC_REPRESENTATION_CONTEXT(2) 
PARAMETRIC_REPRESENTATION_CONTEXT() REPRESENTATION_CONTEXT('2D SPACE',''
  ) );
#585 = ORIENTED_EDGE('',*,*,#586,.T.);
#586 = EDGE_CURVE('',#559,#491,#587,.T.);
#587 = SURFACE_CURVE('',#588,(#593,#600),.PCURVE_S1.);
#588 = CIRCLE('',#589,2.1);
#589 = AXIS2_PLACEMENT_3D('',#590,#591,#592);
#590 = CARTESIAN_POINT('',(24.,28.8,5.));
#591 = DIRECTION('',(0.,1.,0.));
#592 = DIRECTION('',(0.,0.,-1.));
#593 = PCURVE('',#501,#594);
#594 = DEFINITIONAL_REPRESENTATION('',(#595),#599);
#595 = LINE('',#596,#597);
#596 = CARTESIAN_POINT('',(-1.570796326795,4.4));
#597 = VECTOR('',#598,1.);
#598 = DIRECTION('',(1.,0.));
#599 = ( GEOMETRIC_REPRESENTATION_CONTEXT(2) 
PARAMETRIC_REPRESENTATION_CONTEXT() REPRESENTATION_CONTEXT('2D SPACE',''
  ) );
#600 = PCURVE('',#471,#601);
#601 = DEFINITIONAL_REPRESENTATION('',(#602),#610);
#602 = ( BOUNDED_CURVE() B_SPLINE_CURVE(2,(#603,#604,#605,#606,#607,#608
,#609),.UNSPECIFIED.,.T.,.F.) B_SPLINE_CURVE_WITH_KNOTS((1,2,2,2,2,1),(
    -2.094395102393,0.,2.094395102393,4.188790204786,6.28318530718,
8.377580409573),.UNSPECIFIED.) CURVE() GEOMETRIC_REPRESENTATION_ITEM() 
RATIONAL_B_SPLINE_CURVE((1.,0.5,1.,0.5,1.,0.5,1.)) REPRESENTATION_ITEM(
  '') );
#603 = CARTESIAN_POINT('',(-12.15,-3.3));
#604 = CARTESIAN_POINT('',(-12.15,-6.937306695895));
#605 = CARTESIAN_POINT('',(-15.3,-5.118653347947));
#606 = CARTESIAN_POINT('',(-18.45,-3.3));
#607 = CARTESIAN_POINT('',(-15.3,-1.481346652053));
#608 = CARTESIAN_POINT('',(-12.15,0.337306695895));
#609 = CARTESIAN_POINT('',(-12.15,-3.3));
#610 = ( GEOMETRIC_REPRESENTATION_CONTEXT(2) 
PARAMETRIC_REPRESENTATION_CONTEXT() REPRESENTATION_CONTEXT('2D SPACE',''
  ) );
#611 = ADVANCED_FACE('',(#612),#626,.F.);
#612 = FACE_BOUND('',#613,.F.);
#613 = EDGE_LOOP('',(#614,#649,#682,#710));
#614 = ORIENTED_EDGE('',*,*,#615,.T.);
#615 = EDGE_CURVE('',#616,#618,#620,.T.);
#616 = VERTEX_POINT('',#617);
#617 = CARTESIAN_POINT('',(-25.68745370306,28.8,-6.25));
#618 = VERTEX_POINT('',#619);
#619 = CARTESIAN_POINT('',(-25.68745370306,31.2,-6.25));
#620 = SURFACE_CURVE('',#621,(#625,#637),.PCURVE_S1.);
#621 = LINE('',#622,#623);
#622 = CARTESIAN_POINT('',(-25.68745370306,24.4,-6.25));
#623 = VECTOR('',#624,1.);
#624 = DIRECTION('',(0.,1.,0.));
#625 = PCURVE('',#626,#631);
#626 = CYLINDRICAL_SURFACE('',#627,2.1);
#627 = AXIS2_PLACEMENT_3D('',#628,#629,#630);
#628 = CARTESIAN_POINT('',(-24.,24.4,-5.));
#629 = DIRECTION('',(0.,1.,0.));
#630 = DIRECTION('',(1.,-0.,9.91270557701E-15));
#631 = DEFINITIONAL_REPRESENTATION('',(#632),#636);
#632 = LINE('',#633,#634);
#633 = CARTESIAN_POINT('',(2.504030732971,0.));
#634 = VECTOR('',#635,1.);
#635 = DIRECTION('',(0.,1.));
#636 = ( GEOMETRIC_REPRESENTATION_CONTEXT(2) 
PARAMETRIC_REPRESENTATION_CONTEXT() REPRESENTATION_CONTEXT('2D SPACE',''
  ) );
#637 = PCURVE('',#638,#643);
#638 = PLANE('',#639);
#639 = AXIS2_PLACEMENT_3D('',#640,#641,#642);
#640 = CARTESIAN_POINT('',(-5.378833089251E-14,24.4,-6.25));
#641 = DIRECTION('',(-8.606132942802E-15,0.,-1.));
#642 = DIRECTION('',(-1.,0.,8.606132942802E-15));
#643 = DEFINITIONAL_REPRESENTATION('',(#644),#648);
#644 = LINE('',#645,#646);
#645 = CARTESIAN_POINT('',(25.687453703069,0.));
#646 = VECTOR('',#647,1.);
#647 = DIRECTION('',(0.,1.));
#648 = ( GEOMETRIC_REPRESENTATION_CONTEXT(2) 
PARAMETRIC_REPRESENTATION_CONTEXT() REPRESENTATION_CONTEXT('2D SPACE',''
  ) );
#649 = ORIENTED_EDGE('',*,*,#650,.F.);
#650 = EDGE_CURVE('',#651,#618,#653,.T.);
#651 = VERTEX_POINT('',#652);
#652 = CARTESIAN_POINT('',(-21.9,31.2,-5.));
#653 = SURFACE_CURVE('',#654,(#659,#666),.PCURVE_S1.);
#654 = CIRCLE('',#655,2.1);
#655 = AXIS2_PLACEMENT_3D('',#656,#657,#658);
#656 = CARTESIAN_POINT('',(-24.,31.2,-5.));
#657 = DIRECTION('',(0.,1.,0.));
#658 = DIRECTION('',(0.,-0.,1.));
#659 = PCURVE('',#626,#660);
#660 = DEFINITIONAL_REPRESENTATION('',(#661),#665);
#661 = LINE('',#662,#663);
#662 = CARTESIAN_POINT('',(-1.570796326795,6.8));
#663 = VECTOR('',#664,1.);
#664 = DIRECTION('',(1.,0.));
#665 = ( GEOMETRIC_REPRESENTATION_CONTEXT(2) 
PARAMETRIC_REPRESENTATION_CONTEXT() REPRESENTATION_CONTEXT('2D SPACE',''
  ) );
#666 = PCURVE('',#667,#672);
#667 = PLANE('',#668);
#668 = AXIS2_PLACEMENT_3D('',#669,#670,#671);
#669 = CARTESIAN_POINT('',(-27.3,31.2,-9.25));
#670 = DIRECTION('',(0.,-1.,0.));
#671 = DIRECTION('',(0.,0.,-1.));
#672 = DEFINITIONAL_REPRESENTATION('',(#673),#681);
#673 = ( BOUNDED_CURVE() B_SPLINE_CURVE(2,(#674,#675,#676,#677,#678,#679
,#680),.UNSPECIFIED.,.T.,.F.) B_SPLINE_CURVE_WITH_KNOTS((1,2,2,2,2,1),(
    -2.094395102393,0.,2.094395102393,4.188790204786,6.28318530718,
8.377580409573),.UNSPECIFIED.) CURVE() GEOMETRIC_REPRESENTATION_ITEM() 
RATIONAL_B_SPLINE_CURVE((1.,0.5,1.,0.5,1.,0.5,1.)) REPRESENTATION_ITEM(
  '') );
#674 = CARTESIAN_POINT('',(-6.35,3.3));
#675 = CARTESIAN_POINT('',(-6.35,6.937306695895));
#676 = CARTESIAN_POINT('',(-3.2,5.118653347947));
#677 = CARTESIAN_POINT('',(-5.E-02,3.3));
#678 = CARTESIAN_POINT('',(-3.2,1.481346652053));
#679 = CARTESIAN_POINT('',(-6.35,-0.337306695895));
#680 = CARTESIAN_POINT('',(-6.35,3.3));
#681 = ( GEOMETRIC_REPRESENTATION_CONTEXT(2) 
PARAMETRIC_REPRESENTATION_CONTEXT() REPRESENTATION_CONTEXT('2D SPACE',''
  ) );
#682 = ORIENTED_EDGE('',*,*,#683,.F.);
#683 = EDGE_CURVE('',#684,#651,#686,.T.);
#684 = VERTEX_POINT('',#685);
#685 = CARTESIAN_POINT('',(-21.9,28.8,-5.));
#686 = SURFACE_CURVE('',#687,(#691,#698),.PCURVE_S1.);
#687 = LINE('',#688,#689);
#688 = CARTESIAN_POINT('',(-21.9,24.4,-5.));
#689 = VECTOR('',#690,1.);
#690 = DIRECTION('',(0.,1.,0.));
#691 = PCURVE('',#626,#692);
#692 = DEFINITIONAL_REPRESENTATION('',(#693),#697);
#693 = LINE('',#694,#695);
#694 = CARTESIAN_POINT('',(0.,0.));
#695 = VECTOR('',#696,1.);
#696 = DIRECTION('',(0.,1.));
#697 = ( GEOMETRIC_REPRESENTATION_CONTEXT(2) 
PARAMETRIC_REPRESENTATION_CONTEXT() REPRESENTATION_CONTEXT('2D SPACE',''
  ) );
#698 = PCURVE('',#699,#704);
#699 = CYLINDRICAL_SURFACE('',#700,2.1);
#700 = AXIS2_PLACEMENT_3D('',#701,#702,#703);
#701 = CARTESIAN_POINT('',(-24.,24.4,-5.));
#702 = DIRECTION('',(0.,1.,0.));
#703 = DIRECTION('',(1.,-0.,9.91270557701E-15));
#704 = DEFINITIONAL_REPRESENTATION('',(#705),#709);
#705 = LINE('',#706,#707);
#706 = CARTESIAN_POINT('',(6.28318530718,0.));
#707 = VECTOR('',#708,1.);
#708 = DIRECTION('',(0.,1.));
#709 = ( GEOMETRIC_REPRESENTATION_CONTEXT(2) 
PARAMETRIC_REPRESENTATION_CONTEXT() REPRESENTATION_CONTEXT('2D SPACE',''
  ) );
#710 = ORIENTED_EDGE('',*,*,#711,.T.);
#711 = EDGE_CURVE('',#684,#616,#712,.T.);
#712 = SURFACE_CURVE('',#713,(#718,#725),.PCURVE_S1.);
#713 = CIRCLE('',#714,2.1);
#714 = AXIS2_PLACEMENT_3D('',#715,#716,#717);
#715 = CARTESIAN_POINT('',(-24.,28.8,-5.));
#716 = DIRECTION('',(0.,1.,0.));
#717 = DIRECTION('',(0.,-0.,1.));
#718 = PCURVE('',#626,#719);
#719 = DEFINITIONAL_REPRESENTATION('',(#720),#724);
#720 = LINE('',#721,#722);
#721 = CARTESIAN_POINT('',(-1.570796326795,4.4));
#722 = VECTOR('',#723,1.);
#723 = DIRECTION('',(1.,0.));
#724 = ( GEOMETRIC_REPRESENTATION_CONTEXT(2) 
PARAMETRIC_REPRESENTATION_CONTEXT() REPRESENTATION_CONTEXT('2D SPACE',''
  ) );
#725 = PCURVE('',#726,#731);
#726 = PLANE('',#727);
#727 = AXIS2_PLACEMENT_3D('',#728,#729,#730);
#728 = CARTESIAN_POINT('',(-27.3,28.8,-9.25));
#729 = DIRECTION('',(-0.,1.,0.));
#730 = DIRECTION('',(1.,0.,0.));
#731 = DEFINITIONAL_REPRESENTATION('',(#732),#736);
#732 = CIRCLE('',#733,2.1);
#733 = AXIS2_PLACEMENT_2D('',#734,#735);
#734 = CARTESIAN_POINT('',(3.3,-4.25));
#735 = DIRECTION('',(0.,-1.));
#736 = ( GEOMETRIC_REPRESENTATION_CONTEXT(2) 
PARAMETRIC_REPRESENTATION_CONTEXT() REPRESENTATION_CONTEXT('2D SPACE',''
  ) );
#737 = ADVANCED_FACE('',(#738),#752,.F.);
#738 = FACE_BOUND('',#739,.F.);
#739 = EDGE_LOOP('',(#740,#775,#808,#836));
#740 = ORIENTED_EDGE('',*,*,#741,.T.);
#741 = EDGE_CURVE('',#742,#744,#746,.T.);
#742 = VERTEX_POINT('',#743);
#743 = CARTESIAN_POINT('',(-25.68745370306,28.8,3.75));
#744 = VERTEX_POINT('',#745);
#745 = CARTESIAN_POINT('',(-25.68745370306,31.2,3.75));
#746 = SURFACE_CURVE('',#747,(#751,#763),.PCURVE_S1.);
#747 = LINE('',#748,#749);
#748 = CARTESIAN_POINT('',(-25.68745370306,24.4,3.75));
#749 = VECTOR('',#750,1.);
#750 = DIRECTION('',(0.,1.,0.));
#751 = PCURVE('',#752,#757);
#752 = CYLINDRICAL_SURFACE('',#753,2.1);
#753 = AXIS2_PLACEMENT_3D('',#754,#755,#756);
#754 = CARTESIAN_POINT('',(-24.,24.4,5.));
#755 = DIRECTION('',(0.,1.,0.));
#756 = DIRECTION('',(1.,0.,-1.652117596168E-15));
#757 = DEFINITIONAL_REPRESENTATION('',(#758),#762);
#758 = LINE('',#759,#760);
#759 = CARTESIAN_POINT('',(2.504030732971,0.));
#760 = VECTOR('',#761,1.);
#761 = DIRECTION('',(0.,1.));
#762 = ( GEOMETRIC_REPRESENTATION_CONTEXT(2) 
PARAMETRIC_REPRESENTATION_CONTEXT() REPRESENTATION_CONTEXT('2D SPACE',''
  ) );
#763 = PCURVE('',#764,#769);
#764 = PLANE('',#765);
#765 = AXIS2_PLACEMENT_3D('',#766,#767,#768);
#766 = CARTESIAN_POINT('',(3.709112695345E-15,24.4,3.75));
#767 = DIRECTION('',(-9.890967187587E-16,0.,-1.));
#768 = DIRECTION('',(-1.,0.,9.890967187587E-16));
#769 = DEFINITIONAL_REPRESENTATION('',(#770),#774);
#770 = LINE('',#771,#772);
#771 = CARTESIAN_POINT('',(25.687453703069,0.));
#772 = VECTOR('',#773,1.);
#773 = DIRECTION('',(0.,1.));
#774 = ( GEOMETRIC_REPRESENTATION_CONTEXT(2) 
PARAMETRIC_REPRESENTATION_CONTEXT() REPRESENTATION_CONTEXT('2D SPACE',''
  ) );
#775 = ORIENTED_EDGE('',*,*,#776,.F.);
#776 = EDGE_CURVE('',#777,#744,#779,.T.);
#777 = VERTEX_POINT('',#778);
#778 = CARTESIAN_POINT('',(-21.9,31.2,5.));
#779 = SURFACE_CURVE('',#780,(#785,#792),.PCURVE_S1.);
#780 = CIRCLE('',#781,2.1);
#781 = AXIS2_PLACEMENT_3D('',#782,#783,#784);
#782 = CARTESIAN_POINT('',(-24.,31.2,5.));
#783 = DIRECTION('',(0.,1.,0.));
#784 = DIRECTION('',(0.,-0.,1.));
#785 = PCURVE('',#752,#786);
#786 = DEFINITIONAL_REPRESENTATION('',(#787),#791);
#787 = LINE('',#788,#789);
#788 = CARTESIAN_POINT('',(-1.570796326795,6.8));
#789 = VECTOR('',#790,1.);
#790 = DIRECTION('',(1.,0.));
#791 = ( GEOMETRIC_REPRESENTATION_CONTEXT(2) 
PARAMETRIC_REPRESENTATION_CONTEXT() REPRESENTATION_CONTEXT('2D SPACE',''
  ) );
#792 = PCURVE('',#793,#798);
#793 = PLANE('',#794);
#794 = AXIS2_PLACEMENT_3D('',#795,#796,#797);
#795 = CARTESIAN_POINT('',(-27.3,31.2,-9.25));
#796 = DIRECTION('',(0.,-1.,0.));
#797 = DIRECTION('',(0.,0.,-1.));
#798 = DEFINITIONAL_REPRESENTATION('',(#799),#807);
#799 = ( BOUNDED_CURVE() B_SPLINE_CURVE(2,(#800,#801,#802,#803,#804,#805
,#806),.UNSPECIFIED.,.T.,.F.) B_SPLINE_CURVE_WITH_KNOTS((1,2,2,2,2,1),(
    -2.094395102393,0.,2.094395102393,4.188790204786,6.28318530718,
8.377580409573),.UNSPECIFIED.) CURVE() GEOMETRIC_REPRESENTATION_ITEM() 
RATIONAL_B_SPLINE_CURVE((1.,0.5,1.,0.5,1.,0.5,1.)) REPRESENTATION_ITEM(
  '') );
#800 = CARTESIAN_POINT('',(-16.35,3.3));
#801 = CARTESIAN_POINT('',(-16.35,6.937306695895));
#802 = CARTESIAN_POINT('',(-13.2,5.118653347947));
#803 = CARTESIAN_POINT('',(-10.05,3.3));
#804 = CARTESIAN_POINT('',(-13.2,1.481346652053));
#805 = CARTESIAN_POINT('',(-16.35,-0.337306695895));
#806 = CARTESIAN_POINT('',(-16.35,3.3));
#807 = ( GEOMETRIC_REPRESENTATION_CONTEXT(2) 
PARAMETRIC_REPRESENTATION_CONTEXT() REPRESENTATION_CONTEXT('2D SPACE',''
  ) );
#808 = ORIENTED_EDGE('',*,*,#809,.F.);
#809 = EDGE_CURVE('',#810,#777,#812,.T.);
#810 = VERTEX_POINT('',#811);
#811 = CARTESIAN_POINT('',(-21.9,28.8,5.));
#812 = SURFACE_CURVE('',#813,(#817,#824),.PCURVE_S1.);
#813 = LINE('',#814,#815);
#814 = CARTESIAN_POINT('',(-21.9,24.4,5.));
#815 = VECTOR('',#816,1.);
#816 = DIRECTION('',(0.,1.,0.));
#817 = PCURVE('',#752,#818);
#818 = DEFINITIONAL_REPRESENTATION('',(#819),#823);
#819 = LINE('',#820,#821);
#820 = CARTESIAN_POINT('',(0.,0.));
#821 = VECTOR('',#822,1.);
#822 = DIRECTION('',(0.,1.));
#823 = ( GEOMETRIC_REPRESENTATION_CONTEXT(2) 
PARAMETRIC_REPRESENTATION_CONTEXT() REPRESENTATION_CONTEXT('2D SPACE',''
  ) );
#824 = PCURVE('',#825,#830);
#825 = CYLINDRICAL_SURFACE('',#826,2.1);
#826 = AXIS2_PLACEMENT_3D('',#827,#828,#829);
#827 = CARTESIAN_POINT('',(-24.,24.4,5.));
#828 = DIRECTION('',(0.,1.,0.));
#829 = DIRECTION('',(1.,0.,-1.652117596168E-15));
#830 = DEFINITIONAL_REPRESENTATION('',(#831),#835);
#831 = LINE('',#832,#833);
#832 = CARTESIAN_POINT('',(6.28318530718,0.));
#833 = VECTOR('',#834,1.);
#834 = DIRECTION('',(0.,1.));
#835 = ( GEOMETRIC_REPRESENTATION_CONTEXT(2) 
PARAMETRIC_REPRESENTATION_CONTEXT() REPRESENTATION_CONTEXT('2D SPACE',''
  ) );
#836 = ORIENTED_EDGE('',*,*,#837,.T.);
#837 = EDGE_CURVE('',#810,#742,#838,.T.);
#838 = SURFACE_CURVE('',#839,(#844,#851),.PCURVE_S1.);
#839 = CIRCLE('',#840,2.1);
#840 = AXIS2_PLACEMENT_3D('',#841,#842,#843);
#841 = CARTESIAN_POINT('',(-24.,28.8,5.));
#842 = DIRECTION('',(0.,1.,0.));
#843 = DIRECTION('',(0.,-0.,1.));
#844 = PCURVE('',#752,#845);
#845 = DEFINITIONAL_REPRESENTATION('',(#846),#850);
#846 = LINE('',#847,#848);
#847 = CARTESIAN_POINT('',(-1.570796326795,4.4));
#848 = VECTOR('',#849,1.);
#849 = DIRECTION('',(1.,0.));
#850 = ( GEOMETRIC_REPRESENTATION_CONTEXT(2) 
PARAMETRIC_REPRESENTATION_CONTEXT() REPRESENTATION_CONTEXT('2D SPACE',''
  ) );
#851 = PCURVE('',#726,#852);
#852 = DEFINITIONAL_REPRESENTATION('',(#853),#857);
#853 = CIRCLE('',#854,2.1);
#854 = AXIS2_PLACEMENT_2D('',#855,#856);
#855 = CARTESIAN_POINT('',(3.3,-14.25));
#856 = DIRECTION('',(0.,-1.));
#857 = ( GEOMETRIC_REPRESENTATION_CONTEXT(2) 
PARAMETRIC_REPRESENTATION_CONTEXT() REPRESENTATION_CONTEXT('2D SPACE',''
  ) );
#858 = ADVANCED_FACE('',(#859),#874,.T.);
#859 = FACE_BOUND('',#860,.T.);
#860 = EDGE_LOOP('',(#861,#892,#920,#949));
#861 = ORIENTED_EDGE('',*,*,#862,.F.);
#862 = EDGE_CURVE('',#863,#865,#867,.T.);
#863 = VERTEX_POINT('',#864);
#864 = CARTESIAN_POINT('',(-10.25,45.2,3.));
#865 = VERTEX_POINT('',#866);
#866 = CARTESIAN_POINT('',(-10.25,45.2,-3.));
#867 = SURFACE_CURVE('',#868,(#873,#885),.PCURVE_S1.);
#868 = CIRCLE('',#869,3.);
#869 = AXIS2_PLACEMENT_3D('',#870,#871,#872);
#870 = CARTESIAN_POINT('',(-10.25,45.2,0.));
#871 = DIRECTION('',(0.,1.,0.));
#872 = DIRECTION('',(0.,-0.,1.));
#873 = PCURVE('',#874,#879);
#874 = CYLINDRICAL_SURFACE('',#875,3.);
#875 = AXIS2_PLACEMENT_3D('',#876,#877,#878);
#876 = CARTESIAN_POINT('',(-10.25,45.2,0.));
#877 = DIRECTION('',(0.,-1.,0.));
#878 = DIRECTION('',(0.,0.,-1.));
#879 = DEFINITIONAL_REPRESENTATION('',(#880),#884);
#880 = LINE('',#881,#882);
#881 = CARTESIAN_POINT('',(3.14159265359,0.));
#882 = VECTOR('',#883,1.);
#883 = DIRECTION('',(-1.,0.));
#884 = ( GEOMETRIC_REPRESENTATION_CONTEXT(2) 
PARAMETRIC_REPRESENTATION_CONTEXT() REPRESENTATION_CONTEXT('2D SPACE',''
  ) );
#885 = PCURVE('',#295,#886);
#886 = DEFINITIONAL_REPRESENTATION('',(#887),#891);
#887 = CIRCLE('',#888,3.);
#888 = AXIS2_PLACEMENT_2D('',#889,#890);
#889 = CARTESIAN_POINT('',(0.,0.));
#890 = DIRECTION('',(0.,-1.));
#891 = ( GEOMETRIC_REPRESENTATION_CONTEXT(2) 
PARAMETRIC_REPRESENTATION_CONTEXT() REPRESENTATION_CONTEXT('2D SPACE',''
  ) );
#892 = ORIENTED_EDGE('',*,*,#893,.T.);
#893 = EDGE_CURVE('',#863,#894,#896,.T.);
#894 = VERTEX_POINT('',#895);
#895 = CARTESIAN_POINT('',(-10.25,41.2,3.));
#896 = SURFACE_CURVE('',#897,(#901,#908),.PCURVE_S1.);
#897 = LINE('',#898,#899);
#898 = CARTESIAN_POINT('',(-10.25,45.2,3.));
#899 = VECTOR('',#900,1.);
#900 = DIRECTION('',(0.,-1.,0.));
#901 = PCURVE('',#874,#902);
#902 = DEFINITIONAL_REPRESENTATION('',(#903),#907);
#903 = LINE('',#904,#905);
#904 = CARTESIAN_POINT('',(3.14159265359,0.));
#905 = VECTOR('',#906,1.);
#906 = DIRECTION('',(0.,1.));
#907 = ( GEOMETRIC_REPRESENTATION_CONTEXT(2) 
PARAMETRIC_REPRESENTATION_CONTEXT() REPRESENTATION_CONTEXT('2D SPACE',''
  ) );
#908 = PCURVE('',#909,#914);
#909 = CYLINDRICAL_SURFACE('',#910,3.);
#910 = AXIS2_PLACEMENT_3D('',#911,#912,#913);
#911 = CARTESIAN_POINT('',(-10.25,45.2,0.));
#912 = DIRECTION('',(0.,-1.,0.));
#913 = DIRECTION('',(0.,0.,-1.));
#914 = DEFINITIONAL_REPRESENTATION('',(#915),#919);
#915 = LINE('',#916,#917);
#916 = CARTESIAN_POINT('',(3.14159265359,0.));
#917 = VECTOR('',#918,1.);
#918 = DIRECTION('',(0.,1.));
#919 = ( GEOMETRIC_REPRESENTATION_CONTEXT(2) 
PARAMETRIC_REPRESENTATION_CONTEXT() REPRESENTATION_CONTEXT('2D SPACE',''
  ) );
#920 = ORIENTED_EDGE('',*,*,#921,.T.);
#921 = EDGE_CURVE('',#894,#922,#924,.T.);
#922 = VERTEX_POINT('',#923);
#923 = CARTESIAN_POINT('',(-10.25,41.2,-3.));
#924 = SURFACE_CURVE('',#925,(#930,#937),.PCURVE_S1.);
#925 = CIRCLE('',#926,3.);
#926 = AXIS2_PLACEMENT_3D('',#927,#928,#929);
#927 = CARTESIAN_POINT('',(-10.25,41.2,0.));
#928 = DIRECTION('',(0.,1.,0.));
#929 = DIRECTION('',(0.,-0.,1.));
#930 = PCURVE('',#874,#931);
#931 = DEFINITIONAL_REPRESENTATION('',(#932),#936);
#932 = LINE('',#933,#934);
#933 = CARTESIAN_POINT('',(3.14159265359,4.));
#934 = VECTOR('',#935,1.);
#935 = DIRECTION('',(-1.,0.));
#936 = ( GEOMETRIC_REPRESENTATION_CONTEXT(2) 
PARAMETRIC_REPRESENTATION_CONTEXT() REPRESENTATION_CONTEXT('2D SPACE',''
  ) );
#937 = PCURVE('',#938,#943);
#938 = PLANE('',#939);
#939 = AXIS2_PLACEMENT_3D('',#940,#941,#942);
#940 = CARTESIAN_POINT('',(-10.25,41.2,0.));
#941 = DIRECTION('',(-0.,1.,0.));
#942 = DIRECTION('',(1.,0.,0.));
#943 = DEFINITIONAL_REPRESENTATION('',(#944),#948);
#944 = CIRCLE('',#945,3.);
#945 = AXIS2_PLACEMENT_2D('',#946,#947);
#946 = CARTESIAN_POINT('',(0.,0.));
#947 = DIRECTION('',(0.,-1.));
#948 = ( GEOMETRIC_REPRESENTATION_CONTEXT(2) 
PARAMETRIC_REPRESENTATION_CONTEXT() REPRESENTATION_CONTEXT('2D SPACE',''
  ) );
#949 = ORIENTED_EDGE('',*,*,#950,.F.);
#950 = EDGE_CURVE('',#865,#922,#951,.T.);
#951 = SURFACE_CURVE('',#952,(#956,#963),.PCURVE_S1.);
#952 = LINE('',#953,#954);
#953 = CARTESIAN_POINT('',(-10.25,45.2,-3.));
#954 = VECTOR('',#955,1.);
#955 = DIRECTION('',(0.,-1.,0.));
#956 = PCURVE('',#874,#957);
#957 = DEFINITIONAL_REPRESENTATION('',(#958),#962);
#958 = LINE('',#959,#960);
#959 = CARTESIAN_POINT('',(0.,0.));
#960 = VECTOR('',#961,1.);
#961 = DIRECTION('',(0.,1.));
#962 = ( GEOMETRIC_REPRESENTATION_CONTEXT(2) 
PARAMETRIC_REPRESENTATION_CONTEXT() REPRESENTATION_CONTEXT('2D SPACE',''
  ) );
#963 = PCURVE('',#909,#964);
#964 = DEFINITIONAL_REPRESENTATION('',(#965),#969);
#965 = LINE('',#966,#967);
#966 = CARTESIAN_POINT('',(6.28318530718,0.));
#967 = VECTOR('',#968,1.);
#968 = DIRECTION('',(0.,1.));
#969 = ( GEOMETRIC_REPRESENTATION_CONTEXT(2) 
PARAMETRIC_REPRESENTATION_CONTEXT() REPRESENTATION_CONTEXT('2D SPACE',''
  ) );
#970 = ADVANCED_FACE('',(#971),#986,.T.);
#971 = FACE_BOUND('',#972,.T.);
#972 = EDGE_LOOP('',(#973,#1004,#1032,#1061));
#973 = ORIENTED_EDGE('',*,*,#974,.F.);
#974 = EDGE_CURVE('',#975,#977,#979,.T.);
#975 = VERTEX_POINT('',#976);
#976 = CARTESIAN_POINT('',(-10.25,41.2,5.35));
#977 = VERTEX_POINT('',#978);
#978 = CARTESIAN_POINT('',(-10.25,41.2,-5.35));
#979 = SURFACE_CURVE('',#980,(#985,#997),.PCURVE_S1.);
#980 = CIRCLE('',#981,5.35);
#981 = AXIS2_PLACEMENT_3D('',#982,#983,#984);
#982 = CARTESIAN_POINT('',(-10.25,41.2,0.));
#983 = DIRECTION('',(0.,1.,0.));
#984 = DIRECTION('',(0.,-0.,1.));
#985 = PCURVE('',#986,#991);
#986 = CYLINDRICAL_SURFACE('',#987,5.35);
#987 = AXIS2_PLACEMENT_3D('',#988,#989,#990);
#988 = CARTESIAN_POINT('',(-10.25,41.2,0.));
#989 = DIRECTION('',(0.,-1.,0.));
#990 = DIRECTION('',(0.,0.,-1.));
#991 = DEFINITIONAL_REPRESENTATION('',(#992),#996);
#992 = LINE('',#993,#994);
#993 = CARTESIAN_POINT('',(3.14159265359,0.));
#994 = VECTOR('',#995,1.);
#995 = DIRECTION('',(-1.,0.));
#996 = ( GEOMETRIC_REPRESENTATION_CONTEXT(2) 
PARAMETRIC_REPRESENTATION_CONTEXT() REPRESENTATION_CONTEXT('2D SPACE',''
  ) );
#997 = PCURVE('',#938,#998);
#998 = DEFINITIONAL_REPRESENTATION('',(#999),#1003);
#999 = CIRCLE('',#1000,5.35);
#1000 = AXIS2_PLACEMENT_2D('',#1001,#1002);
#1001 = CARTESIAN_POINT('',(0.,0.));
#1002 = DIRECTION('',(0.,-1.));
#1003 = ( GEOMETRIC_REPRESENTATION_CONTEXT(2) 
PARAMETRIC_REPRESENTATION_CONTEXT() REPRESENTATION_CONTEXT('2D SPACE',''
  ) );
#1004 = ORIENTED_EDGE('',*,*,#1005,.T.);
#1005 = EDGE_CURVE('',#975,#1006,#1008,.T.);
#1006 = VERTEX_POINT('',#1007);
#1007 = CARTESIAN_POINT('',(-10.25,40.6,5.35));
#1008 = SURFACE_CURVE('',#1009,(#1013,#1020),.PCURVE_S1.);
#1009 = LINE('',#1010,#1011);
#1010 = CARTESIAN_POINT('',(-10.25,41.2,5.35));
#1011 = VECTOR('',#1012,1.);
#1012 = DIRECTION('',(0.,-1.,0.));
#1013 = PCURVE('',#986,#1014);
#1014 = DEFINITIONAL_REPRESENTATION('',(#1015),#1019);
#1015 = LINE('',#1016,#1017);
#1016 = CARTESIAN_POINT('',(3.14159265359,0.));
#1017 = VECTOR('',#1018,1.);
#1018 = DIRECTION('',(0.,1.));
#1019 = ( GEOMETRIC_REPRESENTATION_CONTEXT(2) 
PARAMETRIC_REPRESENTATION_CONTEXT() REPRESENTATION_CONTEXT('2D SPACE',''
  ) );
#1020 = PCURVE('',#1021,#1026);
#1021 = CYLINDRICAL_SURFACE('',#1022,5.35);
#1022 = AXIS2_PLACEMENT_3D('',#1023,#1024,#1025);
#1023 = CARTESIAN_POINT('',(-10.25,41.2,0.));
#1024 = DIRECTION('',(0.,-1.,0.));
#1025 = DIRECTION('',(0.,0.,-1.));
#1026 = DEFINITIONAL_REPRESENTATION('',(#1027),#1031);
#1027 = LINE('',#1028,#1029);
#1028 = CARTESIAN_POINT('',(3.14159265359,0.));
#1029 = VECTOR('',#1030,1.);
#1030 = DIRECTION('',(0.,1.));
#1031 = ( GEOMETRIC_REPRESENTATION_CONTEXT(2) 
PARAMETRIC_REPRESENTATION_CONTEXT() REPRESENTATION_CONTEXT('2D SPACE',''
  ) );
#1032 = ORIENTED_EDGE('',*,*,#1033,.T.);
#1033 = EDGE_CURVE('',#1006,#1034,#1036,.T.);
#1034 = VERTEX_POINT('',#1035);
#1035 = CARTESIAN_POINT('',(-10.25,40.6,-5.35));
#1036 = SURFACE_CURVE('',#1037,(#1042,#1049),.PCURVE_S1.);
#1037 = CIRCLE('',#1038,5.35);
#1038 = AXIS2_PLACEMENT_3D('',#1039,#1040,#1041);
#1039 = CARTESIAN_POINT('',(-10.25,40.6,0.));
#1040 = DIRECTION('',(0.,1.,0.));
#1041 = DIRECTION('',(0.,-0.,1.));
#1042 = PCURVE('',#986,#1043);
#1043 = DEFINITIONAL_REPRESENTATION('',(#1044),#1048);
#1044 = LINE('',#1045,#1046);
#1045 = CARTESIAN_POINT('',(3.14159265359,0.6));
#1046 = VECTOR('',#1047,1.);
#1047 = DIRECTION('',(-1.,0.));
#1048 = ( GEOMETRIC_REPRESENTATION_CONTEXT(2) 
PARAMETRIC_REPRESENTATION_CONTEXT() REPRESENTATION_CONTEXT('2D SPACE',''
  ) );
#1049 = PCURVE('',#1050,#1055);
#1050 = PLANE('',#1051);
#1051 = AXIS2_PLACEMENT_3D('',#1052,#1053,#1054);
#1052 = CARTESIAN_POINT('',(-10.25,40.6,0.));
#1053 = DIRECTION('',(-0.,1.,0.));
#1054 = DIRECTION('',(1.,0.,0.));
#1055 = DEFINITIONAL_REPRESENTATION('',(#1056),#1060);
#1056 = CIRCLE('',#1057,5.35);
#1057 = AXIS2_PLACEMENT_2D('',#1058,#1059);
#1058 = CARTESIAN_POINT('',(0.,0.));
#1059 = DIRECTION('',(0.,-1.));
#1060 = ( GEOMETRIC_REPRESENTATION_CONTEXT(2) 
PARAMETRIC_REPRESENTATION_CONTEXT() REPRESENTATION_CONTEXT('2D SPACE',''
  ) );
#1061 = ORIENTED_EDGE('',*,*,#1062,.F.);
#1062 = EDGE_CURVE('',#977,#1034,#1063,.T.);
#1063 = SURFACE_CURVE('',#1064,(#1068,#1075),.PCURVE_S1.);
#1064 = LINE('',#1065,#1066);
#1065 = CARTESIAN_POINT('',(-10.25,41.2,-5.35));
#1066 = VECTOR('',#1067,1.);
#1067 = DIRECTION('',(0.,-1.,0.));
#1068 = PCURVE('',#986,#1069);
#1069 = DEFINITIONAL_REPRESENTATION('',(#1070),#1074);
#1070 = LINE('',#1071,#1072);
#1071 = CARTESIAN_POINT('',(0.,0.));
#1072 = VECTOR('',#1073,1.);
#1073 = DIRECTION('',(0.,1.));
#1074 = ( GEOMETRIC_REPRESENTATION_CONTEXT(2) 
PARAMETRIC_REPRESENTATION_CONTEXT() REPRESENTATION_CONTEXT('2D SPACE',''
  ) );
#1075 = PCURVE('',#1021,#1076);
#1076 = DEFINITIONAL_REPRESENTATION('',(#1077),#1081);
#1077 = LINE('',#1078,#1079);
#1078 = CARTESIAN_POINT('',(6.28318530718,0.));
#1079 = VECTOR('',#1080,1.);
#1080 = DIRECTION('',(0.,1.));
#1081 = ( GEOMETRIC_REPRESENTATION_CONTEXT(2) 
PARAMETRIC_REPRESENTATION_CONTEXT() REPRESENTATION_CONTEXT('2D SPACE',''
  ) );
#1082 = ADVANCED_FACE('',(#1083),#1098,.T.);
#1083 = FACE_BOUND('',#1084,.T.);
#1084 = EDGE_LOOP('',(#1085,#1116,#1144,#1168));
#1085 = ORIENTED_EDGE('',*,*,#1086,.F.);
#1086 = EDGE_CURVE('',#1087,#1089,#1091,.T.);
#1087 = VERTEX_POINT('',#1088);
#1088 = CARTESIAN_POINT('',(-10.25,40.6,6.5));
#1089 = VERTEX_POINT('',#1090);
#1090 = CARTESIAN_POINT('',(-10.25,40.6,-6.5));
#1091 = SURFACE_CURVE('',#1092,(#1097,#1109),.PCURVE_S1.);
#1092 = CIRCLE('',#1093,6.5);
#1093 = AXIS2_PLACEMENT_3D('',#1094,#1095,#1096);
#1094 = CARTESIAN_POINT('',(-10.25,40.6,0.));
#1095 = DIRECTION('',(0.,1.,0.));
#1096 = DIRECTION('',(0.,-0.,1.));
#1097 = PCURVE('',#1098,#1103);
#1098 = CYLINDRICAL_SURFACE('',#1099,6.5);
#1099 = AXIS2_PLACEMENT_3D('',#1100,#1101,#1102);
#1100 = CARTESIAN_POINT('',(-10.25,40.6,0.));
#1101 = DIRECTION('',(0.,-1.,0.));
#1102 = DIRECTION('',(0.,0.,-1.));
#1103 = DEFINITIONAL_REPRESENTATION('',(#1104),#1108);
#1104 = LINE('',#1105,#1106);
#1105 = CARTESIAN_POINT('',(3.14159265359,0.));
#1106 = VECTOR('',#1107,1.);
#1107 = DIRECTION('',(-1.,0.));
#1108 = ( GEOMETRIC_REPRESENTATION_CONTEXT(2) 
PARAMETRIC_REPRESENTATION_CONTEXT() REPRESENTATION_CONTEXT('2D SPACE',''
  ) );
#1109 = PCURVE('',#1050,#1110);
#1110 = DEFINITIONAL_REPRESENTATION('',(#1111),#1115);
#1111 = CIRCLE('',#1112,6.5);
#1112 = AXIS2_PLACEMENT_2D('',#1113,#1114);
#1113 = CARTESIAN_POINT('',(0.,0.));
#1114 = DIRECTION('',(0.,-1.));
#1115 = ( GEOMETRIC_REPRESENTATION_CONTEXT(2) 
PARAMETRIC_REPRESENTATION_CONTEXT() REPRESENTATION_CONTEXT('2D SPACE',''
  ) );
#1116 = ORIENTED_EDGE('',*,*,#1117,.T.);
#1117 = EDGE_CURVE('',#1087,#1118,#1120,.T.);
#1118 = VERTEX_POINT('',#1119);
#1119 = CARTESIAN_POINT('',(-10.25,39.3,6.5));
#1120 = SURFACE_CURVE('',#1121,(#1125,#1132),.PCURVE_S1.);
#1121 = LINE('',#1122,#1123);
#1122 = CARTESIAN_POINT('',(-10.25,40.6,6.5));
#1123 = VECTOR('',#1124,1.);
#1124 = DIRECTION('',(0.,-1.,0.));
#1125 = PCURVE('',#1098,#1126);
#1126 = DEFINITIONAL_REPRESENTATION('',(#1127),#1131);
#1127 = LINE('',#1128,#1129);
#1128 = CARTESIAN_POINT('',(3.14159265359,0.));
#1129 = VECTOR('',#1130,1.);
#1130 = DIRECTION('',(0.,1.));
#1131 = ( GEOMETRIC_REPRESENTATION_CONTEXT(2) 
PARAMETRIC_REPRESENTATION_CONTEXT() REPRESENTATION_CONTEXT('2D SPACE',''
  ) );
#1132 = PCURVE('',#1133,#1138);
#1133 = CYLINDRICAL_SURFACE('',#1134,6.5);
#1134 = AXIS2_PLACEMENT_3D('',#1135,#1136,#1137);
#1135 = CARTESIAN_POINT('',(-10.25,40.6,0.));
#1136 = DIRECTION('',(0.,-1.,0.));
#1137 = DIRECTION('',(0.,0.,-1.));
#1138 = DEFINITIONAL_REPRESENTATION('',(#1139),#1143);
#1139 = LINE('',#1140,#1141);
#1140 = CARTESIAN_POINT('',(3.14159265359,0.));
#1141 = VECTOR('',#1142,1.);
#1142 = DIRECTION('',(0.,1.));
#1143 = ( GEOMETRIC_REPRESENTATION_CONTEXT(2) 
PARAMETRIC_REPRESENTATION_CONTEXT() REPRESENTATION_CONTEXT('2D SPACE',''
  ) );
#1144 = ORIENTED_EDGE('',*,*,#1145,.T.);
#1145 = EDGE_CURVE('',#1118,#1146,#1148,.T.);
#1146 = VERTEX_POINT('',#1147);
#1147 = CARTESIAN_POINT('',(-10.25,39.3,-6.5));
#1148 = SURFACE_CURVE('',#1149,(#1154,#1161),.PCURVE_S1.);
#1149 = CIRCLE('',#1150,6.5);
#1150 = AXIS2_PLACEMENT_3D('',#1151,#1152,#1153);
#1151 = CARTESIAN_POINT('',(-10.25,39.3,0.));
#1152 = DIRECTION('',(0.,1.,0.));
#1153 = DIRECTION('',(0.,-0.,1.));
#1154 = PCURVE('',#1098,#1155);
#1155 = DEFINITIONAL_REPRESENTATION('',(#1156),#1160);
#1156 = LINE('',#1157,#1158);
#1157 = CARTESIAN_POINT('',(3.14159265359,1.3));
#1158 = VECTOR('',#1159,1.);
#1159 = DIRECTION('',(-1.,0.));
#1160 = ( GEOMETRIC_REPRESENTATION_CONTEXT(2) 
PARAMETRIC_REPRESENTATION_CONTEXT() REPRESENTATION_CONTEXT('2D SPACE',''
  ) );
#1161 = PCURVE('',#103,#1162);
#1162 = DEFINITIONAL_REPRESENTATION('',(#1163),#1167);
#1163 = CIRCLE('',#1164,6.5);
#1164 = AXIS2_PLACEMENT_2D('',#1165,#1166);
#1165 = CARTESIAN_POINT('',(0.,0.));
#1166 = DIRECTION('',(0.,-1.));
#1167 = ( GEOMETRIC_REPRESENTATION_CONTEXT(2) 
PARAMETRIC_REPRESENTATION_CONTEXT() REPRESENTATION_CONTEXT('2D SPACE',''
  ) );
#1168 = ORIENTED_EDGE('',*,*,#1169,.F.);
#1169 = EDGE_CURVE('',#1089,#1146,#1170,.T.);
#1170 = SURFACE_CURVE('',#1171,(#1175,#1182),.PCURVE_S1.);
#1171 = LINE('',#1172,#1173);
#1172 = CARTESIAN_POINT('',(-10.25,40.6,-6.5));
#1173 = VECTOR('',#1174,1.);
#1174 = DIRECTION('',(0.,-1.,0.));
#1175 = PCURVE('',#1098,#1176);
#1176 = DEFINITIONAL_REPRESENTATION('',(#1177),#1181);
#1177 = LINE('',#1178,#1179);
#1178 = CARTESIAN_POINT('',(0.,0.));
#1179 = VECTOR('',#1180,1.);
#1180 = DIRECTION('',(0.,1.));
#1181 = ( GEOMETRIC_REPRESENTATION_CONTEXT(2) 
PARAMETRIC_REPRESENTATION_CONTEXT() REPRESENTATION_CONTEXT('2D SPACE',''
  ) );
#1182 = PCURVE('',#1133,#1183);
#1183 = DEFINITIONAL_REPRESENTATION('',(#1184),#1188);
#1184 = LINE('',#1185,#1186);
#1185 = CARTESIAN_POINT('',(6.28318530718,0.));
#1186 = VECTOR('',#1187,1.);
#1187 = DIRECTION('',(0.,1.));
#1188 = ( GEOMETRIC_REPRESENTATION_CONTEXT(2) 
PARAMETRIC_REPRESENTATION_CONTEXT() REPRESENTATION_CONTEXT('2D SPACE',''
  ) );
#1189 = ADVANCED_FACE('',(#1190),#1203,.T.);
#1190 = FACE_BOUND('',#1191,.T.);
#1191 = EDGE_LOOP('',(#1192,#1221,#1244,#1343,#1376,#1475,#1574,#1607));
#1192 = ORIENTED_EDGE('',*,*,#1193,.T.);
#1193 = EDGE_CURVE('',#1194,#22,#1196,.T.);
#1194 = VERTEX_POINT('',#1195);
#1195 = CARTESIAN_POINT('',(-5.121952125808,38.9,8.875));
#1196 = SURFACE_CURVE('',#1197,(#1202,#1214),.PCURVE_S1.);
#1197 = CIRCLE('',#1198,10.25);
#1198 = AXIS2_PLACEMENT_3D('',#1199,#1200,#1201);
#1199 = CARTESIAN_POINT('',(-10.25,38.9,0.));
#1200 = DIRECTION('',(0.,-1.,0.));
#1201 = DIRECTION('',(0.,0.,1.));
#1202 = PCURVE('',#1203,#1208);
#1203 = CYLINDRICAL_SURFACE('',#1204,10.25);
#1204 = AXIS2_PLACEMENT_3D('',#1205,#1206,#1207);
#1205 = CARTESIAN_POINT('',(-10.25,39.3,0.));
#1206 = DIRECTION('',(0.,-1.,0.));
#1207 = DIRECTION('',(-1.,0.,1.836970198721E-16));
#1208 = DEFINITIONAL_REPRESENTATION('',(#1209),#1213);
#1209 = LINE('',#1210,#1211);
#1210 = CARTESIAN_POINT('',(-1.570796326795,0.4));
#1211 = VECTOR('',#1212,1.);
#1212 = DIRECTION('',(1.,0.));
#1213 = ( GEOMETRIC_REPRESENTATION_CONTEXT(2) 
PARAMETRIC_REPRESENTATION_CONTEXT() REPRESENTATION_CONTEXT('2D SPACE',''
  ) );
#1214 = PCURVE('',#74,#1215);
#1215 = DEFINITIONAL_REPRESENTATION('',(#1216),#1220);
#1216 = LINE('',#1217,#1218);
#1217 = CARTESIAN_POINT('',(7.853981633974,0.));
#1218 = VECTOR('',#1219,1.);
#1219 = DIRECTION('',(-1.,0.));
#1220 = ( GEOMETRIC_REPRESENTATION_CONTEXT(2) 
PARAMETRIC_REPRESENTATION_CONTEXT() REPRESENTATION_CONTEXT('2D SPACE',''
  ) );
#1221 = ORIENTED_EDGE('',*,*,#1222,.T.);
#1222 = EDGE_CURVE('',#22,#1223,#1225,.T.);
#1223 = VERTEX_POINT('',#1224);
#1224 = CARTESIAN_POINT('',(-20.5,37.,1.734723475977E-15));
#1225 = SURFACE_CURVE('',#1226,(#1230,#1237),.PCURVE_S1.);
#1226 = LINE('',#1227,#1228);
#1227 = CARTESIAN_POINT('',(-20.5,39.3,1.882894453689E-15));
#1228 = VECTOR('',#1229,1.);
#1229 = DIRECTION('',(0.,-1.,0.));
#1230 = PCURVE('',#1203,#1231);
#1231 = DEFINITIONAL_REPRESENTATION('',(#1232),#1236);
#1232 = LINE('',#1233,#1234);
#1233 = CARTESIAN_POINT('',(6.28318530718,0.));
#1234 = VECTOR('',#1235,1.);
#1235 = DIRECTION('',(0.,1.));
#1236 = ( GEOMETRIC_REPRESENTATION_CONTEXT(2) 
PARAMETRIC_REPRESENTATION_CONTEXT() REPRESENTATION_CONTEXT('2D SPACE',''
  ) );
#1237 = PCURVE('',#45,#1238);
#1238 = DEFINITIONAL_REPRESENTATION('',(#1239),#1243);
#1239 = LINE('',#1240,#1241);
#1240 = CARTESIAN_POINT('',(0.,0.));
#1241 = VECTOR('',#1242,1.);
#1242 = DIRECTION('',(0.,1.));
#1243 = ( GEOMETRIC_REPRESENTATION_CONTEXT(2) 
PARAMETRIC_REPRESENTATION_CONTEXT() REPRESENTATION_CONTEXT('2D SPACE',''
  ) );
#1244 = ORIENTED_EDGE('',*,*,#1245,.T.);
#1245 = EDGE_CURVE('',#1223,#1246,#1248,.T.);
#1246 = VERTEX_POINT('',#1247);
#1247 = CARTESIAN_POINT('',(-20.1,37.,2.835489375752));
#1248 = SURFACE_CURVE('',#1249,(#1260,#1289),.PCURVE_S1.);
#1249 = B_SPLINE_CURVE_WITH_KNOTS('',3,(#1250,#1251,#1252,#1253,#1254,
    #1255,#1256,#1257,#1258,#1259),.UNSPECIFIED.,.F.,.F.,(4,2,2,2,4),(
    -1.359725392982E-03,0.,0.142345427215,0.214871279945,0.285999211075)
  ,.UNSPECIFIED.);
#1250 = CARTESIAN_POINT('',(-20.5,37.,1.734723475977E-15));
#1251 = CARTESIAN_POINT('',(-20.5,36.999995925633,4.532415143931E-03));
#1252 = CARTESIAN_POINT('',(-20.49999699373,36.999991926316,
    9.064830362852E-03));
#1253 = CARTESIAN_POINT('',(-20.49936154882,36.999577093785,
    0.488081404621));
#1254 = CARTESIAN_POINT('',(-20.4657868849,36.999990155867,
    0.961944995266));
#1255 = CARTESIAN_POINT('',(-20.36573756652,37.000004711049,
    1.671166943592));
#1256 = CARTESIAN_POINT('',(-20.32350795009,36.999999770139,
    1.909290777094));
#1257 = CARTESIAN_POINT('',(-20.22325976033,37.000000216299,
    2.377564256689));
#1258 = CARTESIAN_POINT('',(-20.16559303766,37.,2.607630500119));
#1259 = CARTESIAN_POINT('',(-20.1,37.,2.835489375752));
#1260 = PCURVE('',#1203,#1261);
#1261 = DEFINITIONAL_REPRESENTATION('',(#1262),#1288);
#1262 = B_SPLINE_CURVE_WITH_KNOTS('',3,(#1263,#1264,#1265,#1266,#1267,
    #1268,#1269,#1270,#1271,#1272,#1273,#1274,#1275,#1276,#1277,#1278,
    #1279,#1280,#1281,#1282,#1283,#1284,#1285,#1286,#1287),
  .UNSPECIFIED.,.F.,.F.,(4,1,1,1,1,1,1,1,1,1,1,1,1,1,1,1,1,1,1,1,1,1,4),
  (-1.359725392982E-03,1.170204444647E-02,2.476381428592E-02,
    3.782558412537E-02,5.088735396482E-02,6.394912380427E-02,
    7.701089364372E-02,9.007266348317E-02,0.103134433323,0.116196203162,
    0.129257973002,0.142319742841,0.15538151268,0.16844328252,
    0.181505052359,0.194566822199,0.207628592038,0.220690361878,
    0.233752131717,0.246813901557,0.259875671396,0.272937441235,
    0.285999211075),.UNSPECIFIED.);
#1263 = CARTESIAN_POINT('',(6.28318530718,2.3));
#1264 = CARTESIAN_POINT('',(6.278937488911,2.300039158122));
#1265 = CARTESIAN_POINT('',(6.270442807532,2.300103403186));
#1266 = CARTESIAN_POINT('',(6.257703139407,2.300163244404));
#1267 = CARTESIAN_POINT('',(6.244965320757,2.300192244955));
#1268 = CARTESIAN_POINT('',(6.232228822371,2.300196095649));
#1269 = CARTESIAN_POINT('',(6.219493123079,2.300180487286));
#1270 = CARTESIAN_POINT('',(6.206757701784,2.300151105606));
#1271 = CARTESIAN_POINT('',(6.194022033601,2.300113656593));
#1272 = CARTESIAN_POINT('',(6.1812856103,2.300073770325));
#1273 = CARTESIAN_POINT('',(6.168547859423,2.300037360257));
#1274 = CARTESIAN_POINT('',(6.155808444419,2.30000928224));
#1275 = CARTESIAN_POINT('',(6.143066142024,2.299998339166));
#1276 = CARTESIAN_POINT('',(6.130323029657,2.299998603362));
#1277 = CARTESIAN_POINT('',(6.117581228793,2.299997770185));
#1278 = CARTESIAN_POINT('',(6.104839525759,2.299998472978));
#1279 = CARTESIAN_POINT('',(6.09209756149,2.29999932418));
#1280 = CARTESIAN_POINT('',(6.079354895022,2.300000082071));
#1281 = CARTESIAN_POINT('',(6.066610556759,2.299999942475));
#1282 = CARTESIAN_POINT('',(6.053867555447,2.299999900904));
#1283 = CARTESIAN_POINT('',(6.041125169934,2.299999907235));
#1284 = CARTESIAN_POINT('',(6.028382937733,2.299999944112));
#1285 = CARTESIAN_POINT('',(6.015640327404,2.299999985393));
#1286 = CARTESIAN_POINT('',(6.007144659454,2.3));
#1287 = CARTESIAN_POINT('',(6.002896590446,2.3));
#1288 = ( GEOMETRIC_REPRESENTATION_CONTEXT(2) 
PARAMETRIC_REPRESENTATION_CONTEXT() REPRESENTATION_CONTEXT('2D SPACE',''
  ) );
#1289 = PCURVE('',#1290,#1315);
#1290 = ( BOUNDED_SURFACE() B_SPLINE_SURFACE(3,2,(
    (#1291,#1292,#1293)
    ,(#1294,#1295,#1296)
    ,(#1297,#1298,#1299)
    ,(#1300,#1301,#1302)
    ,(#1303,#1304,#1305)
    ,(#1306,#1307,#1308)
    ,(#1309,#1310,#1311)
    ,(#1312,#1313,#1314
)),.UNSPECIFIED.,.F.,.F.,.F.) B_SPLINE_SURFACE_WITH_KNOTS((4,2,2,4),(3,3
    ),(1.369303019906E-03,2.100214929405E-03,2.831126838904E-03,
    4.292950657901E-03),(-2.253320145009E-05,1.),.UNSPECIFIED.) 
GEOMETRIC_REPRESENTATION_ITEM() RATIONAL_B_SPLINE_SURFACE((
    (1.000013199941,0.707100181365,1.)
    ,(1.000010658368,0.763496361935,1.)
    ,(1.000008654552,0.807960009135,1.)
    ,(1.000005342079,0.881462040915,1.)
    ,(1.000004037377,0.910412705045,1.)
    ,(1.000000955867,0.978789801084,1.)
    ,(1.000000011026,0.999755336151,1.)
,(1.,1.,1.))) REPRESENTATION_ITEM('') SURFACE() );
#1291 = CARTESIAN_POINT('',(-20.09998725338,36.999999999797,
    2.835489375752));
#1292 = CARTESIAN_POINT('',(-20.5,37.000012746823,2.835489375752));
#1293 = CARTESIAN_POINT('',(-20.5,36.6,2.835489375752));
#1294 = CARTESIAN_POINT('',(-20.1639920422,37.000002042679,
    2.613151369111));
#1295 = CARTESIAN_POINT('',(-20.5,36.940638941791,2.629245223196));
#1296 = CARTESIAN_POINT('',(-20.5,36.600000016179,2.594724885761));
#1297 = CARTESIAN_POINT('',(-20.22115448367,37.000003361783,
    2.386246294098));
#1298 = CARTESIAN_POINT('',(-20.5,36.907674567463,2.390150992806));
#1299 = CARTESIAN_POINT('',(-20.5,36.615934043623,2.356066919233));
#1300 = CARTESIAN_POINT('',(-20.3204964365,37.000004836488,
    1.924384314156));
#1301 = CARTESIAN_POINT('',(-20.5,36.878255437653,1.918987351323));
#1302 = CARTESIAN_POINT('',(-20.5,36.664439334335,1.881076451107));
#1303 = CARTESIAN_POINT('',(-20.36266276705,37.000004992109,
    1.68943420491));
#1304 = CARTESIAN_POINT('',(-20.5,36.878327761862,1.677560925481));
#1305 = CARTESIAN_POINT('',(-20.5,36.697347702246,1.644759006208));
#1306 = CARTESIAN_POINT('',(-20.4647604722,37.000004248517,
    0.975771680425));
#1307 = CARTESIAN_POINT('',(-20.5,36.903692182334,0.979395785447));
#1308 = CARTESIAN_POINT('',(-20.5,36.810628480864,0.937787270596));
#1309 = CARTESIAN_POINT('',(-20.5,37.000002130463,0.488519184363));
#1310 = CARTESIAN_POINT('',(-20.5,36.952715623718,0.478829641483));
#1311 = CARTESIAN_POINT('',(-20.5,36.905413593335,0.469377508362));
#1312 = CARTESIAN_POINT('',(-20.5,37.,1.808808964833E-15));
#1313 = CARTESIAN_POINT('',(-20.5,37.,1.808808964833E-15));
#1314 = CARTESIAN_POINT('',(-20.5,37.,1.808808964833E-15));
#1315 = DEFINITIONAL_REPRESENTATION('',(#1316),#1342);
#1316 = B_SPLINE_CURVE_WITH_KNOTS('',3,(#1317,#1318,#1319,#1320,#1321,
    #1322,#1323,#1324,#1325,#1326,#1327,#1328,#1329,#1330,#1331,#1332,
    #1333,#1334,#1335,#1336,#1337,#1338,#1339,#1340,#1341),
  .UNSPECIFIED.,.F.,.F.,(4,1,1,1,1,1,1,1,1,1,1,1,1,1,1,1,1,1,1,1,1,1,4),
  (-1.359725392982E-03,1.170204444647E-02,2.476381428592E-02,
    3.782558412537E-02,5.088735396482E-02,6.394912380427E-02,
    7.701089364372E-02,9.007266348317E-02,0.103134433323,0.116196203162,
    0.129257973002,0.142319742841,0.15538151268,0.16844328252,
    0.181505052359,0.194566822199,0.207628592038,0.220690361878,
    0.233752131717,0.246813901557,0.259875671396,0.272937441235,
    0.285999211075),.UNSPECIFIED.);
#1317 = CARTESIAN_POINT('',(4.292950657901E-03,3.861734993959E-03));
#1318 = CARTESIAN_POINT('',(4.249513291047E-03,4.067269525885E-03));
#1319 = CARTESIAN_POINT('',(4.162631582984E-03,3.990721343816E-03));
#1320 = CARTESIAN_POINT('',(4.032258700686E-03,3.101980971569E-03));
#1321 = CARTESIAN_POINT('',(3.901806157299E-03,2.525556583814E-03));
#1322 = CARTESIAN_POINT('',(3.771244415031E-03,1.957130706638E-03));
#1323 = CARTESIAN_POINT('',(3.640543674711E-03,1.473076259207E-03));
#1324 = CARTESIAN_POINT('',(3.509673737781E-03,1.050029049844E-03));
#1325 = CARTESIAN_POINT('',(3.3786038137E-03,6.937595115196E-04));
#1326 = CARTESIAN_POINT('',(3.247302591656E-03,4.04348921499E-04));
#1327 = CARTESIAN_POINT('',(3.115737380429E-03,1.866098017893E-04));
#1328 = CARTESIAN_POINT('',(2.983876782696E-03,4.296400228725E-05));
#1329 = CARTESIAN_POINT('',(2.851680255869E-03,-9.076710029388E-06));
#1330 = CARTESIAN_POINT('',(2.719136729946E-03,-7.295167516321E-07));
#1331 = CARTESIAN_POINT('',(2.586233916359E-03,1.440095977928E-06));
#1332 = CARTESIAN_POINT('',(2.452937839553E-03,5.248360076399E-06));
#1333 = CARTESIAN_POINT('',(2.319218366131E-03,4.394050476034E-06));
#1334 = CARTESIAN_POINT('',(2.185044467243E-03,5.810246035355E-07));
#1335 = CARTESIAN_POINT('',(2.050375764331E-03,-3.078685948278E-07));
#1336 = CARTESIAN_POINT('',(1.915219444213E-03,1.235997201397E-06));
#1337 = CARTESIAN_POINT('',(1.779560371085E-03,2.123881533556E-06));
#1338 = CARTESIAN_POINT('',(1.643382234134E-03,1.916764257663E-06));
#1339 = CARTESIAN_POINT('',(1.506667867837E-03,6.643575150736E-07));
#1340 = CARTESIAN_POINT('',(1.415154993462E-03,6.858261070591E-08));
#1341 = CARTESIAN_POINT('',(1.369303019906E-03,2.158501765523E-14));
#1342 = ( GEOMETRIC_REPRESENTATION_CONTEXT(2) 
PARAMETRIC_REPRESENTATION_CONTEXT() REPRESENTATION_CONTEXT('2D SPACE',''
  ) );
#1343 = ORIENTED_EDGE('',*,*,#1344,.T.);
#1344 = EDGE_CURVE('',#1246,#1345,#1347,.T.);
#1345 = VERTEX_POINT('',#1346);
#1346 = CARTESIAN_POINT('',(-13.08548937575,37.,9.85));
#1347 = SURFACE_CURVE('',#1348,(#1353,#1360),.PCURVE_S1.);
#1348 = CIRCLE('',#1349,10.25);
#1349 = AXIS2_PLACEMENT_3D('',#1350,#1351,#1352);
#1350 = CARTESIAN_POINT('',(-10.25,37.,0.));
#1351 = DIRECTION('',(0.,1.,0.));
#1352 = DIRECTION('',(0.,-0.,1.));
#1353 = PCURVE('',#1203,#1354);
#1354 = DEFINITIONAL_REPRESENTATION('',(#1355),#1359);
#1355 = LINE('',#1356,#1357);
#1356 = CARTESIAN_POINT('',(10.995574287564,2.3));
#1357 = VECTOR('',#1358,1.);
#1358 = DIRECTION('',(-1.,0.));
#1359 = ( GEOMETRIC_REPRESENTATION_CONTEXT(2) 
PARAMETRIC_REPRESENTATION_CONTEXT() REPRESENTATION_CONTEXT('2D SPACE',''
  ) );
#1360 = PCURVE('',#1361,#1366);
#1361 = PLANE('',#1362);
#1362 = AXIS2_PLACEMENT_3D('',#1363,#1364,#1365);
#1363 = CARTESIAN_POINT('',(0.,37.,0.));
#1364 = DIRECTION('',(0.,-1.,0.));
#1365 = DIRECTION('',(0.,0.,-1.));
#1366 = DEFINITIONAL_REPRESENTATION('',(#1367),#1375);
#1367 = ( BOUNDED_CURVE() B_SPLINE_CURVE(2,(#1368,#1369,#1370,#1371,
#1372,#1373,#1374),.UNSPECIFIED.,.T.,.F.) B_SPLINE_CURVE_WITH_KNOTS((1,2
    ,2,2,2,1),(-2.094395102393,0.,2.094395102393,4.188790204786,
6.28318530718,8.377580409573),.UNSPECIFIED.) CURVE() 
GEOMETRIC_REPRESENTATION_ITEM() RATIONAL_B_SPLINE_CURVE((1.,0.5,1.,0.5,
1.,0.5,1.)) REPRESENTATION_ITEM('') );
#1368 = CARTESIAN_POINT('',(-10.25,-10.25));
#1369 = CARTESIAN_POINT('',(-10.25,7.503520777581));
#1370 = CARTESIAN_POINT('',(5.125,-1.37323961121));
#1371 = CARTESIAN_POINT('',(20.5,-10.25));
#1372 = CARTESIAN_POINT('',(5.125,-19.12676038879));
#1373 = CARTESIAN_POINT('',(-10.25,-28.00352077758));
#1374 = CARTESIAN_POINT('',(-10.25,-10.25));
#1375 = ( GEOMETRIC_REPRESENTATION_CONTEXT(2) 
PARAMETRIC_REPRESENTATION_CONTEXT() REPRESENTATION_CONTEXT('2D SPACE',''
  ) );
#1376 = ORIENTED_EDGE('',*,*,#1377,.T.);
#1377 = EDGE_CURVE('',#1345,#1378,#1380,.T.);
#1378 = VERTEX_POINT('',#1379);
#1379 = CARTESIAN_POINT('',(-10.25,37.,10.25));
#1380 = SURFACE_CURVE('',#1381,(#1392,#1421),.PCURVE_S1.);
#1381 = B_SPLINE_CURVE_WITH_KNOTS('',3,(#1382,#1383,#1384,#1385,#1386,
    #1387,#1388,#1389,#1390,#1391),.UNSPECIFIED.,.F.,.F.,(4,2,2,2,4),(0.
    ,7.11336083828E-02,0.143665249944,0.286022038716,0.287381872638),
  .UNSPECIFIED.);
#1382 = CARTESIAN_POINT('',(-13.08548937575,37.,9.85));
#1383 = CARTESIAN_POINT('',(-12.85763050011,37.,9.915593037668));
#1384 = CARTESIAN_POINT('',(-12.62756425668,37.000000216299,
    9.973259760335));
#1385 = CARTESIAN_POINT('',(-12.15929077709,36.999999770139,
    10.073507950095));
#1386 = CARTESIAN_POINT('',(-11.92116694359,37.000004711049,
    10.115737566524));
#1387 = CARTESIAN_POINT('',(-11.21194499559,36.999990155867,
    10.215786884863));
#1388 = CARTESIAN_POINT('',(-10.73808140495,36.999577093808,
    10.249361548828));
#1389 = CARTESIAN_POINT('',(-10.25906483037,36.999991926315,
    10.249996993739));
#1390 = CARTESIAN_POINT('',(-10.25453241515,36.999995925631,10.25));
#1391 = CARTESIAN_POINT('',(-10.25,37.,10.25));
#1392 = PCURVE('',#1203,#1393);
#1393 = DEFINITIONAL_REPRESENTATION('',(#1394),#1420);
#1394 = B_SPLINE_CURVE_WITH_KNOTS('',3,(#1395,#1396,#1397,#1398,#1399,
    #1400,#1401,#1402,#1403,#1404,#1405,#1406,#1407,#1408,#1409,#1410,
    #1411,#1412,#1413,#1414,#1415,#1416,#1417,#1418,#1419),
  .UNSPECIFIED.,.F.,.F.,(4,1,1,1,1,1,1,1,1,1,1,1,1,1,1,1,1,1,1,1,1,1,4),
  (0.,1.306281239266E-02,2.612562478532E-02,3.918843717798E-02,
    5.225124957064E-02,6.531406196329E-02,7.837687435595E-02,
    9.143968674861E-02,0.104502499141,0.117565311534,0.130628123927,
    0.143690936319,0.156753748712,0.169816561105,0.182879373497,
    0.19594218589,0.209004998283,0.222067810675,0.235130623068,
    0.248193435461,0.261256247853,0.274319060246,0.287381872638),
  .QUASI_UNIFORM_KNOTS.);
#1395 = CARTESIAN_POINT('',(4.992677697119,2.3));
#1396 = CARTESIAN_POINT('',(4.988429628112,2.3));
#1397 = CARTESIAN_POINT('',(4.979933960165,2.299999985393));
#1398 = CARTESIAN_POINT('',(4.96719134984,2.299999944112));
#1399 = CARTESIAN_POINT('',(4.954449117643,2.299999907235));
#1400 = CARTESIAN_POINT('',(4.941706732135,2.299999900904));
#1401 = CARTESIAN_POINT('',(4.928963730827,2.299999942475));
#1402 = CARTESIAN_POINT('',(4.916219392568,2.300000082071));
#1403 = CARTESIAN_POINT('',(4.903476726105,2.29999932418));
#1404 = CARTESIAN_POINT('',(4.89073476184,2.299998472978));
#1405 = CARTESIAN_POINT('',(4.877993058811,2.299997770185));
#1406 = CARTESIAN_POINT('',(4.86525125795,2.299998603362));
#1407 = CARTESIAN_POINT('',(4.852508145589,2.299998339166));
#1408 = CARTESIAN_POINT('',(4.839765843197,2.300009282239));
#1409 = CARTESIAN_POINT('',(4.827026428195,2.300037360256));
#1410 = CARTESIAN_POINT('',(4.814288677319,2.300073770322));
#1411 = CARTESIAN_POINT('',(4.801552254016,2.300113656587));
#1412 = CARTESIAN_POINT('',(4.78881658583,2.300151105598));
#1413 = CARTESIAN_POINT('',(4.776081164531,2.300180487276));
#1414 = CARTESIAN_POINT('',(4.763345465233,2.300196095639));
#1415 = CARTESIAN_POINT('',(4.750608966839,2.300192244945));
#1416 = CARTESIAN_POINT('',(4.73787114818,2.300163244396));
#1417 = CARTESIAN_POINT('',(4.725131480044,2.300103403182));
#1418 = CARTESIAN_POINT('',(4.716636798658,2.300039158121));
#1419 = CARTESIAN_POINT('',(4.712388980385,2.3));
#1420 = ( GEOMETRIC_REPRESENTATION_CONTEXT(2) 
PARAMETRIC_REPRESENTATION_CONTEXT() REPRESENTATION_CONTEXT('2D SPACE',''
  ) );
#1421 = PCURVE('',#1422,#1447);
#1422 = ( BOUNDED_SURFACE() B_SPLINE_SURFACE(3,2,(
    (#1423,#1424,#1425)
    ,(#1426,#1427,#1428)
    ,(#1429,#1430,#1431)
    ,(#1432,#1433,#1434)
    ,(#1435,#1436,#1437)
    ,(#1438,#1439,#1440)
    ,(#1441,#1442,#1443)
    ,(#1444,#1445,#1446
)),.UNSPECIFIED.,.F.,.F.,.F.) B_SPLINE_SURFACE_WITH_KNOTS((4,2,2,4),(3,3
    ),(1.369303019906E-03,2.100214929405E-03,2.831126838903E-03,
    4.292950657901E-03),(0.,1.000022533201),.UNSPECIFIED.) 
GEOMETRIC_REPRESENTATION_ITEM() RATIONAL_B_SPLINE_SURFACE((
    (1.,0.707100181365,1.000013199941)
    ,(1.,0.763496361935,1.000010658368)
    ,(1.,0.807960009135,1.000008654551)
    ,(1.,0.881462040915,1.000005342079)
    ,(1.,0.910412705045,1.000004037377)
    ,(1.,0.978789801085,1.000000955867)
    ,(1.,0.999755336151,1.000000011026)
,(1.,1.,1.))) REPRESENTATION_ITEM('') SURFACE() );
#1423 = CARTESIAN_POINT('',(-13.08548937575,36.6,10.25));
#1424 = CARTESIAN_POINT('',(-13.08548937575,37.000012746822,10.25));
#1425 = CARTESIAN_POINT('',(-13.08548937575,36.999999999797,
    9.849987253381));
#1426 = CARTESIAN_POINT('',(-12.84472488576,36.600000016179,10.25));
#1427 = CARTESIAN_POINT('',(-12.87924522319,36.94063894179,10.25));
#1428 = CARTESIAN_POINT('',(-12.86315136911,37.000002042679,
    9.913992042205));
#1429 = CARTESIAN_POINT('',(-12.60606691923,36.615934043623,10.25));
#1430 = CARTESIAN_POINT('',(-12.6401509928,36.907674567463,10.25));
#1431 = CARTESIAN_POINT('',(-12.63624629409,37.000003361783,
    9.97115448367));
#1432 = CARTESIAN_POINT('',(-12.1310764511,36.664439334335,10.25));
#1433 = CARTESIAN_POINT('',(-12.16898735132,36.878255437653,10.25));
#1434 = CARTESIAN_POINT('',(-12.17438431415,37.000004836488,
    10.070496436509));
#1435 = CARTESIAN_POINT('',(-11.8947590062,36.697347702245,10.25));
#1436 = CARTESIAN_POINT('',(-11.92756092548,36.878327761861,10.25));
#1437 = CARTESIAN_POINT('',(-11.93943420491,37.000004992109,
    10.112662767059));
#1438 = CARTESIAN_POINT('',(-11.18778727059,36.810628480866,10.25));
#1439 = CARTESIAN_POINT('',(-11.22939578544,36.903692182336,10.25));
#1440 = CARTESIAN_POINT('',(-11.22577168042,37.000004248516,
    10.214760472204));
#1441 = CARTESIAN_POINT('',(-10.71937750836,36.905413593333,10.25));
#1442 = CARTESIAN_POINT('',(-10.72882964148,36.952715623714,10.25));
#1443 = CARTESIAN_POINT('',(-10.73851918436,37.000002130463,10.25));
#1444 = CARTESIAN_POINT('',(-10.25,37.,10.25));
#1445 = CARTESIAN_POINT('',(-10.25,37.,10.25));
#1446 = CARTESIAN_POINT('',(-10.25,37.,10.25));
#1447 = DEFINITIONAL_REPRESENTATION('',(#1448),#1474);
#1448 = B_SPLINE_CURVE_WITH_KNOTS('',3,(#1449,#1450,#1451,#1452,#1453,
    #1454,#1455,#1456,#1457,#1458,#1459,#1460,#1461,#1462,#1463,#1464,
    #1465,#1466,#1467,#1468,#1469,#1470,#1471,#1472,#1473),
  .UNSPECIFIED.,.F.,.F.,(4,1,1,1,1,1,1,1,1,1,1,1,1,1,1,1,1,1,1,1,1,1,4),
  (0.,1.306281239266E-02,2.612562478532E-02,3.918843717798E-02,
    5.225124957064E-02,6.531406196329E-02,7.837687435595E-02,
    9.143968674861E-02,0.104502499141,0.117565311534,0.130628123927,
    0.143690936319,0.156753748712,0.169816561105,0.182879373497,
    0.19594218589,0.209004998283,0.222067810675,0.235130623068,
    0.248193435461,0.261256247853,0.274319060246,0.287381872638),
  .QUASI_UNIFORM_KNOTS.);
#1449 = CARTESIAN_POINT('',(1.369303019906E-03,1.));
#1450 = CARTESIAN_POINT('',(1.415154993446E-03,0.999999931417));
#1451 = CARTESIAN_POINT('',(1.506667867789E-03,0.999999335643));
#1452 = CARTESIAN_POINT('',(1.64338223404E-03,0.999998083236));
#1453 = CARTESIAN_POINT('',(1.779560370945E-03,0.999997876119));
#1454 = CARTESIAN_POINT('',(1.915219444027E-03,0.999998764003));
#1455 = CARTESIAN_POINT('',(2.050375764099E-03,1.000000307869));
#1456 = CARTESIAN_POINT('',(2.185044466966E-03,0.999999418975));
#1457 = CARTESIAN_POINT('',(2.319218365809E-03,0.999995605949));
#1458 = CARTESIAN_POINT('',(2.452937839186E-03,0.999994751639));
#1459 = CARTESIAN_POINT('',(2.586233915948E-03,0.999998559904));
#1460 = CARTESIAN_POINT('',(2.71913672949E-03,1.000000729514));
#1461 = CARTESIAN_POINT('',(2.851680255368E-03,1.000009076718));
#1462 = CARTESIAN_POINT('',(2.983876782156E-03,0.999957035968));
#1463 = CARTESIAN_POINT('',(3.115737379872E-03,0.999813390324));
#1464 = CARTESIAN_POINT('',(3.247302591093E-03,0.999595650652));
#1465 = CARTESIAN_POINT('',(3.378603813164E-03,0.999306242175));
#1466 = CARTESIAN_POINT('',(3.509673737228E-03,0.998949964821));
#1467 = CARTESIAN_POINT('',(3.640543674379E-03,0.998526946867));
#1468 = CARTESIAN_POINT('',(3.771244414109E-03,0.998042783347));
#1469 = CARTESIAN_POINT('',(3.901806158884E-03,0.997474764661));
#1470 = CARTESIAN_POINT('',(4.032258693302E-03,0.996896820756));
#1471 = CARTESIAN_POINT('',(4.16263160953E-03,0.996013751437));
#1472 = CARTESIAN_POINT('',(4.24951331016E-03,0.99593785678));
#1473 = CARTESIAN_POINT('',(4.292950657901E-03,0.996141955993));
#1474 = ( GEOMETRIC_REPRESENTATION_CONTEXT(2) 
PARAMETRIC_REPRESENTATION_CONTEXT() REPRESENTATION_CONTEXT('2D SPACE',''
  ) );
#1475 = ORIENTED_EDGE('',*,*,#1476,.T.);
#1476 = EDGE_CURVE('',#1378,#1477,#1479,.T.);
#1477 = VERTEX_POINT('',#1478);
#1478 = CARTESIAN_POINT('',(-7.414510624248,37.,9.85));
#1479 = SURFACE_CURVE('',#1480,(#1491,#1520),.PCURVE_S1.);
#1480 = B_SPLINE_CURVE_WITH_KNOTS('',3,(#1481,#1482,#1483,#1484,#1485,
    #1486,#1487,#1488,#1489,#1490),.UNSPECIFIED.,.F.,.F.,(4,2,2,2,4),(
    -1.35972539434E-03,0.,0.142345427308,0.214871280133,0.285999211357),
  .UNSPECIFIED.);
#1481 = CARTESIAN_POINT('',(-10.25,37.,10.25));
#1482 = CARTESIAN_POINT('',(-10.24546758484,36.999995925631,10.25));
#1483 = CARTESIAN_POINT('',(-10.24093516962,36.999991926315,
    10.249996993739));
#1484 = CARTESIAN_POINT('',(-9.761918595057,36.999577093807,
    10.249361548828));
#1485 = CARTESIAN_POINT('',(-9.288055004419,36.999990155867,
    10.215786884864));
#1486 = CARTESIAN_POINT('',(-8.578833056408,37.000004711049,
    10.115737566524));
#1487 = CARTESIAN_POINT('',(-8.340709222906,36.999999770139,
    10.073507950095));
#1488 = CARTESIAN_POINT('',(-7.872435743311,37.000000216299,
    9.973259760335));
#1489 = CARTESIAN_POINT('',(-7.642369499881,37.,9.915593037668));
#1490 = CARTESIAN_POINT('',(-7.414510624248,37.,9.85));
#1491 = PCURVE('',#1203,#1492);
#1492 = DEFINITIONAL_REPRESENTATION('',(#1493),#1519);
#1493 = B_SPLINE_CURVE_WITH_KNOTS('',3,(#1494,#1495,#1496,#1497,#1498,
    #1499,#1500,#1501,#1502,#1503,#1504,#1505,#1506,#1507,#1508,#1509,
    #1510,#1511,#1512,#1513,#1514,#1515,#1516,#1517,#1518),
  .UNSPECIFIED.,.F.,.F.,(4,1,1,1,1,1,1,1,1,1,1,1,1,1,1,1,1,1,1,1,1,1,4),
  (-1.35972539434E-03,1.170204445801E-02,2.476381431036E-02,
    3.782558416271E-02,5.088735401506E-02,6.394912386741E-02,
    7.701089371975E-02,9.00726635721E-02,0.103134433424,0.116196203277,
    0.129257973129,0.142319742982,0.155381512834,0.168443282686,
    0.181505052539,0.194566822391,0.207628592243,0.220690362096,
    0.233752131948,0.2468139018,0.259875671653,0.272937441505,
    0.285999211357),.UNSPECIFIED.);
#1494 = CARTESIAN_POINT('',(4.712388980385,2.3));
#1495 = CARTESIAN_POINT('',(4.708141162112,2.300039158121));
#1496 = CARTESIAN_POINT('',(4.699646480725,2.300103403182));
#1497 = CARTESIAN_POINT('',(4.68690681259,2.300163244396));
#1498 = CARTESIAN_POINT('',(4.674168993931,2.300192244946));
#1499 = CARTESIAN_POINT('',(4.661432495537,2.300196095639));
#1500 = CARTESIAN_POINT('',(4.64869679624,2.300180487276));
#1501 = CARTESIAN_POINT('',(4.635961374941,2.300151105598));
#1502 = CARTESIAN_POINT('',(4.623225706754,2.300113656588));
#1503 = CARTESIAN_POINT('',(4.610489283452,2.300073770322));
#1504 = CARTESIAN_POINT('',(4.597751532576,2.300037360256));
#1505 = CARTESIAN_POINT('',(4.585012117574,2.300009282239));
#1506 = CARTESIAN_POINT('',(4.572269815182,2.299998339166));
#1507 = CARTESIAN_POINT('',(4.55952670282,2.299998603362));
#1508 = CARTESIAN_POINT('',(4.546784901959,2.299997770185));
#1509 = CARTESIAN_POINT('',(4.53404319893,2.299998472978));
#1510 = CARTESIAN_POINT('',(4.521301234665,2.29999932418));
#1511 = CARTESIAN_POINT('',(4.508558568202,2.300000082071));
#1512 = CARTESIAN_POINT('',(4.495814229943,2.299999942475));
#1513 = CARTESIAN_POINT('',(4.483071228635,2.299999900904));
#1514 = CARTESIAN_POINT('',(4.470328843127,2.299999907235));
#1515 = CARTESIAN_POINT('',(4.45758661093,2.299999944112));
#1516 = CARTESIAN_POINT('',(4.444844000605,2.299999985393));
#1517 = CARTESIAN_POINT('',(4.436348332657,2.3));
#1518 = CARTESIAN_POINT('',(4.432100263651,2.3));
#1519 = ( GEOMETRIC_REPRESENTATION_CONTEXT(2) 
PARAMETRIC_REPRESENTATION_CONTEXT() REPRESENTATION_CONTEXT('2D SPACE',''
  ) );
#1520 = PCURVE('',#1521,#1546);
#1521 = ( BOUNDED_SURFACE() B_SPLINE_SURFACE(3,2,(
    (#1522,#1523,#1524)
    ,(#1525,#1526,#1527)
    ,(#1528,#1529,#1530)
    ,(#1531,#1532,#1533)
    ,(#1534,#1535,#1536)
    ,(#1537,#1538,#1539)
    ,(#1540,#1541,#1542)
    ,(#1543,#1544,#1545
)),.UNSPECIFIED.,.F.,.F.,.F.) B_SPLINE_SURFACE_WITH_KNOTS((4,2,2,4),(3,3
    ),(1.369303019906E-03,2.100214929405E-03,2.831126838904E-03,
    4.292950657901E-03),(-2.253320095582E-05,1.),.UNSPECIFIED.) 
GEOMETRIC_REPRESENTATION_ITEM() RATIONAL_B_SPLINE_SURFACE((
    (1.000013199941,0.707100181365,1.)
    ,(1.000010658368,0.763496361935,1.)
    ,(1.000008654551,0.807960009135,1.)
    ,(1.000005342079,0.881462040915,1.)
    ,(1.000004037377,0.910412705045,1.)
    ,(1.000000955867,0.978789801085,1.)
    ,(1.000000011026,0.999755336151,1.)
,(1.,1.,1.))) REPRESENTATION_ITEM('') SURFACE() );
#1522 = CARTESIAN_POINT('',(-7.414510624248,36.999999999797,
    9.849987253381));
#1523 = CARTESIAN_POINT('',(-7.414510624248,37.000012746822,10.25));
#1524 = CARTESIAN_POINT('',(-7.414510624248,36.6,10.25));
#1525 = CARTESIAN_POINT('',(-7.636848630889,37.000002042679,
    9.913992042205));
#1526 = CARTESIAN_POINT('',(-7.620754776804,36.94063894179,10.25));
#1527 = CARTESIAN_POINT('',(-7.655275114239,36.600000016179,10.25));
#1528 = CARTESIAN_POINT('',(-7.863753705902,37.000003361783,
    9.97115448367));
#1529 = CARTESIAN_POINT('',(-7.859849007194,36.907674567463,10.25));
#1530 = CARTESIAN_POINT('',(-7.893933080767,36.615934043623,10.25));
#1531 = CARTESIAN_POINT('',(-8.325615685844,37.000004836488,
    10.070496436509));
#1532 = CARTESIAN_POINT('',(-8.331012648677,36.878255437653,10.25));
#1533 = CARTESIAN_POINT('',(-8.368923548893,36.664439334335,10.25));
#1534 = CARTESIAN_POINT('',(-8.56056579509,37.000004992109,
    10.112662767059));
#1535 = CARTESIAN_POINT('',(-8.572439074519,36.878327761861,10.25));
#1536 = CARTESIAN_POINT('',(-8.605240993792,36.697347702245,10.25));
#1537 = CARTESIAN_POINT('',(-9.274228319575,37.000004248516,
    10.214760472204));
#1538 = CARTESIAN_POINT('',(-9.270604214552,36.903692182336,10.25));
#1539 = CARTESIAN_POINT('',(-9.312212729404,36.810628480866,10.25));
#1540 = CARTESIAN_POINT('',(-9.761480815637,37.000002130463,10.25));
#1541 = CARTESIAN_POINT('',(-9.771170358517,36.952715623714,10.25));
#1542 = CARTESIAN_POINT('',(-9.780622491639,36.905413593333,10.25));
#1543 = CARTESIAN_POINT('',(-10.25,37.,10.25));
#1544 = CARTESIAN_POINT('',(-10.25,37.,10.25));
#1545 = CARTESIAN_POINT('',(-10.25,37.,10.25));
#1546 = DEFINITIONAL_REPRESENTATION('',(#1547),#1573);
#1547 = B_SPLINE_CURVE_WITH_KNOTS('',3,(#1548,#1549,#1550,#1551,#1552,
    #1553,#1554,#1555,#1556,#1557,#1558,#1559,#1560,#1561,#1562,#1563,
    #1564,#1565,#1566,#1567,#1568,#1569,#1570,#1571,#1572),
  .UNSPECIFIED.,.F.,.F.,(4,1,1,1,1,1,1,1,1,1,1,1,1,1,1,1,1,1,1,1,1,1,4),
  (-1.35972539434E-03,1.170204445801E-02,2.476381431036E-02,
    3.782558416271E-02,5.088735401506E-02,6.394912386741E-02,
    7.701089371975E-02,9.00726635721E-02,0.103134433424,0.116196203277,
    0.129257973129,0.142319742982,0.155381512834,0.168443282686,
    0.181505052539,0.194566822391,0.207628592243,0.220690362096,
    0.233752131948,0.2468139018,0.259875671653,0.272937441505,
    0.285999211357),.UNSPECIFIED.);
#1548 = CARTESIAN_POINT('',(4.292950657901E-03,3.86173509568E-03));
#1549 = CARTESIAN_POINT('',(4.249513291002E-03,4.067269728918E-03));
#1550 = CARTESIAN_POINT('',(4.162631582858E-03,3.990721499891E-03));
#1551 = CARTESIAN_POINT('',(4.032258700457E-03,3.101980731082E-03));
#1552 = CARTESIAN_POINT('',(3.901806156978E-03,2.52555648481E-03));
#1553 = CARTESIAN_POINT('',(3.771244414634E-03,1.957130605917E-03));
#1554 = CARTESIAN_POINT('',(3.640543674255E-03,1.473076191831E-03));
#1555 = CARTESIAN_POINT('',(3.50967373728E-03,1.050029001818E-03));
#1556 = CARTESIAN_POINT('',(3.37860381317E-03,6.937594816246E-04));
#1557 = CARTESIAN_POINT('',(3.247302591112E-03,4.043489047993E-04));
#1558 = CARTESIAN_POINT('',(3.115737379888E-03,1.866097944956E-04));
#1559 = CARTESIAN_POINT('',(2.983876782172E-03,4.296400049378E-05));
#1560 = CARTESIAN_POINT('',(2.851680255382E-03,-9.076709850086E-06));
#1561 = CARTESIAN_POINT('',(2.719136729503E-03,-7.295166558562E-07));
#1562 = CARTESIAN_POINT('',(2.586233915959E-03,1.440096350891E-06));
#1563 = CARTESIAN_POINT('',(2.452937839196E-03,5.24836044784E-06));
#1564 = CARTESIAN_POINT('',(2.319218365818E-03,4.394050722505E-06));
#1565 = CARTESIAN_POINT('',(2.185044466973E-03,5.810247681043E-07));
#1566 = CARTESIAN_POINT('',(2.050375764105E-03,-3.078686838649E-07));
#1567 = CARTESIAN_POINT('',(1.915219444032E-03,1.235996845569E-06));
#1568 = CARTESIAN_POINT('',(1.779560370949E-03,2.123880929137E-06));
#1569 = CARTESIAN_POINT('',(1.643382234043E-03,1.916763569399E-06));
#1570 = CARTESIAN_POINT('',(1.506667867791E-03,6.643569614238E-07));
#1571 = CARTESIAN_POINT('',(1.415154993447E-03,6.85823667533E-08));
#1572 = CARTESIAN_POINT('',(1.369303019906E-03,3.298103310847E-15));
#1573 = ( GEOMETRIC_REPRESENTATION_CONTEXT(2) 
PARAMETRIC_REPRESENTATION_CONTEXT() REPRESENTATION_CONTEXT('2D SPACE',''
  ) );
#1574 = ORIENTED_EDGE('',*,*,#1575,.T.);
#1575 = EDGE_CURVE('',#1477,#1576,#1578,.T.);
#1576 = VERTEX_POINT('',#1577);
#1577 = CARTESIAN_POINT('',(-5.121952125808,37.,8.875));
#1578 = SURFACE_CURVE('',#1579,(#1584,#1591),.PCURVE_S1.);
#1579 = CIRCLE('',#1580,10.25);
#1580 = AXIS2_PLACEMENT_3D('',#1581,#1582,#1583);
#1581 = CARTESIAN_POINT('',(-10.25,37.,0.));
#1582 = DIRECTION('',(0.,1.,0.));
#1583 = DIRECTION('',(0.,-0.,1.));
#1584 = PCURVE('',#1203,#1585);
#1585 = DEFINITIONAL_REPRESENTATION('',(#1586),#1590);
#1586 = LINE('',#1587,#1588);
#1587 = CARTESIAN_POINT('',(4.712388980385,2.3));
#1588 = VECTOR('',#1589,1.);
#1589 = DIRECTION('',(-1.,0.));
#1590 = ( GEOMETRIC_REPRESENTATION_CONTEXT(2) 
PARAMETRIC_REPRESENTATION_CONTEXT() REPRESENTATION_CONTEXT('2D SPACE',''
  ) );
#1591 = PCURVE('',#1592,#1597);
#1592 = PLANE('',#1593);
#1593 = AXIS2_PLACEMENT_3D('',#1594,#1595,#1596);
#1594 = CARTESIAN_POINT('',(0.,37.,0.));
#1595 = DIRECTION('',(0.,-1.,0.));
#1596 = DIRECTION('',(0.,0.,-1.));
#1597 = DEFINITIONAL_REPRESENTATION('',(#1598),#1606);
#1598 = ( BOUNDED_CURVE() B_SPLINE_CURVE(2,(#1599,#1600,#1601,#1602,
#1603,#1604,#1605),.UNSPECIFIED.,.T.,.F.) B_SPLINE_CURVE_WITH_KNOTS((1,2
    ,2,2,2,1),(-2.094395102393,0.,2.094395102393,4.188790204786,
6.28318530718,8.377580409573),.UNSPECIFIED.) CURVE() 
GEOMETRIC_REPRESENTATION_ITEM() RATIONAL_B_SPLINE_CURVE((1.,0.5,1.,0.5,
1.,0.5,1.)) REPRESENTATION_ITEM('') );
#1599 = CARTESIAN_POINT('',(-10.25,-10.25));
#1600 = CARTESIAN_POINT('',(-10.25,7.503520777581));
#1601 = CARTESIAN_POINT('',(5.125,-1.37323961121));
#1602 = CARTESIAN_POINT('',(20.5,-10.25));
#1603 = CARTESIAN_POINT('',(5.125,-19.12676038879));
#1604 = CARTESIAN_POINT('',(-10.25,-28.00352077758));
#1605 = CARTESIAN_POINT('',(-10.25,-10.25));
#1606 = ( GEOMETRIC_REPRESENTATION_CONTEXT(2) 
PARAMETRIC_REPRESENTATION_CONTEXT() REPRESENTATION_CONTEXT('2D SPACE',''
  ) );
#1607 = ORIENTED_EDGE('',*,*,#1608,.F.);
#1608 = EDGE_CURVE('',#1194,#1576,#1609,.T.);
#1609 = SURFACE_CURVE('',#1610,(#1614,#1621),.PCURVE_S1.);
#1610 = LINE('',#1611,#1612);
#1611 = CARTESIAN_POINT('',(-5.121952125808,39.3,8.875));
#1612 = VECTOR('',#1613,1.);
#1613 = DIRECTION('',(0.,-1.,0.));
#1614 = PCURVE('',#1203,#1615);
#1615 = DEFINITIONAL_REPRESENTATION('',(#1616),#1620);
#1616 = LINE('',#1617,#1618);
#1617 = CARTESIAN_POINT('',(4.188446816402,0.));
#1618 = VECTOR('',#1619,1.);
#1619 = DIRECTION('',(0.,1.));
#1620 = ( GEOMETRIC_REPRESENTATION_CONTEXT(2) 
PARAMETRIC_REPRESENTATION_CONTEXT() REPRESENTATION_CONTEXT('2D SPACE',''
  ) );
#1621 = PCURVE('',#1622,#1627);
#1622 = PLANE('',#1623);
#1623 = AXIS2_PLACEMENT_3D('',#1624,#1625,#1626);
#1624 = CARTESIAN_POINT('',(-5.121952125808,39.3,8.875));
#1625 = DIRECTION('',(0.,0.,-1.));
#1626 = DIRECTION('',(0.,-1.,0.));
#1627 = DEFINITIONAL_REPRESENTATION('',(#1628),#1632);
#1628 = LINE('',#1629,#1630);
#1629 = CARTESIAN_POINT('',(0.,-0.));
#1630 = VECTOR('',#1631,1.);
#1631 = DIRECTION('',(1.,0.));
#1632 = ( GEOMETRIC_REPRESENTATION_CONTEXT(2) 
PARAMETRIC_REPRESENTATION_CONTEXT() REPRESENTATION_CONTEXT('2D SPACE',''
  ) );
#1633 = ADVANCED_FACE('',(#1634),#1648,.T.);
#1634 = FACE_BOUND('',#1635,.T.);
#1635 = EDGE_LOOP('',(#1636,#1671,#1699,#1727));
#1636 = ORIENTED_EDGE('',*,*,#1637,.T.);
#1637 = EDGE_CURVE('',#1638,#1640,#1642,.T.);
#1638 = VERTEX_POINT('',#1639);
#1639 = CARTESIAN_POINT('',(-25.5,3.899954654104,2.800045345896));
#1640 = VERTEX_POINT('',#1641);
#1641 = CARTESIAN_POINT('',(-25.5,6.700045345896,2.800045345896));
#1642 = SURFACE_CURVE('',#1643,(#1647,#1659),.PCURVE_S1.);
#1643 = LINE('',#1644,#1645);
#1644 = CARTESIAN_POINT('',(-25.5,3.55,2.800045345896));
#1645 = VECTOR('',#1646,1.);
#1646 = DIRECTION('',(0.,1.,2.478176394253E-16));
#1647 = PCURVE('',#1648,#1653);
#1648 = PLANE('',#1649);
#1649 = AXIS2_PLACEMENT_3D('',#1650,#1651,#1652);
#1650 = CARTESIAN_POINT('',(-25.5,0.,0.));
#1651 = DIRECTION('',(-1.,0.,0.));
#1652 = DIRECTION('',(0.,0.,1.));
#1653 = DEFINITIONAL_REPRESENTATION('',(#1654),#1658);
#1654 = LINE('',#1655,#1656);
#1655 = CARTESIAN_POINT('',(2.800045345896,3.55));
#1656 = VECTOR('',#1657,1.);
#1657 = DIRECTION('',(2.478176394253E-16,1.));
#1658 = ( GEOMETRIC_REPRESENTATION_CONTEXT(2) 
PARAMETRIC_REPRESENTATION_CONTEXT() REPRESENTATION_CONTEXT('2D SPACE',''
  ) );
#1659 = PCURVE('',#1660,#1665);
#1660 = PLANE('',#1661);
#1661 = AXIS2_PLACEMENT_3D('',#1662,#1663,#1664);
#1662 = CARTESIAN_POINT('',(-21.5,3.55,3.15));
#1663 = DIRECTION('',(-8.715574274766E-02,-2.468746184891E-16,
    0.996194698092));
#1664 = DIRECTION('',(-2.832568580178E-15,1.,-4.930380657631E-32));
#1665 = DEFINITIONAL_REPRESENTATION('',(#1666),#1670);
#1666 = LINE('',#1667,#1668);
#1667 = CARTESIAN_POINT('',(1.133027432071E-14,4.015279350173));
#1668 = VECTOR('',#1669,1.);
#1669 = DIRECTION('',(1.,-2.843388531984E-15));
#1670 = ( GEOMETRIC_REPRESENTATION_CONTEXT(2) 
PARAMETRIC_REPRESENTATION_CONTEXT() REPRESENTATION_CONTEXT('2D SPACE',''
  ) );
#1671 = ORIENTED_EDGE('',*,*,#1672,.T.);
#1672 = EDGE_CURVE('',#1640,#1673,#1675,.T.);
#1673 = VERTEX_POINT('',#1674);
#1674 = CARTESIAN_POINT('',(-25.5,6.700045345896,-2.800045345896));
#1675 = SURFACE_CURVE('',#1676,(#1680,#1687),.PCURVE_S1.);
#1676 = LINE('',#1677,#1678);
#1677 = CARTESIAN_POINT('',(-25.5,6.700045345896,3.15));
#1678 = VECTOR('',#1679,1.);
#1679 = DIRECTION('',(0.,0.,-1.));
#1680 = PCURVE('',#1648,#1681);
#1681 = DEFINITIONAL_REPRESENTATION('',(#1682),#1686);
#1682 = LINE('',#1683,#1684);
#1683 = CARTESIAN_POINT('',(3.15,6.700045345896));
#1684 = VECTOR('',#1685,1.);
#1685 = DIRECTION('',(-1.,0.));
#1686 = ( GEOMETRIC_REPRESENTATION_CONTEXT(2) 
PARAMETRIC_REPRESENTATION_CONTEXT() REPRESENTATION_CONTEXT('2D SPACE',''
  ) );
#1687 = PCURVE('',#1688,#1693);
#1688 = PLANE('',#1689);
#1689 = AXIS2_PLACEMENT_3D('',#1690,#1691,#1692);
#1690 = CARTESIAN_POINT('',(-21.5,7.05,3.15));
#1691 = DIRECTION('',(-8.715574274766E-02,0.996194698092,0.));
#1692 = DIRECTION('',(0.,0.,1.));
#1693 = DEFINITIONAL_REPRESENTATION('',(#1694),#1698);
#1694 = LINE('',#1695,#1696);
#1695 = CARTESIAN_POINT('',(0.,-4.015279350173));
#1696 = VECTOR('',#1697,1.);
#1697 = DIRECTION('',(-1.,0.));
#1698 = ( GEOMETRIC_REPRESENTATION_CONTEXT(2) 
PARAMETRIC_REPRESENTATION_CONTEXT() REPRESENTATION_CONTEXT('2D SPACE',''
  ) );
#1699 = ORIENTED_EDGE('',*,*,#1700,.T.);
#1700 = EDGE_CURVE('',#1673,#1701,#1703,.T.);
#1701 = VERTEX_POINT('',#1702);
#1702 = CARTESIAN_POINT('',(-25.5,3.899954654104,-2.800045345896));
#1703 = SURFACE_CURVE('',#1704,(#1708,#1715),.PCURVE_S1.);
#1704 = LINE('',#1705,#1706);
#1705 = CARTESIAN_POINT('',(-25.5,7.05,-2.800045345896));
#1706 = VECTOR('',#1707,1.);
#1707 = DIRECTION('',(0.,-1.,-2.478176394253E-16));
#1708 = PCURVE('',#1648,#1709);
#1709 = DEFINITIONAL_REPRESENTATION('',(#1710),#1714);
#1710 = LINE('',#1711,#1712);
#1711 = CARTESIAN_POINT('',(-2.800045345896,7.05));
#1712 = VECTOR('',#1713,1.);
#1713 = DIRECTION('',(-2.478176394253E-16,-1.));
#1714 = ( GEOMETRIC_REPRESENTATION_CONTEXT(2) 
PARAMETRIC_REPRESENTATION_CONTEXT() REPRESENTATION_CONTEXT('2D SPACE',''
  ) );
#1715 = PCURVE('',#1716,#1721);
#1716 = PLANE('',#1717);
#1717 = AXIS2_PLACEMENT_3D('',#1718,#1719,#1720);
#1718 = CARTESIAN_POINT('',(-21.5,7.05,-3.15));
#1719 = DIRECTION('',(-8.715574274766E-02,2.468746184891E-16,
    -0.996194698092));
#1720 = DIRECTION('',(-0.996194698092,-6.162975822039E-33,
    8.715574274766E-02));
#1721 = DEFINITIONAL_REPRESENTATION('',(#1722),#1726);
#1722 = LINE('',#1723,#1724);
#1723 = CARTESIAN_POINT('',(4.015279350173,4.930380657631E-32));
#1724 = VECTOR('',#1725,1.);
#1725 = DIRECTION('',(-2.159873043008E-17,-1.));
#1726 = ( GEOMETRIC_REPRESENTATION_CONTEXT(2) 
PARAMETRIC_REPRESENTATION_CONTEXT() REPRESENTATION_CONTEXT('2D SPACE',''
  ) );
#1727 = ORIENTED_EDGE('',*,*,#1728,.T.);
#1728 = EDGE_CURVE('',#1701,#1638,#1729,.T.);
#1729 = SURFACE_CURVE('',#1730,(#1734,#1741),.PCURVE_S1.);
#1730 = LINE('',#1731,#1732);
#1731 = CARTESIAN_POINT('',(-25.5,3.899954654104,-3.15));
#1732 = VECTOR('',#1733,1.);
#1733 = DIRECTION('',(0.,1.376764663474E-16,1.));
#1734 = PCURVE('',#1648,#1735);
#1735 = DEFINITIONAL_REPRESENTATION('',(#1736),#1740);
#1736 = LINE('',#1737,#1738);
#1737 = CARTESIAN_POINT('',(-3.15,3.899954654104));
#1738 = VECTOR('',#1739,1.);
#1739 = DIRECTION('',(1.,1.376764663474E-16));
#1740 = ( GEOMETRIC_REPRESENTATION_CONTEXT(2) 
PARAMETRIC_REPRESENTATION_CONTEXT() REPRESENTATION_CONTEXT('2D SPACE',''
  ) );
#1741 = PCURVE('',#1742,#1747);
#1742 = PLANE('',#1743);
#1743 = AXIS2_PLACEMENT_3D('',#1744,#1745,#1746);
#1744 = CARTESIAN_POINT('',(-21.5,3.55,-3.15));
#1745 = DIRECTION('',(-8.715574274766E-02,-0.996194698092,
    1.371525658273E-16));
#1746 = DIRECTION('',(-0.996194698092,8.715574274766E-02,
    -3.08148791102E-33));
#1747 = DEFINITIONAL_REPRESENTATION('',(#1748),#1752);
#1748 = LINE('',#1749,#1750);
#1749 = CARTESIAN_POINT('',(4.015279350173,-3.08148791102E-32));
#1750 = VECTOR('',#1751,1.);
#1751 = DIRECTION('',(1.199929468338E-17,-1.));
#1752 = ( GEOMETRIC_REPRESENTATION_CONTEXT(2) 
PARAMETRIC_REPRESENTATION_CONTEXT() REPRESENTATION_CONTEXT('2D SPACE',''
  ) );
#1753 = ADVANCED_FACE('',(#1754),#1742,.T.);
#1754 = FACE_BOUND('',#1755,.T.);
#1755 = EDGE_LOOP('',(#1756,#1786,#1807,#1808));
#1756 = ORIENTED_EDGE('',*,*,#1757,.T.);
#1757 = EDGE_CURVE('',#1758,#1760,#1762,.T.);
#1758 = VERTEX_POINT('',#1759);
#1759 = CARTESIAN_POINT('',(-21.5,3.55,-3.15));
#1760 = VERTEX_POINT('',#1761);
#1761 = CARTESIAN_POINT('',(-21.5,3.55,3.15));
#1762 = SURFACE_CURVE('',#1763,(#1767,#1774),.PCURVE_S1.);
#1763 = LINE('',#1764,#1765);
#1764 = CARTESIAN_POINT('',(-21.5,3.55,-3.15));
#1765 = VECTOR('',#1766,1.);
#1766 = DIRECTION('',(0.,1.376764663474E-16,1.));
#1767 = PCURVE('',#1742,#1768);
#1768 = DEFINITIONAL_REPRESENTATION('',(#1769),#1773);
#1769 = LINE('',#1770,#1771);
#1770 = CARTESIAN_POINT('',(0.,-0.));
#1771 = VECTOR('',#1772,1.);
#1772 = DIRECTION('',(1.199929468338E-17,-1.));
#1773 = ( GEOMETRIC_REPRESENTATION_CONTEXT(2) 
PARAMETRIC_REPRESENTATION_CONTEXT() REPRESENTATION_CONTEXT('2D SPACE',''
  ) );
#1774 = PCURVE('',#1775,#1780);
#1775 = PLANE('',#1776);
#1776 = AXIS2_PLACEMENT_3D('',#1777,#1778,#1779);
#1777 = CARTESIAN_POINT('',(-21.5,0.,1.692413147294E-16));
#1778 = DIRECTION('',(1.,0.,0.));
#1779 = DIRECTION('',(-0.,1.,0.));
#1780 = DEFINITIONAL_REPRESENTATION('',(#1781),#1785);
#1781 = LINE('',#1782,#1783);
#1782 = CARTESIAN_POINT('',(3.55,-3.15));
#1783 = VECTOR('',#1784,1.);
#1784 = DIRECTION('',(1.376764663474E-16,1.));
#1785 = ( GEOMETRIC_REPRESENTATION_CONTEXT(2) 
PARAMETRIC_REPRESENTATION_CONTEXT() REPRESENTATION_CONTEXT('2D SPACE',''
  ) );
#1786 = ORIENTED_EDGE('',*,*,#1787,.F.);
#1787 = EDGE_CURVE('',#1638,#1760,#1788,.T.);
#1788 = SURFACE_CURVE('',#1789,(#1793,#1800),.PCURVE_S1.);
#1789 = LINE('',#1790,#1791);
#1790 = CARTESIAN_POINT('',(-21.5,3.55,3.15));
#1791 = VECTOR('',#1792,1.);
#1792 = DIRECTION('',(0.992432509139,-8.682659386425E-02,
    8.682659386425E-02));
#1793 = PCURVE('',#1742,#1794);
#1794 = DEFINITIONAL_REPRESENTATION('',(#1795),#1799);
#1795 = LINE('',#1796,#1797);
#1796 = CARTESIAN_POINT('',(7.740984986141E-17,-6.3));
#1797 = VECTOR('',#1798,1.);
#1798 = DIRECTION('',(-0.996223440097,-8.682659386425E-02));
#1799 = ( GEOMETRIC_REPRESENTATION_CONTEXT(2) 
PARAMETRIC_REPRESENTATION_CONTEXT() REPRESENTATION_CONTEXT('2D SPACE',''
  ) );
#1800 = PCURVE('',#1660,#1801);
#1801 = DEFINITIONAL_REPRESENTATION('',(#1802),#1806);
#1802 = LINE('',#1803,#1804);
#1803 = CARTESIAN_POINT('',(0.,-0.));
#1804 = VECTOR('',#1805,1.);
#1805 = DIRECTION('',(-8.682659386425E-02,-0.996223440097));
#1806 = ( GEOMETRIC_REPRESENTATION_CONTEXT(2) 
PARAMETRIC_REPRESENTATION_CONTEXT() REPRESENTATION_CONTEXT('2D SPACE',''
  ) );
#1807 = ORIENTED_EDGE('',*,*,#1728,.F.);
#1808 = ORIENTED_EDGE('',*,*,#1809,.T.);
#1809 = EDGE_CURVE('',#1701,#1758,#1810,.T.);
#1810 = SURFACE_CURVE('',#1811,(#1815,#1822),.PCURVE_S1.);
#1811 = LINE('',#1812,#1813);
#1812 = CARTESIAN_POINT('',(-21.5,3.55,-3.15));
#1813 = VECTOR('',#1814,1.);
#1814 = DIRECTION('',(0.992432509139,-8.682659386425E-02,
    -8.682659386425E-02));
#1815 = PCURVE('',#1742,#1816);
#1816 = DEFINITIONAL_REPRESENTATION('',(#1817),#1821);
#1817 = LINE('',#1818,#1819);
#1818 = CARTESIAN_POINT('',(0.,-0.));
#1819 = VECTOR('',#1820,1.);
#1820 = DIRECTION('',(-0.996223440097,8.682659386425E-02));
#1821 = ( GEOMETRIC_REPRESENTATION_CONTEXT(2) 
PARAMETRIC_REPRESENTATION_CONTEXT() REPRESENTATION_CONTEXT('2D SPACE',''
  ) );
#1822 = PCURVE('',#1716,#1823);
#1823 = DEFINITIONAL_REPRESENTATION('',(#1824),#1828);
#1824 = LINE('',#1825,#1826);
#1825 = CARTESIAN_POINT('',(-7.740984986141E-17,-3.5));
#1826 = VECTOR('',#1827,1.);
#1827 = DIRECTION('',(-0.996223440097,-8.682659386425E-02));
#1828 = ( GEOMETRIC_REPRESENTATION_CONTEXT(2) 
PARAMETRIC_REPRESENTATION_CONTEXT() REPRESENTATION_CONTEXT('2D SPACE',''
  ) );
#1829 = ADVANCED_FACE('',(#1830),#1716,.T.);
#1830 = FACE_BOUND('',#1831,.T.);
#1831 = EDGE_LOOP('',(#1832,#1855,#1856,#1857));
#1832 = ORIENTED_EDGE('',*,*,#1833,.T.);
#1833 = EDGE_CURVE('',#1834,#1758,#1836,.T.);
#1834 = VERTEX_POINT('',#1835);
#1835 = CARTESIAN_POINT('',(-21.5,7.05,-3.15));
#1836 = SURFACE_CURVE('',#1837,(#1841,#1848),.PCURVE_S1.);
#1837 = LINE('',#1838,#1839);
#1838 = CARTESIAN_POINT('',(-21.5,7.05,-3.15));
#1839 = VECTOR('',#1840,1.);
#1840 = DIRECTION('',(0.,-1.,-2.478176394253E-16));
#1841 = PCURVE('',#1716,#1842);
#1842 = DEFINITIONAL_REPRESENTATION('',(#1843),#1847);
#1843 = LINE('',#1844,#1845);
#1844 = CARTESIAN_POINT('',(0.,0.));
#1845 = VECTOR('',#1846,1.);
#1846 = DIRECTION('',(-2.159873043008E-17,-1.));
#1847 = ( GEOMETRIC_REPRESENTATION_CONTEXT(2) 
PARAMETRIC_REPRESENTATION_CONTEXT() REPRESENTATION_CONTEXT('2D SPACE',''
  ) );
#1848 = PCURVE('',#1775,#1849);
#1849 = DEFINITIONAL_REPRESENTATION('',(#1850),#1854);
#1850 = LINE('',#1851,#1852);
#1851 = CARTESIAN_POINT('',(7.05,-3.15));
#1852 = VECTOR('',#1853,1.);
#1853 = DIRECTION('',(-1.,-2.478176394253E-16));
#1854 = ( GEOMETRIC_REPRESENTATION_CONTEXT(2) 
PARAMETRIC_REPRESENTATION_CONTEXT() REPRESENTATION_CONTEXT('2D SPACE',''
  ) );
#1855 = ORIENTED_EDGE('',*,*,#1809,.F.);
#1856 = ORIENTED_EDGE('',*,*,#1700,.F.);
#1857 = ORIENTED_EDGE('',*,*,#1858,.T.);
#1858 = EDGE_CURVE('',#1673,#1834,#1859,.T.);
#1859 = SURFACE_CURVE('',#1860,(#1864,#1871),.PCURVE_S1.);
#1860 = LINE('',#1861,#1862);
#1861 = CARTESIAN_POINT('',(-21.5,7.05,-3.15));
#1862 = VECTOR('',#1863,1.);
#1863 = DIRECTION('',(0.992432509139,8.682659386425E-02,
    -8.682659386425E-02));
#1864 = PCURVE('',#1716,#1865);
#1865 = DEFINITIONAL_REPRESENTATION('',(#1866),#1870);
#1866 = LINE('',#1867,#1868);
#1867 = CARTESIAN_POINT('',(0.,0.));
#1868 = VECTOR('',#1869,1.);
#1869 = DIRECTION('',(-0.996223440097,8.682659386425E-02));
#1870 = ( GEOMETRIC_REPRESENTATION_CONTEXT(2) 
PARAMETRIC_REPRESENTATION_CONTEXT() REPRESENTATION_CONTEXT('2D SPACE',''
  ) );
#1871 = PCURVE('',#1688,#1872);
#1872 = DEFINITIONAL_REPRESENTATION('',(#1873),#1877);
#1873 = LINE('',#1874,#1875);
#1874 = CARTESIAN_POINT('',(-6.3,0.));
#1875 = VECTOR('',#1876,1.);
#1876 = DIRECTION('',(-8.682659386425E-02,0.996223440097));
#1877 = ( GEOMETRIC_REPRESENTATION_CONTEXT(2) 
PARAMETRIC_REPRESENTATION_CONTEXT() REPRESENTATION_CONTEXT('2D SPACE',''
  ) );
#1878 = ADVANCED_FACE('',(#1879),#1688,.T.);
#1879 = FACE_BOUND('',#1880,.T.);
#1880 = EDGE_LOOP('',(#1881,#1904,#1905,#1906));
#1881 = ORIENTED_EDGE('',*,*,#1882,.T.);
#1882 = EDGE_CURVE('',#1883,#1834,#1885,.T.);
#1883 = VERTEX_POINT('',#1884);
#1884 = CARTESIAN_POINT('',(-21.5,7.05,3.15));
#1885 = SURFACE_CURVE('',#1886,(#1890,#1897),.PCURVE_S1.);
#1886 = LINE('',#1887,#1888);
#1887 = CARTESIAN_POINT('',(-21.5,7.05,3.15));
#1888 = VECTOR('',#1889,1.);
#1889 = DIRECTION('',(0.,0.,-1.));
#1890 = PCURVE('',#1688,#1891);
#1891 = DEFINITIONAL_REPRESENTATION('',(#1892),#1896);
#1892 = LINE('',#1893,#1894);
#1893 = CARTESIAN_POINT('',(0.,0.));
#1894 = VECTOR('',#1895,1.);
#1895 = DIRECTION('',(-1.,0.));
#1896 = ( GEOMETRIC_REPRESENTATION_CONTEXT(2) 
PARAMETRIC_REPRESENTATION_CONTEXT() REPRESENTATION_CONTEXT('2D SPACE',''
  ) );
#1897 = PCURVE('',#1775,#1898);
#1898 = DEFINITIONAL_REPRESENTATION('',(#1899),#1903);
#1899 = LINE('',#1900,#1901);
#1900 = CARTESIAN_POINT('',(7.05,3.15));
#1901 = VECTOR('',#1902,1.);
#1902 = DIRECTION('',(0.,-1.));
#1903 = ( GEOMETRIC_REPRESENTATION_CONTEXT(2) 
PARAMETRIC_REPRESENTATION_CONTEXT() REPRESENTATION_CONTEXT('2D SPACE',''
  ) );
#1904 = ORIENTED_EDGE('',*,*,#1858,.F.);
#1905 = ORIENTED_EDGE('',*,*,#1672,.F.);
#1906 = ORIENTED_EDGE('',*,*,#1907,.T.);
#1907 = EDGE_CURVE('',#1640,#1883,#1908,.T.);
#1908 = SURFACE_CURVE('',#1909,(#1913,#1920),.PCURVE_S1.);
#1909 = LINE('',#1910,#1911);
#1910 = CARTESIAN_POINT('',(-21.5,7.05,3.15));
#1911 = VECTOR('',#1912,1.);
#1912 = DIRECTION('',(0.992432509139,8.682659386425E-02,
    8.682659386425E-02));
#1913 = PCURVE('',#1688,#1914);
#1914 = DEFINITIONAL_REPRESENTATION('',(#1915),#1919);
#1915 = LINE('',#1916,#1917);
#1916 = CARTESIAN_POINT('',(0.,0.));
#1917 = VECTOR('',#1918,1.);
#1918 = DIRECTION('',(8.682659386425E-02,0.996223440097));
#1919 = ( GEOMETRIC_REPRESENTATION_CONTEXT(2) 
PARAMETRIC_REPRESENTATION_CONTEXT() REPRESENTATION_CONTEXT('2D SPACE',''
  ) );
#1920 = PCURVE('',#1660,#1921);
#1921 = DEFINITIONAL_REPRESENTATION('',(#1922),#1926);
#1922 = LINE('',#1923,#1924);
#1923 = CARTESIAN_POINT('',(3.5,-9.953674155301E-15));
#1924 = VECTOR('',#1925,1.);
#1925 = DIRECTION('',(8.682659386425E-02,-0.996223440097));
#1926 = ( GEOMETRIC_REPRESENTATION_CONTEXT(2) 
PARAMETRIC_REPRESENTATION_CONTEXT() REPRESENTATION_CONTEXT('2D SPACE',''
  ) );
#1927 = ADVANCED_FACE('',(#1928),#1660,.T.);
#1928 = FACE_BOUND('',#1929,.T.);
#1929 = EDGE_LOOP('',(#1930,#1951,#1952,#1953));
#1930 = ORIENTED_EDGE('',*,*,#1931,.T.);
#1931 = EDGE_CURVE('',#1760,#1883,#1932,.T.);
#1932 = SURFACE_CURVE('',#1933,(#1937,#1944),.PCURVE_S1.);
#1933 = LINE('',#1934,#1935);
#1934 = CARTESIAN_POINT('',(-21.5,3.55,3.15));
#1935 = VECTOR('',#1936,1.);
#1936 = DIRECTION('',(0.,1.,2.478176394253E-16));
#1937 = PCURVE('',#1660,#1938);
#1938 = DEFINITIONAL_REPRESENTATION('',(#1939),#1943);
#1939 = LINE('',#1940,#1941);
#1940 = CARTESIAN_POINT('',(0.,-0.));
#1941 = VECTOR('',#1942,1.);
#1942 = DIRECTION('',(1.,-2.843388531984E-15));
#1943 = ( GEOMETRIC_REPRESENTATION_CONTEXT(2) 
PARAMETRIC_REPRESENTATION_CONTEXT() REPRESENTATION_CONTEXT('2D SPACE',''
  ) );
#1944 = PCURVE('',#1775,#1945);
#1945 = DEFINITIONAL_REPRESENTATION('',(#1946),#1950);
#1946 = LINE('',#1947,#1948);
#1947 = CARTESIAN_POINT('',(3.55,3.15));
#1948 = VECTOR('',#1949,1.);
#1949 = DIRECTION('',(1.,2.478176394253E-16));
#1950 = ( GEOMETRIC_REPRESENTATION_CONTEXT(2) 
PARAMETRIC_REPRESENTATION_CONTEXT() REPRESENTATION_CONTEXT('2D SPACE',''
  ) );
#1951 = ORIENTED_EDGE('',*,*,#1907,.F.);
#1952 = ORIENTED_EDGE('',*,*,#1637,.F.);
#1953 = ORIENTED_EDGE('',*,*,#1787,.T.);
#1954 = ADVANCED_FACE('',(#1955),#1969,.F.);
#1955 = FACE_BOUND('',#1956,.T.);
#1956 = EDGE_LOOP('',(#1957,#1992,#2020,#2043));
#1957 = ORIENTED_EDGE('',*,*,#1958,.T.);
#1958 = EDGE_CURVE('',#1959,#1961,#1963,.T.);
#1959 = VERTEX_POINT('',#1960);
#1960 = CARTESIAN_POINT('',(-20.5,3.2,-3.5));
#1961 = VERTEX_POINT('',#1962);
#1962 = CARTESIAN_POINT('',(-20.5,3.2,3.5));
#1963 = SURFACE_CURVE('',#1964,(#1968,#1980),.PCURVE_S1.);
#1964 = LINE('',#1965,#1966);
#1965 = CARTESIAN_POINT('',(-20.5,3.2,-3.5));
#1966 = VECTOR('',#1967,1.);
#1967 = DIRECTION('',(0.,1.239088197126E-16,1.));
#1968 = PCURVE('',#1969,#1974);
#1969 = PLANE('',#1970);
#1970 = AXIS2_PLACEMENT_3D('',#1971,#1972,#1973);
#1971 = CARTESIAN_POINT('',(-21.5,3.2,-3.5));
#1972 = DIRECTION('',(-2.097049155474E-32,1.,-1.239088197126E-16));
#1973 = DIRECTION('',(0.,-1.239088197126E-16,-1.));
#1974 = DEFINITIONAL_REPRESENTATION('',(#1975),#1979);
#1975 = LINE('',#1976,#1977);
#1976 = CARTESIAN_POINT('',(0.,-1.));
#1977 = VECTOR('',#1978,1.);
#1978 = DIRECTION('',(-1.,0.));
#1979 = ( GEOMETRIC_REPRESENTATION_CONTEXT(2) 
PARAMETRIC_REPRESENTATION_CONTEXT() REPRESENTATION_CONTEXT('2D SPACE',''
  ) );
#1980 = PCURVE('',#1981,#1986);
#1981 = PLANE('',#1982);
#1982 = AXIS2_PLACEMENT_3D('',#1983,#1984,#1985);
#1983 = CARTESIAN_POINT('',(-20.5,37.,10.25));
#1984 = DIRECTION('',(1.,0.,-1.692413147294E-16));
#1985 = DIRECTION('',(-1.692413147294E-16,0.,-1.));
#1986 = DEFINITIONAL_REPRESENTATION('',(#1987),#1991);
#1987 = LINE('',#1988,#1989);
#1988 = CARTESIAN_POINT('',(13.75,-33.8));
#1989 = VECTOR('',#1990,1.);
#1990 = DIRECTION('',(-1.,1.239088197126E-16));
#1991 = ( GEOMETRIC_REPRESENTATION_CONTEXT(2) 
PARAMETRIC_REPRESENTATION_CONTEXT() REPRESENTATION_CONTEXT('2D SPACE',''
  ) );
#1992 = ORIENTED_EDGE('',*,*,#1993,.F.);
#1993 = EDGE_CURVE('',#1994,#1961,#1996,.T.);
#1994 = VERTEX_POINT('',#1995);
#1995 = CARTESIAN_POINT('',(-21.5,3.2,3.5));
#1996 = SURFACE_CURVE('',#1997,(#2001,#2008),.PCURVE_S1.);
#1997 = LINE('',#1998,#1999);
#1998 = CARTESIAN_POINT('',(-21.5,3.2,3.5));
#1999 = VECTOR('',#2000,1.);
#2000 = DIRECTION('',(1.,0.,-1.692413147294E-16));
#2001 = PCURVE('',#1969,#2002);
#2002 = DEFINITIONAL_REPRESENTATION('',(#2003),#2007);
#2003 = LINE('',#2004,#2005);
#2004 = CARTESIAN_POINT('',(-7.,-4.365360480334E-49));
#2005 = VECTOR('',#2006,1.);
#2006 = DIRECTION('',(1.692413147294E-16,-1.));
#2007 = ( GEOMETRIC_REPRESENTATION_CONTEXT(2) 
PARAMETRIC_REPRESENTATION_CONTEXT() REPRESENTATION_CONTEXT('2D SPACE',''
  ) );
#2008 = PCURVE('',#2009,#2014);
#2009 = PLANE('',#2010);
#2010 = AXIS2_PLACEMENT_3D('',#2011,#2012,#2013);
#2011 = CARTESIAN_POINT('',(-21.5,3.2,3.5));
#2012 = DIRECTION('',(-1.692413147294E-16,2.06514699521E-16,-1.));
#2013 = DIRECTION('',(-1.,0.,1.692413147294E-16));
#2014 = DEFINITIONAL_REPRESENTATION('',(#2015),#2019);
#2015 = LINE('',#2016,#2017);
#2016 = CARTESIAN_POINT('',(0.,0.));
#2017 = VECTOR('',#2018,1.);
#2018 = DIRECTION('',(-1.,0.));
#2019 = ( GEOMETRIC_REPRESENTATION_CONTEXT(2) 
PARAMETRIC_REPRESENTATION_CONTEXT() REPRESENTATION_CONTEXT('2D SPACE',''
  ) );
#2020 = ORIENTED_EDGE('',*,*,#2021,.F.);
#2021 = EDGE_CURVE('',#2022,#1994,#2024,.T.);
#2022 = VERTEX_POINT('',#2023);
#2023 = CARTESIAN_POINT('',(-21.5,3.2,-3.5));
#2024 = SURFACE_CURVE('',#2025,(#2029,#2036),.PCURVE_S1.);
#2025 = LINE('',#2026,#2027);
#2026 = CARTESIAN_POINT('',(-21.5,3.2,-3.5));
#2027 = VECTOR('',#2028,1.);
#2028 = DIRECTION('',(0.,1.239088197126E-16,1.));
#2029 = PCURVE('',#1969,#2030);
#2030 = DEFINITIONAL_REPRESENTATION('',(#2031),#2035);
#2031 = LINE('',#2032,#2033);
#2032 = CARTESIAN_POINT('',(0.,0.));
#2033 = VECTOR('',#2034,1.);
#2034 = DIRECTION('',(-1.,0.));
#2035 = ( GEOMETRIC_REPRESENTATION_CONTEXT(2) 
PARAMETRIC_REPRESENTATION_CONTEXT() REPRESENTATION_CONTEXT('2D SPACE',''
  ) );
#2036 = PCURVE('',#1775,#2037);
#2037 = DEFINITIONAL_REPRESENTATION('',(#2038),#2042);
#2038 = LINE('',#2039,#2040);
#2039 = CARTESIAN_POINT('',(3.2,-3.5));
#2040 = VECTOR('',#2041,1.);
#2041 = DIRECTION('',(1.239088197126E-16,1.));
#2042 = ( GEOMETRIC_REPRESENTATION_CONTEXT(2) 
PARAMETRIC_REPRESENTATION_CONTEXT() REPRESENTATION_CONTEXT('2D SPACE',''
  ) );
#2043 = ORIENTED_EDGE('',*,*,#2044,.T.);
#2044 = EDGE_CURVE('',#2022,#1959,#2045,.T.);
#2045 = SURFACE_CURVE('',#2046,(#2050,#2057),.PCURVE_S1.);
#2046 = LINE('',#2047,#2048);
#2047 = CARTESIAN_POINT('',(-21.5,3.2,-3.5));
#2048 = VECTOR('',#2049,1.);
#2049 = DIRECTION('',(1.,0.,-1.692413147294E-16));
#2050 = PCURVE('',#1969,#2051);
#2051 = DEFINITIONAL_REPRESENTATION('',(#2052),#2056);
#2052 = LINE('',#2053,#2054);
#2053 = CARTESIAN_POINT('',(0.,0.));
#2054 = VECTOR('',#2055,1.);
#2055 = DIRECTION('',(1.692413147294E-16,-1.));
#2056 = ( GEOMETRIC_REPRESENTATION_CONTEXT(2) 
PARAMETRIC_REPRESENTATION_CONTEXT() REPRESENTATION_CONTEXT('2D SPACE',''
  ) );
#2057 = PCURVE('',#2058,#2063);
#2058 = PLANE('',#2059);
#2059 = AXIS2_PLACEMENT_3D('',#2060,#2061,#2062);
#2060 = CARTESIAN_POINT('',(-21.5,3.2,-3.5));
#2061 = DIRECTION('',(1.692413147294E-16,-2.06514699521E-16,1.));
#2062 = DIRECTION('',(0.,-1.,-2.06514699521E-16));
#2063 = DEFINITIONAL_REPRESENTATION('',(#2064),#2068);
#2064 = LINE('',#2065,#2066);
#2065 = CARTESIAN_POINT('',(0.,0.));
#2066 = VECTOR('',#2067,1.);
#2067 = DIRECTION('',(3.49508192579E-32,1.));
#2068 = ( GEOMETRIC_REPRESENTATION_CONTEXT(2) 
PARAMETRIC_REPRESENTATION_CONTEXT() REPRESENTATION_CONTEXT('2D SPACE',''
  ) );
#2069 = ADVANCED_FACE('',(#2070),#2058,.F.);
#2070 = FACE_BOUND('',#2071,.T.);
#2071 = EDGE_LOOP('',(#2072,#2095,#2096,#2119));
#2072 = ORIENTED_EDGE('',*,*,#2073,.T.);
#2073 = EDGE_CURVE('',#2074,#1959,#2076,.T.);
#2074 = VERTEX_POINT('',#2075);
#2075 = CARTESIAN_POINT('',(-20.5,7.4,-3.5));
#2076 = SURFACE_CURVE('',#2077,(#2081,#2088),.PCURVE_S1.);
#2077 = LINE('',#2078,#2079);
#2078 = CARTESIAN_POINT('',(-20.5,3.2,-3.5));
#2079 = VECTOR('',#2080,1.);
#2080 = DIRECTION('',(0.,-1.,-2.06514699521E-16));
#2081 = PCURVE('',#2058,#2082);
#2082 = DEFINITIONAL_REPRESENTATION('',(#2083),#2087);
#2083 = LINE('',#2084,#2085);
#2084 = CARTESIAN_POINT('',(0.,1.));
#2085 = VECTOR('',#2086,1.);
#2086 = DIRECTION('',(1.,0.));
#2087 = ( GEOMETRIC_REPRESENTATION_CONTEXT(2) 
PARAMETRIC_REPRESENTATION_CONTEXT() REPRESENTATION_CONTEXT('2D SPACE',''
  ) );
#2088 = PCURVE('',#1981,#2089);
#2089 = DEFINITIONAL_REPRESENTATION('',(#2090),#2094);
#2090 = LINE('',#2091,#2092);
#2091 = CARTESIAN_POINT('',(13.75,-33.8));
#2092 = VECTOR('',#2093,1.);
#2093 = DIRECTION('',(2.06514699521E-16,-1.));
#2094 = ( GEOMETRIC_REPRESENTATION_CONTEXT(2) 
PARAMETRIC_REPRESENTATION_CONTEXT() REPRESENTATION_CONTEXT('2D SPACE',''
  ) );
#2095 = ORIENTED_EDGE('',*,*,#2044,.F.);
#2096 = ORIENTED_EDGE('',*,*,#2097,.F.);
#2097 = EDGE_CURVE('',#2098,#2022,#2100,.T.);
#2098 = VERTEX_POINT('',#2099);
#2099 = CARTESIAN_POINT('',(-21.5,7.4,-3.5));
#2100 = SURFACE_CURVE('',#2101,(#2105,#2112),.PCURVE_S1.);
#2101 = LINE('',#2102,#2103);
#2102 = CARTESIAN_POINT('',(-21.5,3.2,-3.5));
#2103 = VECTOR('',#2104,1.);
#2104 = DIRECTION('',(0.,-1.,-2.06514699521E-16));
#2105 = PCURVE('',#2058,#2106);
#2106 = DEFINITIONAL_REPRESENTATION('',(#2107),#2111);
#2107 = LINE('',#2108,#2109);
#2108 = CARTESIAN_POINT('',(0.,0.));
#2109 = VECTOR('',#2110,1.);
#2110 = DIRECTION('',(1.,0.));
#2111 = ( GEOMETRIC_REPRESENTATION_CONTEXT(2) 
PARAMETRIC_REPRESENTATION_CONTEXT() REPRESENTATION_CONTEXT('2D SPACE',''
  ) );
#2112 = PCURVE('',#1775,#2113);
#2113 = DEFINITIONAL_REPRESENTATION('',(#2114),#2118);
#2114 = LINE('',#2115,#2116);
#2115 = CARTESIAN_POINT('',(3.2,-3.5));
#2116 = VECTOR('',#2117,1.);
#2117 = DIRECTION('',(-1.,-2.06514699521E-16));
#2118 = ( GEOMETRIC_REPRESENTATION_CONTEXT(2) 
PARAMETRIC_REPRESENTATION_CONTEXT() REPRESENTATION_CONTEXT('2D SPACE',''
  ) );
#2119 = ORIENTED_EDGE('',*,*,#2120,.T.);
#2120 = EDGE_CURVE('',#2098,#2074,#2121,.T.);
#2121 = SURFACE_CURVE('',#2122,(#2126,#2133),.PCURVE_S1.);
#2122 = LINE('',#2123,#2124);
#2123 = CARTESIAN_POINT('',(-21.5,7.4,-3.5));
#2124 = VECTOR('',#2125,1.);
#2125 = DIRECTION('',(1.,0.,-1.692413147294E-16));
#2126 = PCURVE('',#2058,#2127);
#2127 = DEFINITIONAL_REPRESENTATION('',(#2128),#2132);
#2128 = LINE('',#2129,#2130);
#2129 = CARTESIAN_POINT('',(-4.2,-3.523042581197E-33));
#2130 = VECTOR('',#2131,1.);
#2131 = DIRECTION('',(3.49508192579E-32,1.));
#2132 = ( GEOMETRIC_REPRESENTATION_CONTEXT(2) 
PARAMETRIC_REPRESENTATION_CONTEXT() REPRESENTATION_CONTEXT('2D SPACE',''
  ) );
#2133 = PCURVE('',#2134,#2139);
#2134 = PLANE('',#2135);
#2135 = AXIS2_PLACEMENT_3D('',#2136,#2137,#2138);
#2136 = CARTESIAN_POINT('',(-21.5,7.4,-3.5));
#2137 = DIRECTION('',(0.,-1.,0.));
#2138 = DIRECTION('',(0.,0.,-1.));
#2139 = DEFINITIONAL_REPRESENTATION('',(#2140),#2144);
#2140 = LINE('',#2141,#2142);
#2141 = CARTESIAN_POINT('',(0.,0.));
#2142 = VECTOR('',#2143,1.);
#2143 = DIRECTION('',(1.692413147294E-16,1.));
#2144 = ( GEOMETRIC_REPRESENTATION_CONTEXT(2) 
PARAMETRIC_REPRESENTATION_CONTEXT() REPRESENTATION_CONTEXT('2D SPACE',''
  ) );
#2145 = ADVANCED_FACE('',(#2146),#2134,.F.);
#2146 = FACE_BOUND('',#2147,.T.);
#2147 = EDGE_LOOP('',(#2148,#2171,#2172,#2195));
#2148 = ORIENTED_EDGE('',*,*,#2149,.T.);
#2149 = EDGE_CURVE('',#2150,#2074,#2152,.T.);
#2150 = VERTEX_POINT('',#2151);
#2151 = CARTESIAN_POINT('',(-20.5,7.4,3.5));
#2152 = SURFACE_CURVE('',#2153,(#2157,#2164),.PCURVE_S1.);
#2153 = LINE('',#2154,#2155);
#2154 = CARTESIAN_POINT('',(-20.5,7.4,-3.5));
#2155 = VECTOR('',#2156,1.);
#2156 = DIRECTION('',(0.,0.,-1.));
#2157 = PCURVE('',#2134,#2158);
#2158 = DEFINITIONAL_REPRESENTATION('',(#2159),#2163);
#2159 = LINE('',#2160,#2161);
#2160 = CARTESIAN_POINT('',(0.,1.));
#2161 = VECTOR('',#2162,1.);
#2162 = DIRECTION('',(1.,0.));
#2163 = ( GEOMETRIC_REPRESENTATION_CONTEXT(2) 
PARAMETRIC_REPRESENTATION_CONTEXT() REPRESENTATION_CONTEXT('2D SPACE',''
  ) );
#2164 = PCURVE('',#1981,#2165);
#2165 = DEFINITIONAL_REPRESENTATION('',(#2166),#2170);
#2166 = LINE('',#2167,#2168);
#2167 = CARTESIAN_POINT('',(13.75,-29.6));
#2168 = VECTOR('',#2169,1.);
#2169 = DIRECTION('',(1.,0.));
#2170 = ( GEOMETRIC_REPRESENTATION_CONTEXT(2) 
PARAMETRIC_REPRESENTATION_CONTEXT() REPRESENTATION_CONTEXT('2D SPACE',''
  ) );
#2171 = ORIENTED_EDGE('',*,*,#2120,.F.);
#2172 = ORIENTED_EDGE('',*,*,#2173,.F.);
#2173 = EDGE_CURVE('',#2174,#2098,#2176,.T.);
#2174 = VERTEX_POINT('',#2175);
#2175 = CARTESIAN_POINT('',(-21.5,7.4,3.5));
#2176 = SURFACE_CURVE('',#2177,(#2181,#2188),.PCURVE_S1.);
#2177 = LINE('',#2178,#2179);
#2178 = CARTESIAN_POINT('',(-21.5,7.4,-3.5));
#2179 = VECTOR('',#2180,1.);
#2180 = DIRECTION('',(0.,0.,-1.));
#2181 = PCURVE('',#2134,#2182);
#2182 = DEFINITIONAL_REPRESENTATION('',(#2183),#2187);
#2183 = LINE('',#2184,#2185);
#2184 = CARTESIAN_POINT('',(0.,0.));
#2185 = VECTOR('',#2186,1.);
#2186 = DIRECTION('',(1.,0.));
#2187 = ( GEOMETRIC_REPRESENTATION_CONTEXT(2) 
PARAMETRIC_REPRESENTATION_CONTEXT() REPRESENTATION_CONTEXT('2D SPACE',''
  ) );
#2188 = PCURVE('',#1775,#2189);
#2189 = DEFINITIONAL_REPRESENTATION('',(#2190),#2194);
#2190 = LINE('',#2191,#2192);
#2191 = CARTESIAN_POINT('',(7.4,-3.5));
#2192 = VECTOR('',#2193,1.);
#2193 = DIRECTION('',(0.,-1.));
#2194 = ( GEOMETRIC_REPRESENTATION_CONTEXT(2) 
PARAMETRIC_REPRESENTATION_CONTEXT() REPRESENTATION_CONTEXT('2D SPACE',''
  ) );
#2195 = ORIENTED_EDGE('',*,*,#2196,.T.);
#2196 = EDGE_CURVE('',#2174,#2150,#2197,.T.);
#2197 = SURFACE_CURVE('',#2198,(#2202,#2209),.PCURVE_S1.);
#2198 = LINE('',#2199,#2200);
#2199 = CARTESIAN_POINT('',(-21.5,7.4,3.5));
#2200 = VECTOR('',#2201,1.);
#2201 = DIRECTION('',(1.,0.,-1.692413147294E-16));
#2202 = PCURVE('',#2134,#2203);
#2203 = DEFINITIONAL_REPRESENTATION('',(#2204),#2208);
#2204 = LINE('',#2205,#2206);
#2205 = CARTESIAN_POINT('',(-7.,0.));
#2206 = VECTOR('',#2207,1.);
#2207 = DIRECTION('',(1.692413147294E-16,1.));
#2208 = ( GEOMETRIC_REPRESENTATION_CONTEXT(2) 
PARAMETRIC_REPRESENTATION_CONTEXT() REPRESENTATION_CONTEXT('2D SPACE',''
  ) );
#2209 = PCURVE('',#2009,#2210);
#2210 = DEFINITIONAL_REPRESENTATION('',(#2211),#2215);
#2211 = LINE('',#2212,#2213);
#2212 = CARTESIAN_POINT('',(1.503164834644E-31,4.2));
#2213 = VECTOR('',#2214,1.);
#2214 = DIRECTION('',(-1.,0.));
#2215 = ( GEOMETRIC_REPRESENTATION_CONTEXT(2) 
PARAMETRIC_REPRESENTATION_CONTEXT() REPRESENTATION_CONTEXT('2D SPACE',''
  ) );
#2216 = ADVANCED_FACE('',(#2217),#2009,.F.);
#2217 = FACE_BOUND('',#2218,.T.);
#2218 = EDGE_LOOP('',(#2219,#2240,#2241,#2262));
#2219 = ORIENTED_EDGE('',*,*,#2220,.T.);
#2220 = EDGE_CURVE('',#1961,#2150,#2221,.T.);
#2221 = SURFACE_CURVE('',#2222,(#2226,#2233),.PCURVE_S1.);
#2222 = LINE('',#2223,#2224);
#2223 = CARTESIAN_POINT('',(-20.5,3.2,3.5));
#2224 = VECTOR('',#2225,1.);
#2225 = DIRECTION('',(0.,1.,2.06514699521E-16));
#2226 = PCURVE('',#2009,#2227);
#2227 = DEFINITIONAL_REPRESENTATION('',(#2228),#2232);
#2228 = LINE('',#2229,#2230);
#2229 = CARTESIAN_POINT('',(-1.,3.49508192579E-32));
#2230 = VECTOR('',#2231,1.);
#2231 = DIRECTION('',(3.49508192579E-32,1.));
#2232 = ( GEOMETRIC_REPRESENTATION_CONTEXT(2) 
PARAMETRIC_REPRESENTATION_CONTEXT() REPRESENTATION_CONTEXT('2D SPACE',''
  ) );
#2233 = PCURVE('',#1981,#2234);
#2234 = DEFINITIONAL_REPRESENTATION('',(#2235),#2239);
#2235 = LINE('',#2236,#2237);
#2236 = CARTESIAN_POINT('',(6.75,-33.8));
#2237 = VECTOR('',#2238,1.);
#2238 = DIRECTION('',(-2.06514699521E-16,1.));
#2239 = ( GEOMETRIC_REPRESENTATION_CONTEXT(2) 
PARAMETRIC_REPRESENTATION_CONTEXT() REPRESENTATION_CONTEXT('2D SPACE',''
  ) );
#2240 = ORIENTED_EDGE('',*,*,#2196,.F.);
#2241 = ORIENTED_EDGE('',*,*,#2242,.F.);
#2242 = EDGE_CURVE('',#1994,#2174,#2243,.T.);
#2243 = SURFACE_CURVE('',#2244,(#2248,#2255),.PCURVE_S1.);
#2244 = LINE('',#2245,#2246);
#2245 = CARTESIAN_POINT('',(-21.5,3.2,3.5));
#2246 = VECTOR('',#2247,1.);
#2247 = DIRECTION('',(0.,1.,2.06514699521E-16));
#2248 = PCURVE('',#2009,#2249);
#2249 = DEFINITIONAL_REPRESENTATION('',(#2250),#2254);
#2250 = LINE('',#2251,#2252);
#2251 = CARTESIAN_POINT('',(0.,0.));
#2252 = VECTOR('',#2253,1.);
#2253 = DIRECTION('',(3.49508192579E-32,1.));
#2254 = ( GEOMETRIC_REPRESENTATION_CONTEXT(2) 
PARAMETRIC_REPRESENTATION_CONTEXT() REPRESENTATION_CONTEXT('2D SPACE',''
  ) );
#2255 = PCURVE('',#1775,#2256);
#2256 = DEFINITIONAL_REPRESENTATION('',(#2257),#2261);
#2257 = LINE('',#2258,#2259);
#2258 = CARTESIAN_POINT('',(3.2,3.5));
#2259 = VECTOR('',#2260,1.);
#2260 = DIRECTION('',(1.,2.06514699521E-16));
#2261 = ( GEOMETRIC_REPRESENTATION_CONTEXT(2) 
PARAMETRIC_REPRESENTATION_CONTEXT() REPRESENTATION_CONTEXT('2D SPACE',''
  ) );
#2262 = ORIENTED_EDGE('',*,*,#1993,.T.);
#2263 = ADVANCED_FACE('',(#2264),#2279,.T.);
#2264 = FACE_BOUND('',#2265,.T.);
#2265 = EDGE_LOOP('',(#2266,#2329,#2352,#2423));
#2266 = ORIENTED_EDGE('',*,*,#2267,.T.);
#2267 = EDGE_CURVE('',#2268,#2270,#2272,.T.);
#2268 = VERTEX_POINT('',#2269);
#2269 = CARTESIAN_POINT('',(-20.1,37.,-9.45));
#2270 = VERTEX_POINT('',#2271);
#2271 = CARTESIAN_POINT('',(-20.5,36.6,-9.45));
#2272 = SURFACE_CURVE('',#2273,(#2278,#2290),.PCURVE_S1.);
#2273 = CIRCLE('',#2274,0.4);
#2274 = AXIS2_PLACEMENT_3D('',#2275,#2276,#2277);
#2275 = CARTESIAN_POINT('',(-20.1,36.6,-9.45));
#2276 = DIRECTION('',(0.,0.,1.));
#2277 = DIRECTION('',(1.,0.,-0.));
#2278 = PCURVE('',#2279,#2284);
#2279 = CYLINDRICAL_SURFACE('',#2280,0.4);
#2280 = AXIS2_PLACEMENT_3D('',#2281,#2282,#2283);
#2281 = CARTESIAN_POINT('',(-20.1,36.6,3.401750426062E-15));
#2282 = DIRECTION('',(1.692413147294E-16,0.,1.));
#2283 = DIRECTION('',(1.,0.,-1.692413147294E-16));
#2284 = DEFINITIONAL_REPRESENTATION('',(#2285),#2289);
#2285 = LINE('',#2286,#2287);
#2286 = CARTESIAN_POINT('',(0.,-9.45));
#2287 = VECTOR('',#2288,1.);
#2288 = DIRECTION('',(1.,0.));
#2289 = ( GEOMETRIC_REPRESENTATION_CONTEXT(2) 
PARAMETRIC_REPRESENTATION_CONTEXT() REPRESENTATION_CONTEXT('2D SPACE',''
  ) );
#2290 = PCURVE('',#2291,#2301);
#2291 = ( BOUNDED_SURFACE() B_SPLINE_SURFACE(2,2,(
    (#2292,#2293,#2294)
    ,(#2295,#2296,#2297)
    ,(#2298,#2299,#2300
)),.UNSPECIFIED.,.F.,.F.,.F.) B_SPLINE_SURFACE_WITH_KNOTS((3,3),(3,3),(
    -1.570796326795,0.),(-1.570796326795,0.),.PIECEWISE_BEZIER_KNOTS.) 
GEOMETRIC_REPRESENTATION_ITEM() RATIONAL_B_SPLINE_SURFACE((
    (1.,0.707106781187,1.)
    ,(0.707106781187,0.5,0.707106781187)
,(1.,0.707106781187,1.))) REPRESENTATION_ITEM('') SURFACE() );
#2292 = CARTESIAN_POINT('',(-20.1,37.,-9.45));
#2293 = CARTESIAN_POINT('',(-20.1,37.,-9.85));
#2294 = CARTESIAN_POINT('',(-19.7,37.,-9.85));
#2295 = CARTESIAN_POINT('',(-20.5,37.,-9.45));
#2296 = CARTESIAN_POINT('',(-20.5,37.,-10.25));
#2297 = CARTESIAN_POINT('',(-19.7,37.,-10.25));
#2298 = CARTESIAN_POINT('',(-20.5,36.6,-9.45));
#2299 = CARTESIAN_POINT('',(-20.5,36.6,-10.25));
#2300 = CARTESIAN_POINT('',(-19.7,36.6,-10.25));
#2301 = DEFINITIONAL_REPRESENTATION('',(#2302),#2328);
#2302 = B_SPLINE_CURVE_WITH_KNOTS('',3,(#2303,#2304,#2305,#2306,#2307,
    #2308,#2309,#2310,#2311,#2312,#2313,#2314,#2315,#2316,#2317,#2318,
    #2319,#2320,#2321,#2322,#2323,#2324,#2325,#2326,#2327),
  .UNSPECIFIED.,.F.,.F.,(4,1,1,1,1,1,1,1,1,1,1,1,1,1,1,1,1,1,1,1,1,1,4),
  (1.570796326795,1.642196159831,1.713595992867,1.784995825903,
    1.856395658939,1.927795491976,1.999195325012,2.070595158048,
    2.141994991084,2.21339482412,2.284794657156,2.356194490192,
    2.427594323228,2.498994156265,2.570393989301,2.641793822337,
    2.713193655373,2.784593488409,2.855993321445,2.927393154481,
    2.998792987518,3.070192820554,3.14159265359),.QUASI_UNIFORM_KNOTS.);
#2303 = CARTESIAN_POINT('',(-1.570796326795,-1.570796326795));
#2304 = CARTESIAN_POINT('',(-1.544363278267,-1.570796326795));
#2305 = CARTESIAN_POINT('',(-1.492271114166,-1.570796326795));
#2306 = CARTESIAN_POINT('',(-1.416189872242,-1.570796326795));
#2307 = CARTESIAN_POINT('',(-1.341892168614,-1.570796326795));
#2308 = CARTESIAN_POINT('',(-1.269134886861,-1.570796326795));
#2309 = CARTESIAN_POINT('',(-1.197690220556,-1.570796326795));
#2310 = CARTESIAN_POINT('',(-1.12734572285,-1.570796326795));
#2311 = CARTESIAN_POINT('',(-1.057900795762,-1.570796326795));
#2312 = CARTESIAN_POINT('',(-0.989164516627,-1.570796326795));
#2313 = CARTESIAN_POINT('',(-0.92095340603,-1.570796326795));
#2314 = CARTESIAN_POINT('',(-0.85308944002,-1.570796326795));
#2315 = CARTESIAN_POINT('',(-0.785398163397,-1.570796326795));
#2316 = CARTESIAN_POINT('',(-0.717706886775,-1.570796326795));
#2317 = CARTESIAN_POINT('',(-0.649842920765,-1.570796326795));
#2318 = CARTESIAN_POINT('',(-0.581631810168,-1.570796326795));
#2319 = CARTESIAN_POINT('',(-0.512895531033,-1.570796326795));
#2320 = CARTESIAN_POINT('',(-0.443450603945,-1.570796326795));
#2321 = CARTESIAN_POINT('',(-0.373106106239,-1.570796326795));
#2322 = CARTESIAN_POINT('',(-0.301661439934,-1.570796326795));
#2323 = CARTESIAN_POINT('',(-0.228904158181,-1.570796326795));
#2324 = CARTESIAN_POINT('',(-0.154606454553,-1.570796326795));
#2325 = CARTESIAN_POINT('',(-7.852521262868E-02,-1.570796326795));
#2326 = CARTESIAN_POINT('',(-2.643304852826E-02,-1.570796326795));
#2327 = CARTESIAN_POINT('',(0.,-1.570796326795));
#2328 = ( GEOMETRIC_REPRESENTATION_CONTEXT(2) 
PARAMETRIC_REPRESENTATION_CONTEXT() REPRESENTATION_CONTEXT('2D SPACE',''
  ) );
#2329 = ORIENTED_EDGE('',*,*,#2330,.F.);
#2330 = EDGE_CURVE('',#2331,#2270,#2333,.T.);
#2331 = VERTEX_POINT('',#2332);
#2332 = CARTESIAN_POINT('',(-20.5,36.6,-2.835489375752));
#2333 = SURFACE_CURVE('',#2334,(#2338,#2345),.PCURVE_S1.);
#2334 = LINE('',#2335,#2336);
#2335 = CARTESIAN_POINT('',(-20.5,36.6,10.25));
#2336 = VECTOR('',#2337,1.);
#2337 = DIRECTION('',(-1.692413147294E-16,0.,-1.));
#2338 = PCURVE('',#2279,#2339);
#2339 = DEFINITIONAL_REPRESENTATION('',(#2340),#2344);
#2340 = LINE('',#2341,#2342);
#2341 = CARTESIAN_POINT('',(3.14159265359,10.25));
#2342 = VECTOR('',#2343,1.);
#2343 = DIRECTION('',(0.,-1.));
#2344 = ( GEOMETRIC_REPRESENTATION_CONTEXT(2) 
PARAMETRIC_REPRESENTATION_CONTEXT() REPRESENTATION_CONTEXT('2D SPACE',''
  ) );
#2345 = PCURVE('',#1981,#2346);
#2346 = DEFINITIONAL_REPRESENTATION('',(#2347),#2351);
#2347 = LINE('',#2348,#2349);
#2348 = CARTESIAN_POINT('',(-0.,-0.4));
#2349 = VECTOR('',#2350,1.);
#2350 = DIRECTION('',(1.,0.));
#2351 = ( GEOMETRIC_REPRESENTATION_CONTEXT(2) 
PARAMETRIC_REPRESENTATION_CONTEXT() REPRESENTATION_CONTEXT('2D SPACE',''
  ) );
#2352 = ORIENTED_EDGE('',*,*,#2353,.T.);
#2353 = EDGE_CURVE('',#2331,#2354,#2356,.T.);
#2354 = VERTEX_POINT('',#2355);
#2355 = CARTESIAN_POINT('',(-20.1,37.,-2.835489375752));
#2356 = SURFACE_CURVE('',#2357,(#2362,#2369),.PCURVE_S1.);
#2357 = CIRCLE('',#2358,0.4);
#2358 = AXIS2_PLACEMENT_3D('',#2359,#2360,#2361);
#2359 = CARTESIAN_POINT('',(-20.1,36.6,-2.835489375752));
#2360 = DIRECTION('',(-1.692413147294E-16,1.084202172486E-15,-1.));
#2361 = DIRECTION('',(-1.751623080406E-46,1.,1.084202172486E-15));
#2362 = PCURVE('',#2279,#2363);
#2363 = DEFINITIONAL_REPRESENTATION('',(#2364),#2368);
#2364 = LINE('',#2365,#2366);
#2365 = CARTESIAN_POINT('',(7.853981633974,-2.835489375752));
#2366 = VECTOR('',#2367,1.);
#2367 = DIRECTION('',(-1.,2.827159716856E-16));
#2368 = ( GEOMETRIC_REPRESENTATION_CONTEXT(2) 
PARAMETRIC_REPRESENTATION_CONTEXT() REPRESENTATION_CONTEXT('2D SPACE',''
  ) );
#2369 = PCURVE('',#2370,#2395);
#2370 = ( BOUNDED_SURFACE() B_SPLINE_SURFACE(3,2,(
    (#2371,#2372,#2373)
    ,(#2374,#2375,#2376)
    ,(#2377,#2378,#2379)
    ,(#2380,#2381,#2382)
    ,(#2383,#2384,#2385)
    ,(#2386,#2387,#2388)
    ,(#2389,#2390,#2391)
    ,(#2392,#2393,#2394
)),.UNSPECIFIED.,.F.,.F.,.F.) B_SPLINE_SURFACE_WITH_KNOTS((4,2,2,4),(3,3
    ),(1.369303019906E-03,2.100214929405E-03,2.831126838903E-03,
    4.292950657901E-03),(0.,1.000022533201),.UNSPECIFIED.) 
GEOMETRIC_REPRESENTATION_ITEM() RATIONAL_B_SPLINE_SURFACE((
    (1.,0.707100181365,1.000013199941)
    ,(1.,0.763496361935,1.000010658368)
    ,(1.,0.807960009135,1.000008654551)
    ,(1.,0.881462040915,1.000005342079)
    ,(1.,0.910412705045,1.000004037377)
    ,(1.,0.978789801085,1.000000955867)
    ,(1.,0.999755336151,1.000000011026)
,(1.,1.,1.))) REPRESENTATION_ITEM('') SURFACE() );
#2371 = CARTESIAN_POINT('',(-20.5,36.6,-2.835489375752));
#2372 = CARTESIAN_POINT('',(-20.5,37.000012746822,-2.835489375752));
#2373 = CARTESIAN_POINT('',(-20.09998725338,36.999999999797,
    -2.835489375752));
#2374 = CARTESIAN_POINT('',(-20.5,36.600000016179,-2.594724885761));
#2375 = CARTESIAN_POINT('',(-20.5,36.940638941787,-2.629245223197));
#2376 = CARTESIAN_POINT('',(-20.1639920422,37.000002042679,
    -2.613151369111));
#2377 = CARTESIAN_POINT('',(-20.5,36.615934043623,-2.356066919233));
#2378 = CARTESIAN_POINT('',(-20.5,36.907674567463,-2.390150992806));
#2379 = CARTESIAN_POINT('',(-20.22115448367,37.000003361783,
    -2.386246294098));
#2380 = CARTESIAN_POINT('',(-20.5,36.664439334335,-1.881076451107));
#2381 = CARTESIAN_POINT('',(-20.5,36.878255437653,-1.918987351323));
#2382 = CARTESIAN_POINT('',(-20.3204964365,37.000004836488,
    -1.924384314156));
#2383 = CARTESIAN_POINT('',(-20.5,36.697347702245,-1.644759006208));
#2384 = CARTESIAN_POINT('',(-20.5,36.878327761861,-1.67756092548));
#2385 = CARTESIAN_POINT('',(-20.36266276705,37.000004992109,
    -1.689434204909));
#2386 = CARTESIAN_POINT('',(-20.5,36.810628480866,-0.937787270596));
#2387 = CARTESIAN_POINT('',(-20.5,36.903692182336,-0.979395785449));
#2388 = CARTESIAN_POINT('',(-20.4647604722,37.000004248516,
    -0.975771680428));
#2389 = CARTESIAN_POINT('',(-20.5,36.905413593335,-0.469377508362));
#2390 = CARTESIAN_POINT('',(-20.5,36.952715623718,-0.478829641482));
#2391 = CARTESIAN_POINT('',(-20.5,37.000002130463,-0.488519184361));
#2392 = CARTESIAN_POINT('',(-20.5,37.,1.808808964833E-15));
#2393 = CARTESIAN_POINT('',(-20.5,37.,1.808808964833E-15));
#2394 = CARTESIAN_POINT('',(-20.5,37.,1.808808964833E-15));
#2395 = DEFINITIONAL_REPRESENTATION('',(#2396),#2422);
#2396 = B_SPLINE_CURVE_WITH_KNOTS('',3,(#2397,#2398,#2399,#2400,#2401,
    #2402,#2403,#2404,#2405,#2406,#2407,#2408,#2409,#2410,#2411,#2412,
    #2413,#2414,#2415,#2416,#2417,#2418,#2419,#2420,#2421),
  .UNSPECIFIED.,.F.,.F.,(4,1,1,1,1,1,1,1,1,1,1,1,1,1,1,1,1,1,1,1,1,1,4),
  (4.712388980385,4.783788813421,4.855188646457,4.926588479493,
    4.997988312529,5.069388145565,5.140787978601,5.212187811638,
    5.283587644674,5.35498747771,5.426387310746,5.497787143782,
    5.569186976818,5.640586809854,5.711986642891,5.783386475927,
    5.854786308963,5.926186141999,5.997585975035,6.068985808071,
    6.140385641107,6.211785474143,6.28318530718),.QUASI_UNIFORM_KNOTS.);
#2397 = CARTESIAN_POINT('',(1.369303019906E-03,0.));
#2398 = CARTESIAN_POINT('',(1.369303019906E-03,1.682780133706E-02));
#2399 = CARTESIAN_POINT('',(1.369303019906E-03,4.999070298882E-02));
#2400 = CARTESIAN_POINT('',(1.369303019906E-03,9.842552590404E-02));
#2401 = CARTESIAN_POINT('',(1.369303019906E-03,0.145724913075));
#2402 = CARTESIAN_POINT('',(1.369303019906E-03,0.192043637223));
#2403 = CARTESIAN_POINT('',(1.369303019906E-03,0.237526724423));
#2404 = CARTESIAN_POINT('',(1.369303019906E-03,0.282309422539));
#2405 = CARTESIAN_POINT('',(1.369303019906E-03,0.326519436214));
#2406 = CARTESIAN_POINT('',(1.369303019906E-03,0.370278310591));
#2407 = CARTESIAN_POINT('',(1.369303019906E-03,0.413702852292));
#2408 = CARTESIAN_POINT('',(1.369303019906E-03,0.456906394885));
#2409 = CARTESIAN_POINT('',(1.369303019906E-03,0.5));
#2410 = CARTESIAN_POINT('',(1.369303019906E-03,0.543093605115));
#2411 = CARTESIAN_POINT('',(1.369303019906E-03,0.586297147708));
#2412 = CARTESIAN_POINT('',(1.369303019906E-03,0.629721689409));
#2413 = CARTESIAN_POINT('',(1.369303019906E-03,0.673480563786));
#2414 = CARTESIAN_POINT('',(1.369303019906E-03,0.717690577461));
#2415 = CARTESIAN_POINT('',(1.369303019906E-03,0.762473275577));
#2416 = CARTESIAN_POINT('',(1.369303019906E-03,0.807956362777));
#2417 = CARTESIAN_POINT('',(1.369303019906E-03,0.854275086925));
#2418 = CARTESIAN_POINT('',(1.369303019906E-03,0.901574474096));
#2419 = CARTESIAN_POINT('',(1.369303019906E-03,0.950009297011));
#2420 = CARTESIAN_POINT('',(1.369303019906E-03,0.983172198663));
#2421 = CARTESIAN_POINT('',(1.369303019906E-03,1.));
#2422 = ( GEOMETRIC_REPRESENTATION_CONTEXT(2) 
PARAMETRIC_REPRESENTATION_CONTEXT() REPRESENTATION_CONTEXT('2D SPACE',''
  ) );
#2423 = ORIENTED_EDGE('',*,*,#2424,.F.);
#2424 = EDGE_CURVE('',#2268,#2354,#2425,.T.);
#2425 = SURFACE_CURVE('',#2426,(#2430,#2437),.PCURVE_S1.);
#2426 = LINE('',#2427,#2428);
#2427 = CARTESIAN_POINT('',(-20.1,37.,3.401750426062E-15));
#2428 = VECTOR('',#2429,1.);
#2429 = DIRECTION('',(1.692413147294E-16,0.,1.));
#2430 = PCURVE('',#2279,#2431);
#2431 = DEFINITIONAL_REPRESENTATION('',(#2432),#2436);
#2432 = LINE('',#2433,#2434);
#2433 = CARTESIAN_POINT('',(1.570796326795,0.));
#2434 = VECTOR('',#2435,1.);
#2435 = DIRECTION('',(0.,1.));
#2436 = ( GEOMETRIC_REPRESENTATION_CONTEXT(2) 
PARAMETRIC_REPRESENTATION_CONTEXT() REPRESENTATION_CONTEXT('2D SPACE',''
  ) );
#2437 = PCURVE('',#2438,#2443);
#2438 = PLANE('',#2439);
#2439 = AXIS2_PLACEMENT_3D('',#2440,#2441,#2442);
#2440 = CARTESIAN_POINT('',(0.,37.,0.));
#2441 = DIRECTION('',(0.,-1.,0.));
#2442 = DIRECTION('',(0.,0.,-1.));
#2443 = DEFINITIONAL_REPRESENTATION('',(#2444),#2448);
#2444 = LINE('',#2445,#2446);
#2445 = CARTESIAN_POINT('',(-3.401750426062E-15,-20.1));
#2446 = VECTOR('',#2447,1.);
#2447 = DIRECTION('',(-1.,1.692413147294E-16));
#2448 = ( GEOMETRIC_REPRESENTATION_CONTEXT(2) 
PARAMETRIC_REPRESENTATION_CONTEXT() REPRESENTATION_CONTEXT('2D SPACE',''
  ) );
#2449 = ADVANCED_FACE('',(#2450),#2370,.T.);
#2450 = FACE_BOUND('',#2451,.T.);
#2451 = EDGE_LOOP('',(#2452,#2555,#2627));
#2452 = ORIENTED_EDGE('',*,*,#2453,.F.);
#2453 = EDGE_CURVE('',#1223,#2331,#2454,.T.);
#2454 = SURFACE_CURVE('',#2455,(#2478,#2529),.PCURVE_S1.);
#2455 = B_SPLINE_CURVE_WITH_KNOTS('',3,(#2456,#2457,#2458,#2459,#2460,
    #2461,#2462,#2463,#2464,#2465,#2466,#2467,#2468,#2469,#2470,#2471,
    #2472,#2473,#2474,#2475,#2476,#2477),.UNSPECIFIED.,.F.,.F.,(4,3,3,3,
    3,3,3,4),(-1.98494332787E-05,8.819094558336E-04,1.413420517386E-03,
    1.413773444002E-03,1.933478007484E-03,2.129100180924E-03,
    2.507680514756E-03,2.84669046805E-03),.UNSPECIFIED.);
#2456 = CARTESIAN_POINT('',(-20.5,37.,1.734723475977E-15));
#2457 = CARTESIAN_POINT('',(-20.5,36.940621117023,-0.294662976674));
#2458 = CARTESIAN_POINT('',(-20.5,36.881057261857,-0.589445861069));
#2459 = CARTESIAN_POINT('',(-20.5,36.826212444895,-0.885050036901));
#2460 = CARTESIAN_POINT('',(-20.5,36.793886035656,-1.059283849501));
#2461 = CARTESIAN_POINT('',(-20.5,36.763200519255,-1.233803323489));
#2462 = CARTESIAN_POINT('',(-20.5,36.735163968892,-1.408753282404));
#2463 = CARTESIAN_POINT('',(-20.5,36.73514535245,-1.408869450254));
#2464 = CARTESIAN_POINT('',(-20.5,36.735126737159,-1.408985618399));
#2465 = CARTESIAN_POINT('',(-20.5,36.735108123019,-1.409101786839));
#2466 = CARTESIAN_POINT('',(-20.5,36.707697741069,-1.580166437989));
#2467 = CARTESIAN_POINT('',(-20.5,36.682805666144,-1.75183707424));
#2468 = CARTESIAN_POINT('',(-20.5,36.661947832258,-1.923983605342));
#2469 = CARTESIAN_POINT('',(-20.5,36.654096727833,-1.988781340306));
#2470 = CARTESIAN_POINT('',(-20.5,36.646816792092,-2.053646444921));
#2471 = CARTESIAN_POINT('',(-20.5,36.640186719367,-2.118571688273));
#2472 = CARTESIAN_POINT('',(-20.5,36.627355785628,-2.244219102727));
#2473 = CARTESIAN_POINT('',(-20.5,36.616867160358,-2.370087898873));
#2474 = CARTESIAN_POINT('',(-20.5,36.609831461534,-2.496185520763));
#2475 = CARTESIAN_POINT('',(-20.5,36.603531155583,-2.609103031492));
#2476 = CARTESIAN_POINT('',(-20.5,36.600000007612,-2.722204069428));
#2477 = CARTESIAN_POINT('',(-20.5,36.6,-2.835489375752));
#2478 = PCURVE('',#2370,#2479);
#2479 = DEFINITIONAL_REPRESENTATION('',(#2480),#2528);
#2480 = B_SPLINE_CURVE_WITH_KNOTS('',3,(#2481,#2482,#2483,#2484,#2485,
    #2486,#2487,#2488,#2489,#2490,#2491,#2492,#2493,#2494,#2495,#2496,
    #2497,#2498,#2499,#2500,#2501,#2502,#2503,#2504,#2505,#2506,#2507,
    #2508,#2509,#2510,#2511,#2512,#2513,#2514,#2515,#2516,#2517,#2518,
    #2519,#2520,#2521,#2522,#2523,#2524,#2525,#2526,#2527),
  .UNSPECIFIED.,.F.,.F.,(4,1,1,1,1,1,1,1,1,1,1,1,1,1,1,1,1,1,1,1,1,1,1,1
    ,1,1,1,1,1,1,1,1,1,1,1,1,1,1,1,1,1,1,1,1,4),(-1.98494332787E-05,
    4.529920084241E-05,1.104478349635E-04,1.755964690846E-04,
    2.407451032057E-04,3.058937373268E-04,3.710423714479E-04,
    4.361910055691E-04,5.013396396902E-04,5.664882738113E-04,
    6.316369079324E-04,6.967855420535E-04,7.619341761746E-04,
    8.270828102957E-04,8.922314444168E-04,9.573800785379E-04,
    1.022528712659E-03,1.08767734678E-03,1.152825980901E-03,
    1.217974615022E-03,1.283123249143E-03,1.348271883265E-03,
    1.413420517386E-03,1.478569151507E-03,1.543717785628E-03,
    1.608866419749E-03,1.67401505387E-03,1.739163687991E-03,
    1.804312322112E-03,1.869460956233E-03,1.934609590355E-03,
    1.999758224476E-03,2.064906858597E-03,2.130055492718E-03,
    2.195204126839E-03,2.26035276096E-03,2.325501395081E-03,
    2.390650029202E-03,2.455798663323E-03,2.520947297444E-03,
    2.586095931566E-03,2.651244565687E-03,2.716393199808E-03,
    2.781541833929E-03,2.84669046805E-03),.UNSPECIFIED.);
#2481 = CARTESIAN_POINT('',(4.292950657901E-03,-3.828909659145E-06));
#2482 = CARTESIAN_POINT('',(4.270850674037E-03,-3.828909659145E-06));
#2483 = CARTESIAN_POINT('',(4.226645261674E-03,-3.828907272278E-06));
#2484 = CARTESIAN_POINT('',(4.160321421258E-03,-3.828918013178E-06));
#2485 = CARTESIAN_POINT('',(4.093982470863E-03,-3.82887862988E-06));
#2486 = CARTESIAN_POINT('',(4.027629022899E-03,-3.829025422172E-06));
#2487 = CARTESIAN_POINT('',(3.961261690039E-03,-3.8284776363E-06));
#2488 = CARTESIAN_POINT('',(3.89488108525E-03,-3.830521987496E-06));
#2489 = CARTESIAN_POINT('',(3.828487821796E-03,-3.822892368585E-06));
#2490 = CARTESIAN_POINT('',(3.762082513226E-03,-3.851366493034E-06));
#2491 = CARTESIAN_POINT('',(3.695665773604E-03,-3.745099614148E-06));
#2492 = CARTESIAN_POINT('',(3.629238216931E-03,-4.141693005245E-06));
#2493 = CARTESIAN_POINT('',(3.562800460214E-03,-1.721654069988E-06));
#2494 = CARTESIAN_POINT('',(3.496353116695E-03,-4.864008488435E-07));
#2495 = CARTESIAN_POINT('',(3.429896802639E-03,5.01609854913E-07));
#2496 = CARTESIAN_POINT('',(3.363432136484E-03,6.747285099224E-07));
#2497 = CARTESIAN_POINT('',(3.296959729981E-03,6.942943047419E-07));
#2498 = CARTESIAN_POINT('',(3.23048019472E-03,7.658984721215E-07));
#2499 = CARTESIAN_POINT('',(3.163994138998E-03,8.104534911691E-07));
#2500 = CARTESIAN_POINT('',(3.097502195601E-03,8.275726749914E-07));
#2501 = CARTESIAN_POINT('',(3.031004905561E-03,8.071456326463E-07));
#2502 = CARTESIAN_POINT('',(2.964503155219E-03,7.393633638611E-07));
#2503 = CARTESIAN_POINT('',(2.897996543963E-03,6.769815446887E-07));
#2504 = CARTESIAN_POINT('',(2.831489475781E-03,4.863220087645E-07));
#2505 = CARTESIAN_POINT('',(2.76496842473E-03,7.883845907802E-07));
#2506 = CARTESIAN_POINT('',(2.698423266462E-03,1.539576896925E-06));
#2507 = CARTESIAN_POINT('',(2.631861809408E-03,2.119754779691E-06));
#2508 = CARTESIAN_POINT('',(2.565287060326E-03,2.30499761774E-06));
#2509 = CARTESIAN_POINT('',(2.498703315381E-03,1.996510295513E-06));
#2510 = CARTESIAN_POINT('',(2.432114526811E-03,1.303278298182E-06));
#2511 = CARTESIAN_POINT('',(2.365524738933E-03,4.603176852847E-07));
#2512 = CARTESIAN_POINT('',(2.298937967554E-03,5.659229319599E-08));
#2513 = CARTESIAN_POINT('',(2.232358232187E-03,1.924418270204E-07));
#2514 = CARTESIAN_POINT('',(2.165789558125E-03,1.762575038738E-07));
#2515 = CARTESIAN_POINT('',(2.099235971367E-03,-5.839729577029E-08));
#2516 = CARTESIAN_POINT('',(2.032701480233E-03,4.845446871808E-07));
#2517 = CARTESIAN_POINT('',(1.96619010747E-03,1.300201404399E-06));
#2518 = CARTESIAN_POINT('',(1.899705892128E-03,1.545262648891E-06));
#2519 = CARTESIAN_POINT('',(1.833252867242E-03,1.107129673447E-06));
#2520 = CARTESIAN_POINT('',(1.766835057094E-03,2.486209028489E-07));
#2521 = CARTESIAN_POINT('',(1.700456460164E-03,-1.735066895908E-07));
#2522 = CARTESIAN_POINT('',(1.63412105442E-03,6.515324145456E-07));
#2523 = CARTESIAN_POINT('',(1.56783291083E-03,1.254674563151E-06));
#2524 = CARTESIAN_POINT('',(1.501596083656E-03,1.16739334576E-06));
#2525 = CARTESIAN_POINT('',(1.435414612084E-03,4.164411867658E-07));
#2526 = CARTESIAN_POINT('',(1.391333182075E-03,4.7628652088E-08));
#2527 = CARTESIAN_POINT('',(1.369303019906E-03,0.));
#2528 = ( GEOMETRIC_REPRESENTATION_CONTEXT(2) 
PARAMETRIC_REPRESENTATION_CONTEXT() REPRESENTATION_CONTEXT('2D SPACE',''
  ) );
#2529 = PCURVE('',#1981,#2530);
#2530 = DEFINITIONAL_REPRESENTATION('',(#2531),#2554);
#2531 = B_SPLINE_CURVE_WITH_KNOTS('',3,(#2532,#2533,#2534,#2535,#2536,
    #2537,#2538,#2539,#2540,#2541,#2542,#2543,#2544,#2545,#2546,#2547,
    #2548,#2549,#2550,#2551,#2552,#2553),.UNSPECIFIED.,.F.,.F.,(4,3,3,3,
    3,3,3,4),(-1.98494332787E-05,8.819094558336E-04,1.413420517386E-03,
    1.413773444002E-03,1.933478007484E-03,2.129100180924E-03,
    2.507680514756E-03,2.84669046805E-03),.UNSPECIFIED.);
#2532 = CARTESIAN_POINT('',(10.25,0.));
#2533 = CARTESIAN_POINT('',(10.544662976674,-5.937888297679E-02));
#2534 = CARTESIAN_POINT('',(10.839445861069,-0.118942738143));
#2535 = CARTESIAN_POINT('',(11.135050036901,-0.173787555105));
#2536 = CARTESIAN_POINT('',(11.309283849501,-0.206113964344));
#2537 = CARTESIAN_POINT('',(11.483803323489,-0.236799480745));
#2538 = CARTESIAN_POINT('',(11.658753282404,-0.264836031108));
#2539 = CARTESIAN_POINT('',(11.658869450254,-0.26485464755));
#2540 = CARTESIAN_POINT('',(11.658985618399,-0.264873262841));
#2541 = CARTESIAN_POINT('',(11.659101786839,-0.264891876981));
#2542 = CARTESIAN_POINT('',(11.830166437989,-0.292302258931));
#2543 = CARTESIAN_POINT('',(12.00183707424,-0.317194333856));
#2544 = CARTESIAN_POINT('',(12.173983605342,-0.338052167742));
#2545 = CARTESIAN_POINT('',(12.238781340306,-0.345903272167));
#2546 = CARTESIAN_POINT('',(12.303646444921,-0.353183207908));
#2547 = CARTESIAN_POINT('',(12.368571688273,-0.359813280633));
#2548 = CARTESIAN_POINT('',(12.494219102727,-0.372644214372));
#2549 = CARTESIAN_POINT('',(12.620087898873,-0.383132839642));
#2550 = CARTESIAN_POINT('',(12.746185520763,-0.390168538466));
#2551 = CARTESIAN_POINT('',(12.859103031492,-0.396468844417));
#2552 = CARTESIAN_POINT('',(12.972204069428,-0.399999992388));
#2553 = CARTESIAN_POINT('',(13.085489375752,-0.4));
#2554 = ( GEOMETRIC_REPRESENTATION_CONTEXT(2) 
PARAMETRIC_REPRESENTATION_CONTEXT() REPRESENTATION_CONTEXT('2D SPACE',''
  ) );
#2555 = ORIENTED_EDGE('',*,*,#2556,.F.);
#2556 = EDGE_CURVE('',#2354,#1223,#2557,.T.);
#2557 = SURFACE_CURVE('',#2558,(#2569,#2598),.PCURVE_S1.);
#2558 = B_SPLINE_CURVE_WITH_KNOTS('',3,(#2559,#2560,#2561,#2562,#2563,
    #2564,#2565,#2566,#2567,#2568),.UNSPECIFIED.,.F.,.F.,(4,2,2,2,4),(0.
    ,7.113360838276E-02,0.143665249944,0.286022038815,0.287381872737),
  .UNSPECIFIED.);
#2559 = CARTESIAN_POINT('',(-20.1,37.,-2.835489375752));
#2560 = CARTESIAN_POINT('',(-20.16559303766,37.,-2.607630500119));
#2561 = CARTESIAN_POINT('',(-20.22325976033,37.000000216299,
    -2.377564256689));
#2562 = CARTESIAN_POINT('',(-20.32350795009,36.999999770139,
    -1.909290777093));
#2563 = CARTESIAN_POINT('',(-20.36573756652,37.000004711049,
    -1.671166943592));
#2564 = CARTESIAN_POINT('',(-20.4657868849,36.999990155867,
    -0.961944995262));
#2565 = CARTESIAN_POINT('',(-20.49936154882,36.999577093784,
    -0.488081404613));
#2566 = CARTESIAN_POINT('',(-20.49999699373,36.999991926316,
    -9.064830353946E-03));
#2567 = CARTESIAN_POINT('',(-20.5,36.999995925633,-4.532415142868E-03));
#2568 = CARTESIAN_POINT('',(-20.5,37.,1.734723475977E-15));
#2569 = PCURVE('',#2370,#2570);
#2570 = DEFINITIONAL_REPRESENTATION('',(#2571),#2597);
#2571 = B_SPLINE_CURVE_WITH_KNOTS('',3,(#2572,#2573,#2574,#2575,#2576,
    #2577,#2578,#2579,#2580,#2581,#2582,#2583,#2584,#2585,#2586,#2587,
    #2588,#2589,#2590,#2591,#2592,#2593,#2594,#2595,#2596),
  .UNSPECIFIED.,.F.,.F.,(4,1,1,1,1,1,1,1,1,1,1,1,1,1,1,1,1,1,1,1,1,1,4),
  (0.,1.306281239712E-02,2.612562479425E-02,3.918843719137E-02,
    5.225124958849E-02,6.531406198562E-02,7.837687438274E-02,
    9.143968677986E-02,0.104502499177,0.117565311574,0.130628123971,
    0.143690936368,0.156753748765,0.169816561163,0.18287937356,
    0.195942185957,0.209004998354,0.222067810751,0.235130623148,
    0.248193435545,0.261256247942,0.27431906034,0.287381872737),
  .QUASI_UNIFORM_KNOTS.);
#2572 = CARTESIAN_POINT('',(1.369303019906E-03,1.));
#2573 = CARTESIAN_POINT('',(1.415154993462E-03,0.999999931418));
#2574 = CARTESIAN_POINT('',(1.506667867836E-03,0.999999335643));
#2575 = CARTESIAN_POINT('',(1.643382234134E-03,0.999998083237));
#2576 = CARTESIAN_POINT('',(1.779560371084E-03,0.999997876119));
#2577 = CARTESIAN_POINT('',(1.915219444212E-03,0.999998764003));
#2578 = CARTESIAN_POINT('',(2.05037576433E-03,1.000000307869));
#2579 = CARTESIAN_POINT('',(2.185044467242E-03,0.999999418975));
#2580 = CARTESIAN_POINT('',(2.31921836613E-03,0.999995605949));
#2581 = CARTESIAN_POINT('',(2.452937839552E-03,0.999994751639));
#2582 = CARTESIAN_POINT('',(2.586233916358E-03,0.999998559904));
#2583 = CARTESIAN_POINT('',(2.719136729944E-03,1.000000729514));
#2584 = CARTESIAN_POINT('',(2.851680255868E-03,1.000009076719));
#2585 = CARTESIAN_POINT('',(2.983876782695E-03,0.999957035966));
#2586 = CARTESIAN_POINT('',(3.115737380429E-03,0.999813390317));
#2587 = CARTESIAN_POINT('',(3.247302591652E-03,0.999595650635));
#2588 = CARTESIAN_POINT('',(3.378603813709E-03,0.999306242143));
#2589 = CARTESIAN_POINT('',(3.509673737743E-03,0.998949964772));
#2590 = CARTESIAN_POINT('',(3.640543674848E-03,0.998526946794));
#2591 = CARTESIAN_POINT('',(3.771244414516E-03,0.998042783248));
#2592 = CARTESIAN_POINT('',(3.901806159213E-03,0.997474764531));
#2593 = CARTESIAN_POINT('',(4.032258693538E-03,0.996896820592));
#2594 = CARTESIAN_POINT('',(4.162631609657E-03,0.996013751258));
#2595 = CARTESIAN_POINT('',(4.249513310204E-03,0.995937856601));
#2596 = CARTESIAN_POINT('',(4.292950657901E-03,0.996141955816));
#2597 = ( GEOMETRIC_REPRESENTATION_CONTEXT(2) 
PARAMETRIC_REPRESENTATION_CONTEXT() REPRESENTATION_CONTEXT('2D SPACE',''
  ) );
#2598 = PCURVE('',#45,#2599);
#2599 = DEFINITIONAL_REPRESENTATION('',(#2600),#2626);
#2600 = B_SPLINE_CURVE_WITH_KNOTS('',3,(#2601,#2602,#2603,#2604,#2605,
    #2606,#2607,#2608,#2609,#2610,#2611,#2612,#2613,#2614,#2615,#2616,
    #2617,#2618,#2619,#2620,#2621,#2622,#2623,#2624,#2625),
  .UNSPECIFIED.,.F.,.F.,(4,1,1,1,1,1,1,1,1,1,1,1,1,1,1,1,1,1,1,1,1,1,4),
  (0.,1.306281239712E-02,2.612562479425E-02,3.918843719137E-02,
    5.225124958849E-02,6.531406198562E-02,7.837687438274E-02,
    9.143968677986E-02,0.104502499177,0.117565311574,0.130628123971,
    0.143690936368,0.156753748765,0.169816561163,0.18287937356,
    0.195942185957,0.209004998354,0.222067810751,0.235130623148,
    0.248193435545,0.261256247942,0.27431906034,0.287381872737),
  .QUASI_UNIFORM_KNOTS.);
#2601 = CARTESIAN_POINT('',(0.280288716734,2.3));
#2602 = CARTESIAN_POINT('',(0.276040647726,2.3));
#2603 = CARTESIAN_POINT('',(0.267544979776,2.299999985393));
#2604 = CARTESIAN_POINT('',(0.254802369446,2.299999944112));
#2605 = CARTESIAN_POINT('',(0.242060137245,2.299999907235));
#2606 = CARTESIAN_POINT('',(0.229317751733,2.299999900904));
#2607 = CARTESIAN_POINT('',(0.216574750421,2.299999942475));
#2608 = CARTESIAN_POINT('',(0.203830412157,2.300000082071));
#2609 = CARTESIAN_POINT('',(0.19108774569,2.29999932418));
#2610 = CARTESIAN_POINT('',(0.178345781421,2.299998472978));
#2611 = CARTESIAN_POINT('',(0.165604078387,2.299997770186));
#2612 = CARTESIAN_POINT('',(0.152862277522,2.299998603362));
#2613 = CARTESIAN_POINT('',(0.140119165156,2.299998339166));
#2614 = CARTESIAN_POINT('',(0.12737686276,2.30000928224));
#2615 = CARTESIAN_POINT('',(0.114637447757,2.300037360258));
#2616 = CARTESIAN_POINT('',(0.10189969688,2.300073770326));
#2617 = CARTESIAN_POINT('',(8.916327357885E-02,2.300113656594));
#2618 = CARTESIAN_POINT('',(7.642760539532E-02,2.300151105606));
#2619 = CARTESIAN_POINT('',(6.369218410046E-02,2.300180487286));
#2620 = CARTESIAN_POINT('',(5.095648480861E-02,2.30019609565));
#2621 = CARTESIAN_POINT('',(3.821998642218E-02,2.300192244956));
#2622 = CARTESIAN_POINT('',(2.548216777234E-02,2.300163244404));
#2623 = CARTESIAN_POINT('',(1.274249964717E-02,2.300103403186));
#2624 = CARTESIAN_POINT('',(4.247818268949E-03,2.300039158122));
#2625 = CARTESIAN_POINT('',(0.,2.3));
#2626 = ( GEOMETRIC_REPRESENTATION_CONTEXT(2) 
PARAMETRIC_REPRESENTATION_CONTEXT() REPRESENTATION_CONTEXT('2D SPACE',''
  ) );
#2627 = ORIENTED_EDGE('',*,*,#2353,.F.);
#2628 = ADVANCED_FACE('',(#2629),#2291,.F.);
#2629 = FACE_BOUND('',#2630,.F.);
#2630 = EDGE_LOOP('',(#2631,#2681,#2682,#2733));
#2631 = ORIENTED_EDGE('',*,*,#2632,.T.);
#2632 = EDGE_CURVE('',#2633,#2268,#2635,.T.);
#2633 = VERTEX_POINT('',#2634);
#2634 = CARTESIAN_POINT('',(-19.7,37.,-9.85));
#2635 = SURFACE_CURVE('',#2636,(#2641,#2670),.PCURVE_S1.);
#2636 = CIRCLE('',#2637,0.4);
#2637 = AXIS2_PLACEMENT_3D('',#2638,#2639,#2640);
#2638 = CARTESIAN_POINT('',(-19.7,37.,-9.45));
#2639 = DIRECTION('',(0.,1.,0.));
#2640 = DIRECTION('',(0.,0.,-1.));
#2641 = PCURVE('',#2291,#2642);
#2642 = DEFINITIONAL_REPRESENTATION('',(#2643),#2669);
#2643 = B_SPLINE_CURVE_WITH_KNOTS('',3,(#2644,#2645,#2646,#2647,#2648,
    #2649,#2650,#2651,#2652,#2653,#2654,#2655,#2656,#2657,#2658,#2659,
    #2660,#2661,#2662,#2663,#2664,#2665,#2666,#2667,#2668),
  .UNSPECIFIED.,.F.,.F.,(4,1,1,1,1,1,1,1,1,1,1,1,1,1,1,1,1,1,1,1,1,1,4),
  (0.,7.139983303613E-02,0.142799666072,0.214199499108,0.285599332145,
    0.356999165181,0.428398998217,0.499798831253,0.571198664289,
    0.642598497325,0.713998330361,0.785398163397,0.856797996434,
    0.92819782947,0.999597662506,1.070997495542,1.142397328578,
    1.213797161614,1.28519699465,1.356596827687,1.427996660723,
    1.499396493759,1.570796326795),.QUASI_UNIFORM_KNOTS.);
#2644 = CARTESIAN_POINT('',(-1.570796326795,0.));
#2645 = CARTESIAN_POINT('',(-1.570796326795,-2.643304852828E-02));
#2646 = CARTESIAN_POINT('',(-1.570796326795,-7.852521262871E-02));
#2647 = CARTESIAN_POINT('',(-1.570796326795,-0.154606454553));
#2648 = CARTESIAN_POINT('',(-1.570796326795,-0.228904158181));
#2649 = CARTESIAN_POINT('',(-1.570796326795,-0.301661439934));
#2650 = CARTESIAN_POINT('',(-1.570796326795,-0.373106106239));
#2651 = CARTESIAN_POINT('',(-1.570796326795,-0.443450603945));
#2652 = CARTESIAN_POINT('',(-1.570796326795,-0.512895531033));
#2653 = CARTESIAN_POINT('',(-1.570796326795,-0.581631810168));
#2654 = CARTESIAN_POINT('',(-1.570796326795,-0.649842920765));
#2655 = CARTESIAN_POINT('',(-1.570796326795,-0.717706886775));
#2656 = CARTESIAN_POINT('',(-1.570796326795,-0.785398163397));
#2657 = CARTESIAN_POINT('',(-1.570796326795,-0.85308944002));
#2658 = CARTESIAN_POINT('',(-1.570796326795,-0.92095340603));
#2659 = CARTESIAN_POINT('',(-1.570796326795,-0.989164516627));
#2660 = CARTESIAN_POINT('',(-1.570796326795,-1.057900795762));
#2661 = CARTESIAN_POINT('',(-1.570796326795,-1.12734572285));
#2662 = CARTESIAN_POINT('',(-1.570796326795,-1.197690220556));
#2663 = CARTESIAN_POINT('',(-1.570796326795,-1.269134886861));
#2664 = CARTESIAN_POINT('',(-1.570796326795,-1.341892168614));
#2665 = CARTESIAN_POINT('',(-1.570796326795,-1.416189872242));
#2666 = CARTESIAN_POINT('',(-1.570796326795,-1.492271114166));
#2667 = CARTESIAN_POINT('',(-1.570796326795,-1.544363278267));
#2668 = CARTESIAN_POINT('',(-1.570796326795,-1.570796326795));
#2669 = ( GEOMETRIC_REPRESENTATION_CONTEXT(2) 
PARAMETRIC_REPRESENTATION_CONTEXT() REPRESENTATION_CONTEXT('2D SPACE',''
  ) );
#2670 = PCURVE('',#2438,#2671);
#2671 = DEFINITIONAL_REPRESENTATION('',(#2672),#2680);
#2672 = ( BOUNDED_CURVE() B_SPLINE_CURVE(2,(#2673,#2674,#2675,#2676,
#2677,#2678,#2679),.UNSPECIFIED.,.T.,.F.) B_SPLINE_CURVE_WITH_KNOTS((1,2
    ,2,2,2,1),(-2.094395102393,0.,2.094395102393,4.188790204786,
6.28318530718,8.377580409573),.UNSPECIFIED.) CURVE() 
GEOMETRIC_REPRESENTATION_ITEM() RATIONAL_B_SPLINE_CURVE((1.,0.5,1.,0.5,
1.,0.5,1.)) REPRESENTATION_ITEM('') );
#2673 = CARTESIAN_POINT('',(9.85,-19.7));
#2674 = CARTESIAN_POINT('',(9.85,-20.39282032302));
#2675 = CARTESIAN_POINT('',(9.25,-20.04641016151));
#2676 = CARTESIAN_POINT('',(8.65,-19.7));
#2677 = CARTESIAN_POINT('',(9.25,-19.35358983848));
#2678 = CARTESIAN_POINT('',(9.85,-19.00717967697));
#2679 = CARTESIAN_POINT('',(9.85,-19.7));
#2680 = ( GEOMETRIC_REPRESENTATION_CONTEXT(2) 
PARAMETRIC_REPRESENTATION_CONTEXT() REPRESENTATION_CONTEXT('2D SPACE',''
  ) );
#2681 = ORIENTED_EDGE('',*,*,#2267,.T.);
#2682 = ORIENTED_EDGE('',*,*,#2683,.T.);
#2683 = EDGE_CURVE('',#2270,#2684,#2686,.T.);
#2684 = VERTEX_POINT('',#2685);
#2685 = CARTESIAN_POINT('',(-19.7,36.6,-10.25));
#2686 = SURFACE_CURVE('',#2687,(#2692,#2721),.PCURVE_S1.);
#2687 = CIRCLE('',#2688,0.8);
#2688 = AXIS2_PLACEMENT_3D('',#2689,#2690,#2691);
#2689 = CARTESIAN_POINT('',(-19.7,36.6,-9.45));
#2690 = DIRECTION('',(0.,-1.,0.));
#2691 = DIRECTION('',(0.,0.,-1.));
#2692 = PCURVE('',#2291,#2693);
#2693 = DEFINITIONAL_REPRESENTATION('',(#2694),#2720);
#2694 = B_SPLINE_CURVE_WITH_KNOTS('',3,(#2695,#2696,#2697,#2698,#2699,
    #2700,#2701,#2702,#2703,#2704,#2705,#2706,#2707,#2708,#2709,#2710,
    #2711,#2712,#2713,#2714,#2715,#2716,#2717,#2718,#2719),
  .UNSPECIFIED.,.F.,.F.,(4,1,1,1,1,1,1,1,1,1,1,1,1,1,1,1,1,1,1,1,1,1,4),
  (4.712388980385,4.783788813421,4.855188646457,4.926588479493,
    4.997988312529,5.069388145565,5.140787978601,5.212187811638,
    5.283587644674,5.35498747771,5.426387310746,5.497787143782,
    5.569186976818,5.640586809854,5.711986642891,5.783386475927,
    5.854786308963,5.926186141999,5.997585975035,6.068985808071,
    6.140385641107,6.211785474143,6.28318530718),.QUASI_UNIFORM_KNOTS.);
#2695 = CARTESIAN_POINT('',(0.,-1.570796326795));
#2696 = CARTESIAN_POINT('',(0.,-1.544363278267));
#2697 = CARTESIAN_POINT('',(0.,-1.492271114166));
#2698 = CARTESIAN_POINT('',(0.,-1.416189872242));
#2699 = CARTESIAN_POINT('',(0.,-1.341892168614));
#2700 = CARTESIAN_POINT('',(0.,-1.269134886861));
#2701 = CARTESIAN_POINT('',(0.,-1.197690220556));
#2702 = CARTESIAN_POINT('',(0.,-1.12734572285));
#2703 = CARTESIAN_POINT('',(0.,-1.057900795762));
#2704 = CARTESIAN_POINT('',(0.,-0.989164516627));
#2705 = CARTESIAN_POINT('',(0.,-0.92095340603));
#2706 = CARTESIAN_POINT('',(0.,-0.85308944002));
#2707 = CARTESIAN_POINT('',(0.,-0.785398163397));
#2708 = CARTESIAN_POINT('',(0.,-0.717706886775));
#2709 = CARTESIAN_POINT('',(0.,-0.649842920765));
#2710 = CARTESIAN_POINT('',(0.,-0.581631810168));
#2711 = CARTESIAN_POINT('',(0.,-0.512895531033));
#2712 = CARTESIAN_POINT('',(0.,-0.443450603945));
#2713 = CARTESIAN_POINT('',(0.,-0.373106106239));
#2714 = CARTESIAN_POINT('',(0.,-0.301661439934));
#2715 = CARTESIAN_POINT('',(0.,-0.228904158181));
#2716 = CARTESIAN_POINT('',(0.,-0.154606454553));
#2717 = CARTESIAN_POINT('',(0.,-7.852521262872E-02));
#2718 = CARTESIAN_POINT('',(-0.,-2.643304852828E-02));
#2719 = CARTESIAN_POINT('',(0.,0.));
#2720 = ( GEOMETRIC_REPRESENTATION_CONTEXT(2) 
PARAMETRIC_REPRESENTATION_CONTEXT() REPRESENTATION_CONTEXT('2D SPACE',''
  ) );
#2721 = PCURVE('',#2722,#2727);
#2722 = CYLINDRICAL_SURFACE('',#2723,0.8);
#2723 = AXIS2_PLACEMENT_3D('',#2724,#2725,#2726);
#2724 = CARTESIAN_POINT('',(-19.7,37.,-9.45));
#2725 = DIRECTION('',(0.,-1.,0.));
#2726 = DIRECTION('',(0.,0.,-1.));
#2727 = DEFINITIONAL_REPRESENTATION('',(#2728),#2732);
#2728 = LINE('',#2729,#2730);
#2729 = CARTESIAN_POINT('',(0.,0.4));
#2730 = VECTOR('',#2731,1.);
#2731 = DIRECTION('',(1.,0.));
#2732 = ( GEOMETRIC_REPRESENTATION_CONTEXT(2) 
PARAMETRIC_REPRESENTATION_CONTEXT() REPRESENTATION_CONTEXT('2D SPACE',''
  ) );
#2733 = ORIENTED_EDGE('',*,*,#2734,.F.);
#2734 = EDGE_CURVE('',#2633,#2684,#2735,.T.);
#2735 = SURFACE_CURVE('',#2736,(#2741,#2770),.PCURVE_S1.);
#2736 = CIRCLE('',#2737,0.4);
#2737 = AXIS2_PLACEMENT_3D('',#2738,#2739,#2740);
#2738 = CARTESIAN_POINT('',(-19.7,36.6,-9.85));
#2739 = DIRECTION('',(-1.,0.,0.));
#2740 = DIRECTION('',(0.,0.,1.));
#2741 = PCURVE('',#2291,#2742);
#2742 = DEFINITIONAL_REPRESENTATION('',(#2743),#2769);
#2743 = B_SPLINE_CURVE_WITH_KNOTS('',3,(#2744,#2745,#2746,#2747,#2748,
    #2749,#2750,#2751,#2752,#2753,#2754,#2755,#2756,#2757,#2758,#2759,
    #2760,#2761,#2762,#2763,#2764,#2765,#2766,#2767,#2768),
  .UNSPECIFIED.,.F.,.F.,(4,1,1,1,1,1,1,1,1,1,1,1,1,1,1,1,1,1,1,1,1,1,4),
  (1.570796326795,1.642196159831,1.713595992867,1.784995825903,
    1.856395658939,1.927795491976,1.999195325012,2.070595158048,
    2.141994991084,2.21339482412,2.284794657156,2.356194490192,
    2.427594323228,2.498994156265,2.570393989301,2.641793822337,
    2.713193655373,2.784593488409,2.855993321445,2.927393154481,
    2.998792987518,3.070192820554,3.14159265359),.QUASI_UNIFORM_KNOTS.);
#2744 = CARTESIAN_POINT('',(-1.570796326795,0.));
#2745 = CARTESIAN_POINT('',(-1.544363278267,0.));
#2746 = CARTESIAN_POINT('',(-1.492271114166,0.));
#2747 = CARTESIAN_POINT('',(-1.416189872242,0.));
#2748 = CARTESIAN_POINT('',(-1.341892168614,0.));
#2749 = CARTESIAN_POINT('',(-1.269134886861,0.));
#2750 = CARTESIAN_POINT('',(-1.197690220556,0.));
#2751 = CARTESIAN_POINT('',(-1.12734572285,0.));
#2752 = CARTESIAN_POINT('',(-1.057900795762,0.));
#2753 = CARTESIAN_POINT('',(-0.989164516627,0.));
#2754 = CARTESIAN_POINT('',(-0.92095340603,0.));
#2755 = CARTESIAN_POINT('',(-0.85308944002,0.));
#2756 = CARTESIAN_POINT('',(-0.785398163397,0.));
#2757 = CARTESIAN_POINT('',(-0.717706886775,0.));
#2758 = CARTESIAN_POINT('',(-0.649842920765,0.));
#2759 = CARTESIAN_POINT('',(-0.581631810168,0.));
#2760 = CARTESIAN_POINT('',(-0.512895531033,0.));
#2761 = CARTESIAN_POINT('',(-0.443450603945,0.));
#2762 = CARTESIAN_POINT('',(-0.373106106239,0.));
#2763 = CARTESIAN_POINT('',(-0.301661439934,0.));
#2764 = CARTESIAN_POINT('',(-0.228904158181,0.));
#2765 = CARTESIAN_POINT('',(-0.154606454553,0.));
#2766 = CARTESIAN_POINT('',(-7.852521262869E-02,0.));
#2767 = CARTESIAN_POINT('',(-2.643304852827E-02,-0.));
#2768 = CARTESIAN_POINT('',(0.,0.));
#2769 = ( GEOMETRIC_REPRESENTATION_CONTEXT(2) 
PARAMETRIC_REPRESENTATION_CONTEXT() REPRESENTATION_CONTEXT('2D SPACE',''
  ) );
#2770 = PCURVE('',#2771,#2776);
#2771 = CYLINDRICAL_SURFACE('',#2772,0.4);
#2772 = AXIS2_PLACEMENT_3D('',#2773,#2774,#2775);
#2773 = CARTESIAN_POINT('',(0.,36.6,-9.85));
#2774 = DIRECTION('',(-1.,0.,0.));
#2775 = DIRECTION('',(0.,0.,1.));
#2776 = DEFINITIONAL_REPRESENTATION('',(#2777),#2781);
#2777 = LINE('',#2778,#2779);
#2778 = CARTESIAN_POINT('',(0.,19.7));
#2779 = VECTOR('',#2780,1.);
#2780 = DIRECTION('',(1.,0.));
#2781 = ( GEOMETRIC_REPRESENTATION_CONTEXT(2) 
PARAMETRIC_REPRESENTATION_CONTEXT() REPRESENTATION_CONTEXT('2D SPACE',''
  ) );
#2782 = ADVANCED_FACE('',(#2783),#2771,.T.);
#2783 = FACE_BOUND('',#2784,.T.);
#2784 = EDGE_LOOP('',(#2785,#2858,#2884,#2885));
#2785 = ORIENTED_EDGE('',*,*,#2786,.T.);
#2786 = EDGE_CURVE('',#2787,#2789,#2791,.T.);
#2787 = VERTEX_POINT('',#2788);
#2788 = CARTESIAN_POINT('',(-13.08548937575,37.,-9.85));
#2789 = VERTEX_POINT('',#2790);
#2790 = CARTESIAN_POINT('',(-13.08548937575,36.6,-10.25));
#2791 = SURFACE_CURVE('',#2792,(#2797,#2804),.PCURVE_S1.);
#2792 = CIRCLE('',#2793,0.4);
#2793 = AXIS2_PLACEMENT_3D('',#2794,#2795,#2796);
#2794 = CARTESIAN_POINT('',(-13.08548937575,36.6,-9.85));
#2795 = DIRECTION('',(-1.,0.,0.));
#2796 = DIRECTION('',(0.,0.,1.));
#2797 = PCURVE('',#2771,#2798);
#2798 = DEFINITIONAL_REPRESENTATION('',(#2799),#2803);
#2799 = LINE('',#2800,#2801);
#2800 = CARTESIAN_POINT('',(0.,13.085489375752));
#2801 = VECTOR('',#2802,1.);
#2802 = DIRECTION('',(1.,0.));
#2803 = ( GEOMETRIC_REPRESENTATION_CONTEXT(2) 
PARAMETRIC_REPRESENTATION_CONTEXT() REPRESENTATION_CONTEXT('2D SPACE',''
  ) );
#2804 = PCURVE('',#2805,#2830);
#2805 = ( BOUNDED_SURFACE() B_SPLINE_SURFACE(3,2,(
    (#2806,#2807,#2808)
    ,(#2809,#2810,#2811)
    ,(#2812,#2813,#2814)
    ,(#2815,#2816,#2817)
    ,(#2818,#2819,#2820)
    ,(#2821,#2822,#2823)
    ,(#2824,#2825,#2826)
    ,(#2827,#2828,#2829
)),.UNSPECIFIED.,.F.,.F.,.F.) B_SPLINE_SURFACE_WITH_KNOTS((4,2,2,4),(3,3
    ),(1.369303019906E-03,2.100214929405E-03,2.831126838904E-03,
    4.292950657901E-03),(-2.253320103017E-05,1.),.UNSPECIFIED.) 
GEOMETRIC_REPRESENTATION_ITEM() RATIONAL_B_SPLINE_SURFACE((
    (1.000013199941,0.707100181365,1.)
    ,(1.000010658368,0.763496361935,1.)
    ,(1.000008654551,0.807960009135,1.)
    ,(1.000005342079,0.881462040915,1.)
    ,(1.000004037377,0.910412705045,1.)
    ,(1.000000955867,0.978789801085,1.)
    ,(1.000000011026,0.999755336151,1.)
,(1.,1.,1.))) REPRESENTATION_ITEM('') SURFACE() );
#2806 = CARTESIAN_POINT('',(-13.08548937575,36.999999999797,
    -9.849987253381));
#2807 = CARTESIAN_POINT('',(-13.08548937575,37.000012746822,-10.25));
#2808 = CARTESIAN_POINT('',(-13.08548937575,36.6,-10.25));
#2809 = CARTESIAN_POINT('',(-12.86315136911,37.000002042679,
    -9.913992042205));
#2810 = CARTESIAN_POINT('',(-12.87924522319,36.940638941789,-10.25));
#2811 = CARTESIAN_POINT('',(-12.84472488576,36.600000016179,-10.25));
#2812 = CARTESIAN_POINT('',(-12.63624629409,37.000003361783,
    -9.97115448367));
#2813 = CARTESIAN_POINT('',(-12.6401509928,36.907674567463,-10.25));
#2814 = CARTESIAN_POINT('',(-12.60606691923,36.615934043623,-10.25));
#2815 = CARTESIAN_POINT('',(-12.17438431415,37.000004836488,
    -10.0704964365));
#2816 = CARTESIAN_POINT('',(-12.16898735132,36.878255437653,-10.25));
#2817 = CARTESIAN_POINT('',(-12.1310764511,36.664439334335,-10.25));
#2818 = CARTESIAN_POINT('',(-11.93943420491,37.000004992109,
    -10.11266276705));
#2819 = CARTESIAN_POINT('',(-11.92756092548,36.878327761862,-10.25));
#2820 = CARTESIAN_POINT('',(-11.8947590062,36.697347702245,-10.25));
#2821 = CARTESIAN_POINT('',(-11.22577168042,37.000004248516,
    -10.2147604722));
#2822 = CARTESIAN_POINT('',(-11.22939578544,36.903692182334,-10.25));
#2823 = CARTESIAN_POINT('',(-11.18778727059,36.810628480866,-10.25));
#2824 = CARTESIAN_POINT('',(-10.73851918436,37.000002130463,-10.25));
#2825 = CARTESIAN_POINT('',(-10.72882964148,36.952715623714,-10.25));
#2826 = CARTESIAN_POINT('',(-10.71937750836,36.905413593333,-10.25));
#2827 = CARTESIAN_POINT('',(-10.25,37.,-10.25));
#2828 = CARTESIAN_POINT('',(-10.25,37.,-10.25));
#2829 = CARTESIAN_POINT('',(-10.25,37.,-10.25));
#2830 = DEFINITIONAL_REPRESENTATION('',(#2831),#2857);
#2831 = B_SPLINE_CURVE_WITH_KNOTS('',3,(#2832,#2833,#2834,#2835,#2836,
    #2837,#2838,#2839,#2840,#2841,#2842,#2843,#2844,#2845,#2846,#2847,
    #2848,#2849,#2850,#2851,#2852,#2853,#2854,#2855,#2856),
  .UNSPECIFIED.,.F.,.F.,(4,1,1,1,1,1,1,1,1,1,1,1,1,1,1,1,1,1,1,1,1,1,4),
  (1.570796326795,1.642196159831,1.713595992867,1.784995825903,
    1.856395658939,1.927795491976,1.999195325012,2.070595158048,
    2.141994991084,2.21339482412,2.284794657156,2.356194490192,
    2.427594323228,2.498994156265,2.570393989301,2.641793822337,
    2.713193655373,2.784593488409,2.855993321445,2.927393154481,
    2.998792987518,3.070192820554,3.14159265359),.QUASI_UNIFORM_KNOTS.);
#2832 = CARTESIAN_POINT('',(1.369303019906E-03,-1.165630670316E-14));
#2833 = CARTESIAN_POINT('',(1.369303019906E-03,1.682780133705E-02));
#2834 = CARTESIAN_POINT('',(1.369303019906E-03,4.99907029888E-02));
#2835 = CARTESIAN_POINT('',(1.369303019906E-03,9.842552590404E-02));
#2836 = CARTESIAN_POINT('',(1.369303019906E-03,0.145724913075));
#2837 = CARTESIAN_POINT('',(1.369303019906E-03,0.192043637223));
#2838 = CARTESIAN_POINT('',(1.369303019906E-03,0.237526724423));
#2839 = CARTESIAN_POINT('',(1.369303019906E-03,0.282309422539));
#2840 = CARTESIAN_POINT('',(1.369303019906E-03,0.326519436214));
#2841 = CARTESIAN_POINT('',(1.369303019906E-03,0.370278310591));
#2842 = CARTESIAN_POINT('',(1.369303019906E-03,0.413702852292));
#2843 = CARTESIAN_POINT('',(1.369303019906E-03,0.456906394885));
#2844 = CARTESIAN_POINT('',(1.369303019906E-03,0.5));
#2845 = CARTESIAN_POINT('',(1.369303019906E-03,0.543093605115));
#2846 = CARTESIAN_POINT('',(1.369303019906E-03,0.586297147708));
#2847 = CARTESIAN_POINT('',(1.369303019906E-03,0.629721689409));
#2848 = CARTESIAN_POINT('',(1.369303019906E-03,0.673480563786));
#2849 = CARTESIAN_POINT('',(1.369303019906E-03,0.717690577461));
#2850 = CARTESIAN_POINT('',(1.369303019906E-03,0.762473275577));
#2851 = CARTESIAN_POINT('',(1.369303019906E-03,0.807956362777));
#2852 = CARTESIAN_POINT('',(1.369303019906E-03,0.854275086925));
#2853 = CARTESIAN_POINT('',(1.369303019906E-03,0.901574474096));
#2854 = CARTESIAN_POINT('',(1.369303019906E-03,0.950009297011));
#2855 = CARTESIAN_POINT('',(1.369303019906E-03,0.983172198663));
#2856 = CARTESIAN_POINT('',(1.369303019906E-03,1.));
#2857 = ( GEOMETRIC_REPRESENTATION_CONTEXT(2) 
PARAMETRIC_REPRESENTATION_CONTEXT() REPRESENTATION_CONTEXT('2D SPACE',''
  ) );
#2858 = ORIENTED_EDGE('',*,*,#2859,.F.);
#2859 = EDGE_CURVE('',#2684,#2789,#2860,.T.);
#2860 = SURFACE_CURVE('',#2861,(#2865,#2872),.PCURVE_S1.);
#2861 = LINE('',#2862,#2863);
#2862 = CARTESIAN_POINT('',(-20.5,36.6,-10.25));
#2863 = VECTOR('',#2864,1.);
#2864 = DIRECTION('',(1.,0.,0.));
#2865 = PCURVE('',#2771,#2866);
#2866 = DEFINITIONAL_REPRESENTATION('',(#2867),#2871);
#2867 = LINE('',#2868,#2869);
#2868 = CARTESIAN_POINT('',(3.14159265359,20.5));
#2869 = VECTOR('',#2870,1.);
#2870 = DIRECTION('',(0.,-1.));
#2871 = ( GEOMETRIC_REPRESENTATION_CONTEXT(2) 
PARAMETRIC_REPRESENTATION_CONTEXT() REPRESENTATION_CONTEXT('2D SPACE',''
  ) );
#2872 = PCURVE('',#2873,#2878);
#2873 = PLANE('',#2874);
#2874 = AXIS2_PLACEMENT_3D('',#2875,#2876,#2877);
#2875 = CARTESIAN_POINT('',(-20.5,37.,-10.25));
#2876 = DIRECTION('',(0.,0.,1.));
#2877 = DIRECTION('',(1.,0.,-0.));
#2878 = DEFINITIONAL_REPRESENTATION('',(#2879),#2883);
#2879 = LINE('',#2880,#2881);
#2880 = CARTESIAN_POINT('',(0.,-0.4));
#2881 = VECTOR('',#2882,1.);
#2882 = DIRECTION('',(1.,0.));
#2883 = ( GEOMETRIC_REPRESENTATION_CONTEXT(2) 
PARAMETRIC_REPRESENTATION_CONTEXT() REPRESENTATION_CONTEXT('2D SPACE',''
  ) );
#2884 = ORIENTED_EDGE('',*,*,#2734,.F.);
#2885 = ORIENTED_EDGE('',*,*,#2886,.F.);
#2886 = EDGE_CURVE('',#2787,#2633,#2887,.T.);
#2887 = SURFACE_CURVE('',#2888,(#2892,#2899),.PCURVE_S1.);
#2888 = LINE('',#2889,#2890);
#2889 = CARTESIAN_POINT('',(0.,37.,-9.85));
#2890 = VECTOR('',#2891,1.);
#2891 = DIRECTION('',(-1.,0.,0.));
#2892 = PCURVE('',#2771,#2893);
#2893 = DEFINITIONAL_REPRESENTATION('',(#2894),#2898);
#2894 = LINE('',#2895,#2896);
#2895 = CARTESIAN_POINT('',(1.570796326795,0.));
#2896 = VECTOR('',#2897,1.);
#2897 = DIRECTION('',(0.,1.));
#2898 = ( GEOMETRIC_REPRESENTATION_CONTEXT(2) 
PARAMETRIC_REPRESENTATION_CONTEXT() REPRESENTATION_CONTEXT('2D SPACE',''
  ) );
#2899 = PCURVE('',#2438,#2900);
#2900 = DEFINITIONAL_REPRESENTATION('',(#2901),#2905);
#2901 = LINE('',#2902,#2903);
#2902 = CARTESIAN_POINT('',(9.85,0.));
#2903 = VECTOR('',#2904,1.);
#2904 = DIRECTION('',(0.,-1.));
#2905 = ( GEOMETRIC_REPRESENTATION_CONTEXT(2) 
PARAMETRIC_REPRESENTATION_CONTEXT() REPRESENTATION_CONTEXT('2D SPACE',''
  ) );
#2906 = ADVANCED_FACE('',(#2907),#2805,.T.);
#2907 = FACE_BOUND('',#2908,.T.);
#2908 = EDGE_LOOP('',(#2909,#2983,#3086));
#2909 = ORIENTED_EDGE('',*,*,#2910,.F.);
#2910 = EDGE_CURVE('',#2911,#2787,#2913,.T.);
#2911 = VERTEX_POINT('',#2912);
#2912 = CARTESIAN_POINT('',(-10.25,37.,-10.25));
#2913 = SURFACE_CURVE('',#2914,(#2925,#2954),.PCURVE_S1.);
#2914 = B_SPLINE_CURVE_WITH_KNOTS('',3,(#2915,#2916,#2917,#2918,#2919,
    #2920,#2921,#2922,#2923,#2924),.UNSPECIFIED.,.F.,.F.,(4,2,2,2,4),(
    -1.359725392992E-03,0.,0.142345427263,0.214871280041,0.285999211218)
  ,.UNSPECIFIED.);
#2915 = CARTESIAN_POINT('',(-10.25,37.,-10.25));
#2916 = CARTESIAN_POINT('',(-10.25453241514,36.999995925632,-10.25));
#2917 = CARTESIAN_POINT('',(-10.25906483036,36.999991926316,
    -10.24999699373));
#2918 = CARTESIAN_POINT('',(-10.73808140477,36.999577093796,
    -10.24936154882));
#2919 = CARTESIAN_POINT('',(-11.21194499542,36.999990155867,
    -10.21578688488));
#2920 = CARTESIAN_POINT('',(-11.92116694359,37.000004711049,
    -10.11573756652));
#2921 = CARTESIAN_POINT('',(-12.15929077709,36.999999770139,
    -10.07350795009));
#2922 = CARTESIAN_POINT('',(-12.62756425668,37.000000216299,
    -9.973259760335));
#2923 = CARTESIAN_POINT('',(-12.85763050011,37.,-9.915593037668));
#2924 = CARTESIAN_POINT('',(-13.08548937575,37.,-9.85));
#2925 = PCURVE('',#2805,#2926);
#2926 = DEFINITIONAL_REPRESENTATION('',(#2927),#2953);
#2927 = B_SPLINE_CURVE_WITH_KNOTS('',3,(#2928,#2929,#2930,#2931,#2932,
    #2933,#2934,#2935,#2936,#2937,#2938,#2939,#2940,#2941,#2942,#2943,
    #2944,#2945,#2946,#2947,#2948,#2949,#2950,#2951,#2952),
  .UNSPECIFIED.,.F.,.F.,(4,1,1,1,1,1,1,1,1,1,1,1,1,1,1,1,1,1,1,1,1,1,4),
  (-1.359725392992E-03,1.170204445298E-02,2.476381429896E-02,
    3.782558414493E-02,5.08873539909E-02,6.394912383688E-02,
    7.701089368285E-02,9.007266352882E-02,0.103134433375,0.116196203221,
    0.129257973067,0.142319742913,0.155381512759,0.168443282605,
    0.181505052451,0.194566822297,0.207628592143,0.220690361989,
    0.233752131835,0.246813901681,0.259875671526,0.272937441372,
    0.285999211218),.UNSPECIFIED.);
#2928 = CARTESIAN_POINT('',(4.292950657901E-03,3.861734348553E-03));
#2929 = CARTESIAN_POINT('',(4.249513291028E-03,4.067268661335E-03));
#2930 = CARTESIAN_POINT('',(4.162631582925E-03,3.990720578621E-03));
#2931 = CARTESIAN_POINT('',(4.032258700569E-03,3.10198107414E-03));
#2932 = CARTESIAN_POINT('',(3.901806157137E-03,2.525556472127E-03));
#2933 = CARTESIAN_POINT('',(3.77124441483E-03,1.957130670872E-03));
#2934 = CARTESIAN_POINT('',(3.640543674481E-03,1.47307622011E-03));
#2935 = CARTESIAN_POINT('',(3.509673737527E-03,1.050029026132E-03));
#2936 = CARTESIAN_POINT('',(3.378603813432E-03,6.937594955788E-04));
#2937 = CARTESIAN_POINT('',(3.247302591381E-03,4.043489126964E-04));
#2938 = CARTESIAN_POINT('',(3.115737380155E-03,1.866097979085E-04));
#2939 = CARTESIAN_POINT('',(2.983876782431E-03,4.296400127688E-05));
#2940 = CARTESIAN_POINT('',(2.851680255623E-03,-9.076709983349E-06));
#2941 = CARTESIAN_POINT('',(2.719136729722E-03,-7.295165670943E-07));
#2942 = CARTESIAN_POINT('',(2.586233916157E-03,1.44009628044E-06));
#2943 = CARTESIAN_POINT('',(2.452937839372E-03,5.248360406698E-06));
#2944 = CARTESIAN_POINT('',(2.319218365973E-03,4.394050733528E-06));
#2945 = CARTESIAN_POINT('',(2.185044467106E-03,5.810247368096E-07));
#2946 = CARTESIAN_POINT('',(2.050375764217E-03,-3.07868606169E-07));
#2947 = CARTESIAN_POINT('',(1.915219444121E-03,1.235996963342E-06));
#2948 = CARTESIAN_POINT('',(1.779560371016E-03,2.123881105649E-06));
#2949 = CARTESIAN_POINT('',(1.643382234088E-03,1.916763763925E-06));
#2950 = CARTESIAN_POINT('',(1.506667867813E-03,6.643571573154E-07));
#2951 = CARTESIAN_POINT('',(1.415154993454E-03,6.858245189751E-08));
#2952 = CARTESIAN_POINT('',(1.369303019906E-03,-1.165630670316E-14));
#2953 = ( GEOMETRIC_REPRESENTATION_CONTEXT(2) 
PARAMETRIC_REPRESENTATION_CONTEXT() REPRESENTATION_CONTEXT('2D SPACE',''
  ) );
#2954 = PCURVE('',#45,#2955);
#2955 = DEFINITIONAL_REPRESENTATION('',(#2956),#2982);
#2956 = B_SPLINE_CURVE_WITH_KNOTS('',3,(#2957,#2958,#2959,#2960,#2961,
    #2962,#2963,#2964,#2965,#2966,#2967,#2968,#2969,#2970,#2971,#2972,
    #2973,#2974,#2975,#2976,#2977,#2978,#2979,#2980,#2981),
  .UNSPECIFIED.,.F.,.F.,(4,1,1,1,1,1,1,1,1,1,1,1,1,1,1,1,1,1,1,1,1,1,4),
  (-1.359725392992E-03,1.170204445298E-02,2.476381429896E-02,
    3.782558414493E-02,5.08873539909E-02,6.394912383688E-02,
    7.701089368285E-02,9.007266352882E-02,0.103134433375,0.116196203221,
    0.129257973067,0.142319742913,0.155381512759,0.168443282605,
    0.181505052451,0.194566822297,0.207628592143,0.220690361989,
    0.233752131835,0.246813901681,0.259875671526,0.272937441372,
    0.285999211218),.UNSPECIFIED.);
#2957 = CARTESIAN_POINT('',(1.570796326795,2.3));
#2958 = CARTESIAN_POINT('',(1.566548508524,2.300039158122));
#2959 = CARTESIAN_POINT('',(1.558053827142,2.300103403184));
#2960 = CARTESIAN_POINT('',(1.545314159011,2.3001632444));
#2961 = CARTESIAN_POINT('',(1.532576340357,2.30019224495));
#2962 = CARTESIAN_POINT('',(1.519839841967,2.300196095644));
#2963 = CARTESIAN_POINT('',(1.507104142672,2.300180487281));
#2964 = CARTESIAN_POINT('',(1.494368721375,2.300151105602));
#2965 = CARTESIAN_POINT('',(1.48163305319,2.30011365659));
#2966 = CARTESIAN_POINT('',(1.468896629889,2.300073770323));
#2967 = CARTESIAN_POINT('',(1.456158879012,2.300037360257));
#2968 = CARTESIAN_POINT('',(1.443419464009,2.30000928224));
#2969 = CARTESIAN_POINT('',(1.430677161616,2.299998339166));
#2970 = CARTESIAN_POINT('',(1.417934049251,2.299998603362));
#2971 = CARTESIAN_POINT('',(1.405192248388,2.299997770185));
#2972 = CARTESIAN_POINT('',(1.392450545357,2.299998472978));
#2973 = CARTESIAN_POINT('',(1.37970858109,2.29999932418));
#2974 = CARTESIAN_POINT('',(1.366965914625,2.300000082071));
#2975 = CARTESIAN_POINT('',(1.354221576363,2.299999942475));
#2976 = CARTESIAN_POINT('',(1.341478575053,2.299999900904));
#2977 = CARTESIAN_POINT('',(1.328736189543,2.299999907235));
#2978 = CARTESIAN_POINT('',(1.315993957344,2.299999944112));
#2979 = CARTESIAN_POINT('',(1.303251347017,2.299999985393));
#2980 = CARTESIAN_POINT('',(1.294755679068,2.3));
#2981 = CARTESIAN_POINT('',(1.290507610061,2.3));
#2982 = ( GEOMETRIC_REPRESENTATION_CONTEXT(2) 
PARAMETRIC_REPRESENTATION_CONTEXT() REPRESENTATION_CONTEXT('2D SPACE',''
  ) );
#2983 = ORIENTED_EDGE('',*,*,#2984,.F.);
#2984 = EDGE_CURVE('',#2789,#2911,#2985,.T.);
#2985 = SURFACE_CURVE('',#2986,(#3009,#3060),.PCURVE_S1.);
#2986 = B_SPLINE_CURVE_WITH_KNOTS('',3,(#2987,#2988,#2989,#2990,#2991,
    #2992,#2993,#2994,#2995,#2996,#2997,#2998,#2999,#3000,#3001,#3002,
    #3003,#3004,#3005,#3006,#3007,#3008),.UNSPECIFIED.,.F.,.F.,(4,3,3,3,
    3,3,3,4),(0.,3.788140637131E-04,7.180337725562E-04,
    1.238059754907E-03,1.433802606065E-03,1.434149617063E-03,
    2.386606347802E-03,2.868299234126E-03),.UNSPECIFIED.);
#2987 = CARTESIAN_POINT('',(-13.08548937575,36.6,-10.25));
#2988 = CARTESIAN_POINT('',(-12.95898110913,36.600000008501,-10.25));
#2989 = CARTESIAN_POINT('',(-12.83270276509,36.604404587935,-10.25));
#2990 = CARTESIAN_POINT('',(-12.70665290679,36.612149432343,-10.25));
#2991 = CARTESIAN_POINT('',(-12.59377801558,36.61908477112,-10.25));
#2992 = CARTESIAN_POINT('',(-12.48108612836,36.628696905827,-10.25));
#2993 = CARTESIAN_POINT('',(-12.36857168822,36.640186718846,-10.25));
#2994 = CARTESIAN_POINT('',(-12.19608633214,36.657800675661,-10.25));
#2995 = CARTESIAN_POINT('',(-12.02402606967,36.680006005683,-10.25));
#2996 = CARTESIAN_POINT('',(-11.85252363937,36.705306217556,-10.25));
#2997 = CARTESIAN_POINT('',(-11.78796845208,36.714829464038,-10.25));
#2998 = CARTESIAN_POINT('',(-11.72349221571,36.724790581211,-10.25));
#2999 = CARTESIAN_POINT('',(-11.65910178639,36.735108120255,-10.25));
#3000 = CARTESIAN_POINT('',(-11.65898763567,36.735126411087,-10.25));
#3001 = CARTESIAN_POINT('',(-11.65887348524,36.73514470303,-10.25));
#3002 = CARTESIAN_POINT('',(-11.65875933509,36.735162996084,-10.25));
#3003 = CARTESIAN_POINT('',(-11.34544627652,36.785372767712,-10.25));
#3004 = CARTESIAN_POINT('',(-11.03363594445,36.844054559608,-10.25));
#3005 = CARTESIAN_POINT('',(-10.72225022398,36.90546626511,-10.25));
#3006 = CARTESIAN_POINT('',(-10.56477085341,36.936524454656,-10.25));
#3007 = CARTESIAN_POINT('',(-10.40740023352,36.968281559657,-10.25));
#3008 = CARTESIAN_POINT('',(-10.25,37.,-10.25));
#3009 = PCURVE('',#2805,#3010);
#3010 = DEFINITIONAL_REPRESENTATION('',(#3011),#3059);
#3011 = B_SPLINE_CURVE_WITH_KNOTS('',3,(#3012,#3013,#3014,#3015,#3016,
    #3017,#3018,#3019,#3020,#3021,#3022,#3023,#3024,#3025,#3026,#3027,
    #3028,#3029,#3030,#3031,#3032,#3033,#3034,#3035,#3036,#3037,#3038,
    #3039,#3040,#3041,#3042,#3043,#3044,#3045,#3046,#3047,#3048,#3049,
    #3050,#3051,#3052,#3053,#3054,#3055,#3056,#3057,#3058),
  .UNSPECIFIED.,.F.,.F.,(4,1,1,1,1,1,1,1,1,1,1,1,1,1,1,1,1,1,1,1,1,1,1,1
    ,1,1,1,1,1,1,1,1,1,1,1,1,1,1,1,1,1,1,1,1,4),(0.,6.51886189574E-05,
    1.303772379148E-04,1.955658568722E-04,2.607544758296E-04,
    3.25943094787E-04,3.911317137444E-04,4.563203327018E-04,
    5.215089516592E-04,5.866975706166E-04,6.51886189574E-04,
    7.170748085314E-04,7.822634274888E-04,8.474520464462E-04,
    9.126406654036E-04,9.77829284361E-04,1.043017903318E-03,
    1.108206522276E-03,1.173395141233E-03,1.238583760191E-03,
    1.303772379148E-03,1.368960998105E-03,1.434149617063E-03,
    1.49933823602E-03,1.564526854978E-03,1.629715473935E-03,
    1.694904092892E-03,1.76009271185E-03,1.825281330807E-03,
    1.890469949765E-03,1.955658568722E-03,2.020847187679E-03,
    2.086035806637E-03,2.151224425594E-03,2.216413044552E-03,
    2.281601663509E-03,2.346790282466E-03,2.411978901424E-03,
    2.477167520381E-03,2.542356139339E-03,2.607544758296E-03,
    2.672733377253E-03,2.737921996211E-03,2.803110615168E-03,
    2.868299234126E-03),.QUASI_UNIFORM_KNOTS.);
#3012 = CARTESIAN_POINT('',(1.369303019906E-03,1.));
#3013 = CARTESIAN_POINT('',(1.391333087463E-03,0.999999953696));
#3014 = CARTESIAN_POINT('',(1.435414321947E-03,0.999999478542));
#3015 = CARTESIAN_POINT('',(1.501595492669E-03,0.999998413753));
#3016 = CARTESIAN_POINT('',(1.5678320246E-03,0.999998025752));
#3017 = CARTESIAN_POINT('',(1.634119885308E-03,0.999998526945));
#3018 = CARTESIAN_POINT('',(1.700455025185E-03,0.999999669527));
#3019 = CARTESIAN_POINT('',(1.766833370118E-03,1.000000161126));
#3020 = CARTESIAN_POINT('',(1.83325089871E-03,0.999999515601));
#3021 = CARTESIAN_POINT('',(1.899703635315E-03,0.999999050356));
#3022 = CARTESIAN_POINT('',(1.966187558876E-03,0.999999076745));
#3023 = CARTESIAN_POINT('',(2.03269864072E-03,0.999999590037));
#3024 = CARTESIAN_POINT('',(2.099232846741E-03,1.000000118357));
#3025 = CARTESIAN_POINT('',(2.165786143279E-03,0.999999516824));
#3026 = CARTESIAN_POINT('',(2.232354523854E-03,0.999998435657));
#3027 = CARTESIAN_POINT('',(2.298933972481E-03,0.999997513479));
#3028 = CARTESIAN_POINT('',(2.365520465704E-03,0.999997111987));
#3029 = CARTESIAN_POINT('',(2.432109975619E-03,0.999997381375));
#3030 = CARTESIAN_POINT('',(2.498698479986E-03,0.999998204517));
#3031 = CARTESIAN_POINT('',(2.565281937894E-03,0.999999282616));
#3032 = CARTESIAN_POINT('',(2.631856391034E-03,0.999999758388));
#3033 = CARTESIAN_POINT('',(2.698417592317E-03,0.999999524506));
#3034 = CARTESIAN_POINT('',(2.764962369133E-03,0.999999508056));
#3035 = CARTESIAN_POINT('',(2.831483515323E-03,0.99999941434));
#3036 = CARTESIAN_POINT('',(2.897988892608E-03,0.999999482443));
#3037 = CARTESIAN_POINT('',(2.964490261586E-03,0.999999897208));
#3038 = CARTESIAN_POINT('',(3.030984315737E-03,1.000000490736));
#3039 = CARTESIAN_POINT('',(3.097471786749E-03,1.000001191012));
#3040 = CARTESIAN_POINT('',(3.163952325115E-03,1.000001903303));
#3041 = CARTESIAN_POINT('',(3.230425871717E-03,1.000002544032));
#3042 = CARTESIAN_POINT('',(3.296892290153E-03,1.000003034543));
#3043 = CARTESIAN_POINT('',(3.363351465094E-03,1.000003306702));
#3044 = CARTESIAN_POINT('',(3.429803275783E-03,1.000003307249));
#3045 = CARTESIAN_POINT('',(3.496247603006E-03,1.000003004649));
#3046 = CARTESIAN_POINT('',(3.56268432711E-03,1.000002402165));
#3047 = CARTESIAN_POINT('',(3.629113328449E-03,1.000001548161));
#3048 = CARTESIAN_POINT('',(3.695534487249E-03,1.000000593262));
#3049 = CARTESIAN_POINT('',(3.761947683543E-03,0.999999737715));
#3050 = CARTESIAN_POINT('',(3.828352797601E-03,0.999999711546));
#3051 = CARTESIAN_POINT('',(3.894749708095E-03,1.000000084615));
#3052 = CARTESIAN_POINT('',(3.961138294727E-03,1.000000602627));
#3053 = CARTESIAN_POINT('',(4.027518437353E-03,1.000001143036));
#3054 = CARTESIAN_POINT('',(4.093890015832E-03,1.000001510388));
#3055 = CARTESIAN_POINT('',(4.160252910034E-03,1.000001650235));
#3056 = CARTESIAN_POINT('',(4.226606999828E-03,1.000000996808));
#3057 = CARTESIAN_POINT('',(4.270837110135E-03,1.000000910255));
#3058 = CARTESIAN_POINT('',(4.292950657901E-03,1.000001084074));
#3059 = ( GEOMETRIC_REPRESENTATION_CONTEXT(2) 
PARAMETRIC_REPRESENTATION_CONTEXT() REPRESENTATION_CONTEXT('2D SPACE',''
  ) );
#3060 = PCURVE('',#2873,#3061);
#3061 = DEFINITIONAL_REPRESENTATION('',(#3062),#3085);
#3062 = B_SPLINE_CURVE_WITH_KNOTS('',3,(#3063,#3064,#3065,#3066,#3067,
    #3068,#3069,#3070,#3071,#3072,#3073,#3074,#3075,#3076,#3077,#3078,
    #3079,#3080,#3081,#3082,#3083,#3084),.UNSPECIFIED.,.F.,.F.,(4,3,3,3,
    3,3,3,4),(0.,3.788140637131E-04,7.180337725562E-04,
    1.238059754907E-03,1.433802606065E-03,1.434149617063E-03,
    2.386606347802E-03,2.868299234126E-03),.UNSPECIFIED.);
#3063 = CARTESIAN_POINT('',(7.414510624248,-0.4));
#3064 = CARTESIAN_POINT('',(7.541018890868,-0.399999991499));
#3065 = CARTESIAN_POINT('',(7.667297234909,-0.395595412065));
#3066 = CARTESIAN_POINT('',(7.793347093205,-0.387850567657));
#3067 = CARTESIAN_POINT('',(7.906221984417,-0.38091522888));
#3068 = CARTESIAN_POINT('',(8.018913871631,-0.371303094173));
#3069 = CARTESIAN_POINT('',(8.13142831178,-0.359813281154));
#3070 = CARTESIAN_POINT('',(8.303913667853,-0.342199324339));
#3071 = CARTESIAN_POINT('',(8.475973930322,-0.319993994317));
#3072 = CARTESIAN_POINT('',(8.647476360624,-0.294693782444));
#3073 = CARTESIAN_POINT('',(8.712031547918,-0.285170535962));
#3074 = CARTESIAN_POINT('',(8.776507784281,-0.275209418789));
#3075 = CARTESIAN_POINT('',(8.840898213604,-0.264891879745));
#3076 = CARTESIAN_POINT('',(8.841012364322,-0.264873588913));
#3077 = CARTESIAN_POINT('',(8.841126514756,-0.26485529697));
#3078 = CARTESIAN_POINT('',(8.841240664904,-0.264837003916));
#3079 = CARTESIAN_POINT('',(9.154553723475,-0.214627232288));
#3080 = CARTESIAN_POINT('',(9.466364055541,-0.155945440392));
#3081 = CARTESIAN_POINT('',(9.777749776012,-9.45337348898E-02));
#3082 = CARTESIAN_POINT('',(9.935229146584,-6.34755453438E-02));
#3083 = CARTESIAN_POINT('',(10.092599766478,-3.17184403432E-02));
#3084 = CARTESIAN_POINT('',(10.25,0.));
#3085 = ( GEOMETRIC_REPRESENTATION_CONTEXT(2) 
PARAMETRIC_REPRESENTATION_CONTEXT() REPRESENTATION_CONTEXT('2D SPACE',''
  ) );
#3086 = ORIENTED_EDGE('',*,*,#2786,.F.);
#3087 = ADVANCED_FACE('',(#3088),#3103,.T.);
#3088 = FACE_BOUND('',#3089,.T.);
#3089 = EDGE_LOOP('',(#3090,#3153,#3181,#3225));
#3090 = ORIENTED_EDGE('',*,*,#3091,.T.);
#3091 = EDGE_CURVE('',#3092,#3094,#3096,.T.);
#3092 = VERTEX_POINT('',#3093);
#3093 = CARTESIAN_POINT('',(-19.7,37.,9.85));
#3094 = VERTEX_POINT('',#3095);
#3095 = CARTESIAN_POINT('',(-19.7,36.6,10.25));
#3096 = SURFACE_CURVE('',#3097,(#3102,#3114),.PCURVE_S1.);
#3097 = CIRCLE('',#3098,0.4);
#3098 = AXIS2_PLACEMENT_3D('',#3099,#3100,#3101);
#3099 = CARTESIAN_POINT('',(-19.7,36.6,9.85));
#3100 = DIRECTION('',(1.,0.,0.));
#3101 = DIRECTION('',(0.,0.,-1.));
#3102 = PCURVE('',#3103,#3108);
#3103 = CYLINDRICAL_SURFACE('',#3104,0.4);
#3104 = AXIS2_PLACEMENT_3D('',#3105,#3106,#3107);
#3105 = CARTESIAN_POINT('',(0.,36.6,9.85));
#3106 = DIRECTION('',(1.,0.,0.));
#3107 = DIRECTION('',(0.,0.,-1.));
#3108 = DEFINITIONAL_REPRESENTATION('',(#3109),#3113);
#3109 = LINE('',#3110,#3111);
#3110 = CARTESIAN_POINT('',(0.,-19.7));
#3111 = VECTOR('',#3112,1.);
#3112 = DIRECTION('',(1.,0.));
#3113 = ( GEOMETRIC_REPRESENTATION_CONTEXT(2) 
PARAMETRIC_REPRESENTATION_CONTEXT() REPRESENTATION_CONTEXT('2D SPACE',''
  ) );
#3114 = PCURVE('',#3115,#3125);
#3115 = ( BOUNDED_SURFACE() B_SPLINE_SURFACE(2,2,(
    (#3116,#3117,#3118)
    ,(#3119,#3120,#3121)
    ,(#3122,#3123,#3124
)),.UNSPECIFIED.,.F.,.F.,.F.) B_SPLINE_SURFACE_WITH_KNOTS((3,3),(3,3),(
    -1.570796326795,0.),(-3.14159265359,-1.570796326795),
.PIECEWISE_BEZIER_KNOTS.) GEOMETRIC_REPRESENTATION_ITEM() 
RATIONAL_B_SPLINE_SURFACE((
    (1.,0.707106781187,1.)
    ,(0.707106781187,0.5,0.707106781187)
,(1.,0.707106781187,1.))) REPRESENTATION_ITEM('') SURFACE() );
#3116 = CARTESIAN_POINT('',(-19.7,37.,9.85));
#3117 = CARTESIAN_POINT('',(-20.1,37.,9.85));
#3118 = CARTESIAN_POINT('',(-20.1,37.,9.45));
#3119 = CARTESIAN_POINT('',(-19.7,37.,10.25));
#3120 = CARTESIAN_POINT('',(-20.5,37.,10.25));
#3121 = CARTESIAN_POINT('',(-20.5,37.,9.45));
#3122 = CARTESIAN_POINT('',(-19.7,36.6,10.25));
#3123 = CARTESIAN_POINT('',(-20.5,36.6,10.25));
#3124 = CARTESIAN_POINT('',(-20.5,36.6,9.45));
#3125 = DEFINITIONAL_REPRESENTATION('',(#3126),#3152);
#3126 = B_SPLINE_CURVE_WITH_KNOTS('',3,(#3127,#3128,#3129,#3130,#3131,
    #3132,#3133,#3134,#3135,#3136,#3137,#3138,#3139,#3140,#3141,#3142,
    #3143,#3144,#3145,#3146,#3147,#3148,#3149,#3150,#3151),
  .UNSPECIFIED.,.F.,.F.,(4,1,1,1,1,1,1,1,1,1,1,1,1,1,1,1,1,1,1,1,1,1,4),
  (1.570796326795,1.642196159831,1.713595992867,1.784995825903,
    1.856395658939,1.927795491976,1.999195325012,2.070595158048,
    2.141994991084,2.21339482412,2.284794657156,2.356194490192,
    2.427594323228,2.498994156265,2.570393989301,2.641793822337,
    2.713193655373,2.784593488409,2.855993321445,2.927393154481,
    2.998792987518,3.070192820554,3.14159265359),.QUASI_UNIFORM_KNOTS.);
#3127 = CARTESIAN_POINT('',(-1.570796326795,-3.14159265359));
#3128 = CARTESIAN_POINT('',(-1.544363278267,-3.14159265359));
#3129 = CARTESIAN_POINT('',(-1.492271114166,-3.14159265359));
#3130 = CARTESIAN_POINT('',(-1.416189872242,-3.14159265359));
#3131 = CARTESIAN_POINT('',(-1.341892168614,-3.14159265359));
#3132 = CARTESIAN_POINT('',(-1.269134886861,-3.14159265359));
#3133 = CARTESIAN_POINT('',(-1.197690220556,-3.14159265359));
#3134 = CARTESIAN_POINT('',(-1.12734572285,-3.14159265359));
#3135 = CARTESIAN_POINT('',(-1.057900795762,-3.14159265359));
#3136 = CARTESIAN_POINT('',(-0.989164516627,-3.14159265359));
#3137 = CARTESIAN_POINT('',(-0.92095340603,-3.14159265359));
#3138 = CARTESIAN_POINT('',(-0.85308944002,-3.14159265359));
#3139 = CARTESIAN_POINT('',(-0.785398163397,-3.14159265359));
#3140 = CARTESIAN_POINT('',(-0.717706886775,-3.14159265359));
#3141 = CARTESIAN_POINT('',(-0.649842920765,-3.14159265359));
#3142 = CARTESIAN_POINT('',(-0.581631810168,-3.14159265359));
#3143 = CARTESIAN_POINT('',(-0.512895531033,-3.14159265359));
#3144 = CARTESIAN_POINT('',(-0.443450603945,-3.14159265359));
#3145 = CARTESIAN_POINT('',(-0.373106106239,-3.14159265359));
#3146 = CARTESIAN_POINT('',(-0.301661439934,-3.14159265359));
#3147 = CARTESIAN_POINT('',(-0.228904158181,-3.14159265359));
#3148 = CARTESIAN_POINT('',(-0.154606454553,-3.14159265359));
#3149 = CARTESIAN_POINT('',(-7.852521262872E-02,-3.14159265359));
#3150 = CARTESIAN_POINT('',(-2.643304852828E-02,-3.14159265359));
#3151 = CARTESIAN_POINT('',(0.,-3.14159265359));
#3152 = ( GEOMETRIC_REPRESENTATION_CONTEXT(2) 
PARAMETRIC_REPRESENTATION_CONTEXT() REPRESENTATION_CONTEXT('2D SPACE',''
  ) );
#3153 = ORIENTED_EDGE('',*,*,#3154,.F.);
#3154 = EDGE_CURVE('',#3155,#3094,#3157,.T.);
#3155 = VERTEX_POINT('',#3156);
#3156 = CARTESIAN_POINT('',(-13.08548937575,36.6,10.25));
#3157 = SURFACE_CURVE('',#3158,(#3162,#3169),.PCURVE_S1.);
#3158 = LINE('',#3159,#3160);
#3159 = CARTESIAN_POINT('',(-20.5,36.6,10.25));
#3160 = VECTOR('',#3161,1.);
#3161 = DIRECTION('',(-1.,0.,0.));
#3162 = PCURVE('',#3103,#3163);
#3163 = DEFINITIONAL_REPRESENTATION('',(#3164),#3168);
#3164 = LINE('',#3165,#3166);
#3165 = CARTESIAN_POINT('',(3.14159265359,-20.5));
#3166 = VECTOR('',#3167,1.);
#3167 = DIRECTION('',(0.,-1.));
#3168 = ( GEOMETRIC_REPRESENTATION_CONTEXT(2) 
PARAMETRIC_REPRESENTATION_CONTEXT() REPRESENTATION_CONTEXT('2D SPACE',''
  ) );
#3169 = PCURVE('',#3170,#3175);
#3170 = PLANE('',#3171);
#3171 = AXIS2_PLACEMENT_3D('',#3172,#3173,#3174);
#3172 = CARTESIAN_POINT('',(-20.5,37.,10.25));
#3173 = DIRECTION('',(0.,0.,-1.));
#3174 = DIRECTION('',(0.,-1.,0.));
#3175 = DEFINITIONAL_REPRESENTATION('',(#3176),#3180);
#3176 = LINE('',#3177,#3178);
#3177 = CARTESIAN_POINT('',(0.4,0.));
#3178 = VECTOR('',#3179,1.);
#3179 = DIRECTION('',(0.,1.));
#3180 = ( GEOMETRIC_REPRESENTATION_CONTEXT(2) 
PARAMETRIC_REPRESENTATION_CONTEXT() REPRESENTATION_CONTEXT('2D SPACE',''
  ) );
#3181 = ORIENTED_EDGE('',*,*,#3182,.T.);
#3182 = EDGE_CURVE('',#3155,#1345,#3183,.T.);
#3183 = SURFACE_CURVE('',#3184,(#3189,#3196),.PCURVE_S1.);
#3184 = CIRCLE('',#3185,0.4);
#3185 = AXIS2_PLACEMENT_3D('',#3186,#3187,#3188);
#3186 = CARTESIAN_POINT('',(-13.08548937575,36.6,9.85));
#3187 = DIRECTION('',(-1.,0.,0.));
#3188 = DIRECTION('',(0.,0.,1.));
#3189 = PCURVE('',#3103,#3190);
#3190 = DEFINITIONAL_REPRESENTATION('',(#3191),#3195);
#3191 = LINE('',#3192,#3193);
#3192 = CARTESIAN_POINT('',(3.14159265359,-13.08548937575));
#3193 = VECTOR('',#3194,1.);
#3194 = DIRECTION('',(-1.,0.));
#3195 = ( GEOMETRIC_REPRESENTATION_CONTEXT(2) 
PARAMETRIC_REPRESENTATION_CONTEXT() REPRESENTATION_CONTEXT('2D SPACE',''
  ) );
#3196 = PCURVE('',#1422,#3197);
#3197 = DEFINITIONAL_REPRESENTATION('',(#3198),#3224);
#3198 = B_SPLINE_CURVE_WITH_KNOTS('',3,(#3199,#3200,#3201,#3202,#3203,
    #3204,#3205,#3206,#3207,#3208,#3209,#3210,#3211,#3212,#3213,#3214,
    #3215,#3216,#3217,#3218,#3219,#3220,#3221,#3222,#3223),
  .UNSPECIFIED.,.F.,.F.,(4,1,1,1,1,1,1,1,1,1,1,1,1,1,1,1,1,1,1,1,1,1,4),
  (0.,7.139983303613E-02,0.142799666072,0.214199499108,0.285599332145,
    0.356999165181,0.428398998217,0.499798831253,0.571198664289,
    0.642598497325,0.713998330361,0.785398163397,0.856797996434,
    0.92819782947,0.999597662506,1.070997495542,1.142397328578,
    1.213797161614,1.28519699465,1.356596827687,1.427996660723,
    1.499396493759,1.570796326795),.QUASI_UNIFORM_KNOTS.);
#3199 = CARTESIAN_POINT('',(1.369303019906E-03,0.));
#3200 = CARTESIAN_POINT('',(1.369303019906E-03,1.682780133705E-02));
#3201 = CARTESIAN_POINT('',(1.369303019906E-03,4.99907029888E-02));
#3202 = CARTESIAN_POINT('',(1.369303019906E-03,9.842552590405E-02));
#3203 = CARTESIAN_POINT('',(1.369303019906E-03,0.145724913075));
#3204 = CARTESIAN_POINT('',(1.369303019906E-03,0.192043637223));
#3205 = CARTESIAN_POINT('',(1.369303019906E-03,0.237526724423));
#3206 = CARTESIAN_POINT('',(1.369303019906E-03,0.282309422539));
#3207 = CARTESIAN_POINT('',(1.369303019906E-03,0.326519436214));
#3208 = CARTESIAN_POINT('',(1.369303019906E-03,0.370278310591));
#3209 = CARTESIAN_POINT('',(1.369303019906E-03,0.413702852292));
#3210 = CARTESIAN_POINT('',(1.369303019906E-03,0.456906394885));
#3211 = CARTESIAN_POINT('',(1.369303019906E-03,0.5));
#3212 = CARTESIAN_POINT('',(1.369303019906E-03,0.543093605115));
#3213 = CARTESIAN_POINT('',(1.369303019906E-03,0.586297147708));
#3214 = CARTESIAN_POINT('',(1.369303019906E-03,0.629721689409));
#3215 = CARTESIAN_POINT('',(1.369303019906E-03,0.673480563786));
#3216 = CARTESIAN_POINT('',(1.369303019906E-03,0.717690577461));
#3217 = CARTESIAN_POINT('',(1.369303019906E-03,0.762473275577));
#3218 = CARTESIAN_POINT('',(1.369303019906E-03,0.807956362777));
#3219 = CARTESIAN_POINT('',(1.369303019906E-03,0.854275086925));
#3220 = CARTESIAN_POINT('',(1.369303019906E-03,0.901574474096));
#3221 = CARTESIAN_POINT('',(1.369303019906E-03,0.950009297011));
#3222 = CARTESIAN_POINT('',(1.369303019906E-03,0.983172198663));
#3223 = CARTESIAN_POINT('',(1.369303019906E-03,1.));
#3224 = ( GEOMETRIC_REPRESENTATION_CONTEXT(2) 
PARAMETRIC_REPRESENTATION_CONTEXT() REPRESENTATION_CONTEXT('2D SPACE',''
  ) );
#3225 = ORIENTED_EDGE('',*,*,#3226,.F.);
#3226 = EDGE_CURVE('',#3092,#1345,#3227,.T.);
#3227 = SURFACE_CURVE('',#3228,(#3232,#3239),.PCURVE_S1.);
#3228 = LINE('',#3229,#3230);
#3229 = CARTESIAN_POINT('',(0.,37.,9.85));
#3230 = VECTOR('',#3231,1.);
#3231 = DIRECTION('',(1.,0.,0.));
#3232 = PCURVE('',#3103,#3233);
#3233 = DEFINITIONAL_REPRESENTATION('',(#3234),#3238);
#3234 = LINE('',#3235,#3236);
#3235 = CARTESIAN_POINT('',(1.570796326795,0.));
#3236 = VECTOR('',#3237,1.);
#3237 = DIRECTION('',(0.,1.));
#3238 = ( GEOMETRIC_REPRESENTATION_CONTEXT(2) 
PARAMETRIC_REPRESENTATION_CONTEXT() REPRESENTATION_CONTEXT('2D SPACE',''
  ) );
#3239 = PCURVE('',#1361,#3240);
#3240 = DEFINITIONAL_REPRESENTATION('',(#3241),#3245);
#3241 = LINE('',#3242,#3243);
#3242 = CARTESIAN_POINT('',(-9.85,0.));
#3243 = VECTOR('',#3244,1.);
#3244 = DIRECTION('',(0.,1.));
#3245 = ( GEOMETRIC_REPRESENTATION_CONTEXT(2) 
PARAMETRIC_REPRESENTATION_CONTEXT() REPRESENTATION_CONTEXT('2D SPACE',''
  ) );
#3246 = ADVANCED_FACE('',(#3247),#1422,.T.);
#3247 = FACE_BOUND('',#3248,.T.);
#3248 = EDGE_LOOP('',(#3249,#3352,#3353));
#3249 = ORIENTED_EDGE('',*,*,#3250,.F.);
#3250 = EDGE_CURVE('',#1378,#3155,#3251,.T.);
#3251 = SURFACE_CURVE('',#3252,(#3275,#3326),.PCURVE_S1.);
#3252 = B_SPLINE_CURVE_WITH_KNOTS('',3,(#3253,#3254,#3255,#3256,#3257,
    #3258,#3259,#3260,#3261,#3262,#3263,#3264,#3265,#3266,#3267,#3268,
    #3269,#3270,#3271,#3272,#3273,#3274),.UNSPECIFIED.,.F.,.F.,(4,3,3,3,
    3,3,3,4),(-1.984943327871E-05,8.819094567394E-04,1.413420517386E-03,
    1.413773444002E-03,1.933478007474E-03,2.129100180924E-03,
    2.507680514746E-03,2.84669046805E-03),.UNSPECIFIED.);
#3253 = CARTESIAN_POINT('',(-10.25,37.,10.25));
#3254 = CARTESIAN_POINT('',(-10.54466297697,36.940621116963,10.25));
#3255 = CARTESIAN_POINT('',(-10.83944586166,36.881057261736,10.25));
#3256 = CARTESIAN_POINT('',(-11.13505003779,36.826212444729,10.25));
#3257 = CARTESIAN_POINT('',(-11.30928385009,36.793886035551,10.25));
#3258 = CARTESIAN_POINT('',(-11.48380332378,36.763200519207,10.25));
#3259 = CARTESIAN_POINT('',(-11.6587532824,36.735163968892,10.25));
#3260 = CARTESIAN_POINT('',(-11.65886945025,36.73514535245,10.25));
#3261 = CARTESIAN_POINT('',(-11.65898561839,36.735126737159,10.25));
#3262 = CARTESIAN_POINT('',(-11.65910178683,36.735108123019,10.25));
#3263 = CARTESIAN_POINT('',(-11.83016643798,36.70769774107,10.25));
#3264 = CARTESIAN_POINT('',(-12.00183707423,36.682805666145,10.25));
#3265 = CARTESIAN_POINT('',(-12.17398360533,36.66194783226,10.25));
#3266 = CARTESIAN_POINT('',(-12.23878134029,36.654096727834,10.25));
#3267 = CARTESIAN_POINT('',(-12.30364644491,36.646816792092,10.25));
#3268 = CARTESIAN_POINT('',(-12.36857168827,36.640186719367,10.25));
#3269 = CARTESIAN_POINT('',(-12.49421910272,36.627355785628,10.25));
#3270 = CARTESIAN_POINT('',(-12.62008789886,36.616867160358,10.25));
#3271 = CARTESIAN_POINT('',(-12.74618552075,36.609831461534,10.25));
#3272 = CARTESIAN_POINT('',(-12.85910303148,36.603531155584,10.25));
#3273 = CARTESIAN_POINT('',(-12.97220406942,36.600000007612,10.25));
#3274 = CARTESIAN_POINT('',(-13.08548937575,36.6,10.25));
#3275 = PCURVE('',#1422,#3276);
#3276 = DEFINITIONAL_REPRESENTATION('',(#3277),#3325);
#3277 = B_SPLINE_CURVE_WITH_KNOTS('',3,(#3278,#3279,#3280,#3281,#3282,
    #3283,#3284,#3285,#3286,#3287,#3288,#3289,#3290,#3291,#3292,#3293,
    #3294,#3295,#3296,#3297,#3298,#3299,#3300,#3301,#3302,#3303,#3304,
    #3305,#3306,#3307,#3308,#3309,#3310,#3311,#3312,#3313,#3314,#3315,
    #3316,#3317,#3318,#3319,#3320,#3321,#3322,#3323,#3324),
  .UNSPECIFIED.,.F.,.F.,(4,1,1,1,1,1,1,1,1,1,1,1,1,1,1,1,1,1,1,1,1,1,1,1
    ,1,1,1,1,1,1,1,1,1,1,1,1,1,1,1,1,1,1,1,1,4),(-1.984943327871E-05,
    4.52992008424E-05,1.104478349635E-04,1.755964690846E-04,
    2.407451032057E-04,3.058937373268E-04,3.710423714479E-04,
    4.36191005569E-04,5.013396396901E-04,5.664882738113E-04,
    6.316369079324E-04,6.967855420535E-04,7.619341761746E-04,
    8.270828102957E-04,8.922314444168E-04,9.573800785379E-04,
    1.022528712659E-03,1.08767734678E-03,1.152825980901E-03,
    1.217974615022E-03,1.283123249143E-03,1.348271883265E-03,
    1.413420517386E-03,1.478569151507E-03,1.543717785628E-03,
    1.608866419749E-03,1.67401505387E-03,1.739163687991E-03,
    1.804312322112E-03,1.869460956233E-03,1.934609590355E-03,
    1.999758224476E-03,2.064906858597E-03,2.130055492718E-03,
    2.195204126839E-03,2.26035276096E-03,2.325501395081E-03,
    2.390650029202E-03,2.455798663323E-03,2.520947297444E-03,
    2.586095931566E-03,2.651244565687E-03,2.716393199808E-03,
    2.781541833929E-03,2.84669046805E-03),.UNSPECIFIED.);
#3278 = CARTESIAN_POINT('',(4.292950657901E-03,-3.828909659145E-06));
#3279 = CARTESIAN_POINT('',(4.270850674037E-03,-3.828909659145E-06));
#3280 = CARTESIAN_POINT('',(4.226645261674E-03,-3.828907272281E-06));
#3281 = CARTESIAN_POINT('',(4.160321421258E-03,-3.82891801317E-06));
#3282 = CARTESIAN_POINT('',(4.093982470863E-03,-3.828878629908E-06));
#3283 = CARTESIAN_POINT('',(4.027629022899E-03,-3.829025422067E-06));
#3284 = CARTESIAN_POINT('',(3.961261690039E-03,-3.828477636694E-06));
#3285 = CARTESIAN_POINT('',(3.89488108525E-03,-3.830521986028E-06));
#3286 = CARTESIAN_POINT('',(3.828487821796E-03,-3.822892374064E-06));
#3287 = CARTESIAN_POINT('',(3.762082513226E-03,-3.851366472588E-06));
#3288 = CARTESIAN_POINT('',(3.695665773604E-03,-3.745099690456E-06));
#3289 = CARTESIAN_POINT('',(3.629238216931E-03,-4.141692720458E-06));
#3290 = CARTESIAN_POINT('',(3.562800460214E-03,-1.721653928055E-06));
#3291 = CARTESIAN_POINT('',(3.496353116695E-03,-4.864007226128E-07));
#3292 = CARTESIAN_POINT('',(3.429896802639E-03,5.016102125121E-07));
#3293 = CARTESIAN_POINT('',(3.363432136483E-03,6.747287750088E-07));
#3294 = CARTESIAN_POINT('',(3.296959729981E-03,6.942943681976E-07));
#3295 = CARTESIAN_POINT('',(3.230480194719E-03,7.658985430239E-07));
#3296 = CARTESIAN_POINT('',(3.163994138998E-03,8.104533609893E-07));
#3297 = CARTESIAN_POINT('',(3.097502195601E-03,8.27572731128E-07));
#3298 = CARTESIAN_POINT('',(3.031004905561E-03,8.07145550586E-07));
#3299 = CARTESIAN_POINT('',(2.964503155219E-03,7.393633420207E-07));
#3300 = CARTESIAN_POINT('',(2.897996543963E-03,6.769815615885E-07));
#3301 = CARTESIAN_POINT('',(2.831489475781E-03,4.863220823671E-07));
#3302 = CARTESIAN_POINT('',(2.76496842473E-03,7.883845014948E-07));
#3303 = CARTESIAN_POINT('',(2.698423266462E-03,1.53957694806E-06));
#3304 = CARTESIAN_POINT('',(2.631861809408E-03,2.119754783325E-06));
#3305 = CARTESIAN_POINT('',(2.565287060326E-03,2.304997622392E-06));
#3306 = CARTESIAN_POINT('',(2.498703315381E-03,1.996510331138E-06));
#3307 = CARTESIAN_POINT('',(2.432114526811E-03,1.3032783149E-06));
#3308 = CARTESIAN_POINT('',(2.365524738933E-03,4.603177454281E-07));
#3309 = CARTESIAN_POINT('',(2.298937967554E-03,5.659232577831E-08));
#3310 = CARTESIAN_POINT('',(2.232358232187E-03,1.924419509515E-07));
#3311 = CARTESIAN_POINT('',(2.165789558125E-03,1.762574803854E-07));
#3312 = CARTESIAN_POINT('',(2.099235971367E-03,-5.83972464286E-08));
#3313 = CARTESIAN_POINT('',(2.032701480233E-03,4.845447813746E-07));
#3314 = CARTESIAN_POINT('',(1.96619010747E-03,1.300201570819E-06));
#3315 = CARTESIAN_POINT('',(1.899705892128E-03,1.545262726329E-06));
#3316 = CARTESIAN_POINT('',(1.833252867242E-03,1.107129741376E-06));
#3317 = CARTESIAN_POINT('',(1.766835057094E-03,2.486208877803E-07));
#3318 = CARTESIAN_POINT('',(1.700456460164E-03,-1.735067551672E-07));
#3319 = CARTESIAN_POINT('',(1.63412105442E-03,6.515324939412E-07));
#3320 = CARTESIAN_POINT('',(1.56783291083E-03,1.254674648991E-06));
#3321 = CARTESIAN_POINT('',(1.501596083656E-03,1.167393391248E-06));
#3322 = CARTESIAN_POINT('',(1.435414612084E-03,4.164412001796E-07));
#3323 = CARTESIAN_POINT('',(1.391333182075E-03,4.762865294587E-08));
#3324 = CARTESIAN_POINT('',(1.369303019906E-03,0.));
#3325 = ( GEOMETRIC_REPRESENTATION_CONTEXT(2) 
PARAMETRIC_REPRESENTATION_CONTEXT() REPRESENTATION_CONTEXT('2D SPACE',''
  ) );
#3326 = PCURVE('',#3170,#3327);
#3327 = DEFINITIONAL_REPRESENTATION('',(#3328),#3351);
#3328 = B_SPLINE_CURVE_WITH_KNOTS('',3,(#3329,#3330,#3331,#3332,#3333,
    #3334,#3335,#3336,#3337,#3338,#3339,#3340,#3341,#3342,#3343,#3344,
    #3345,#3346,#3347,#3348,#3349,#3350),.UNSPECIFIED.,.F.,.F.,(4,3,3,3,
    3,3,3,4),(-1.984943327871E-05,8.819094567394E-04,1.413420517386E-03,
    1.413773444002E-03,1.933478007474E-03,2.129100180924E-03,
    2.507680514746E-03,2.84669046805E-03),.UNSPECIFIED.);
#3329 = CARTESIAN_POINT('',(0.,-10.25));
#3330 = CARTESIAN_POINT('',(5.93788830375E-02,-9.95533702303));
#3331 = CARTESIAN_POINT('',(0.118942738264,-9.660554138339));
#3332 = CARTESIAN_POINT('',(0.173787555271,-9.364949962208));
#3333 = CARTESIAN_POINT('',(0.206113964449,-9.190716149904));
#3334 = CARTESIAN_POINT('',(0.236799480793,-9.016196676213));
#3335 = CARTESIAN_POINT('',(0.264836031108,-8.841246717595));
#3336 = CARTESIAN_POINT('',(0.26485464755,-8.841130549746));
#3337 = CARTESIAN_POINT('',(0.264873262841,-8.841014381601));
#3338 = CARTESIAN_POINT('',(0.264891876981,-8.840898213161));
#3339 = CARTESIAN_POINT('',(0.29230225893,-8.669833562014));
#3340 = CARTESIAN_POINT('',(0.317194333855,-8.498162925767));
#3341 = CARTESIAN_POINT('',(0.33805216774,-8.326016394669));
#3342 = CARTESIAN_POINT('',(0.345903272166,-8.261218659701));
#3343 = CARTESIAN_POINT('',(0.353183207908,-8.196353555083));
#3344 = CARTESIAN_POINT('',(0.359813280633,-8.131428311727));
#3345 = CARTESIAN_POINT('',(0.372644214372,-8.005780897276));
#3346 = CARTESIAN_POINT('',(0.383132839642,-7.879912101134));
#3347 = CARTESIAN_POINT('',(0.390168538466,-7.753814479247));
#3348 = CARTESIAN_POINT('',(0.396468844416,-7.640896968515));
#3349 = CARTESIAN_POINT('',(0.399999992388,-7.527795930575));
#3350 = CARTESIAN_POINT('',(0.4,-7.414510624248));
#3351 = ( GEOMETRIC_REPRESENTATION_CONTEXT(2) 
PARAMETRIC_REPRESENTATION_CONTEXT() REPRESENTATION_CONTEXT('2D SPACE',''
  ) );
#3352 = ORIENTED_EDGE('',*,*,#1377,.F.);
#3353 = ORIENTED_EDGE('',*,*,#3182,.F.);
#3354 = ADVANCED_FACE('',(#3355),#3115,.F.);
#3355 = FACE_BOUND('',#3356,.F.);
#3356 = EDGE_LOOP('',(#3357,#3407,#3408,#3459));
#3357 = ORIENTED_EDGE('',*,*,#3358,.T.);
#3358 = EDGE_CURVE('',#3359,#3092,#3361,.T.);
#3359 = VERTEX_POINT('',#3360);
#3360 = CARTESIAN_POINT('',(-20.1,37.,9.45));
#3361 = SURFACE_CURVE('',#3362,(#3367,#3396),.PCURVE_S1.);
#3362 = CIRCLE('',#3363,0.4);
#3363 = AXIS2_PLACEMENT_3D('',#3364,#3365,#3366);
#3364 = CARTESIAN_POINT('',(-19.7,37.,9.45));
#3365 = DIRECTION('',(0.,1.,0.));
#3366 = DIRECTION('',(0.,0.,-1.));
#3367 = PCURVE('',#3115,#3368);
#3368 = DEFINITIONAL_REPRESENTATION('',(#3369),#3395);
#3369 = B_SPLINE_CURVE_WITH_KNOTS('',3,(#3370,#3371,#3372,#3373,#3374,
    #3375,#3376,#3377,#3378,#3379,#3380,#3381,#3382,#3383,#3384,#3385,
    #3386,#3387,#3388,#3389,#3390,#3391,#3392,#3393,#3394),
  .UNSPECIFIED.,.F.,.F.,(4,1,1,1,1,1,1,1,1,1,1,1,1,1,1,1,1,1,1,1,1,1,4),
  (1.570796326795,1.642196159831,1.713595992867,1.784995825903,
    1.856395658939,1.927795491976,1.999195325012,2.070595158048,
    2.141994991084,2.21339482412,2.284794657156,2.356194490192,
    2.427594323228,2.498994156265,2.570393989301,2.641793822337,
    2.713193655373,2.784593488409,2.855993321445,2.927393154481,
    2.998792987518,3.070192820554,3.14159265359),.QUASI_UNIFORM_KNOTS.);
#3370 = CARTESIAN_POINT('',(-1.570796326795,-1.570796326795));
#3371 = CARTESIAN_POINT('',(-1.570796326795,-1.597229375323));
#3372 = CARTESIAN_POINT('',(-1.570796326795,-1.649321539424));
#3373 = CARTESIAN_POINT('',(-1.570796326795,-1.725402781348));
#3374 = CARTESIAN_POINT('',(-1.570796326795,-1.799700484976));
#3375 = CARTESIAN_POINT('',(-1.570796326795,-1.872457766729));
#3376 = CARTESIAN_POINT('',(-1.570796326795,-1.943902433034));
#3377 = CARTESIAN_POINT('',(-1.570796326795,-2.014246930739));
#3378 = CARTESIAN_POINT('',(-1.570796326795,-2.083691857828));
#3379 = CARTESIAN_POINT('',(-1.570796326795,-2.152428136962));
#3380 = CARTESIAN_POINT('',(-1.570796326795,-2.22063924756));
#3381 = CARTESIAN_POINT('',(-1.570796326795,-2.28850321357));
#3382 = CARTESIAN_POINT('',(-1.570796326795,-2.356194490192));
#3383 = CARTESIAN_POINT('',(-1.570796326795,-2.423885766815));
#3384 = CARTESIAN_POINT('',(-1.570796326795,-2.491749732825));
#3385 = CARTESIAN_POINT('',(-1.570796326795,-2.559960843422));
#3386 = CARTESIAN_POINT('',(-1.570796326795,-2.628697122557));
#3387 = CARTESIAN_POINT('',(-1.570796326795,-2.698142049645));
#3388 = CARTESIAN_POINT('',(-1.570796326795,-2.768486547351));
#3389 = CARTESIAN_POINT('',(-1.570796326795,-2.839931213656));
#3390 = CARTESIAN_POINT('',(-1.570796326795,-2.912688495409));
#3391 = CARTESIAN_POINT('',(-1.570796326795,-2.986986199037));
#3392 = CARTESIAN_POINT('',(-1.570796326795,-3.063067440961));
#3393 = CARTESIAN_POINT('',(-1.570796326795,-3.115159605062));
#3394 = CARTESIAN_POINT('',(-1.570796326795,-3.14159265359));
#3395 = ( GEOMETRIC_REPRESENTATION_CONTEXT(2) 
PARAMETRIC_REPRESENTATION_CONTEXT() REPRESENTATION_CONTEXT('2D SPACE',''
  ) );
#3396 = PCURVE('',#1361,#3397);
#3397 = DEFINITIONAL_REPRESENTATION('',(#3398),#3406);
#3398 = ( BOUNDED_CURVE() B_SPLINE_CURVE(2,(#3399,#3400,#3401,#3402,
#3403,#3404,#3405),.UNSPECIFIED.,.T.,.F.) B_SPLINE_CURVE_WITH_KNOTS((1,2
    ,2,2,2,1),(-2.094395102393,0.,2.094395102393,4.188790204786,
6.28318530718,8.377580409573),.UNSPECIFIED.) CURVE() 
GEOMETRIC_REPRESENTATION_ITEM() RATIONAL_B_SPLINE_CURVE((1.,0.5,1.,0.5,
1.,0.5,1.)) REPRESENTATION_ITEM('') );
#3399 = CARTESIAN_POINT('',(-9.05,-19.7));
#3400 = CARTESIAN_POINT('',(-9.05,-20.39282032302));
#3401 = CARTESIAN_POINT('',(-9.65,-20.04641016151));
#3402 = CARTESIAN_POINT('',(-10.25,-19.7));
#3403 = CARTESIAN_POINT('',(-9.65,-19.35358983848));
#3404 = CARTESIAN_POINT('',(-9.05,-19.00717967697));
#3405 = CARTESIAN_POINT('',(-9.05,-19.7));
#3406 = ( GEOMETRIC_REPRESENTATION_CONTEXT(2) 
PARAMETRIC_REPRESENTATION_CONTEXT() REPRESENTATION_CONTEXT('2D SPACE',''
  ) );
#3407 = ORIENTED_EDGE('',*,*,#3091,.T.);
#3408 = ORIENTED_EDGE('',*,*,#3409,.T.);
#3409 = EDGE_CURVE('',#3094,#3410,#3412,.T.);
#3410 = VERTEX_POINT('',#3411);
#3411 = CARTESIAN_POINT('',(-20.5,36.6,9.45));
#3412 = SURFACE_CURVE('',#3413,(#3418,#3447),.PCURVE_S1.);
#3413 = CIRCLE('',#3414,0.8);
#3414 = AXIS2_PLACEMENT_3D('',#3415,#3416,#3417);
#3415 = CARTESIAN_POINT('',(-19.7,36.6,9.45));
#3416 = DIRECTION('',(0.,-1.,0.));
#3417 = DIRECTION('',(0.,0.,-1.));
#3418 = PCURVE('',#3115,#3419);
#3419 = DEFINITIONAL_REPRESENTATION('',(#3420),#3446);
#3420 = B_SPLINE_CURVE_WITH_KNOTS('',3,(#3421,#3422,#3423,#3424,#3425,
    #3426,#3427,#3428,#3429,#3430,#3431,#3432,#3433,#3434,#3435,#3436,
    #3437,#3438,#3439,#3440,#3441,#3442,#3443,#3444,#3445),
  .UNSPECIFIED.,.F.,.F.,(4,1,1,1,1,1,1,1,1,1,1,1,1,1,1,1,1,1,1,1,1,1,4),
  (3.14159265359,3.212992486626,3.284392319662,3.355792152698,
    3.427191985734,3.49859181877,3.569991651807,3.641391484843,
    3.712791317879,3.784191150915,3.855590983951,3.926990816987,
    3.998390650023,4.06979048306,4.141190316096,4.212590149132,
    4.283989982168,4.355389815204,4.42678964824,4.498189481276,
    4.569589314312,4.640989147349,4.712388980385),
  .QUASI_UNIFORM_KNOTS.);
#3421 = CARTESIAN_POINT('',(0.,-3.14159265359));
#3422 = CARTESIAN_POINT('',(0.,-3.115159605062));
#3423 = CARTESIAN_POINT('',(0.,-3.063067440961));
#3424 = CARTESIAN_POINT('',(0.,-2.986986199037));
#3425 = CARTESIAN_POINT('',(0.,-2.912688495409));
#3426 = CARTESIAN_POINT('',(0.,-2.839931213656));
#3427 = CARTESIAN_POINT('',(0.,-2.768486547351));
#3428 = CARTESIAN_POINT('',(0.,-2.698142049645));
#3429 = CARTESIAN_POINT('',(0.,-2.628697122557));
#3430 = CARTESIAN_POINT('',(0.,-2.559960843422));
#3431 = CARTESIAN_POINT('',(0.,-2.491749732825));
#3432 = CARTESIAN_POINT('',(0.,-2.423885766815));
#3433 = CARTESIAN_POINT('',(0.,-2.356194490192));
#3434 = CARTESIAN_POINT('',(0.,-2.28850321357));
#3435 = CARTESIAN_POINT('',(0.,-2.22063924756));
#3436 = CARTESIAN_POINT('',(0.,-2.152428136962));
#3437 = CARTESIAN_POINT('',(0.,-2.083691857828));
#3438 = CARTESIAN_POINT('',(0.,-2.014246930739));
#3439 = CARTESIAN_POINT('',(0.,-1.943902433034));
#3440 = CARTESIAN_POINT('',(0.,-1.872457766729));
#3441 = CARTESIAN_POINT('',(0.,-1.799700484976));
#3442 = CARTESIAN_POINT('',(0.,-1.725402781348));
#3443 = CARTESIAN_POINT('',(0.,-1.649321539424));
#3444 = CARTESIAN_POINT('',(-0.,-1.597229375323));
#3445 = CARTESIAN_POINT('',(0.,-1.570796326795));
#3446 = ( GEOMETRIC_REPRESENTATION_CONTEXT(2) 
PARAMETRIC_REPRESENTATION_CONTEXT() REPRESENTATION_CONTEXT('2D SPACE',''
  ) );
#3447 = PCURVE('',#3448,#3453);
#3448 = CYLINDRICAL_SURFACE('',#3449,0.8);
#3449 = AXIS2_PLACEMENT_3D('',#3450,#3451,#3452);
#3450 = CARTESIAN_POINT('',(-19.7,37.,9.45));
#3451 = DIRECTION('',(0.,-1.,0.));
#3452 = DIRECTION('',(0.,0.,-1.));
#3453 = DEFINITIONAL_REPRESENTATION('',(#3454),#3458);
#3454 = LINE('',#3455,#3456);
#3455 = CARTESIAN_POINT('',(0.,0.4));
#3456 = VECTOR('',#3457,1.);
#3457 = DIRECTION('',(1.,0.));
#3458 = ( GEOMETRIC_REPRESENTATION_CONTEXT(2) 
PARAMETRIC_REPRESENTATION_CONTEXT() REPRESENTATION_CONTEXT('2D SPACE',''
  ) );
#3459 = ORIENTED_EDGE('',*,*,#3460,.F.);
#3460 = EDGE_CURVE('',#3359,#3410,#3461,.T.);
#3461 = SURFACE_CURVE('',#3462,(#3467,#3496),.PCURVE_S1.);
#3462 = CIRCLE('',#3463,0.4);
#3463 = AXIS2_PLACEMENT_3D('',#3464,#3465,#3466);
#3464 = CARTESIAN_POINT('',(-20.1,36.6,9.45));
#3465 = DIRECTION('',(0.,0.,1.));
#3466 = DIRECTION('',(1.,0.,-0.));
#3467 = PCURVE('',#3115,#3468);
#3468 = DEFINITIONAL_REPRESENTATION('',(#3469),#3495);
#3469 = B_SPLINE_CURVE_WITH_KNOTS('',3,(#3470,#3471,#3472,#3473,#3474,
    #3475,#3476,#3477,#3478,#3479,#3480,#3481,#3482,#3483,#3484,#3485,
    #3486,#3487,#3488,#3489,#3490,#3491,#3492,#3493,#3494),
  .UNSPECIFIED.,.F.,.F.,(4,1,1,1,1,1,1,1,1,1,1,1,1,1,1,1,1,1,1,1,1,1,4),
  (1.570796326795,1.642196159831,1.713595992867,1.784995825903,
    1.856395658939,1.927795491976,1.999195325012,2.070595158048,
    2.141994991084,2.21339482412,2.284794657156,2.356194490192,
    2.427594323228,2.498994156265,2.570393989301,2.641793822337,
    2.713193655373,2.784593488409,2.855993321445,2.927393154481,
    2.998792987518,3.070192820554,3.14159265359),.QUASI_UNIFORM_KNOTS.);
#3470 = CARTESIAN_POINT('',(-1.570796326795,-1.570796326795));
#3471 = CARTESIAN_POINT('',(-1.544363278267,-1.570796326795));
#3472 = CARTESIAN_POINT('',(-1.492271114166,-1.570796326795));
#3473 = CARTESIAN_POINT('',(-1.416189872242,-1.570796326795));
#3474 = CARTESIAN_POINT('',(-1.341892168614,-1.570796326795));
#3475 = CARTESIAN_POINT('',(-1.269134886861,-1.570796326795));
#3476 = CARTESIAN_POINT('',(-1.197690220556,-1.570796326795));
#3477 = CARTESIAN_POINT('',(-1.12734572285,-1.570796326795));
#3478 = CARTESIAN_POINT('',(-1.057900795762,-1.570796326795));
#3479 = CARTESIAN_POINT('',(-0.989164516627,-1.570796326795));
#3480 = CARTESIAN_POINT('',(-0.92095340603,-1.570796326795));
#3481 = CARTESIAN_POINT('',(-0.85308944002,-1.570796326795));
#3482 = CARTESIAN_POINT('',(-0.785398163397,-1.570796326795));
#3483 = CARTESIAN_POINT('',(-0.717706886775,-1.570796326795));
#3484 = CARTESIAN_POINT('',(-0.649842920765,-1.570796326795));
#3485 = CARTESIAN_POINT('',(-0.581631810168,-1.570796326795));
#3486 = CARTESIAN_POINT('',(-0.512895531033,-1.570796326795));
#3487 = CARTESIAN_POINT('',(-0.443450603945,-1.570796326795));
#3488 = CARTESIAN_POINT('',(-0.373106106239,-1.570796326795));
#3489 = CARTESIAN_POINT('',(-0.301661439934,-1.570796326795));
#3490 = CARTESIAN_POINT('',(-0.228904158181,-1.570796326795));
#3491 = CARTESIAN_POINT('',(-0.154606454553,-1.570796326795));
#3492 = CARTESIAN_POINT('',(-7.852521262867E-02,-1.570796326795));
#3493 = CARTESIAN_POINT('',(-2.643304852824E-02,-1.570796326795));
#3494 = CARTESIAN_POINT('',(0.,-1.570796326795));
#3495 = ( GEOMETRIC_REPRESENTATION_CONTEXT(2) 
PARAMETRIC_REPRESENTATION_CONTEXT() REPRESENTATION_CONTEXT('2D SPACE',''
  ) );
#3496 = PCURVE('',#3497,#3502);
#3497 = CYLINDRICAL_SURFACE('',#3498,0.4);
#3498 = AXIS2_PLACEMENT_3D('',#3499,#3500,#3501);
#3499 = CARTESIAN_POINT('',(-20.1,36.6,3.401750426062E-15));
#3500 = DIRECTION('',(1.692413147294E-16,0.,1.));
#3501 = DIRECTION('',(1.,0.,-1.692413147294E-16));
#3502 = DEFINITIONAL_REPRESENTATION('',(#3503),#3507);
#3503 = LINE('',#3504,#3505);
#3504 = CARTESIAN_POINT('',(0.,9.45));
#3505 = VECTOR('',#3506,1.);
#3506 = DIRECTION('',(1.,0.));
#3507 = ( GEOMETRIC_REPRESENTATION_CONTEXT(2) 
PARAMETRIC_REPRESENTATION_CONTEXT() REPRESENTATION_CONTEXT('2D SPACE',''
  ) );
#3508 = ADVANCED_FACE('',(#3509),#3497,.T.);
#3509 = FACE_BOUND('',#3510,.T.);
#3510 = EDGE_LOOP('',(#3511,#3557,#3578,#3579));
#3511 = ORIENTED_EDGE('',*,*,#3512,.T.);
#3512 = EDGE_CURVE('',#1246,#3513,#3515,.T.);
#3513 = VERTEX_POINT('',#3514);
#3514 = CARTESIAN_POINT('',(-20.5,36.6,2.835489375752));
#3515 = SURFACE_CURVE('',#3516,(#3521,#3528),.PCURVE_S1.);
#3516 = CIRCLE('',#3517,0.4);
#3517 = AXIS2_PLACEMENT_3D('',#3518,#3519,#3520);
#3518 = CARTESIAN_POINT('',(-20.1,36.6,2.835489375752));
#3519 = DIRECTION('',(1.692413147294E-16,-3.252606517457E-15,1.));
#3520 = DIRECTION('',(4.379057701015E-46,-1.,-3.252606517457E-15));
#3521 = PCURVE('',#3497,#3522);
#3522 = DEFINITIONAL_REPRESENTATION('',(#3523),#3527);
#3523 = LINE('',#3524,#3525);
#3524 = CARTESIAN_POINT('',(-1.570796326795,2.835489375752));
#3525 = VECTOR('',#3526,1.);
#3526 = DIRECTION('',(1.,-8.481479150569E-16));
#3527 = ( GEOMETRIC_REPRESENTATION_CONTEXT(2) 
PARAMETRIC_REPRESENTATION_CONTEXT() REPRESENTATION_CONTEXT('2D SPACE',''
  ) );
#3528 = PCURVE('',#1290,#3529);
#3529 = DEFINITIONAL_REPRESENTATION('',(#3530),#3556);
#3530 = B_SPLINE_CURVE_WITH_KNOTS('',3,(#3531,#3532,#3533,#3534,#3535,
    #3536,#3537,#3538,#3539,#3540,#3541,#3542,#3543,#3544,#3545,#3546,
    #3547,#3548,#3549,#3550,#3551,#3552,#3553,#3554,#3555),
  .UNSPECIFIED.,.F.,.F.,(4,1,1,1,1,1,1,1,1,1,1,1,1,1,1,1,1,1,1,1,1,1,4),
  (3.14159265359,3.212992486626,3.284392319662,3.355792152698,
    3.427191985734,3.49859181877,3.569991651807,3.641391484843,
    3.712791317879,3.784191150915,3.855590983951,3.926990816987,
    3.998390650023,4.06979048306,4.141190316096,4.212590149132,
    4.283989982168,4.355389815204,4.42678964824,4.498189481276,
    4.569589314312,4.640989147349,4.712388980385),
  .QUASI_UNIFORM_KNOTS.);
#3531 = CARTESIAN_POINT('',(1.369303019906E-03,2.158501765523E-14));
#3532 = CARTESIAN_POINT('',(1.369303019906E-03,1.682780133708E-02));
#3533 = CARTESIAN_POINT('',(1.369303019906E-03,4.999070298883E-02));
#3534 = CARTESIAN_POINT('',(1.369303019906E-03,9.842552590407E-02));
#3535 = CARTESIAN_POINT('',(1.369303019906E-03,0.145724913075));
#3536 = CARTESIAN_POINT('',(1.369303019906E-03,0.192043637223));
#3537 = CARTESIAN_POINT('',(1.369303019906E-03,0.237526724423));
#3538 = CARTESIAN_POINT('',(1.369303019906E-03,0.282309422539));
#3539 = CARTESIAN_POINT('',(1.369303019906E-03,0.326519436214));
#3540 = CARTESIAN_POINT('',(1.369303019906E-03,0.370278310591));
#3541 = CARTESIAN_POINT('',(1.369303019906E-03,0.413702852292));
#3542 = CARTESIAN_POINT('',(1.369303019906E-03,0.456906394885));
#3543 = CARTESIAN_POINT('',(1.369303019906E-03,0.5));
#3544 = CARTESIAN_POINT('',(1.369303019906E-03,0.543093605115));
#3545 = CARTESIAN_POINT('',(1.369303019906E-03,0.586297147708));
#3546 = CARTESIAN_POINT('',(1.369303019906E-03,0.629721689409));
#3547 = CARTESIAN_POINT('',(1.369303019906E-03,0.673480563786));
#3548 = CARTESIAN_POINT('',(1.369303019906E-03,0.717690577461));
#3549 = CARTESIAN_POINT('',(1.369303019906E-03,0.762473275577));
#3550 = CARTESIAN_POINT('',(1.369303019906E-03,0.807956362777));
#3551 = CARTESIAN_POINT('',(1.369303019906E-03,0.854275086925));
#3552 = CARTESIAN_POINT('',(1.369303019906E-03,0.901574474096));
#3553 = CARTESIAN_POINT('',(1.369303019906E-03,0.950009297011));
#3554 = CARTESIAN_POINT('',(1.369303019906E-03,0.983172198663));
#3555 = CARTESIAN_POINT('',(1.369303019906E-03,1.));
#3556 = ( GEOMETRIC_REPRESENTATION_CONTEXT(2) 
PARAMETRIC_REPRESENTATION_CONTEXT() REPRESENTATION_CONTEXT('2D SPACE',''
  ) );
#3557 = ORIENTED_EDGE('',*,*,#3558,.F.);
#3558 = EDGE_CURVE('',#3410,#3513,#3559,.T.);
#3559 = SURFACE_CURVE('',#3560,(#3564,#3571),.PCURVE_S1.);
#3560 = LINE('',#3561,#3562);
#3561 = CARTESIAN_POINT('',(-20.5,36.6,10.25));
#3562 = VECTOR('',#3563,1.);
#3563 = DIRECTION('',(-1.692413147294E-16,0.,-1.));
#3564 = PCURVE('',#3497,#3565);
#3565 = DEFINITIONAL_REPRESENTATION('',(#3566),#3570);
#3566 = LINE('',#3567,#3568);
#3567 = CARTESIAN_POINT('',(3.14159265359,10.25));
#3568 = VECTOR('',#3569,1.);
#3569 = DIRECTION('',(0.,-1.));
#3570 = ( GEOMETRIC_REPRESENTATION_CONTEXT(2) 
PARAMETRIC_REPRESENTATION_CONTEXT() REPRESENTATION_CONTEXT('2D SPACE',''
  ) );
#3571 = PCURVE('',#1981,#3572);
#3572 = DEFINITIONAL_REPRESENTATION('',(#3573),#3577);
#3573 = LINE('',#3574,#3575);
#3574 = CARTESIAN_POINT('',(-0.,-0.4));
#3575 = VECTOR('',#3576,1.);
#3576 = DIRECTION('',(1.,0.));
#3577 = ( GEOMETRIC_REPRESENTATION_CONTEXT(2) 
PARAMETRIC_REPRESENTATION_CONTEXT() REPRESENTATION_CONTEXT('2D SPACE',''
  ) );
#3578 = ORIENTED_EDGE('',*,*,#3460,.F.);
#3579 = ORIENTED_EDGE('',*,*,#3580,.F.);
#3580 = EDGE_CURVE('',#1246,#3359,#3581,.T.);
#3581 = SURFACE_CURVE('',#3582,(#3586,#3593),.PCURVE_S1.);
#3582 = LINE('',#3583,#3584);
#3583 = CARTESIAN_POINT('',(-20.1,37.,3.401750426062E-15));
#3584 = VECTOR('',#3585,1.);
#3585 = DIRECTION('',(1.692413147294E-16,0.,1.));
#3586 = PCURVE('',#3497,#3587);
#3587 = DEFINITIONAL_REPRESENTATION('',(#3588),#3592);
#3588 = LINE('',#3589,#3590);
#3589 = CARTESIAN_POINT('',(1.570796326795,0.));
#3590 = VECTOR('',#3591,1.);
#3591 = DIRECTION('',(0.,1.));
#3592 = ( GEOMETRIC_REPRESENTATION_CONTEXT(2) 
PARAMETRIC_REPRESENTATION_CONTEXT() REPRESENTATION_CONTEXT('2D SPACE',''
  ) );
#3593 = PCURVE('',#1361,#3594);
#3594 = DEFINITIONAL_REPRESENTATION('',(#3595),#3599);
#3595 = LINE('',#3596,#3597);
#3596 = CARTESIAN_POINT('',(-3.401750426062E-15,-20.1));
#3597 = VECTOR('',#3598,1.);
#3598 = DIRECTION('',(-1.,1.692413147294E-16));
#3599 = ( GEOMETRIC_REPRESENTATION_CONTEXT(2) 
PARAMETRIC_REPRESENTATION_CONTEXT() REPRESENTATION_CONTEXT('2D SPACE',''
  ) );
#3600 = ADVANCED_FACE('',(#3601),#1290,.T.);
#3601 = FACE_BOUND('',#3602,.T.);
#3602 = EDGE_LOOP('',(#3603,#3604,#3707));
#3603 = ORIENTED_EDGE('',*,*,#1245,.F.);
#3604 = ORIENTED_EDGE('',*,*,#3605,.F.);
#3605 = EDGE_CURVE('',#3513,#1223,#3606,.T.);
#3606 = SURFACE_CURVE('',#3607,(#3630,#3681),.PCURVE_S1.);
#3607 = B_SPLINE_CURVE_WITH_KNOTS('',3,(#3608,#3609,#3610,#3611,#3612,
    #3613,#3614,#3615,#3616,#3617,#3618,#3619,#3620,#3621,#3622,#3623,
    #3624,#3625,#3626,#3627,#3628,#3629),.UNSPECIFIED.,.F.,.F.,(4,3,3,3,
    3,3,3,4),(0.,3.788140637158E-04,7.180337725561E-04,
    1.238059754819E-03,1.433802606065E-03,1.434149617063E-03,
    2.386606362011E-03,2.868299234126E-03),.UNSPECIFIED.);
#3608 = CARTESIAN_POINT('',(-20.5,36.6,2.835489375752));
#3609 = CARTESIAN_POINT('',(-20.5,36.600000008501,2.708981109131));
#3610 = CARTESIAN_POINT('',(-20.5,36.604404587935,2.582702765089));
#3611 = CARTESIAN_POINT('',(-20.5,36.612149432343,2.456652906792));
#3612 = CARTESIAN_POINT('',(-20.5,36.61908477112,2.343778015581));
#3613 = CARTESIAN_POINT('',(-20.5,36.628696905827,2.231086128367));
#3614 = CARTESIAN_POINT('',(-20.5,36.640186718846,2.11857168822));
#3615 = CARTESIAN_POINT('',(-20.5,36.657800675659,1.946086332176));
#3616 = CARTESIAN_POINT('',(-20.5,36.680006005676,1.774026069737));
#3617 = CARTESIAN_POINT('',(-20.5,36.705306217544,1.602523639463));
#3618 = CARTESIAN_POINT('',(-20.5,36.71482946403,1.537968452141));
#3619 = CARTESIAN_POINT('',(-20.5,36.724790581208,1.473492215748));
#3620 = CARTESIAN_POINT('',(-20.5,36.735108120256,1.409101786397));
#3621 = CARTESIAN_POINT('',(-20.5,36.735126411087,1.408987635678));
#3622 = CARTESIAN_POINT('',(-20.5,36.735144703031,1.408873485245));
#3623 = CARTESIAN_POINT('',(-20.5,36.735162996085,1.408759335096));
#3624 = CARTESIAN_POINT('',(-20.5,36.785372768461,1.09544627185));
#3625 = CARTESIAN_POINT('',(-20.5,36.844054561359,0.783635935155));
#3626 = CARTESIAN_POINT('',(-20.5,36.905466267859,0.472250210051));
#3627 = CARTESIAN_POINT('',(-20.5,36.93652445653,0.314770844132));
#3628 = CARTESIAN_POINT('',(-20.5,36.968281560593,0.157400228879));
#3629 = CARTESIAN_POINT('',(-20.5,37.,1.734723475977E-15));
#3630 = PCURVE('',#1290,#3631);
#3631 = DEFINITIONAL_REPRESENTATION('',(#3632),#3680);
#3632 = B_SPLINE_CURVE_WITH_KNOTS('',3,(#3633,#3634,#3635,#3636,#3637,
    #3638,#3639,#3640,#3641,#3642,#3643,#3644,#3645,#3646,#3647,#3648,
    #3649,#3650,#3651,#3652,#3653,#3654,#3655,#3656,#3657,#3658,#3659,
    #3660,#3661,#3662,#3663,#3664,#3665,#3666,#3667,#3668,#3669,#3670,
    #3671,#3672,#3673,#3674,#3675,#3676,#3677,#3678,#3679),
  .UNSPECIFIED.,.F.,.F.,(4,1,1,1,1,1,1,1,1,1,1,1,1,1,1,1,1,1,1,1,1,1,1,1
    ,1,1,1,1,1,1,1,1,1,1,1,1,1,1,1,1,1,1,1,1,4),(0.,6.51886189574E-05,
    1.303772379148E-04,1.955658568722E-04,2.607544758296E-04,
    3.25943094787E-04,3.911317137444E-04,4.563203327018E-04,
    5.215089516592E-04,5.866975706166E-04,6.51886189574E-04,
    7.170748085314E-04,7.822634274888E-04,8.474520464462E-04,
    9.126406654036E-04,9.77829284361E-04,1.043017903318E-03,
    1.108206522276E-03,1.173395141233E-03,1.238583760191E-03,
    1.303772379148E-03,1.368960998105E-03,1.434149617063E-03,
    1.49933823602E-03,1.564526854978E-03,1.629715473935E-03,
    1.694904092892E-03,1.76009271185E-03,1.825281330807E-03,
    1.890469949765E-03,1.955658568722E-03,2.020847187679E-03,
    2.086035806637E-03,2.151224425594E-03,2.216413044552E-03,
    2.281601663509E-03,2.346790282466E-03,2.411978901424E-03,
    2.477167520381E-03,2.542356139339E-03,2.607544758296E-03,
    2.672733377253E-03,2.737921996211E-03,2.803110615168E-03,
    2.868299234126E-03),.QUASI_UNIFORM_KNOTS.);
#3633 = CARTESIAN_POINT('',(1.369303019906E-03,1.));
#3634 = CARTESIAN_POINT('',(1.391333087463E-03,0.999999953696));
#3635 = CARTESIAN_POINT('',(1.435414321947E-03,0.999999478542));
#3636 = CARTESIAN_POINT('',(1.501595492669E-03,0.999998413753));
#3637 = CARTESIAN_POINT('',(1.5678320246E-03,0.999998025752));
#3638 = CARTESIAN_POINT('',(1.634119885308E-03,0.999998526945));
#3639 = CARTESIAN_POINT('',(1.700455025185E-03,0.999999669527));
#3640 = CARTESIAN_POINT('',(1.766833370118E-03,1.000000161126));
#3641 = CARTESIAN_POINT('',(1.83325089871E-03,0.9999995156));
#3642 = CARTESIAN_POINT('',(1.899703635315E-03,0.999999050356));
#3643 = CARTESIAN_POINT('',(1.966187558876E-03,0.999999076745));
#3644 = CARTESIAN_POINT('',(2.03269864072E-03,0.999999590037));
#3645 = CARTESIAN_POINT('',(2.099232846741E-03,1.000000118357));
#3646 = CARTESIAN_POINT('',(2.165786143279E-03,0.999999516823));
#3647 = CARTESIAN_POINT('',(2.232354523854E-03,0.999998435656));
#3648 = CARTESIAN_POINT('',(2.298933972481E-03,0.999997513478));
#3649 = CARTESIAN_POINT('',(2.365520465704E-03,0.999997111986));
#3650 = CARTESIAN_POINT('',(2.432109975619E-03,0.999997381374));
#3651 = CARTESIAN_POINT('',(2.498698479986E-03,0.999998204516));
#3652 = CARTESIAN_POINT('',(2.565281937894E-03,0.999999282614));
#3653 = CARTESIAN_POINT('',(2.631856391034E-03,0.999999758386));
#3654 = CARTESIAN_POINT('',(2.698417592316E-03,0.999999524504));
#3655 = CARTESIAN_POINT('',(2.764962369133E-03,0.999999508053));
#3656 = CARTESIAN_POINT('',(2.831483515323E-03,0.999999414338));
#3657 = CARTESIAN_POINT('',(2.897988892608E-03,0.999999482439));
#3658 = CARTESIAN_POINT('',(2.964490261586E-03,0.999999897205));
#3659 = CARTESIAN_POINT('',(3.030984315737E-03,1.000000490733));
#3660 = CARTESIAN_POINT('',(3.097471786749E-03,1.000001191008));
#3661 = CARTESIAN_POINT('',(3.163952325115E-03,1.000001903299));
#3662 = CARTESIAN_POINT('',(3.230425871717E-03,1.000002544028));
#3663 = CARTESIAN_POINT('',(3.296892290153E-03,1.00000303454));
#3664 = CARTESIAN_POINT('',(3.363351465094E-03,1.000003306699));
#3665 = CARTESIAN_POINT('',(3.429803275783E-03,1.000003307246));
#3666 = CARTESIAN_POINT('',(3.496247603006E-03,1.000003004647));
#3667 = CARTESIAN_POINT('',(3.56268432711E-03,1.000002402163));
#3668 = CARTESIAN_POINT('',(3.629113328449E-03,1.000001548159));
#3669 = CARTESIAN_POINT('',(3.695534487248E-03,1.00000059326));
#3670 = CARTESIAN_POINT('',(3.761947683543E-03,0.999999737714));
#3671 = CARTESIAN_POINT('',(3.828352797601E-03,0.999999711544));
#3672 = CARTESIAN_POINT('',(3.894749708095E-03,1.000000084614));
#3673 = CARTESIAN_POINT('',(3.961138294727E-03,1.000000602626));
#3674 = CARTESIAN_POINT('',(4.027518437353E-03,1.000001143035));
#3675 = CARTESIAN_POINT('',(4.093890015832E-03,1.000001510388));
#3676 = CARTESIAN_POINT('',(4.160252910034E-03,1.000001650235));
#3677 = CARTESIAN_POINT('',(4.226606999828E-03,1.000000996807));
#3678 = CARTESIAN_POINT('',(4.270837110135E-03,1.000000910254));
#3679 = CARTESIAN_POINT('',(4.292950657901E-03,1.000001084073));
#3680 = ( GEOMETRIC_REPRESENTATION_CONTEXT(2) 
PARAMETRIC_REPRESENTATION_CONTEXT() REPRESENTATION_CONTEXT('2D SPACE',''
  ) );
#3681 = PCURVE('',#1981,#3682);
#3682 = DEFINITIONAL_REPRESENTATION('',(#3683),#3706);
#3683 = B_SPLINE_CURVE_WITH_KNOTS('',3,(#3684,#3685,#3686,#3687,#3688,
    #3689,#3690,#3691,#3692,#3693,#3694,#3695,#3696,#3697,#3698,#3699,
    #3700,#3701,#3702,#3703,#3704,#3705),.UNSPECIFIED.,.F.,.F.,(4,3,3,3,
    3,3,3,4),(0.,3.788140637158E-04,7.180337725561E-04,
    1.238059754819E-03,1.433802606065E-03,1.434149617063E-03,
    2.386606362011E-03,2.868299234126E-03),.UNSPECIFIED.);
#3684 = CARTESIAN_POINT('',(7.414510624248,-0.4));
#3685 = CARTESIAN_POINT('',(7.541018890869,-0.399999991499));
#3686 = CARTESIAN_POINT('',(7.667297234911,-0.395595412065));
#3687 = CARTESIAN_POINT('',(7.793347093208,-0.387850567657));
#3688 = CARTESIAN_POINT('',(7.906221984419,-0.38091522888));
#3689 = CARTESIAN_POINT('',(8.018913871633,-0.371303094173));
#3690 = CARTESIAN_POINT('',(8.13142831178,-0.359813281154));
#3691 = CARTESIAN_POINT('',(8.303913667824,-0.342199324341));
#3692 = CARTESIAN_POINT('',(8.475973930263,-0.319993994324));
#3693 = CARTESIAN_POINT('',(8.647476360537,-0.294693782456));
#3694 = CARTESIAN_POINT('',(8.712031547859,-0.28517053597));
#3695 = CARTESIAN_POINT('',(8.776507784252,-0.275209418792));
#3696 = CARTESIAN_POINT('',(8.840898213603,-0.264891879744));
#3697 = CARTESIAN_POINT('',(8.841012364322,-0.264873588913));
#3698 = CARTESIAN_POINT('',(8.841126514755,-0.264855296969));
#3699 = CARTESIAN_POINT('',(8.841240664904,-0.264837003915));
#3700 = CARTESIAN_POINT('',(9.15455372815,-0.214627231539));
#3701 = CARTESIAN_POINT('',(9.466364064845,-0.155945438641));
#3702 = CARTESIAN_POINT('',(9.777749789949,-9.45337321406E-02));
#3703 = CARTESIAN_POINT('',(9.935229155868,-6.34755434695E-02));
#3704 = CARTESIAN_POINT('',(10.092599771121,-3.17184394069E-02));
#3705 = CARTESIAN_POINT('',(10.25,0.));
#3706 = ( GEOMETRIC_REPRESENTATION_CONTEXT(2) 
PARAMETRIC_REPRESENTATION_CONTEXT() REPRESENTATION_CONTEXT('2D SPACE',''
  ) );
#3707 = ORIENTED_EDGE('',*,*,#3512,.F.);
#3708 = ADVANCED_FACE('',(#3709),#3724,.F.);
#3709 = FACE_BOUND('',#3710,.F.);
#3710 = EDGE_LOOP('',(#3711,#3773,#3824,#3875));
#3711 = ORIENTED_EDGE('',*,*,#3712,.T.);
#3712 = EDGE_CURVE('',#3713,#3715,#3717,.T.);
#3713 = VERTEX_POINT('',#3714);
#3714 = CARTESIAN_POINT('',(19.7,37.,9.85));
#3715 = VERTEX_POINT('',#3716);
#3716 = CARTESIAN_POINT('',(20.1,37.,9.45));
#3717 = SURFACE_CURVE('',#3718,(#3723,#3762),.PCURVE_S1.);
#3718 = CIRCLE('',#3719,0.4);
#3719 = AXIS2_PLACEMENT_3D('',#3720,#3721,#3722);
#3720 = CARTESIAN_POINT('',(19.7,37.,9.45));
#3721 = DIRECTION('',(0.,1.,0.));
#3722 = DIRECTION('',(0.,0.,-1.));
#3723 = PCURVE('',#3724,#3734);
#3724 = ( BOUNDED_SURFACE() B_SPLINE_SURFACE(2,2,(
    (#3725,#3726,#3727)
    ,(#3728,#3729,#3730)
    ,(#3731,#3732,#3733
)),.UNSPECIFIED.,.F.,.F.,.F.) B_SPLINE_SURFACE_WITH_KNOTS((3,3),(3,3),(
    -1.570796326795,0.),(1.570796326795,3.14159265359),
.PIECEWISE_BEZIER_KNOTS.) GEOMETRIC_REPRESENTATION_ITEM() 
RATIONAL_B_SPLINE_SURFACE((
    (1.,0.707106781187,1.)
    ,(0.707106781187,0.5,0.707106781187)
,(1.,0.707106781187,1.))) REPRESENTATION_ITEM('') SURFACE() );
#3725 = CARTESIAN_POINT('',(20.1,37.,9.45));
#3726 = CARTESIAN_POINT('',(20.1,37.,9.85));
#3727 = CARTESIAN_POINT('',(19.7,37.,9.85));
#3728 = CARTESIAN_POINT('',(20.5,37.,9.45));
#3729 = CARTESIAN_POINT('',(20.5,37.,10.25));
#3730 = CARTESIAN_POINT('',(19.7,37.,10.25));
#3731 = CARTESIAN_POINT('',(20.5,36.6,9.45));
#3732 = CARTESIAN_POINT('',(20.5,36.6,10.25));
#3733 = CARTESIAN_POINT('',(19.7,36.6,10.25));
#3734 = DEFINITIONAL_REPRESENTATION('',(#3735),#3761);
#3735 = B_SPLINE_CURVE_WITH_KNOTS('',3,(#3736,#3737,#3738,#3739,#3740,
    #3741,#3742,#3743,#3744,#3745,#3746,#3747,#3748,#3749,#3750,#3751,
    #3752,#3753,#3754,#3755,#3756,#3757,#3758,#3759,#3760),
  .UNSPECIFIED.,.F.,.F.,(4,1,1,1,1,1,1,1,1,1,1,1,1,1,1,1,1,1,1,1,1,1,4),
  (3.14159265359,3.212992486626,3.284392319662,3.355792152698,
    3.427191985734,3.49859181877,3.569991651807,3.641391484843,
    3.712791317879,3.784191150915,3.855590983951,3.926990816987,
    3.998390650023,4.06979048306,4.141190316096,4.212590149132,
    4.283989982168,4.355389815204,4.42678964824,4.498189481276,
    4.569589314312,4.640989147349,4.712388980385),
  .QUASI_UNIFORM_KNOTS.);
#3736 = CARTESIAN_POINT('',(-1.570796326795,3.14159265359));
#3737 = CARTESIAN_POINT('',(-1.570796326795,3.115159605062));
#3738 = CARTESIAN_POINT('',(-1.570796326795,3.063067440961));
#3739 = CARTESIAN_POINT('',(-1.570796326795,2.986986199037));
#3740 = CARTESIAN_POINT('',(-1.570796326795,2.912688495409));
#3741 = CARTESIAN_POINT('',(-1.570796326795,2.839931213656));
#3742 = CARTESIAN_POINT('',(-1.570796326795,2.768486547351));
#3743 = CARTESIAN_POINT('',(-1.570796326795,2.698142049645));
#3744 = CARTESIAN_POINT('',(-1.570796326795,2.628697122557));
#3745 = CARTESIAN_POINT('',(-1.570796326795,2.559960843422));
#3746 = CARTESIAN_POINT('',(-1.570796326795,2.491749732825));
#3747 = CARTESIAN_POINT('',(-1.570796326795,2.423885766815));
#3748 = CARTESIAN_POINT('',(-1.570796326795,2.356194490192));
#3749 = CARTESIAN_POINT('',(-1.570796326795,2.28850321357));
#3750 = CARTESIAN_POINT('',(-1.570796326795,2.22063924756));
#3751 = CARTESIAN_POINT('',(-1.570796326795,2.152428136962));
#3752 = CARTESIAN_POINT('',(-1.570796326795,2.083691857828));
#3753 = CARTESIAN_POINT('',(-1.570796326795,2.014246930739));
#3754 = CARTESIAN_POINT('',(-1.570796326795,1.943902433034));
#3755 = CARTESIAN_POINT('',(-1.570796326795,1.872457766729));
#3756 = CARTESIAN_POINT('',(-1.570796326795,1.799700484976));
#3757 = CARTESIAN_POINT('',(-1.570796326795,1.725402781348));
#3758 = CARTESIAN_POINT('',(-1.570796326795,1.649321539424));
#3759 = CARTESIAN_POINT('',(-1.570796326795,1.597229375323));
#3760 = CARTESIAN_POINT('',(-1.570796326795,1.570796326795));
#3761 = ( GEOMETRIC_REPRESENTATION_CONTEXT(2) 
PARAMETRIC_REPRESENTATION_CONTEXT() REPRESENTATION_CONTEXT('2D SPACE',''
  ) );
#3762 = PCURVE('',#1592,#3763);
#3763 = DEFINITIONAL_REPRESENTATION('',(#3764),#3772);
#3764 = ( BOUNDED_CURVE() B_SPLINE_CURVE(2,(#3765,#3766,#3767,#3768,
#3769,#3770,#3771),.UNSPECIFIED.,.T.,.F.) B_SPLINE_CURVE_WITH_KNOTS((1,2
    ,2,2,2,1),(-2.094395102393,0.,2.094395102393,4.188790204786,
6.28318530718,8.377580409573),.UNSPECIFIED.) CURVE() 
GEOMETRIC_REPRESENTATION_ITEM() RATIONAL_B_SPLINE_CURVE((1.,0.5,1.,0.5,
1.,0.5,1.)) REPRESENTATION_ITEM('') );
#3765 = CARTESIAN_POINT('',(-9.05,19.7));
#3766 = CARTESIAN_POINT('',(-9.05,19.007179676972));
#3767 = CARTESIAN_POINT('',(-9.65,19.353589838486));
#3768 = CARTESIAN_POINT('',(-10.25,19.7));
#3769 = CARTESIAN_POINT('',(-9.65,20.046410161514));
#3770 = CARTESIAN_POINT('',(-9.05,20.392820323028));
#3771 = CARTESIAN_POINT('',(-9.05,19.7));
#3772 = ( GEOMETRIC_REPRESENTATION_CONTEXT(2) 
PARAMETRIC_REPRESENTATION_CONTEXT() REPRESENTATION_CONTEXT('2D SPACE',''
  ) );
#3773 = ORIENTED_EDGE('',*,*,#3774,.F.);
#3774 = EDGE_CURVE('',#3775,#3715,#3777,.T.);
#3775 = VERTEX_POINT('',#3776);
#3776 = CARTESIAN_POINT('',(20.5,36.6,9.45));
#3777 = SURFACE_CURVE('',#3778,(#3783,#3812),.PCURVE_S1.);
#3778 = CIRCLE('',#3779,0.4);
#3779 = AXIS2_PLACEMENT_3D('',#3780,#3781,#3782);
#3780 = CARTESIAN_POINT('',(20.1,36.6,9.45));
#3781 = DIRECTION('',(0.,0.,1.));
#3782 = DIRECTION('',(1.,0.,-0.));
#3783 = PCURVE('',#3724,#3784);
#3784 = DEFINITIONAL_REPRESENTATION('',(#3785),#3811);
#3785 = B_SPLINE_CURVE_WITH_KNOTS('',3,(#3786,#3787,#3788,#3789,#3790,
    #3791,#3792,#3793,#3794,#3795,#3796,#3797,#3798,#3799,#3800,#3801,
    #3802,#3803,#3804,#3805,#3806,#3807,#3808,#3809,#3810),
  .UNSPECIFIED.,.F.,.F.,(4,1,1,1,1,1,1,1,1,1,1,1,1,1,1,1,1,1,1,1,1,1,4),
  (0.,7.139983303613E-02,0.142799666072,0.214199499108,0.285599332145,
    0.356999165181,0.428398998217,0.499798831253,0.571198664289,
    0.642598497325,0.713998330361,0.785398163397,0.856797996434,
    0.92819782947,0.999597662506,1.070997495542,1.142397328578,
    1.213797161614,1.28519699465,1.356596827687,1.427996660723,
    1.499396493759,1.570796326795),.QUASI_UNIFORM_KNOTS.);
#3786 = CARTESIAN_POINT('',(0.,1.570796326795));
#3787 = CARTESIAN_POINT('',(-2.643304852828E-02,1.570796326795));
#3788 = CARTESIAN_POINT('',(-7.852521262872E-02,1.570796326795));
#3789 = CARTESIAN_POINT('',(-0.154606454553,1.570796326795));
#3790 = CARTESIAN_POINT('',(-0.228904158181,1.570796326795));
#3791 = CARTESIAN_POINT('',(-0.301661439934,1.570796326795));
#3792 = CARTESIAN_POINT('',(-0.373106106239,1.570796326795));
#3793 = CARTESIAN_POINT('',(-0.443450603945,1.570796326795));
#3794 = CARTESIAN_POINT('',(-0.512895531033,1.570796326795));
#3795 = CARTESIAN_POINT('',(-0.581631810168,1.570796326795));
#3796 = CARTESIAN_POINT('',(-0.649842920765,1.570796326795));
#3797 = CARTESIAN_POINT('',(-0.717706886775,1.570796326795));
#3798 = CARTESIAN_POINT('',(-0.785398163397,1.570796326795));
#3799 = CARTESIAN_POINT('',(-0.85308944002,1.570796326795));
#3800 = CARTESIAN_POINT('',(-0.92095340603,1.570796326795));
#3801 = CARTESIAN_POINT('',(-0.989164516627,1.570796326795));
#3802 = CARTESIAN_POINT('',(-1.057900795762,1.570796326795));
#3803 = CARTESIAN_POINT('',(-1.12734572285,1.570796326795));
#3804 = CARTESIAN_POINT('',(-1.197690220556,1.570796326795));
#3805 = CARTESIAN_POINT('',(-1.269134886861,1.570796326795));
#3806 = CARTESIAN_POINT('',(-1.341892168614,1.570796326795));
#3807 = CARTESIAN_POINT('',(-1.416189872242,1.570796326795));
#3808 = CARTESIAN_POINT('',(-1.492271114166,1.570796326795));
#3809 = CARTESIAN_POINT('',(-1.544363278267,1.570796326795));
#3810 = CARTESIAN_POINT('',(-1.570796326795,1.570796326795));
#3811 = ( GEOMETRIC_REPRESENTATION_CONTEXT(2) 
PARAMETRIC_REPRESENTATION_CONTEXT() REPRESENTATION_CONTEXT('2D SPACE',''
  ) );
#3812 = PCURVE('',#3813,#3818);
#3813 = CYLINDRICAL_SURFACE('',#3814,0.4);
#3814 = AXIS2_PLACEMENT_3D('',#3815,#3816,#3817);
#3815 = CARTESIAN_POINT('',(20.1,36.6,-3.401750426062E-15));
#3816 = DIRECTION('',(-1.692413147294E-16,0.,-1.));
#3817 = DIRECTION('',(-1.,0.,1.692413147294E-16));
#3818 = DEFINITIONAL_REPRESENTATION('',(#3819),#3823);
#3819 = LINE('',#3820,#3821);
#3820 = CARTESIAN_POINT('',(3.14159265359,-9.45));
#3821 = VECTOR('',#3822,1.);
#3822 = DIRECTION('',(-1.,0.));
#3823 = ( GEOMETRIC_REPRESENTATION_CONTEXT(2) 
PARAMETRIC_REPRESENTATION_CONTEXT() REPRESENTATION_CONTEXT('2D SPACE',''
  ) );
#3824 = ORIENTED_EDGE('',*,*,#3825,.T.);
#3825 = EDGE_CURVE('',#3775,#3826,#3828,.T.);
#3826 = VERTEX_POINT('',#3827);
#3827 = CARTESIAN_POINT('',(19.7,36.6,10.25));
#3828 = SURFACE_CURVE('',#3829,(#3834,#3863),.PCURVE_S1.);
#3829 = CIRCLE('',#3830,0.8);
#3830 = AXIS2_PLACEMENT_3D('',#3831,#3832,#3833);
#3831 = CARTESIAN_POINT('',(19.7,36.6,9.45));
#3832 = DIRECTION('',(0.,-1.,0.));
#3833 = DIRECTION('',(0.,0.,-1.));
#3834 = PCURVE('',#3724,#3835);
#3835 = DEFINITIONAL_REPRESENTATION('',(#3836),#3862);
#3836 = B_SPLINE_CURVE_WITH_KNOTS('',3,(#3837,#3838,#3839,#3840,#3841,
    #3842,#3843,#3844,#3845,#3846,#3847,#3848,#3849,#3850,#3851,#3852,
    #3853,#3854,#3855,#3856,#3857,#3858,#3859,#3860,#3861),
  .UNSPECIFIED.,.F.,.F.,(4,1,1,1,1,1,1,1,1,1,1,1,1,1,1,1,1,1,1,1,1,1,4),
  (1.570796326795,1.642196159831,1.713595992867,1.784995825903,
    1.856395658939,1.927795491976,1.999195325012,2.070595158048,
    2.141994991084,2.21339482412,2.284794657156,2.356194490192,
    2.427594323228,2.498994156265,2.570393989301,2.641793822337,
    2.713193655373,2.784593488409,2.855993321445,2.927393154481,
    2.998792987518,3.070192820554,3.14159265359),.QUASI_UNIFORM_KNOTS.);
#3837 = CARTESIAN_POINT('',(0.,1.570796326795));
#3838 = CARTESIAN_POINT('',(0.,1.597229375323));
#3839 = CARTESIAN_POINT('',(0.,1.649321539424));
#3840 = CARTESIAN_POINT('',(0.,1.725402781348));
#3841 = CARTESIAN_POINT('',(0.,1.799700484976));
#3842 = CARTESIAN_POINT('',(0.,1.872457766729));
#3843 = CARTESIAN_POINT('',(0.,1.943902433034));
#3844 = CARTESIAN_POINT('',(0.,2.014246930739));
#3845 = CARTESIAN_POINT('',(0.,2.083691857828));
#3846 = CARTESIAN_POINT('',(0.,2.152428136962));
#3847 = CARTESIAN_POINT('',(0.,2.22063924756));
#3848 = CARTESIAN_POINT('',(0.,2.28850321357));
#3849 = CARTESIAN_POINT('',(0.,2.356194490192));
#3850 = CARTESIAN_POINT('',(0.,2.423885766815));
#3851 = CARTESIAN_POINT('',(0.,2.491749732825));
#3852 = CARTESIAN_POINT('',(0.,2.559960843422));
#3853 = CARTESIAN_POINT('',(0.,2.628697122557));
#3854 = CARTESIAN_POINT('',(0.,2.698142049645));
#3855 = CARTESIAN_POINT('',(0.,2.768486547351));
#3856 = CARTESIAN_POINT('',(0.,2.839931213656));
#3857 = CARTESIAN_POINT('',(0.,2.912688495409));
#3858 = CARTESIAN_POINT('',(0.,2.986986199037));
#3859 = CARTESIAN_POINT('',(0.,3.063067440961));
#3860 = CARTESIAN_POINT('',(-0.,3.115159605062));
#3861 = CARTESIAN_POINT('',(0.,3.14159265359));
#3862 = ( GEOMETRIC_REPRESENTATION_CONTEXT(2) 
PARAMETRIC_REPRESENTATION_CONTEXT() REPRESENTATION_CONTEXT('2D SPACE',''
  ) );
#3863 = PCURVE('',#3864,#3869);
#3864 = CYLINDRICAL_SURFACE('',#3865,0.8);
#3865 = AXIS2_PLACEMENT_3D('',#3866,#3867,#3868);
#3866 = CARTESIAN_POINT('',(19.7,37.,9.45));
#3867 = DIRECTION('',(0.,-1.,0.));
#3868 = DIRECTION('',(0.,0.,-1.));
#3869 = DEFINITIONAL_REPRESENTATION('',(#3870),#3874);
#3870 = LINE('',#3871,#3872);
#3871 = CARTESIAN_POINT('',(0.,0.4));
#3872 = VECTOR('',#3873,1.);
#3873 = DIRECTION('',(1.,0.));
#3874 = ( GEOMETRIC_REPRESENTATION_CONTEXT(2) 
PARAMETRIC_REPRESENTATION_CONTEXT() REPRESENTATION_CONTEXT('2D SPACE',''
  ) );
#3875 = ORIENTED_EDGE('',*,*,#3876,.F.);
#3876 = EDGE_CURVE('',#3713,#3826,#3877,.T.);
#3877 = SURFACE_CURVE('',#3878,(#3883,#3912),.PCURVE_S1.);
#3878 = CIRCLE('',#3879,0.4);
#3879 = AXIS2_PLACEMENT_3D('',#3880,#3881,#3882);
#3880 = CARTESIAN_POINT('',(19.7,36.6,9.85));
#3881 = DIRECTION('',(1.,0.,0.));
#3882 = DIRECTION('',(0.,0.,-1.));
#3883 = PCURVE('',#3724,#3884);
#3884 = DEFINITIONAL_REPRESENTATION('',(#3885),#3911);
#3885 = B_SPLINE_CURVE_WITH_KNOTS('',3,(#3886,#3887,#3888,#3889,#3890,
    #3891,#3892,#3893,#3894,#3895,#3896,#3897,#3898,#3899,#3900,#3901,
    #3902,#3903,#3904,#3905,#3906,#3907,#3908,#3909,#3910),
  .UNSPECIFIED.,.F.,.F.,(4,1,1,1,1,1,1,1,1,1,1,1,1,1,1,1,1,1,1,1,1,1,4),
  (1.570796326795,1.642196159831,1.713595992867,1.784995825903,
    1.856395658939,1.927795491976,1.999195325012,2.070595158048,
    2.141994991084,2.21339482412,2.284794657156,2.356194490192,
    2.427594323228,2.498994156265,2.570393989301,2.641793822337,
    2.713193655373,2.784593488409,2.855993321445,2.927393154481,
    2.998792987518,3.070192820554,3.14159265359),.QUASI_UNIFORM_KNOTS.);
#3886 = CARTESIAN_POINT('',(-1.570796326795,3.14159265359));
#3887 = CARTESIAN_POINT('',(-1.544363278267,3.14159265359));
#3888 = CARTESIAN_POINT('',(-1.492271114166,3.14159265359));
#3889 = CARTESIAN_POINT('',(-1.416189872242,3.14159265359));
#3890 = CARTESIAN_POINT('',(-1.341892168614,3.14159265359));
#3891 = CARTESIAN_POINT('',(-1.269134886861,3.14159265359));
#3892 = CARTESIAN_POINT('',(-1.197690220556,3.14159265359));
#3893 = CARTESIAN_POINT('',(-1.12734572285,3.14159265359));
#3894 = CARTESIAN_POINT('',(-1.057900795762,3.14159265359));
#3895 = CARTESIAN_POINT('',(-0.989164516627,3.14159265359));
#3896 = CARTESIAN_POINT('',(-0.92095340603,3.14159265359));
#3897 = CARTESIAN_POINT('',(-0.85308944002,3.14159265359));
#3898 = CARTESIAN_POINT('',(-0.785398163397,3.14159265359));
#3899 = CARTESIAN_POINT('',(-0.717706886775,3.14159265359));
#3900 = CARTESIAN_POINT('',(-0.649842920765,3.14159265359));
#3901 = CARTESIAN_POINT('',(-0.581631810168,3.14159265359));
#3902 = CARTESIAN_POINT('',(-0.512895531033,3.14159265359));
#3903 = CARTESIAN_POINT('',(-0.443450603945,3.14159265359));
#3904 = CARTESIAN_POINT('',(-0.373106106239,3.14159265359));
#3905 = CARTESIAN_POINT('',(-0.301661439934,3.14159265359));
#3906 = CARTESIAN_POINT('',(-0.228904158181,3.14159265359));
#3907 = CARTESIAN_POINT('',(-0.154606454553,3.14159265359));
#3908 = CARTESIAN_POINT('',(-7.852521262873E-02,3.14159265359));
#3909 = CARTESIAN_POINT('',(-2.643304852829E-02,3.14159265359));
#3910 = CARTESIAN_POINT('',(0.,3.14159265359));
#3911 = ( GEOMETRIC_REPRESENTATION_CONTEXT(2) 
PARAMETRIC_REPRESENTATION_CONTEXT() REPRESENTATION_CONTEXT('2D SPACE',''
  ) );
#3912 = PCURVE('',#3913,#3918);
#3913 = CYLINDRICAL_SURFACE('',#3914,0.4);
#3914 = AXIS2_PLACEMENT_3D('',#3915,#3916,#3917);
#3915 = CARTESIAN_POINT('',(0.,36.6,9.85));
#3916 = DIRECTION('',(1.,0.,0.));
#3917 = DIRECTION('',(0.,0.,-1.));
#3918 = DEFINITIONAL_REPRESENTATION('',(#3919),#3923);
#3919 = LINE('',#3920,#3921);
#3920 = CARTESIAN_POINT('',(0.,19.7));
#3921 = VECTOR('',#3922,1.);
#3922 = DIRECTION('',(1.,0.));
#3923 = ( GEOMETRIC_REPRESENTATION_CONTEXT(2) 
PARAMETRIC_REPRESENTATION_CONTEXT() REPRESENTATION_CONTEXT('2D SPACE',''
  ) );
#3924 = ADVANCED_FACE('',(#3925),#3813,.T.);
#3925 = FACE_BOUND('',#3926,.T.);
#3926 = EDGE_LOOP('',(#3927,#3985,#4006,#4007));
#3927 = ORIENTED_EDGE('',*,*,#3928,.T.);
#3928 = EDGE_CURVE('',#3929,#3931,#3933,.T.);
#3929 = VERTEX_POINT('',#3930);
#3930 = CARTESIAN_POINT('',(20.5,36.6,-9.45));
#3931 = VERTEX_POINT('',#3932);
#3932 = CARTESIAN_POINT('',(20.1,37.,-9.45));
#3933 = SURFACE_CURVE('',#3934,(#3939,#3946),.PCURVE_S1.);
#3934 = CIRCLE('',#3935,0.4);
#3935 = AXIS2_PLACEMENT_3D('',#3936,#3937,#3938);
#3936 = CARTESIAN_POINT('',(20.1,36.6,-9.45));
#3937 = DIRECTION('',(4.336808689942E-15,-3.761581922631E-29,1.));
#3938 = DIRECTION('',(1.,1.593091911132E-58,-4.336808689942E-15));
#3939 = PCURVE('',#3813,#3940);
#3940 = DEFINITIONAL_REPRESENTATION('',(#3941),#3945);
#3941 = LINE('',#3942,#3943);
#3942 = CARTESIAN_POINT('',(3.14159265359,9.45));
#3943 = VECTOR('',#3944,1.);
#3944 = DIRECTION('',(-1.,-1.130863886743E-15));
#3945 = ( GEOMETRIC_REPRESENTATION_CONTEXT(2) 
PARAMETRIC_REPRESENTATION_CONTEXT() REPRESENTATION_CONTEXT('2D SPACE',''
  ) );
#3946 = PCURVE('',#3947,#3957);
#3947 = ( BOUNDED_SURFACE() B_SPLINE_SURFACE(2,2,(
    (#3948,#3949,#3950)
    ,(#3951,#3952,#3953)
    ,(#3954,#3955,#3956
)),.UNSPECIFIED.,.F.,.F.,.F.) B_SPLINE_SURFACE_WITH_KNOTS((3,3),(3,3),(
    -1.570796326795,0.),(0.,1.570796326795),.PIECEWISE_BEZIER_KNOTS.) 
GEOMETRIC_REPRESENTATION_ITEM() RATIONAL_B_SPLINE_SURFACE((
    (1.,0.707106781187,1.)
    ,(0.707106781187,0.5,0.707106781187)
,(1.,0.707106781187,1.))) REPRESENTATION_ITEM('') SURFACE() );
#3948 = CARTESIAN_POINT('',(19.7,37.,-9.85));
#3949 = CARTESIAN_POINT('',(20.1,37.,-9.85));
#3950 = CARTESIAN_POINT('',(20.1,37.,-9.45));
#3951 = CARTESIAN_POINT('',(19.7,37.,-10.25));
#3952 = CARTESIAN_POINT('',(20.5,37.,-10.25));
#3953 = CARTESIAN_POINT('',(20.5,37.,-9.45));
#3954 = CARTESIAN_POINT('',(19.7,36.6,-10.25));
#3955 = CARTESIAN_POINT('',(20.5,36.6,-10.25));
#3956 = CARTESIAN_POINT('',(20.5,36.6,-9.45));
#3957 = DEFINITIONAL_REPRESENTATION('',(#3958),#3984);
#3958 = B_SPLINE_CURVE_WITH_KNOTS('',3,(#3959,#3960,#3961,#3962,#3963,
    #3964,#3965,#3966,#3967,#3968,#3969,#3970,#3971,#3972,#3973,#3974,
    #3975,#3976,#3977,#3978,#3979,#3980,#3981,#3982,#3983),
  .UNSPECIFIED.,.F.,.F.,(4,1,1,1,1,1,1,1,1,1,1,1,1,1,1,1,1,1,1,1,1,1,4),
  (0.,7.139983303613E-02,0.142799666072,0.214199499108,0.285599332145,
    0.356999165181,0.428398998217,0.499798831253,0.571198664289,
    0.642598497325,0.713998330361,0.785398163397,0.856797996434,
    0.92819782947,0.999597662506,1.070997495542,1.142397328578,
    1.213797161614,1.28519699465,1.356596827687,1.427996660723,
    1.499396493759,1.570796326795),.QUASI_UNIFORM_KNOTS.);
#3959 = CARTESIAN_POINT('',(0.,1.570796326795));
#3960 = CARTESIAN_POINT('',(-2.643304852827E-02,1.570796326795));
#3961 = CARTESIAN_POINT('',(-7.85252126287E-02,1.570796326795));
#3962 = CARTESIAN_POINT('',(-0.154606454553,1.570796326795));
#3963 = CARTESIAN_POINT('',(-0.228904158181,1.570796326795));
#3964 = CARTESIAN_POINT('',(-0.301661439934,1.570796326795));
#3965 = CARTESIAN_POINT('',(-0.373106106239,1.570796326795));
#3966 = CARTESIAN_POINT('',(-0.443450603945,1.570796326795));
#3967 = CARTESIAN_POINT('',(-0.512895531033,1.570796326795));
#3968 = CARTESIAN_POINT('',(-0.581631810168,1.570796326795));
#3969 = CARTESIAN_POINT('',(-0.649842920765,1.570796326795));
#3970 = CARTESIAN_POINT('',(-0.717706886775,1.570796326795));
#3971 = CARTESIAN_POINT('',(-0.785398163397,1.570796326795));
#3972 = CARTESIAN_POINT('',(-0.85308944002,1.570796326795));
#3973 = CARTESIAN_POINT('',(-0.92095340603,1.570796326795));
#3974 = CARTESIAN_POINT('',(-0.989164516627,1.570796326795));
#3975 = CARTESIAN_POINT('',(-1.057900795762,1.570796326795));
#3976 = CARTESIAN_POINT('',(-1.12734572285,1.570796326795));
#3977 = CARTESIAN_POINT('',(-1.197690220556,1.570796326795));
#3978 = CARTESIAN_POINT('',(-1.269134886861,1.570796326795));
#3979 = CARTESIAN_POINT('',(-1.341892168614,1.570796326795));
#3980 = CARTESIAN_POINT('',(-1.416189872242,1.570796326795));
#3981 = CARTESIAN_POINT('',(-1.492271114166,1.570796326795));
#3982 = CARTESIAN_POINT('',(-1.544363278267,1.570796326795));
#3983 = CARTESIAN_POINT('',(-1.570796326795,1.570796326795));
#3984 = ( GEOMETRIC_REPRESENTATION_CONTEXT(2) 
PARAMETRIC_REPRESENTATION_CONTEXT() REPRESENTATION_CONTEXT('2D SPACE',''
  ) );
#3985 = ORIENTED_EDGE('',*,*,#3986,.F.);
#3986 = EDGE_CURVE('',#3715,#3931,#3987,.T.);
#3987 = SURFACE_CURVE('',#3988,(#3992,#3999),.PCURVE_S1.);
#3988 = LINE('',#3989,#3990);
#3989 = CARTESIAN_POINT('',(20.1,37.,-3.401750426062E-15));
#3990 = VECTOR('',#3991,1.);
#3991 = DIRECTION('',(-1.692413147294E-16,0.,-1.));
#3992 = PCURVE('',#3813,#3993);
#3993 = DEFINITIONAL_REPRESENTATION('',(#3994),#3998);
#3994 = LINE('',#3995,#3996);
#3995 = CARTESIAN_POINT('',(1.570796326795,0.));
#3996 = VECTOR('',#3997,1.);
#3997 = DIRECTION('',(0.,1.));
#3998 = ( GEOMETRIC_REPRESENTATION_CONTEXT(2) 
PARAMETRIC_REPRESENTATION_CONTEXT() REPRESENTATION_CONTEXT('2D SPACE',''
  ) );
#3999 = PCURVE('',#1592,#4000);
#4000 = DEFINITIONAL_REPRESENTATION('',(#4001),#4005);
#4001 = LINE('',#4002,#4003);
#4002 = CARTESIAN_POINT('',(3.401750426062E-15,20.1));
#4003 = VECTOR('',#4004,1.);
#4004 = DIRECTION('',(1.,-1.692413147294E-16));
#4005 = ( GEOMETRIC_REPRESENTATION_CONTEXT(2) 
PARAMETRIC_REPRESENTATION_CONTEXT() REPRESENTATION_CONTEXT('2D SPACE',''
  ) );
#4006 = ORIENTED_EDGE('',*,*,#3774,.F.);
#4007 = ORIENTED_EDGE('',*,*,#4008,.F.);
#4008 = EDGE_CURVE('',#3929,#3775,#4009,.T.);
#4009 = SURFACE_CURVE('',#4010,(#4014,#4021),.PCURVE_S1.);
#4010 = LINE('',#4011,#4012);
#4011 = CARTESIAN_POINT('',(20.5,36.6,10.25));
#4012 = VECTOR('',#4013,1.);
#4013 = DIRECTION('',(1.692413147294E-16,0.,1.));
#4014 = PCURVE('',#3813,#4015);
#4015 = DEFINITIONAL_REPRESENTATION('',(#4016),#4020);
#4016 = LINE('',#4017,#4018);
#4017 = CARTESIAN_POINT('',(3.14159265359,-10.25));
#4018 = VECTOR('',#4019,1.);
#4019 = DIRECTION('',(0.,-1.));
#4020 = ( GEOMETRIC_REPRESENTATION_CONTEXT(2) 
PARAMETRIC_REPRESENTATION_CONTEXT() REPRESENTATION_CONTEXT('2D SPACE',''
  ) );
#4021 = PCURVE('',#4022,#4027);
#4022 = PLANE('',#4023);
#4023 = AXIS2_PLACEMENT_3D('',#4024,#4025,#4026);
#4024 = CARTESIAN_POINT('',(20.5,37.,10.25));
#4025 = DIRECTION('',(-1.,0.,1.692413147294E-16));
#4026 = DIRECTION('',(0.,1.,0.));
#4027 = DEFINITIONAL_REPRESENTATION('',(#4028),#4032);
#4028 = LINE('',#4029,#4030);
#4029 = CARTESIAN_POINT('',(-0.4,-0.));
#4030 = VECTOR('',#4031,1.);
#4031 = DIRECTION('',(0.,-1.));
#4032 = ( GEOMETRIC_REPRESENTATION_CONTEXT(2) 
PARAMETRIC_REPRESENTATION_CONTEXT() REPRESENTATION_CONTEXT('2D SPACE',''
  ) );
#4033 = ADVANCED_FACE('',(#4034),#3913,.T.);
#4034 = FACE_BOUND('',#4035,.T.);
#4035 = EDGE_LOOP('',(#4036,#4082,#4103,#4104));
#4036 = ORIENTED_EDGE('',*,*,#4037,.T.);
#4037 = EDGE_CURVE('',#1477,#4038,#4040,.T.);
#4038 = VERTEX_POINT('',#4039);
#4039 = CARTESIAN_POINT('',(-7.414510624248,36.6,10.25));
#4040 = SURFACE_CURVE('',#4041,(#4046,#4053),.PCURVE_S1.);
#4041 = CIRCLE('',#4042,0.4);
#4042 = AXIS2_PLACEMENT_3D('',#4043,#4044,#4045);
#4043 = CARTESIAN_POINT('',(-7.414510624248,36.6,9.85));
#4044 = DIRECTION('',(1.,0.,0.));
#4045 = DIRECTION('',(0.,0.,-1.));
#4046 = PCURVE('',#3913,#4047);
#4047 = DEFINITIONAL_REPRESENTATION('',(#4048),#4052);
#4048 = LINE('',#4049,#4050);
#4049 = CARTESIAN_POINT('',(0.,-7.414510624248));
#4050 = VECTOR('',#4051,1.);
#4051 = DIRECTION('',(1.,0.));
#4052 = ( GEOMETRIC_REPRESENTATION_CONTEXT(2) 
PARAMETRIC_REPRESENTATION_CONTEXT() REPRESENTATION_CONTEXT('2D SPACE',''
  ) );
#4053 = PCURVE('',#1521,#4054);
#4054 = DEFINITIONAL_REPRESENTATION('',(#4055),#4081);
#4055 = B_SPLINE_CURVE_WITH_KNOTS('',3,(#4056,#4057,#4058,#4059,#4060,
    #4061,#4062,#4063,#4064,#4065,#4066,#4067,#4068,#4069,#4070,#4071,
    #4072,#4073,#4074,#4075,#4076,#4077,#4078,#4079,#4080),
  .UNSPECIFIED.,.F.,.F.,(4,1,1,1,1,1,1,1,1,1,1,1,1,1,1,1,1,1,1,1,1,1,4),
  (1.570796326795,1.642196159831,1.713595992867,1.784995825903,
    1.856395658939,1.927795491976,1.999195325012,2.070595158048,
    2.141994991084,2.21339482412,2.284794657156,2.356194490192,
    2.427594323228,2.498994156265,2.570393989301,2.641793822337,
    2.713193655373,2.784593488409,2.855993321445,2.927393154481,
    2.998792987518,3.070192820554,3.14159265359),.QUASI_UNIFORM_KNOTS.);
#4056 = CARTESIAN_POINT('',(1.369303019906E-03,3.298103310847E-15));
#4057 = CARTESIAN_POINT('',(1.369303019906E-03,1.682780133706E-02));
#4058 = CARTESIAN_POINT('',(1.369303019906E-03,4.999070298881E-02));
#4059 = CARTESIAN_POINT('',(1.369303019906E-03,9.842552590405E-02));
#4060 = CARTESIAN_POINT('',(1.369303019906E-03,0.145724913075));
#4061 = CARTESIAN_POINT('',(1.369303019906E-03,0.192043637223));
#4062 = CARTESIAN_POINT('',(1.369303019906E-03,0.237526724423));
#4063 = CARTESIAN_POINT('',(1.369303019906E-03,0.282309422539));
#4064 = CARTESIAN_POINT('',(1.369303019906E-03,0.326519436214));
#4065 = CARTESIAN_POINT('',(1.369303019906E-03,0.370278310591));
#4066 = CARTESIAN_POINT('',(1.369303019906E-03,0.413702852292));
#4067 = CARTESIAN_POINT('',(1.369303019906E-03,0.456906394885));
#4068 = CARTESIAN_POINT('',(1.369303019906E-03,0.5));
#4069 = CARTESIAN_POINT('',(1.369303019906E-03,0.543093605115));
#4070 = CARTESIAN_POINT('',(1.369303019906E-03,0.586297147708));
#4071 = CARTESIAN_POINT('',(1.369303019906E-03,0.629721689409));
#4072 = CARTESIAN_POINT('',(1.369303019906E-03,0.673480563786));
#4073 = CARTESIAN_POINT('',(1.369303019906E-03,0.717690577461));
#4074 = CARTESIAN_POINT('',(1.369303019906E-03,0.762473275577));
#4075 = CARTESIAN_POINT('',(1.369303019906E-03,0.807956362777));
#4076 = CARTESIAN_POINT('',(1.369303019906E-03,0.854275086925));
#4077 = CARTESIAN_POINT('',(1.369303019906E-03,0.901574474096));
#4078 = CARTESIAN_POINT('',(1.369303019906E-03,0.950009297011));
#4079 = CARTESIAN_POINT('',(1.369303019906E-03,0.983172198663));
#4080 = CARTESIAN_POINT('',(1.369303019906E-03,1.));
#4081 = ( GEOMETRIC_REPRESENTATION_CONTEXT(2) 
PARAMETRIC_REPRESENTATION_CONTEXT() REPRESENTATION_CONTEXT('2D SPACE',''
  ) );
#4082 = ORIENTED_EDGE('',*,*,#4083,.F.);
#4083 = EDGE_CURVE('',#3826,#4038,#4084,.T.);
#4084 = SURFACE_CURVE('',#4085,(#4089,#4096),.PCURVE_S1.);
#4085 = LINE('',#4086,#4087);
#4086 = CARTESIAN_POINT('',(-20.5,36.6,10.25));
#4087 = VECTOR('',#4088,1.);
#4088 = DIRECTION('',(-1.,0.,0.));
#4089 = PCURVE('',#3913,#4090);
#4090 = DEFINITIONAL_REPRESENTATION('',(#4091),#4095);
#4091 = LINE('',#4092,#4093);
#4092 = CARTESIAN_POINT('',(3.14159265359,-20.5));
#4093 = VECTOR('',#4094,1.);
#4094 = DIRECTION('',(0.,-1.));
#4095 = ( GEOMETRIC_REPRESENTATION_CONTEXT(2) 
PARAMETRIC_REPRESENTATION_CONTEXT() REPRESENTATION_CONTEXT('2D SPACE',''
  ) );
#4096 = PCURVE('',#3170,#4097);
#4097 = DEFINITIONAL_REPRESENTATION('',(#4098),#4102);
#4098 = LINE('',#4099,#4100);
#4099 = CARTESIAN_POINT('',(0.4,0.));
#4100 = VECTOR('',#4101,1.);
#4101 = DIRECTION('',(0.,1.));
#4102 = ( GEOMETRIC_REPRESENTATION_CONTEXT(2) 
PARAMETRIC_REPRESENTATION_CONTEXT() REPRESENTATION_CONTEXT('2D SPACE',''
  ) );
#4103 = ORIENTED_EDGE('',*,*,#3876,.F.);
#4104 = ORIENTED_EDGE('',*,*,#4105,.F.);
#4105 = EDGE_CURVE('',#1477,#3713,#4106,.T.);
#4106 = SURFACE_CURVE('',#4107,(#4111,#4118),.PCURVE_S1.);
#4107 = LINE('',#4108,#4109);
#4108 = CARTESIAN_POINT('',(0.,37.,9.85));
#4109 = VECTOR('',#4110,1.);
#4110 = DIRECTION('',(1.,0.,0.));
#4111 = PCURVE('',#3913,#4112);
#4112 = DEFINITIONAL_REPRESENTATION('',(#4113),#4117);
#4113 = LINE('',#4114,#4115);
#4114 = CARTESIAN_POINT('',(1.570796326795,0.));
#4115 = VECTOR('',#4116,1.);
#4116 = DIRECTION('',(0.,1.));
#4117 = ( GEOMETRIC_REPRESENTATION_CONTEXT(2) 
PARAMETRIC_REPRESENTATION_CONTEXT() REPRESENTATION_CONTEXT('2D SPACE',''
  ) );
#4118 = PCURVE('',#1592,#4119);
#4119 = DEFINITIONAL_REPRESENTATION('',(#4120),#4124);
#4120 = LINE('',#4121,#4122);
#4121 = CARTESIAN_POINT('',(-9.85,0.));
#4122 = VECTOR('',#4123,1.);
#4123 = DIRECTION('',(0.,1.));
#4124 = ( GEOMETRIC_REPRESENTATION_CONTEXT(2) 
PARAMETRIC_REPRESENTATION_CONTEXT() REPRESENTATION_CONTEXT('2D SPACE',''
  ) );
#4125 = ADVANCED_FACE('',(#4126),#3947,.F.);
#4126 = FACE_BOUND('',#4127,.F.);
#4127 = EDGE_LOOP('',(#4128,#4179,#4180,#4230));
#4128 = ORIENTED_EDGE('',*,*,#4129,.T.);
#4129 = EDGE_CURVE('',#4130,#3929,#4132,.T.);
#4130 = VERTEX_POINT('',#4131);
#4131 = CARTESIAN_POINT('',(19.7,36.6,-10.25));
#4132 = SURFACE_CURVE('',#4133,(#4138,#4167),.PCURVE_S1.);
#4133 = CIRCLE('',#4134,0.8);
#4134 = AXIS2_PLACEMENT_3D('',#4135,#4136,#4137);
#4135 = CARTESIAN_POINT('',(19.7,36.6,-9.45));
#4136 = DIRECTION('',(0.,-1.,0.));
#4137 = DIRECTION('',(0.,0.,-1.));
#4138 = PCURVE('',#3947,#4139);
#4139 = DEFINITIONAL_REPRESENTATION('',(#4140),#4166);
#4140 = B_SPLINE_CURVE_WITH_KNOTS('',3,(#4141,#4142,#4143,#4144,#4145,
    #4146,#4147,#4148,#4149,#4150,#4151,#4152,#4153,#4154,#4155,#4156,
    #4157,#4158,#4159,#4160,#4161,#4162,#4163,#4164,#4165),
  .UNSPECIFIED.,.F.,.F.,(4,1,1,1,1,1,1,1,1,1,1,1,1,1,1,1,1,1,1,1,1,1,4),
  (0.,7.139983303613E-02,0.142799666072,0.214199499108,0.285599332145,
    0.356999165181,0.428398998217,0.499798831253,0.571198664289,
    0.642598497325,0.713998330361,0.785398163397,0.856797996434,
    0.92819782947,0.999597662506,1.070997495542,1.142397328578,
    1.213797161614,1.28519699465,1.356596827687,1.427996660723,
    1.499396493759,1.570796326795),.QUASI_UNIFORM_KNOTS.);
#4141 = CARTESIAN_POINT('',(0.,0.));
#4142 = CARTESIAN_POINT('',(0.,2.643304852828E-02));
#4143 = CARTESIAN_POINT('',(0.,7.852521262872E-02));
#4144 = CARTESIAN_POINT('',(0.,0.154606454553));
#4145 = CARTESIAN_POINT('',(0.,0.228904158181));
#4146 = CARTESIAN_POINT('',(0.,0.301661439934));
#4147 = CARTESIAN_POINT('',(0.,0.373106106239));
#4148 = CARTESIAN_POINT('',(0.,0.443450603945));
#4149 = CARTESIAN_POINT('',(0.,0.512895531033));
#4150 = CARTESIAN_POINT('',(0.,0.581631810168));
#4151 = CARTESIAN_POINT('',(0.,0.649842920765));
#4152 = CARTESIAN_POINT('',(0.,0.717706886775));
#4153 = CARTESIAN_POINT('',(0.,0.785398163397));
#4154 = CARTESIAN_POINT('',(0.,0.85308944002));
#4155 = CARTESIAN_POINT('',(0.,0.92095340603));
#4156 = CARTESIAN_POINT('',(0.,0.989164516627));
#4157 = CARTESIAN_POINT('',(0.,1.057900795762));
#4158 = CARTESIAN_POINT('',(0.,1.12734572285));
#4159 = CARTESIAN_POINT('',(0.,1.197690220556));
#4160 = CARTESIAN_POINT('',(0.,1.269134886861));
#4161 = CARTESIAN_POINT('',(0.,1.341892168614));
#4162 = CARTESIAN_POINT('',(0.,1.416189872242));
#4163 = CARTESIAN_POINT('',(0.,1.492271114166));
#4164 = CARTESIAN_POINT('',(-0.,1.544363278267));
#4165 = CARTESIAN_POINT('',(0.,1.570796326795));
#4166 = ( GEOMETRIC_REPRESENTATION_CONTEXT(2) 
PARAMETRIC_REPRESENTATION_CONTEXT() REPRESENTATION_CONTEXT('2D SPACE',''
  ) );
#4167 = PCURVE('',#4168,#4173);
#4168 = CYLINDRICAL_SURFACE('',#4169,0.8);
#4169 = AXIS2_PLACEMENT_3D('',#4170,#4171,#4172);
#4170 = CARTESIAN_POINT('',(19.7,37.,-9.45));
#4171 = DIRECTION('',(0.,-1.,0.));
#4172 = DIRECTION('',(0.,0.,-1.));
#4173 = DEFINITIONAL_REPRESENTATION('',(#4174),#4178);
#4174 = LINE('',#4175,#4176);
#4175 = CARTESIAN_POINT('',(0.,0.4));
#4176 = VECTOR('',#4177,1.);
#4177 = DIRECTION('',(1.,0.));
#4178 = ( GEOMETRIC_REPRESENTATION_CONTEXT(2) 
PARAMETRIC_REPRESENTATION_CONTEXT() REPRESENTATION_CONTEXT('2D SPACE',''
  ) );
#4179 = ORIENTED_EDGE('',*,*,#3928,.T.);
#4180 = ORIENTED_EDGE('',*,*,#4181,.T.);
#4181 = EDGE_CURVE('',#3931,#4182,#4184,.T.);
#4182 = VERTEX_POINT('',#4183);
#4183 = CARTESIAN_POINT('',(19.7,37.,-9.85));
#4184 = SURFACE_CURVE('',#4185,(#4190,#4219),.PCURVE_S1.);
#4185 = CIRCLE('',#4186,0.4);
#4186 = AXIS2_PLACEMENT_3D('',#4187,#4188,#4189);
#4187 = CARTESIAN_POINT('',(19.7,37.,-9.45));
#4188 = DIRECTION('',(0.,1.,0.));
#4189 = DIRECTION('',(0.,0.,-1.));
#4190 = PCURVE('',#3947,#4191);
#4191 = DEFINITIONAL_REPRESENTATION('',(#4192),#4218);
#4192 = B_SPLINE_CURVE_WITH_KNOTS('',3,(#4193,#4194,#4195,#4196,#4197,
    #4198,#4199,#4200,#4201,#4202,#4203,#4204,#4205,#4206,#4207,#4208,
    #4209,#4210,#4211,#4212,#4213,#4214,#4215,#4216,#4217),
  .UNSPECIFIED.,.F.,.F.,(4,1,1,1,1,1,1,1,1,1,1,1,1,1,1,1,1,1,1,1,1,1,4),
  (4.712388980385,4.783788813421,4.855188646457,4.926588479493,
    4.997988312529,5.069388145565,5.140787978601,5.212187811638,
    5.283587644674,5.35498747771,5.426387310746,5.497787143782,
    5.569186976818,5.640586809854,5.711986642891,5.783386475927,
    5.854786308963,5.926186141999,5.997585975035,6.068985808071,
    6.140385641107,6.211785474143,6.28318530718),.QUASI_UNIFORM_KNOTS.);
#4193 = CARTESIAN_POINT('',(-1.570796326795,1.570796326795));
#4194 = CARTESIAN_POINT('',(-1.570796326795,1.544363278267));
#4195 = CARTESIAN_POINT('',(-1.570796326795,1.492271114166));
#4196 = CARTESIAN_POINT('',(-1.570796326795,1.416189872242));
#4197 = CARTESIAN_POINT('',(-1.570796326795,1.341892168614));
#4198 = CARTESIAN_POINT('',(-1.570796326795,1.269134886861));
#4199 = CARTESIAN_POINT('',(-1.570796326795,1.197690220556));
#4200 = CARTESIAN_POINT('',(-1.570796326795,1.12734572285));
#4201 = CARTESIAN_POINT('',(-1.570796326795,1.057900795762));
#4202 = CARTESIAN_POINT('',(-1.570796326795,0.989164516627));
#4203 = CARTESIAN_POINT('',(-1.570796326795,0.92095340603));
#4204 = CARTESIAN_POINT('',(-1.570796326795,0.85308944002));
#4205 = CARTESIAN_POINT('',(-1.570796326795,0.785398163397));
#4206 = CARTESIAN_POINT('',(-1.570796326795,0.717706886775));
#4207 = CARTESIAN_POINT('',(-1.570796326795,0.649842920765));
#4208 = CARTESIAN_POINT('',(-1.570796326795,0.581631810168));
#4209 = CARTESIAN_POINT('',(-1.570796326795,0.512895531033));
#4210 = CARTESIAN_POINT('',(-1.570796326795,0.443450603945));
#4211 = CARTESIAN_POINT('',(-1.570796326795,0.373106106239));
#4212 = CARTESIAN_POINT('',(-1.570796326795,0.301661439934));
#4213 = CARTESIAN_POINT('',(-1.570796326795,0.228904158181));
#4214 = CARTESIAN_POINT('',(-1.570796326795,0.154606454553));
#4215 = CARTESIAN_POINT('',(-1.570796326795,7.852521262872E-02));
#4216 = CARTESIAN_POINT('',(-1.570796326795,2.643304852828E-02));
#4217 = CARTESIAN_POINT('',(-1.570796326795,0.));
#4218 = ( GEOMETRIC_REPRESENTATION_CONTEXT(2) 
PARAMETRIC_REPRESENTATION_CONTEXT() REPRESENTATION_CONTEXT('2D SPACE',''
  ) );
#4219 = PCURVE('',#1592,#4220);
#4220 = DEFINITIONAL_REPRESENTATION('',(#4221),#4229);
#4221 = ( BOUNDED_CURVE() B_SPLINE_CURVE(2,(#4222,#4223,#4224,#4225,
#4226,#4227,#4228),.UNSPECIFIED.,.T.,.F.) B_SPLINE_CURVE_WITH_KNOTS((1,2
    ,2,2,2,1),(-2.094395102393,0.,2.094395102393,4.188790204786,
6.28318530718,8.377580409573),.UNSPECIFIED.) CURVE() 
GEOMETRIC_REPRESENTATION_ITEM() RATIONAL_B_SPLINE_CURVE((1.,0.5,1.,0.5,
1.,0.5,1.)) REPRESENTATION_ITEM('') );
#4222 = CARTESIAN_POINT('',(9.85,19.7));
#4223 = CARTESIAN_POINT('',(9.85,19.007179676972));
#4224 = CARTESIAN_POINT('',(9.25,19.353589838486));
#4225 = CARTESIAN_POINT('',(8.65,19.7));
#4226 = CARTESIAN_POINT('',(9.25,20.046410161514));
#4227 = CARTESIAN_POINT('',(9.85,20.392820323028));
#4228 = CARTESIAN_POINT('',(9.85,19.7));
#4229 = ( GEOMETRIC_REPRESENTATION_CONTEXT(2) 
PARAMETRIC_REPRESENTATION_CONTEXT() REPRESENTATION_CONTEXT('2D SPACE',''
  ) );
#4230 = ORIENTED_EDGE('',*,*,#4231,.F.);
#4231 = EDGE_CURVE('',#4130,#4182,#4232,.T.);
#4232 = SURFACE_CURVE('',#4233,(#4238,#4267),.PCURVE_S1.);
#4233 = CIRCLE('',#4234,0.4);
#4234 = AXIS2_PLACEMENT_3D('',#4235,#4236,#4237);
#4235 = CARTESIAN_POINT('',(19.7,36.6,-9.85));
#4236 = DIRECTION('',(1.,0.,0.));
#4237 = DIRECTION('',(0.,0.,-1.));
#4238 = PCURVE('',#3947,#4239);
#4239 = DEFINITIONAL_REPRESENTATION('',(#4240),#4266);
#4240 = B_SPLINE_CURVE_WITH_KNOTS('',3,(#4241,#4242,#4243,#4244,#4245,
    #4246,#4247,#4248,#4249,#4250,#4251,#4252,#4253,#4254,#4255,#4256,
    #4257,#4258,#4259,#4260,#4261,#4262,#4263,#4264,#4265),
  .UNSPECIFIED.,.F.,.F.,(4,1,1,1,1,1,1,1,1,1,1,1,1,1,1,1,1,1,1,1,1,1,4),
  (0.,7.139983303613E-02,0.142799666072,0.214199499108,0.285599332145,
    0.356999165181,0.428398998217,0.499798831253,0.571198664289,
    0.642598497325,0.713998330361,0.785398163397,0.856797996434,
    0.92819782947,0.999597662506,1.070997495542,1.142397328578,
    1.213797161614,1.28519699465,1.356596827687,1.427996660723,
    1.499396493759,1.570796326795),.QUASI_UNIFORM_KNOTS.);
#4241 = CARTESIAN_POINT('',(0.,0.));
#4242 = CARTESIAN_POINT('',(-2.643304852827E-02,0.));
#4243 = CARTESIAN_POINT('',(-7.85252126287E-02,0.));
#4244 = CARTESIAN_POINT('',(-0.154606454553,0.));
#4245 = CARTESIAN_POINT('',(-0.228904158181,0.));
#4246 = CARTESIAN_POINT('',(-0.301661439934,0.));
#4247 = CARTESIAN_POINT('',(-0.373106106239,0.));
#4248 = CARTESIAN_POINT('',(-0.443450603945,0.));
#4249 = CARTESIAN_POINT('',(-0.512895531033,0.));
#4250 = CARTESIAN_POINT('',(-0.581631810168,0.));
#4251 = CARTESIAN_POINT('',(-0.649842920765,0.));
#4252 = CARTESIAN_POINT('',(-0.717706886775,0.));
#4253 = CARTESIAN_POINT('',(-0.785398163397,0.));
#4254 = CARTESIAN_POINT('',(-0.85308944002,0.));
#4255 = CARTESIAN_POINT('',(-0.92095340603,0.));
#4256 = CARTESIAN_POINT('',(-0.989164516627,0.));
#4257 = CARTESIAN_POINT('',(-1.057900795762,0.));
#4258 = CARTESIAN_POINT('',(-1.12734572285,0.));
#4259 = CARTESIAN_POINT('',(-1.197690220556,0.));
#4260 = CARTESIAN_POINT('',(-1.269134886861,0.));
#4261 = CARTESIAN_POINT('',(-1.341892168614,0.));
#4262 = CARTESIAN_POINT('',(-1.416189872242,0.));
#4263 = CARTESIAN_POINT('',(-1.492271114166,0.));
#4264 = CARTESIAN_POINT('',(-1.544363278267,-0.));
#4265 = CARTESIAN_POINT('',(-1.570796326795,0.));
#4266 = ( GEOMETRIC_REPRESENTATION_CONTEXT(2) 
PARAMETRIC_REPRESENTATION_CONTEXT() REPRESENTATION_CONTEXT('2D SPACE',''
  ) );
#4267 = PCURVE('',#4268,#4273);
#4268 = CYLINDRICAL_SURFACE('',#4269,0.4);
#4269 = AXIS2_PLACEMENT_3D('',#4270,#4271,#4272);
#4270 = CARTESIAN_POINT('',(0.,36.6,-9.85));
#4271 = DIRECTION('',(-1.,0.,0.));
#4272 = DIRECTION('',(0.,0.,1.));
#4273 = DEFINITIONAL_REPRESENTATION('',(#4274),#4278);
#4274 = LINE('',#4275,#4276);
#4275 = CARTESIAN_POINT('',(3.14159265359,-19.7));
#4276 = VECTOR('',#4277,1.);
#4277 = DIRECTION('',(-1.,0.));
#4278 = ( GEOMETRIC_REPRESENTATION_CONTEXT(2) 
PARAMETRIC_REPRESENTATION_CONTEXT() REPRESENTATION_CONTEXT('2D SPACE',''
  ) );
#4279 = ADVANCED_FACE('',(#4280),#1521,.T.);
#4280 = FACE_BOUND('',#4281,.T.);
#4281 = EDGE_LOOP('',(#4282,#4283,#4386));
#4282 = ORIENTED_EDGE('',*,*,#1476,.F.);
#4283 = ORIENTED_EDGE('',*,*,#4284,.F.);
#4284 = EDGE_CURVE('',#4038,#1378,#4285,.T.);
#4285 = SURFACE_CURVE('',#4286,(#4309,#4360),.PCURVE_S1.);
#4286 = B_SPLINE_CURVE_WITH_KNOTS('',3,(#4287,#4288,#4289,#4290,#4291,
    #4292,#4293,#4294,#4295,#4296,#4297,#4298,#4299,#4300,#4301,#4302,
    #4303,#4304,#4305,#4306,#4307,#4308),.UNSPECIFIED.,.F.,.F.,(4,3,3,3,
    3,3,3,4),(0.,3.788140637381E-04,7.18033772556E-04,1.238059754938E-03
    ,1.433802606065E-03,1.434149617063E-03,2.386606347794E-03,
    2.868299234126E-03),.UNSPECIFIED.);
#4287 = CARTESIAN_POINT('',(-7.414510624248,36.6,10.25));
#4288 = CARTESIAN_POINT('',(-7.541018890876,36.600000008501,10.25));
#4289 = CARTESIAN_POINT('',(-7.667297234926,36.604404587935,10.25));
#4290 = CARTESIAN_POINT('',(-7.793347093231,36.612149432345,10.25));
#4291 = CARTESIAN_POINT('',(-7.906221984434,36.619084771121,10.25));
#4292 = CARTESIAN_POINT('',(-8.01891387164,36.628696905828,10.25));
#4293 = CARTESIAN_POINT('',(-8.13142831178,36.640186718846,10.25));
#4294 = CARTESIAN_POINT('',(-8.303913667863,36.657800675662,10.25));
#4295 = CARTESIAN_POINT('',(-8.475973930342,36.680006005686,10.25));
#4296 = CARTESIAN_POINT('',(-8.647476360655,36.70530621756,10.25));
#4297 = CARTESIAN_POINT('',(-8.712031547938,36.714829464041,10.25));
#4298 = CARTESIAN_POINT('',(-8.776507784292,36.724790581213,10.25));
#4299 = CARTESIAN_POINT('',(-8.840898213604,36.735108120255,10.25));
#4300 = CARTESIAN_POINT('',(-8.841012364322,36.735126411087,10.25));
#4301 = CARTESIAN_POINT('',(-8.841126514756,36.73514470303,10.25));
#4302 = CARTESIAN_POINT('',(-8.841240664904,36.735162996084,10.25));
#4303 = CARTESIAN_POINT('',(-9.154553723473,36.785372767711,10.25));
#4304 = CARTESIAN_POINT('',(-9.466364055536,36.844054559607,10.25));
#4305 = CARTESIAN_POINT('',(-9.777749776004,36.905466265109,10.25));
#4306 = CARTESIAN_POINT('',(-9.935229146579,36.936524454655,10.25));
#4307 = CARTESIAN_POINT('',(-10.09259976647,36.968281559656,10.25));
#4308 = CARTESIAN_POINT('',(-10.25,37.,10.25));
#4309 = PCURVE('',#1521,#4310);
#4310 = DEFINITIONAL_REPRESENTATION('',(#4311),#4359);
#4311 = B_SPLINE_CURVE_WITH_KNOTS('',3,(#4312,#4313,#4314,#4315,#4316,
    #4317,#4318,#4319,#4320,#4321,#4322,#4323,#4324,#4325,#4326,#4327,
    #4328,#4329,#4330,#4331,#4332,#4333,#4334,#4335,#4336,#4337,#4338,
    #4339,#4340,#4341,#4342,#4343,#4344,#4345,#4346,#4347,#4348,#4349,
    #4350,#4351,#4352,#4353,#4354,#4355,#4356,#4357,#4358),
  .UNSPECIFIED.,.F.,.F.,(4,1,1,1,1,1,1,1,1,1,1,1,1,1,1,1,1,1,1,1,1,1,1,1
    ,1,1,1,1,1,1,1,1,1,1,1,1,1,1,1,1,1,1,1,1,4),(0.,6.51886189574E-05,
    1.303772379148E-04,1.955658568722E-04,2.607544758296E-04,
    3.25943094787E-04,3.911317137444E-04,4.563203327018E-04,
    5.215089516592E-04,5.866975706166E-04,6.51886189574E-04,
    7.170748085314E-04,7.822634274888E-04,8.474520464462E-04,
    9.126406654036E-04,9.77829284361E-04,1.043017903318E-03,
    1.108206522276E-03,1.173395141233E-03,1.238583760191E-03,
    1.303772379148E-03,1.368960998105E-03,1.434149617063E-03,
    1.49933823602E-03,1.564526854978E-03,1.629715473935E-03,
    1.694904092892E-03,1.76009271185E-03,1.825281330807E-03,
    1.890469949765E-03,1.955658568722E-03,2.020847187679E-03,
    2.086035806637E-03,2.151224425594E-03,2.216413044552E-03,
    2.281601663509E-03,2.346790282466E-03,2.411978901424E-03,
    2.477167520381E-03,2.542356139339E-03,2.607544758296E-03,
    2.672733377253E-03,2.737921996211E-03,2.803110615168E-03,
    2.868299234126E-03),.QUASI_UNIFORM_KNOTS.);
#4312 = CARTESIAN_POINT('',(1.369303019906E-03,1.));
#4313 = CARTESIAN_POINT('',(1.391333087463E-03,0.999999953696));
#4314 = CARTESIAN_POINT('',(1.435414321947E-03,0.999999478542));
#4315 = CARTESIAN_POINT('',(1.501595492669E-03,0.999998413753));
#4316 = CARTESIAN_POINT('',(1.5678320246E-03,0.999998025752));
#4317 = CARTESIAN_POINT('',(1.634119885308E-03,0.999998526945));
#4318 = CARTESIAN_POINT('',(1.700455025185E-03,0.999999669527));
#4319 = CARTESIAN_POINT('',(1.766833370118E-03,1.000000161126));
#4320 = CARTESIAN_POINT('',(1.83325089871E-03,0.999999515601));
#4321 = CARTESIAN_POINT('',(1.899703635315E-03,0.999999050356));
#4322 = CARTESIAN_POINT('',(1.966187558876E-03,0.999999076745));
#4323 = CARTESIAN_POINT('',(2.03269864072E-03,0.999999590037));
#4324 = CARTESIAN_POINT('',(2.099232846741E-03,1.000000118357));
#4325 = CARTESIAN_POINT('',(2.165786143279E-03,0.999999516823));
#4326 = CARTESIAN_POINT('',(2.232354523854E-03,0.999998435657));
#4327 = CARTESIAN_POINT('',(2.298933972481E-03,0.999997513479));
#4328 = CARTESIAN_POINT('',(2.365520465704E-03,0.999997111987));
#4329 = CARTESIAN_POINT('',(2.432109975619E-03,0.999997381375));
#4330 = CARTESIAN_POINT('',(2.498698479987E-03,0.999998204517));
#4331 = CARTESIAN_POINT('',(2.565281937894E-03,0.999999282616));
#4332 = CARTESIAN_POINT('',(2.631856391034E-03,0.999999758388));
#4333 = CARTESIAN_POINT('',(2.698417592317E-03,0.999999524506));
#4334 = CARTESIAN_POINT('',(2.764962369133E-03,0.999999508056));
#4335 = CARTESIAN_POINT('',(2.831483515323E-03,0.99999941434));
#4336 = CARTESIAN_POINT('',(2.897988892608E-03,0.999999482443));
#4337 = CARTESIAN_POINT('',(2.964490261586E-03,0.999999897208));
#4338 = CARTESIAN_POINT('',(3.030984315737E-03,1.000000490736));
#4339 = CARTESIAN_POINT('',(3.097471786749E-03,1.000001191012));
#4340 = CARTESIAN_POINT('',(3.163952325115E-03,1.000001903303));
#4341 = CARTESIAN_POINT('',(3.230425871717E-03,1.000002544032));
#4342 = CARTESIAN_POINT('',(3.296892290153E-03,1.000003034543));
#4343 = CARTESIAN_POINT('',(3.363351465094E-03,1.000003306702));
#4344 = CARTESIAN_POINT('',(3.429803275783E-03,1.000003307248));
#4345 = CARTESIAN_POINT('',(3.496247603006E-03,1.000003004649));
#4346 = CARTESIAN_POINT('',(3.56268432711E-03,1.000002402165));
#4347 = CARTESIAN_POINT('',(3.629113328449E-03,1.000001548161));
#4348 = CARTESIAN_POINT('',(3.695534487249E-03,1.000000593261));
#4349 = CARTESIAN_POINT('',(3.761947683543E-03,0.999999737714));
#4350 = CARTESIAN_POINT('',(3.828352797601E-03,0.999999711545));
#4351 = CARTESIAN_POINT('',(3.894749708095E-03,1.000000084615));
#4352 = CARTESIAN_POINT('',(3.961138294727E-03,1.000000602627));
#4353 = CARTESIAN_POINT('',(4.027518437353E-03,1.000001143036));
#4354 = CARTESIAN_POINT('',(4.093890015832E-03,1.000001510389));
#4355 = CARTESIAN_POINT('',(4.160252910034E-03,1.000001650236));
#4356 = CARTESIAN_POINT('',(4.226606999828E-03,1.000000996808));
#4357 = CARTESIAN_POINT('',(4.270837110135E-03,1.000000910255));
#4358 = CARTESIAN_POINT('',(4.292950657901E-03,1.000001084075));
#4359 = ( GEOMETRIC_REPRESENTATION_CONTEXT(2) 
PARAMETRIC_REPRESENTATION_CONTEXT() REPRESENTATION_CONTEXT('2D SPACE',''
  ) );
#4360 = PCURVE('',#3170,#4361);
#4361 = DEFINITIONAL_REPRESENTATION('',(#4362),#4385);
#4362 = B_SPLINE_CURVE_WITH_KNOTS('',3,(#4363,#4364,#4365,#4366,#4367,
    #4368,#4369,#4370,#4371,#4372,#4373,#4374,#4375,#4376,#4377,#4378,
    #4379,#4380,#4381,#4382,#4383,#4384),.UNSPECIFIED.,.F.,.F.,(4,3,3,3,
    3,3,3,4),(0.,3.788140637381E-04,7.18033772556E-04,1.238059754938E-03
    ,1.433802606065E-03,1.434149617063E-03,2.386606347794E-03,
    2.868299234126E-03),.UNSPECIFIED.);
#4363 = CARTESIAN_POINT('',(0.4,-13.08548937575));
#4364 = CARTESIAN_POINT('',(0.399999991499,-12.95898110912));
#4365 = CARTESIAN_POINT('',(0.395595412065,-12.83270276507));
#4366 = CARTESIAN_POINT('',(0.387850567655,-12.70665290676));
#4367 = CARTESIAN_POINT('',(0.380915228879,-12.59377801556));
#4368 = CARTESIAN_POINT('',(0.371303094172,-12.48108612836));
#4369 = CARTESIAN_POINT('',(0.359813281154,-12.36857168822));
#4370 = CARTESIAN_POINT('',(0.342199324338,-12.19608633213));
#4371 = CARTESIAN_POINT('',(0.319993994314,-12.02402606965));
#4372 = CARTESIAN_POINT('',(0.29469378244,-11.85252363934));
#4373 = CARTESIAN_POINT('',(0.285170535959,-11.78796845206));
#4374 = CARTESIAN_POINT('',(0.275209418787,-11.7234922157));
#4375 = CARTESIAN_POINT('',(0.264891879745,-11.65910178639));
#4376 = CARTESIAN_POINT('',(0.264873588913,-11.65898763567));
#4377 = CARTESIAN_POINT('',(0.26485529697,-11.65887348524));
#4378 = CARTESIAN_POINT('',(0.264837003916,-11.65875933509));
#4379 = CARTESIAN_POINT('',(0.214627232289,-11.34544627652));
#4380 = CARTESIAN_POINT('',(0.155945440393,-11.03363594446));
#4381 = CARTESIAN_POINT('',(9.453373489129E-02,-10.72225022399));
#4382 = CARTESIAN_POINT('',(6.34755453449E-02,-10.56477085342));
#4383 = CARTESIAN_POINT('',(3.17184403438E-02,-10.40740023352));
#4384 = CARTESIAN_POINT('',(0.,-10.25));
#4385 = ( GEOMETRIC_REPRESENTATION_CONTEXT(2) 
PARAMETRIC_REPRESENTATION_CONTEXT() REPRESENTATION_CONTEXT('2D SPACE',''
  ) );
#4386 = ORIENTED_EDGE('',*,*,#4037,.F.);
#4387 = ADVANCED_FACE('',(#4388),#4268,.T.);
#4388 = FACE_BOUND('',#4389,.T.);
#4389 = EDGE_LOOP('',(#4390,#4463,#4484,#4485));
#4390 = ORIENTED_EDGE('',*,*,#4391,.T.);
#4391 = EDGE_CURVE('',#4392,#4394,#4396,.T.);
#4392 = VERTEX_POINT('',#4393);
#4393 = CARTESIAN_POINT('',(-7.414510624248,36.6,-10.25));
#4394 = VERTEX_POINT('',#4395);
#4395 = CARTESIAN_POINT('',(-7.414510624248,37.,-9.85));
#4396 = SURFACE_CURVE('',#4397,(#4402,#4409),.PCURVE_S1.);
#4397 = CIRCLE('',#4398,0.4);
#4398 = AXIS2_PLACEMENT_3D('',#4399,#4400,#4401);
#4399 = CARTESIAN_POINT('',(-7.414510624248,36.6,-9.85));
#4400 = DIRECTION('',(1.,0.,0.));
#4401 = DIRECTION('',(0.,0.,-1.));
#4402 = PCURVE('',#4268,#4403);
#4403 = DEFINITIONAL_REPRESENTATION('',(#4404),#4408);
#4404 = LINE('',#4405,#4406);
#4405 = CARTESIAN_POINT('',(3.14159265359,7.414510624248));
#4406 = VECTOR('',#4407,1.);
#4407 = DIRECTION('',(-1.,0.));
#4408 = ( GEOMETRIC_REPRESENTATION_CONTEXT(2) 
PARAMETRIC_REPRESENTATION_CONTEXT() REPRESENTATION_CONTEXT('2D SPACE',''
  ) );
#4409 = PCURVE('',#4410,#4435);
#4410 = ( BOUNDED_SURFACE() B_SPLINE_SURFACE(3,2,(
    (#4411,#4412,#4413)
    ,(#4414,#4415,#4416)
    ,(#4417,#4418,#4419)
    ,(#4420,#4421,#4422)
    ,(#4423,#4424,#4425)
    ,(#4426,#4427,#4428)
    ,(#4429,#4430,#4431)
    ,(#4432,#4433,#4434
)),.UNSPECIFIED.,.F.,.F.,.F.) B_SPLINE_SURFACE_WITH_KNOTS((4,2,2,4),(3,3
    ),(1.369303019906E-03,2.100214929405E-03,2.831126838903E-03,
    4.292950657901E-03),(0.,1.000022533201),.UNSPECIFIED.) 
GEOMETRIC_REPRESENTATION_ITEM() RATIONAL_B_SPLINE_SURFACE((
    (1.,0.707100181365,1.000013199941)
    ,(1.,0.763496361935,1.000010658368)
    ,(1.,0.807960009135,1.000008654551)
    ,(1.,0.881462040915,1.000005342079)
    ,(1.,0.910412705045,1.000004037377)
    ,(1.,0.978789801085,1.000000955867)
    ,(1.,0.999755336151,1.000000011026)
,(1.,1.,1.))) REPRESENTATION_ITEM('') SURFACE() );
#4411 = CARTESIAN_POINT('',(-7.414510624248,36.6,-10.25));
#4412 = CARTESIAN_POINT('',(-7.414510624248,37.000012746822,-10.25));
#4413 = CARTESIAN_POINT('',(-7.414510624248,36.999999999797,
    -9.849987253381));
#4414 = CARTESIAN_POINT('',(-7.655275114239,36.600000016179,-10.25));
#4415 = CARTESIAN_POINT('',(-7.620754776804,36.94063894179,-10.25));
#4416 = CARTESIAN_POINT('',(-7.636848630889,37.000002042679,
    -9.913992042204));
#4417 = CARTESIAN_POINT('',(-7.893933080767,36.615934043623,-10.25));
#4418 = CARTESIAN_POINT('',(-7.859849007194,36.907674567463,-10.25));
#4419 = CARTESIAN_POINT('',(-7.863753705902,37.000003361783,
    -9.97115448367));
#4420 = CARTESIAN_POINT('',(-8.368923548893,36.664439334335,-10.25));
#4421 = CARTESIAN_POINT('',(-8.331012648677,36.878255437653,-10.25));
#4422 = CARTESIAN_POINT('',(-8.325615685844,37.000004836488,
    -10.0704964365));
#4423 = CARTESIAN_POINT('',(-8.605240993792,36.697347702245,-10.25));
#4424 = CARTESIAN_POINT('',(-8.572439074519,36.878327761862,-10.25));
#4425 = CARTESIAN_POINT('',(-8.56056579509,37.000004992109,
    -10.11266276705));
#4426 = CARTESIAN_POINT('',(-9.312212729404,36.810628480866,-10.25));
#4427 = CARTESIAN_POINT('',(-9.270604214552,36.903692182334,-10.25));
#4428 = CARTESIAN_POINT('',(-9.274228319574,37.000004248516,
    -10.2147604722));
#4429 = CARTESIAN_POINT('',(-9.780622491639,36.905413593333,-10.25));
#4430 = CARTESIAN_POINT('',(-9.771170358517,36.952715623714,-10.25));
#4431 = CARTESIAN_POINT('',(-9.761480815637,37.000002130463,-10.25));
#4432 = CARTESIAN_POINT('',(-10.25,37.,-10.25));
#4433 = CARTESIAN_POINT('',(-10.25,37.,-10.25));
#4434 = CARTESIAN_POINT('',(-10.25,37.,-10.25));
#4435 = DEFINITIONAL_REPRESENTATION('',(#4436),#4462);
#4436 = B_SPLINE_CURVE_WITH_KNOTS('',3,(#4437,#4438,#4439,#4440,#4441,
    #4442,#4443,#4444,#4445,#4446,#4447,#4448,#4449,#4450,#4451,#4452,
    #4453,#4454,#4455,#4456,#4457,#4458,#4459,#4460,#4461),
  .UNSPECIFIED.,.F.,.F.,(4,1,1,1,1,1,1,1,1,1,1,1,1,1,1,1,1,1,1,1,1,1,4),
  (0.,7.139983303613E-02,0.142799666072,0.214199499108,0.285599332145,
    0.356999165181,0.428398998217,0.499798831253,0.571198664289,
    0.642598497325,0.713998330361,0.785398163397,0.856797996434,
    0.92819782947,0.999597662506,1.070997495542,1.142397328578,
    1.213797161614,1.28519699465,1.356596827687,1.427996660723,
    1.499396493759,1.570796326795),.QUASI_UNIFORM_KNOTS.);
#4437 = CARTESIAN_POINT('',(1.369303019906E-03,0.));
#4438 = CARTESIAN_POINT('',(1.369303019906E-03,1.682780133705E-02));
#4439 = CARTESIAN_POINT('',(1.369303019906E-03,4.99907029888E-02));
#4440 = CARTESIAN_POINT('',(1.369303019906E-03,9.842552590408E-02));
#4441 = CARTESIAN_POINT('',(1.369303019906E-03,0.145724913075));
#4442 = CARTESIAN_POINT('',(1.369303019906E-03,0.192043637223));
#4443 = CARTESIAN_POINT('',(1.369303019906E-03,0.237526724423));
#4444 = CARTESIAN_POINT('',(1.369303019906E-03,0.282309422539));
#4445 = CARTESIAN_POINT('',(1.369303019906E-03,0.326519436214));
#4446 = CARTESIAN_POINT('',(1.369303019906E-03,0.370278310591));
#4447 = CARTESIAN_POINT('',(1.369303019906E-03,0.413702852292));
#4448 = CARTESIAN_POINT('',(1.369303019906E-03,0.456906394885));
#4449 = CARTESIAN_POINT('',(1.369303019906E-03,0.5));
#4450 = CARTESIAN_POINT('',(1.369303019906E-03,0.543093605115));
#4451 = CARTESIAN_POINT('',(1.369303019906E-03,0.586297147708));
#4452 = CARTESIAN_POINT('',(1.369303019906E-03,0.629721689409));
#4453 = CARTESIAN_POINT('',(1.369303019906E-03,0.673480563786));
#4454 = CARTESIAN_POINT('',(1.369303019906E-03,0.717690577461));
#4455 = CARTESIAN_POINT('',(1.369303019906E-03,0.762473275577));
#4456 = CARTESIAN_POINT('',(1.369303019906E-03,0.807956362777));
#4457 = CARTESIAN_POINT('',(1.369303019906E-03,0.854275086925));
#4458 = CARTESIAN_POINT('',(1.369303019906E-03,0.901574474096));
#4459 = CARTESIAN_POINT('',(1.369303019906E-03,0.950009297011));
#4460 = CARTESIAN_POINT('',(1.369303019906E-03,0.983172198663));
#4461 = CARTESIAN_POINT('',(1.369303019906E-03,1.));
#4462 = ( GEOMETRIC_REPRESENTATION_CONTEXT(2) 
PARAMETRIC_REPRESENTATION_CONTEXT() REPRESENTATION_CONTEXT('2D SPACE',''
  ) );
#4463 = ORIENTED_EDGE('',*,*,#4464,.F.);
#4464 = EDGE_CURVE('',#4182,#4394,#4465,.T.);
#4465 = SURFACE_CURVE('',#4466,(#4470,#4477),.PCURVE_S1.);
#4466 = LINE('',#4467,#4468);
#4467 = CARTESIAN_POINT('',(0.,37.,-9.85));
#4468 = VECTOR('',#4469,1.);
#4469 = DIRECTION('',(-1.,0.,0.));
#4470 = PCURVE('',#4268,#4471);
#4471 = DEFINITIONAL_REPRESENTATION('',(#4472),#4476);
#4472 = LINE('',#4473,#4474);
#4473 = CARTESIAN_POINT('',(1.570796326795,0.));
#4474 = VECTOR('',#4475,1.);
#4475 = DIRECTION('',(0.,1.));
#4476 = ( GEOMETRIC_REPRESENTATION_CONTEXT(2) 
PARAMETRIC_REPRESENTATION_CONTEXT() REPRESENTATION_CONTEXT('2D SPACE',''
  ) );
#4477 = PCURVE('',#1592,#4478);
#4478 = DEFINITIONAL_REPRESENTATION('',(#4479),#4483);
#4479 = LINE('',#4480,#4481);
#4480 = CARTESIAN_POINT('',(9.85,0.));
#4481 = VECTOR('',#4482,1.);
#4482 = DIRECTION('',(0.,-1.));
#4483 = ( GEOMETRIC_REPRESENTATION_CONTEXT(2) 
PARAMETRIC_REPRESENTATION_CONTEXT() REPRESENTATION_CONTEXT('2D SPACE',''
  ) );
#4484 = ORIENTED_EDGE('',*,*,#4231,.F.);
#4485 = ORIENTED_EDGE('',*,*,#4486,.F.);
#4486 = EDGE_CURVE('',#4392,#4130,#4487,.T.);
#4487 = SURFACE_CURVE('',#4488,(#4492,#4499),.PCURVE_S1.);
#4488 = LINE('',#4489,#4490);
#4489 = CARTESIAN_POINT('',(-20.5,36.6,-10.25));
#4490 = VECTOR('',#4491,1.);
#4491 = DIRECTION('',(1.,0.,0.));
#4492 = PCURVE('',#4268,#4493);
#4493 = DEFINITIONAL_REPRESENTATION('',(#4494),#4498);
#4494 = LINE('',#4495,#4496);
#4495 = CARTESIAN_POINT('',(3.14159265359,20.5));
#4496 = VECTOR('',#4497,1.);
#4497 = DIRECTION('',(0.,-1.));
#4498 = ( GEOMETRIC_REPRESENTATION_CONTEXT(2) 
PARAMETRIC_REPRESENTATION_CONTEXT() REPRESENTATION_CONTEXT('2D SPACE',''
  ) );
#4499 = PCURVE('',#2873,#4500);
#4500 = DEFINITIONAL_REPRESENTATION('',(#4501),#4505);
#4501 = LINE('',#4502,#4503);
#4502 = CARTESIAN_POINT('',(0.,-0.4));
#4503 = VECTOR('',#4504,1.);
#4504 = DIRECTION('',(1.,0.));
#4505 = ( GEOMETRIC_REPRESENTATION_CONTEXT(2) 
PARAMETRIC_REPRESENTATION_CONTEXT() REPRESENTATION_CONTEXT('2D SPACE',''
  ) );
#4506 = ADVANCED_FACE('',(#4507),#4410,.T.);
#4507 = FACE_BOUND('',#4508,.T.);
#4508 = EDGE_LOOP('',(#4509,#4612,#4684));
#4509 = ORIENTED_EDGE('',*,*,#4510,.F.);
#4510 = EDGE_CURVE('',#2911,#4392,#4511,.T.);
#4511 = SURFACE_CURVE('',#4512,(#4535,#4586),.PCURVE_S1.);
#4512 = B_SPLINE_CURVE_WITH_KNOTS('',3,(#4513,#4514,#4515,#4516,#4517,
    #4518,#4519,#4520,#4521,#4522,#4523,#4524,#4525,#4526,#4527,#4528,
    #4529,#4530,#4531,#4532,#4533,#4534),.UNSPECIFIED.,.F.,.F.,(4,3,3,3,
    3,3,3,4),(-1.98494332787E-05,8.819094558621E-04,1.413420517386E-03,
    1.413773444002E-03,1.933478007487E-03,2.129100180924E-03,
    2.507680514758E-03,2.84669046805E-03),.UNSPECIFIED.);
#4513 = CARTESIAN_POINT('',(-10.25,37.,-10.25));
#4514 = CARTESIAN_POINT('',(-9.955337023317,36.94062111702,-10.25));
#4515 = CARTESIAN_POINT('',(-9.660554138913,36.881057261852,-10.25));
#4516 = CARTESIAN_POINT('',(-9.364949963071,36.826212444889,-10.25));
#4517 = CARTESIAN_POINT('',(-9.19071615048,36.793886035652,-10.25));
#4518 = CARTESIAN_POINT('',(-9.016196676502,36.763200519254,-10.25));
#4519 = CARTESIAN_POINT('',(-8.841246717596,36.735163968892,-10.25));
#4520 = CARTESIAN_POINT('',(-8.841130549746,36.73514535245,-10.25));
#4521 = CARTESIAN_POINT('',(-8.841014381601,36.735126737159,-10.25));
#4522 = CARTESIAN_POINT('',(-8.840898213161,36.735108123019,-10.25));
#4523 = CARTESIAN_POINT('',(-8.66983356201,36.707697741069,-10.25));
#4524 = CARTESIAN_POINT('',(-8.498162925758,36.682805666144,-10.25));
#4525 = CARTESIAN_POINT('',(-8.326016394656,36.661947832258,-10.25));
#4526 = CARTESIAN_POINT('',(-8.261218659693,36.654096727833,-10.25));
#4527 = CARTESIAN_POINT('',(-8.196353555079,36.646816792092,-10.25));
#4528 = CARTESIAN_POINT('',(-8.131428311727,36.640186719367,-10.25));
#4529 = CARTESIAN_POINT('',(-8.005780897272,36.627355785628,-10.25));
#4530 = CARTESIAN_POINT('',(-7.879912101126,36.616867160358,-10.25));
#4531 = CARTESIAN_POINT('',(-7.753814479236,36.609831461533,-10.25));
#4532 = CARTESIAN_POINT('',(-7.640896968507,36.603531155583,-10.25));
#4533 = CARTESIAN_POINT('',(-7.527795930572,36.600000007612,-10.25));
#4534 = CARTESIAN_POINT('',(-7.414510624248,36.6,-10.25));
#4535 = PCURVE('',#4410,#4536);
#4536 = DEFINITIONAL_REPRESENTATION('',(#4537),#4585);
#4537 = B_SPLINE_CURVE_WITH_KNOTS('',3,(#4538,#4539,#4540,#4541,#4542,
    #4543,#4544,#4545,#4546,#4547,#4548,#4549,#4550,#4551,#4552,#4553,
    #4554,#4555,#4556,#4557,#4558,#4559,#4560,#4561,#4562,#4563,#4564,
    #4565,#4566,#4567,#4568,#4569,#4570,#4571,#4572,#4573,#4574,#4575,
    #4576,#4577,#4578,#4579,#4580,#4581,#4582,#4583,#4584),
  .UNSPECIFIED.,.F.,.F.,(4,1,1,1,1,1,1,1,1,1,1,1,1,1,1,1,1,1,1,1,1,1,1,1
    ,1,1,1,1,1,1,1,1,1,1,1,1,1,1,1,1,1,1,1,1,4),(-1.98494332787E-05,
    4.529920084241E-05,1.104478349635E-04,1.755964690846E-04,
    2.407451032057E-04,3.058937373268E-04,3.710423714479E-04,
    4.36191005569E-04,5.013396396902E-04,5.664882738113E-04,
    6.316369079324E-04,6.967855420535E-04,7.619341761746E-04,
    8.270828102957E-04,8.922314444168E-04,9.573800785379E-04,
    1.022528712659E-03,1.08767734678E-03,1.152825980901E-03,
    1.217974615022E-03,1.283123249143E-03,1.348271883265E-03,
    1.413420517386E-03,1.478569151507E-03,1.543717785628E-03,
    1.608866419749E-03,1.67401505387E-03,1.739163687991E-03,
    1.804312322112E-03,1.869460956233E-03,1.934609590355E-03,
    1.999758224476E-03,2.064906858597E-03,2.130055492718E-03,
    2.195204126839E-03,2.26035276096E-03,2.325501395081E-03,
    2.390650029202E-03,2.455798663323E-03,2.520947297444E-03,
    2.586095931566E-03,2.651244565687E-03,2.716393199808E-03,
    2.781541833929E-03,2.84669046805E-03),.UNSPECIFIED.);
#4538 = CARTESIAN_POINT('',(4.292950657901E-03,-3.828909659145E-06));
#4539 = CARTESIAN_POINT('',(4.270850674037E-03,-3.828909659145E-06));
#4540 = CARTESIAN_POINT('',(4.226645261673E-03,-3.828907272283E-06));
#4541 = CARTESIAN_POINT('',(4.160321421258E-03,-3.828918013164E-06));
#4542 = CARTESIAN_POINT('',(4.093982470863E-03,-3.828878629933E-06));
#4543 = CARTESIAN_POINT('',(4.027629022898E-03,-3.829025421977E-06));
#4544 = CARTESIAN_POINT('',(3.961261690039E-03,-3.828477637031E-06));
#4545 = CARTESIAN_POINT('',(3.89488108525E-03,-3.830521984772E-06));
#4546 = CARTESIAN_POINT('',(3.828487821795E-03,-3.822892378753E-06));
#4547 = CARTESIAN_POINT('',(3.762082513225E-03,-3.851366455087E-06));
#4548 = CARTESIAN_POINT('',(3.695665773604E-03,-3.745099755771E-06));
#4549 = CARTESIAN_POINT('',(3.629238216931E-03,-4.141692476701E-06));
#4550 = CARTESIAN_POINT('',(3.562800460214E-03,-1.721653729698E-06));
#4551 = CARTESIAN_POINT('',(3.496353116695E-03,-4.86400536523E-07));
#4552 = CARTESIAN_POINT('',(3.429896802639E-03,5.016101024153E-07));
#4553 = CARTESIAN_POINT('',(3.363432136483E-03,6.747289001732E-07));
#4554 = CARTESIAN_POINT('',(3.296959729981E-03,6.942943075717E-07));
#4555 = CARTESIAN_POINT('',(3.230480194719E-03,7.658984901652E-07));
#4556 = CARTESIAN_POINT('',(3.163994138998E-03,8.104532616644E-07));
#4557 = CARTESIAN_POINT('',(3.097502195601E-03,8.275726504452E-07));
#4558 = CARTESIAN_POINT('',(3.031004905561E-03,8.071455380882E-07));
#4559 = CARTESIAN_POINT('',(2.964503155219E-03,7.393633106677E-07));
#4560 = CARTESIAN_POINT('',(2.897996543963E-03,6.769815693005E-07));
#4561 = CARTESIAN_POINT('',(2.831489475781E-03,4.863219907967E-07));
#4562 = CARTESIAN_POINT('',(2.76496842473E-03,7.883845366561E-07));
#4563 = CARTESIAN_POINT('',(2.698423266462E-03,1.539576885584E-06));
#4564 = CARTESIAN_POINT('',(2.631861809408E-03,2.119754768286E-06));
#4565 = CARTESIAN_POINT('',(2.565287060326E-03,2.304997562254E-06));
#4566 = CARTESIAN_POINT('',(2.498703315381E-03,1.996510166479E-06));
#4567 = CARTESIAN_POINT('',(2.432114526811E-03,1.303278251806E-06));
#4568 = CARTESIAN_POINT('',(2.365524738932E-03,4.603175944967E-07));
#4569 = CARTESIAN_POINT('',(2.298937967554E-03,5.659228113557E-08));
#4570 = CARTESIAN_POINT('',(2.232358232187E-03,1.924418559892E-07));
#4571 = CARTESIAN_POINT('',(2.165789558125E-03,1.762576019009E-07));
#4572 = CARTESIAN_POINT('',(2.099235971367E-03,-5.839730644739E-08));
#4573 = CARTESIAN_POINT('',(2.032701480233E-03,4.845447608234E-07));
#4574 = CARTESIAN_POINT('',(1.96619010747E-03,1.300201539068E-06));
#4575 = CARTESIAN_POINT('',(1.899705892128E-03,1.545262650631E-06));
#4576 = CARTESIAN_POINT('',(1.833252867242E-03,1.107129705879E-06));
#4577 = CARTESIAN_POINT('',(1.766835057094E-03,2.48620948512E-07));
#4578 = CARTESIAN_POINT('',(1.700456460164E-03,-1.73506725831E-07));
#4579 = CARTESIAN_POINT('',(1.63412105442E-03,6.515325280329E-07));
#4580 = CARTESIAN_POINT('',(1.56783291083E-03,1.254674572944E-06));
#4581 = CARTESIAN_POINT('',(1.501596083656E-03,1.167393387763E-06));
#4582 = CARTESIAN_POINT('',(1.435414612084E-03,4.164412069876E-07));
#4583 = CARTESIAN_POINT('',(1.391333182075E-03,4.762865995361E-08));
#4584 = CARTESIAN_POINT('',(1.369303019906E-03,0.));
#4585 = ( GEOMETRIC_REPRESENTATION_CONTEXT(2) 
PARAMETRIC_REPRESENTATION_CONTEXT() REPRESENTATION_CONTEXT('2D SPACE',''
  ) );
#4586 = PCURVE('',#2873,#4587);
#4587 = DEFINITIONAL_REPRESENTATION('',(#4588),#4611);
#4588 = B_SPLINE_CURVE_WITH_KNOTS('',3,(#4589,#4590,#4591,#4592,#4593,
    #4594,#4595,#4596,#4597,#4598,#4599,#4600,#4601,#4602,#4603,#4604,
    #4605,#4606,#4607,#4608,#4609,#4610),.UNSPECIFIED.,.F.,.F.,(4,3,3,3,
    3,3,3,4),(-1.98494332787E-05,8.819094558621E-04,1.413420517386E-03,
    1.413773444002E-03,1.933478007487E-03,2.129100180924E-03,
    2.507680514758E-03,2.84669046805E-03),.UNSPECIFIED.);
#4589 = CARTESIAN_POINT('',(10.25,0.));
#4590 = CARTESIAN_POINT('',(10.544662976683,-5.937888297969E-02));
#4591 = CARTESIAN_POINT('',(10.839445861087,-0.118942738148));
#4592 = CARTESIAN_POINT('',(11.135050036929,-0.173787555111));
#4593 = CARTESIAN_POINT('',(11.30928384952,-0.206113964348));
#4594 = CARTESIAN_POINT('',(11.483803323498,-0.236799480746));
#4595 = CARTESIAN_POINT('',(11.658753282404,-0.264836031108));
#4596 = CARTESIAN_POINT('',(11.658869450254,-0.26485464755));
#4597 = CARTESIAN_POINT('',(11.658985618399,-0.264873262841));
#4598 = CARTESIAN_POINT('',(11.659101786839,-0.264891876981));
#4599 = CARTESIAN_POINT('',(11.83016643799,-0.292302258931));
#4600 = CARTESIAN_POINT('',(12.001837074242,-0.317194333856));
#4601 = CARTESIAN_POINT('',(12.173983605344,-0.338052167742));
#4602 = CARTESIAN_POINT('',(12.238781340307,-0.345903272167));
#4603 = CARTESIAN_POINT('',(12.303646444921,-0.353183207908));
#4604 = CARTESIAN_POINT('',(12.368571688273,-0.359813280633));
#4605 = CARTESIAN_POINT('',(12.494219102728,-0.372644214372));
#4606 = CARTESIAN_POINT('',(12.620087898874,-0.383132839642));
#4607 = CARTESIAN_POINT('',(12.746185520764,-0.390168538467));
#4608 = CARTESIAN_POINT('',(12.859103031493,-0.396468844417));
#4609 = CARTESIAN_POINT('',(12.972204069428,-0.399999992388));
#4610 = CARTESIAN_POINT('',(13.085489375752,-0.4));
#4611 = ( GEOMETRIC_REPRESENTATION_CONTEXT(2) 
PARAMETRIC_REPRESENTATION_CONTEXT() REPRESENTATION_CONTEXT('2D SPACE',''
  ) );
#4612 = ORIENTED_EDGE('',*,*,#4613,.F.);
#4613 = EDGE_CURVE('',#4394,#2911,#4614,.T.);
#4614 = SURFACE_CURVE('',#4615,(#4626,#4655),.PCURVE_S1.);
#4615 = B_SPLINE_CURVE_WITH_KNOTS('',3,(#4616,#4617,#4618,#4619,#4620,
    #4621,#4622,#4623,#4624,#4625),.UNSPECIFIED.,.F.,.F.,(4,2,2,2,4),(0.
    ,7.113360838281E-02,0.143665249944,0.286022038815,0.287381872737),
  .UNSPECIFIED.);
#4616 = CARTESIAN_POINT('',(-7.414510624248,37.,-9.85));
#4617 = CARTESIAN_POINT('',(-7.642369499881,37.,-9.915593037668));
#4618 = CARTESIAN_POINT('',(-7.872435743311,37.000000216299,
    -9.973259760335));
#4619 = CARTESIAN_POINT('',(-8.340709222906,36.999999770139,
    -10.07350795009));
#4620 = CARTESIAN_POINT('',(-8.578833056407,37.000004711049,
    -10.11573756652));
#4621 = CARTESIAN_POINT('',(-9.288055004736,36.999990155867,
    -10.2157868849));
#4622 = CARTESIAN_POINT('',(-9.761918595383,36.999577093785,
    -10.24936154882));
#4623 = CARTESIAN_POINT('',(-10.24093516964,36.999991926316,
    -10.24999699373));
#4624 = CARTESIAN_POINT('',(-10.24546758485,36.999995925633,-10.25));
#4625 = CARTESIAN_POINT('',(-10.25,37.,-10.25));
#4626 = PCURVE('',#4410,#4627);
#4627 = DEFINITIONAL_REPRESENTATION('',(#4628),#4654);
#4628 = B_SPLINE_CURVE_WITH_KNOTS('',3,(#4629,#4630,#4631,#4632,#4633,
    #4634,#4635,#4636,#4637,#4638,#4639,#4640,#4641,#4642,#4643,#4644,
    #4645,#4646,#4647,#4648,#4649,#4650,#4651,#4652,#4653),
  .UNSPECIFIED.,.F.,.F.,(4,1,1,1,1,1,1,1,1,1,1,1,1,1,1,1,1,1,1,1,1,1,4),
  (0.,1.306281239713E-02,2.612562479425E-02,3.918843719138E-02,
    5.225124958851E-02,6.531406198564E-02,7.837687438276E-02,
    9.143968677989E-02,0.104502499177,0.117565311574,0.130628123971,
    0.143690936368,0.156753748766,0.169816561163,0.18287937356,
    0.195942185957,0.209004998354,0.222067810751,0.235130623148,
    0.248193435545,0.261256247943,0.27431906034,0.287381872737),
  .QUASI_UNIFORM_KNOTS.);
#4629 = CARTESIAN_POINT('',(1.369303019906E-03,1.));
#4630 = CARTESIAN_POINT('',(1.415154993462E-03,0.999999931417));
#4631 = CARTESIAN_POINT('',(1.506667867836E-03,0.999999335642));
#4632 = CARTESIAN_POINT('',(1.643382234133E-03,0.999998083236));
#4633 = CARTESIAN_POINT('',(1.779560371084E-03,0.999997876118));
#4634 = CARTESIAN_POINT('',(1.915219444212E-03,0.999998764003));
#4635 = CARTESIAN_POINT('',(2.05037576433E-03,1.000000307869));
#4636 = CARTESIAN_POINT('',(2.185044467241E-03,0.999999418975));
#4637 = CARTESIAN_POINT('',(2.31921836613E-03,0.999995605949));
#4638 = CARTESIAN_POINT('',(2.452937839552E-03,0.999994751639));
#4639 = CARTESIAN_POINT('',(2.586233916358E-03,0.999998559904));
#4640 = CARTESIAN_POINT('',(2.719136729945E-03,1.000000729514));
#4641 = CARTESIAN_POINT('',(2.851680255868E-03,1.000009076719));
#4642 = CARTESIAN_POINT('',(2.983876782694E-03,0.999957035966));
#4643 = CARTESIAN_POINT('',(3.115737380429E-03,0.999813390317));
#4644 = CARTESIAN_POINT('',(3.247302591652E-03,0.999595650636));
#4645 = CARTESIAN_POINT('',(3.378603813709E-03,0.999306242145));
#4646 = CARTESIAN_POINT('',(3.509673737743E-03,0.998949964774));
#4647 = CARTESIAN_POINT('',(3.640543674848E-03,0.998526946797));
#4648 = CARTESIAN_POINT('',(3.771244414517E-03,0.998042783251));
#4649 = CARTESIAN_POINT('',(3.901806159214E-03,0.997474764537));
#4650 = CARTESIAN_POINT('',(4.032258693538E-03,0.996896820599));
#4651 = CARTESIAN_POINT('',(4.162631609657E-03,0.996013751268));
#4652 = CARTESIAN_POINT('',(4.249513310204E-03,0.995937856612));
#4653 = CARTESIAN_POINT('',(4.292950657901E-03,0.996141955826));
#4654 = ( GEOMETRIC_REPRESENTATION_CONTEXT(2) 
PARAMETRIC_REPRESENTATION_CONTEXT() REPRESENTATION_CONTEXT('2D SPACE',''
  ) );
#4655 = PCURVE('',#45,#4656);
#4656 = DEFINITIONAL_REPRESENTATION('',(#4657),#4683);
#4657 = B_SPLINE_CURVE_WITH_KNOTS('',3,(#4658,#4659,#4660,#4661,#4662,
    #4663,#4664,#4665,#4666,#4667,#4668,#4669,#4670,#4671,#4672,#4673,
    #4674,#4675,#4676,#4677,#4678,#4679,#4680,#4681,#4682),
  .UNSPECIFIED.,.F.,.F.,(4,1,1,1,1,1,1,1,1,1,1,1,1,1,1,1,1,1,1,1,1,1,4),
  (0.,1.306281239713E-02,2.612562479425E-02,3.918843719138E-02,
    5.225124958851E-02,6.531406198564E-02,7.837687438276E-02,
    9.143968677989E-02,0.104502499177,0.117565311574,0.130628123971,
    0.143690936368,0.156753748766,0.169816561163,0.18287937356,
    0.195942185957,0.209004998354,0.222067810751,0.235130623148,
    0.248193435545,0.261256247943,0.27431906034,0.287381872737),
  .QUASI_UNIFORM_KNOTS.);
#4658 = CARTESIAN_POINT('',(1.851085043529,2.3));
#4659 = CARTESIAN_POINT('',(1.846836974521,2.3));
#4660 = CARTESIAN_POINT('',(1.83834130657,2.299999985393));
#4661 = CARTESIAN_POINT('',(1.825598696241,2.299999944112));
#4662 = CARTESIAN_POINT('',(1.81285646404,2.299999907235));
#4663 = CARTESIAN_POINT('',(1.800114078528,2.299999900904));
#4664 = CARTESIAN_POINT('',(1.787371077216,2.299999942475));
#4665 = CARTESIAN_POINT('',(1.774626738952,2.300000082071));
#4666 = CARTESIAN_POINT('',(1.761884072485,2.29999932418));
#4667 = CARTESIAN_POINT('',(1.749142108216,2.299998472978));
#4668 = CARTESIAN_POINT('',(1.736400405182,2.299997770185));
#4669 = CARTESIAN_POINT('',(1.723658604317,2.299998603362));
#4670 = CARTESIAN_POINT('',(1.710915491951,2.299998339166));
#4671 = CARTESIAN_POINT('',(1.698173189555,2.30000928224));
#4672 = CARTESIAN_POINT('',(1.685433774551,2.300037360257));
#4673 = CARTESIAN_POINT('',(1.672696023675,2.300073770325));
#4674 = CARTESIAN_POINT('',(1.659959600374,2.300113656593));
#4675 = CARTESIAN_POINT('',(1.64722393219,2.300151105606));
#4676 = CARTESIAN_POINT('',(1.634488510895,2.300180487285));
#4677 = CARTESIAN_POINT('',(1.621752811603,2.300196095649));
#4678 = CARTESIAN_POINT('',(1.609016313217,2.300192244955));
#4679 = CARTESIAN_POINT('',(1.596278494567,2.300163244404));
#4680 = CARTESIAN_POINT('',(1.583538826442,2.300103403186));
#4681 = CARTESIAN_POINT('',(1.575044145064,2.300039158122));
#4682 = CARTESIAN_POINT('',(1.570796326795,2.3));
#4683 = ( GEOMETRIC_REPRESENTATION_CONTEXT(2) 
PARAMETRIC_REPRESENTATION_CONTEXT() REPRESENTATION_CONTEXT('2D SPACE',''
  ) );
#4684 = ORIENTED_EDGE('',*,*,#4391,.F.);
#4685 = ADVANCED_FACE('',(#4686),#4701,.T.);
#4686 = FACE_BOUND('',#4687,.T.);
#4687 = EDGE_LOOP('',(#4688,#4768,#4796,#4864));
#4688 = ORIENTED_EDGE('',*,*,#4689,.T.);
#4689 = EDGE_CURVE('',#4690,#4692,#4694,.T.);
#4690 = VERTEX_POINT('',#4691);
#4691 = CARTESIAN_POINT('',(14.4,39.3,8.475));
#4692 = VERTEX_POINT('',#4693);
#4693 = CARTESIAN_POINT('',(14.8,38.9,8.875));
#4694 = SURFACE_CURVE('',#4695,(#4700,#4734),.PCURVE_S1.);
#4695 = ( BOUNDED_CURVE() B_SPLINE_CURVE(3,(#4696,#4697,#4698,#4699),
.UNSPECIFIED.,.F.,.F.) B_SPLINE_CURVE_WITH_KNOTS((4,4),(4.712388980383,
6.283185307178),.PIECEWISE_BEZIER_KNOTS.) CURVE() 
GEOMETRIC_REPRESENTATION_ITEM() RATIONAL_B_SPLINE_CURVE((1.,
0.804737854124,0.804737854124,1.)) REPRESENTATION_ITEM('') );
#4696 = CARTESIAN_POINT('',(14.4,39.3,8.475));
#4697 = CARTESIAN_POINT('',(14.634314575051,39.3,8.709314575051));
#4698 = CARTESIAN_POINT('',(14.8,39.13431457505,8.875));
#4699 = CARTESIAN_POINT('',(14.8,38.9,8.875));
#4700 = PCURVE('',#4701,#4706);
#4701 = CYLINDRICAL_SURFACE('',#4702,0.4);
#4702 = AXIS2_PLACEMENT_3D('',#4703,#4704,#4705);
#4703 = CARTESIAN_POINT('',(14.4,38.9,-7.238047995503E-15));
#4704 = DIRECTION('',(2.936327787222E-16,0.,1.));
#4705 = DIRECTION('',(1.,0.,-2.936327787222E-16));
#4706 = DEFINITIONAL_REPRESENTATION('',(#4707),#4733);
#4707 = B_SPLINE_CURVE_WITH_KNOTS('',3,(#4708,#4709,#4710,#4711,#4712,
    #4713,#4714,#4715,#4716,#4717,#4718,#4719,#4720,#4721,#4722,#4723,
    #4724,#4725,#4726,#4727,#4728,#4729,#4730,#4731,#4732),
  .UNSPECIFIED.,.F.,.F.,(4,1,1,1,1,1,1,1,1,1,1,1,1,1,1,1,1,1,1,1,1,1,4),
  (4.712388980383,4.783788813419,4.855188646455,4.926588479491,
    4.997988312527,5.069388145563,5.140787978599,5.212187811636,
    5.283587644672,5.354987477708,5.426387310744,5.49778714378,
    5.569186976816,5.640586809853,5.711986642889,5.783386475925,
    5.854786308961,5.926186141997,5.997585975033,6.068985808069,
    6.140385641106,6.211785474142,6.283185307178),
  .QUASI_UNIFORM_KNOTS.);
#4708 = CARTESIAN_POINT('',(1.570796326795,8.475));
#4709 = CARTESIAN_POINT('',(1.549370383225,8.483569056644));
#4710 = CARTESIAN_POINT('',(1.505942143188,8.500942756334));
#4711 = CARTESIAN_POINT('',(1.439164289298,8.527540535528));
#4712 = CARTESIAN_POINT('',(1.370837186792,8.554514794556));
#4713 = CARTESIAN_POINT('',(1.301072699641,8.58167405456));
#4714 = CARTESIAN_POINT('',(1.229999524328,8.608809680144));
#4715 = CARTESIAN_POINT('',(1.157764945051,8.635696674906));
#4716 = CARTESIAN_POINT('',(1.084533069032,8.662099305254));
#4717 = CARTESIAN_POINT('',(1.010483285738,8.687776676752));
#4718 = CARTESIAN_POINT('',(0.935807962464,8.712489290027));
#4719 = CARTESIAN_POINT('',(0.860709699904,8.736005911592));
#4720 = CARTESIAN_POINT('',(0.785398163397,8.75811046479));
#4721 = CARTESIAN_POINT('',(0.710086626889,8.778608504099));
#4722 = CARTESIAN_POINT('',(0.63498836433,8.797332880748));
#4723 = CARTESIAN_POINT('',(0.560313041056,8.814148254711));
#4724 = CARTESIAN_POINT('',(0.486263257762,8.828954199114));
#4725 = CARTESIAN_POINT('',(0.413031381742,8.841686762437));
#4726 = CARTESIAN_POINT('',(0.340796802465,8.852318456846));
#4727 = CARTESIAN_POINT('',(0.269723627153,8.860856836656));
#4728 = CARTESIAN_POINT('',(0.199959140002,8.867341638157));
#4729 = CARTESIAN_POINT('',(0.131632037497,8.871841607709));
#4730 = CARTESIAN_POINT('',(6.485418360676E-02,8.874448127936));
#4731 = CARTESIAN_POINT('',(2.14259435694E-02,8.875001299016));
#4732 = CARTESIAN_POINT('',(0.,8.875));
#4733 = ( GEOMETRIC_REPRESENTATION_CONTEXT(2) 
PARAMETRIC_REPRESENTATION_CONTEXT() REPRESENTATION_CONTEXT('2D SPACE',''
  ) );
#4734 = PCURVE('',#4735,#4740);
#4735 = CYLINDRICAL_SURFACE('',#4736,0.4);
#4736 = AXIS2_PLACEMENT_3D('',#4737,#4738,#4739);
#4737 = CARTESIAN_POINT('',(-10.25,38.9,8.475));
#4738 = DIRECTION('',(-1.,0.,0.));
#4739 = DIRECTION('',(0.,0.,1.));
#4740 = DEFINITIONAL_REPRESENTATION('',(#4741),#4767);
#4741 = B_SPLINE_CURVE_WITH_KNOTS('',3,(#4742,#4743,#4744,#4745,#4746,
    #4747,#4748,#4749,#4750,#4751,#4752,#4753,#4754,#4755,#4756,#4757,
    #4758,#4759,#4760,#4761,#4762,#4763,#4764,#4765,#4766),
  .UNSPECIFIED.,.F.,.F.,(4,1,1,1,1,1,1,1,1,1,1,1,1,1,1,1,1,1,1,1,1,1,4),
  (4.712388980383,4.783788813419,4.855188646455,4.926588479491,
    4.997988312527,5.069388145563,5.140787978599,5.212187811636,
    5.283587644672,5.354987477708,5.426387310744,5.49778714378,
    5.569186976816,5.640586809853,5.711986642889,5.783386475925,
    5.854786308961,5.926186141997,5.997585975033,6.068985808069,
    6.140385641106,6.211785474142,6.283185307178),
  .QUASI_UNIFORM_KNOTS.);
#4742 = CARTESIAN_POINT('',(1.570796326795,-24.65));
#4743 = CARTESIAN_POINT('',(1.549370383225,-24.65856905664));
#4744 = CARTESIAN_POINT('',(1.505942143188,-24.67594275633));
#4745 = CARTESIAN_POINT('',(1.439164289298,-24.70254053552));
#4746 = CARTESIAN_POINT('',(1.370837186792,-24.72951479455));
#4747 = CARTESIAN_POINT('',(1.301072699641,-24.75667405456));
#4748 = CARTESIAN_POINT('',(1.229999524329,-24.78380968014));
#4749 = CARTESIAN_POINT('',(1.157764945051,-24.8106966749));
#4750 = CARTESIAN_POINT('',(1.084533069032,-24.83709930525));
#4751 = CARTESIAN_POINT('',(1.010483285738,-24.86277667675));
#4752 = CARTESIAN_POINT('',(0.935807962464,-24.88748929002));
#4753 = CARTESIAN_POINT('',(0.860709699904,-24.91100591159));
#4754 = CARTESIAN_POINT('',(0.785398163397,-24.93311046479));
#4755 = CARTESIAN_POINT('',(0.710086626889,-24.95360850409));
#4756 = CARTESIAN_POINT('',(0.63498836433,-24.97233288074));
#4757 = CARTESIAN_POINT('',(0.560313041056,-24.98914825471));
#4758 = CARTESIAN_POINT('',(0.486263257762,-25.00395419911));
#4759 = CARTESIAN_POINT('',(0.413031381742,-25.01668676243));
#4760 = CARTESIAN_POINT('',(0.340796802465,-25.02731845684));
#4761 = CARTESIAN_POINT('',(0.269723627153,-25.03585683665));
#4762 = CARTESIAN_POINT('',(0.199959140002,-25.04234163815));
#4763 = CARTESIAN_POINT('',(0.131632037497,-25.0468416077));
#4764 = CARTESIAN_POINT('',(6.485418360676E-02,-25.04944812793));
#4765 = CARTESIAN_POINT('',(2.14259435694E-02,-25.05000129901));
#4766 = CARTESIAN_POINT('',(0.,-25.05));
#4767 = ( GEOMETRIC_REPRESENTATION_CONTEXT(2) 
PARAMETRIC_REPRESENTATION_CONTEXT() REPRESENTATION_CONTEXT('2D SPACE',''
  ) );
#4768 = ORIENTED_EDGE('',*,*,#4769,.F.);
#4769 = EDGE_CURVE('',#4770,#4692,#4772,.T.);
#4770 = VERTEX_POINT('',#4771);
#4771 = CARTESIAN_POINT('',(14.8,38.9,-8.875));
#4772 = SURFACE_CURVE('',#4773,(#4777,#4784),.PCURVE_S1.);
#4773 = LINE('',#4774,#4775);
#4774 = CARTESIAN_POINT('',(14.8,38.9,8.875));
#4775 = VECTOR('',#4776,1.);
#4776 = DIRECTION('',(2.936327787222E-16,0.,1.));
#4777 = PCURVE('',#4701,#4778);
#4778 = DEFINITIONAL_REPRESENTATION('',(#4779),#4783);
#4779 = LINE('',#4780,#4781);
#4780 = CARTESIAN_POINT('',(0.,8.875));
#4781 = VECTOR('',#4782,1.);
#4782 = DIRECTION('',(0.,1.));
#4783 = ( GEOMETRIC_REPRESENTATION_CONTEXT(2) 
PARAMETRIC_REPRESENTATION_CONTEXT() REPRESENTATION_CONTEXT('2D SPACE',''
  ) );
#4784 = PCURVE('',#4785,#4790);
#4785 = PLANE('',#4786);
#4786 = AXIS2_PLACEMENT_3D('',#4787,#4788,#4789);
#4787 = CARTESIAN_POINT('',(14.8,39.3,-2.967200865566));
#4788 = DIRECTION('',(-1.,0.,2.936327787222E-16));
#4789 = DIRECTION('',(0.,1.,0.));
#4790 = DEFINITIONAL_REPRESENTATION('',(#4791),#4795);
#4791 = LINE('',#4792,#4793);
#4792 = CARTESIAN_POINT('',(-0.4,-11.84220086556));
#4793 = VECTOR('',#4794,1.);
#4794 = DIRECTION('',(0.,-1.));
#4795 = ( GEOMETRIC_REPRESENTATION_CONTEXT(2) 
PARAMETRIC_REPRESENTATION_CONTEXT() REPRESENTATION_CONTEXT('2D SPACE',''
  ) );
#4796 = ORIENTED_EDGE('',*,*,#4797,.T.);
#4797 = EDGE_CURVE('',#4770,#4798,#4800,.T.);
#4798 = VERTEX_POINT('',#4799);
#4799 = CARTESIAN_POINT('',(14.4,39.3,-8.475));
#4800 = SURFACE_CURVE('',#4801,(#4806,#4835),.PCURVE_S1.);
#4801 = ( BOUNDED_CURVE() B_SPLINE_CURVE(3,(#4802,#4803,#4804,#4805),
.UNSPECIFIED.,.F.,.F.) B_SPLINE_CURVE_WITH_KNOTS((4,4),(
1.45411567237E-12,1.570796326797),.PIECEWISE_BEZIER_KNOTS.) CURVE() 
GEOMETRIC_REPRESENTATION_ITEM() RATIONAL_B_SPLINE_CURVE((1.,
0.804737854124,0.804737854124,1.)) REPRESENTATION_ITEM('') );
#4802 = CARTESIAN_POINT('',(14.8,38.9,-8.875));
#4803 = CARTESIAN_POINT('',(14.8,39.134314575051,-8.875));
#4804 = CARTESIAN_POINT('',(14.634314575051,39.3,-8.709314575051));
#4805 = CARTESIAN_POINT('',(14.4,39.3,-8.475));
#4806 = PCURVE('',#4701,#4807);
#4807 = DEFINITIONAL_REPRESENTATION('',(#4808),#4834);
#4808 = B_SPLINE_CURVE_WITH_KNOTS('',3,(#4809,#4810,#4811,#4812,#4813,
    #4814,#4815,#4816,#4817,#4818,#4819,#4820,#4821,#4822,#4823,#4824,
    #4825,#4826,#4827,#4828,#4829,#4830,#4831,#4832,#4833),
  .UNSPECIFIED.,.F.,.F.,(4,1,1,1,1,1,1,1,1,1,1,1,1,1,1,1,1,1,1,1,1,1,4),
  (1.45411567237E-12,7.13998330376E-02,0.142799666074,0.21419949911,
    0.285599332146,0.356999165182,0.428398998218,0.499798831254,
    0.571198664291,0.642598497327,0.713998330363,0.785398163399,
    0.856797996435,0.928197829471,0.999597662507,1.070997495544,
    1.14239732858,1.213797161616,1.285196994652,1.356596827688,
    1.427996660724,1.49939649376,1.570796326797),.QUASI_UNIFORM_KNOTS.);
#4809 = CARTESIAN_POINT('',(0.,-8.875));
#4810 = CARTESIAN_POINT('',(2.142594356946E-02,-8.875001299016));
#4811 = CARTESIAN_POINT('',(6.485418360692E-02,-8.874448127936));
#4812 = CARTESIAN_POINT('',(0.131632037497,-8.871841607709));
#4813 = CARTESIAN_POINT('',(0.199959140002,-8.867341638157));
#4814 = CARTESIAN_POINT('',(0.269723627154,-8.860856836656));
#4815 = CARTESIAN_POINT('',(0.340796802466,-8.852318456845));
#4816 = CARTESIAN_POINT('',(0.413031381743,-8.841686762437));
#4817 = CARTESIAN_POINT('',(0.486263257763,-8.828954199114));
#4818 = CARTESIAN_POINT('',(0.560313041057,-8.814148254711));
#4819 = CARTESIAN_POINT('',(0.63498836433,-8.797332880748));
#4820 = CARTESIAN_POINT('',(0.71008662689,-8.778608504098));
#4821 = CARTESIAN_POINT('',(0.785398163397,-8.758110464789));
#4822 = CARTESIAN_POINT('',(0.860709699905,-8.736005911591));
#4823 = CARTESIAN_POINT('',(0.935807962464,-8.712489290027));
#4824 = CARTESIAN_POINT('',(1.010483285738,-8.687776676752));
#4825 = CARTESIAN_POINT('',(1.084533069032,-8.662099305254));
#4826 = CARTESIAN_POINT('',(1.157764945052,-8.635696674906));
#4827 = CARTESIAN_POINT('',(1.229999524329,-8.608809680144));
#4828 = CARTESIAN_POINT('',(1.301072699641,-8.58167405456));
#4829 = CARTESIAN_POINT('',(1.370837186793,-8.554514794555));
#4830 = CARTESIAN_POINT('',(1.439164289298,-8.527540535528));
#4831 = CARTESIAN_POINT('',(1.505942143188,-8.500942756334));
#4832 = CARTESIAN_POINT('',(1.549370383225,-8.483569056644));
#4833 = CARTESIAN_POINT('',(1.570796326795,-8.475));
#4834 = ( GEOMETRIC_REPRESENTATION_CONTEXT(2) 
PARAMETRIC_REPRESENTATION_CONTEXT() REPRESENTATION_CONTEXT('2D SPACE',''
  ) );
#4835 = PCURVE('',#184,#4836);
#4836 = DEFINITIONAL_REPRESENTATION('',(#4837),#4863);
#4837 = B_SPLINE_CURVE_WITH_KNOTS('',3,(#4838,#4839,#4840,#4841,#4842,
    #4843,#4844,#4845,#4846,#4847,#4848,#4849,#4850,#4851,#4852,#4853,
    #4854,#4855,#4856,#4857,#4858,#4859,#4860,#4861,#4862),
  .UNSPECIFIED.,.F.,.F.,(4,1,1,1,1,1,1,1,1,1,1,1,1,1,1,1,1,1,1,1,1,1,4),
  (1.45411567237E-12,7.13998330376E-02,0.142799666074,0.21419949911,
    0.285599332146,0.356999165182,0.428398998218,0.499798831254,
    0.571198664291,0.642598497327,0.713998330363,0.785398163399,
    0.856797996435,0.928197829471,0.999597662507,1.070997495544,
    1.14239732858,1.213797161616,1.285196994652,1.356596827688,
    1.427996660724,1.49939649376,1.570796326797),.QUASI_UNIFORM_KNOTS.);
#4838 = CARTESIAN_POINT('',(0.,25.05));
#4839 = CARTESIAN_POINT('',(2.142594356946E-02,25.050001299016));
#4840 = CARTESIAN_POINT('',(6.485418360692E-02,25.049448127936));
#4841 = CARTESIAN_POINT('',(0.131632037497,25.046841607709));
#4842 = CARTESIAN_POINT('',(0.199959140002,25.042341638157));
#4843 = CARTESIAN_POINT('',(0.269723627154,25.035856836656));
#4844 = CARTESIAN_POINT('',(0.340796802466,25.027318456845));
#4845 = CARTESIAN_POINT('',(0.413031381743,25.016686762437));
#4846 = CARTESIAN_POINT('',(0.486263257763,25.003954199114));
#4847 = CARTESIAN_POINT('',(0.560313041057,24.989148254711));
#4848 = CARTESIAN_POINT('',(0.63498836433,24.972332880748));
#4849 = CARTESIAN_POINT('',(0.71008662689,24.953608504099));
#4850 = CARTESIAN_POINT('',(0.785398163397,24.933110464789));
#4851 = CARTESIAN_POINT('',(0.860709699905,24.911005911591));
#4852 = CARTESIAN_POINT('',(0.935807962465,24.887489290027));
#4853 = CARTESIAN_POINT('',(1.010483285738,24.862776676752));
#4854 = CARTESIAN_POINT('',(1.084533069032,24.837099305254));
#4855 = CARTESIAN_POINT('',(1.157764945052,24.810696674906));
#4856 = CARTESIAN_POINT('',(1.229999524329,24.783809680144));
#4857 = CARTESIAN_POINT('',(1.301072699641,24.75667405456));
#4858 = CARTESIAN_POINT('',(1.370837186793,24.729514794555));
#4859 = CARTESIAN_POINT('',(1.439164289298,24.702540535528));
#4860 = CARTESIAN_POINT('',(1.505942143188,24.675942756334));
#4861 = CARTESIAN_POINT('',(1.549370383225,24.658569056644));
#4862 = CARTESIAN_POINT('',(1.570796326795,24.65));
#4863 = ( GEOMETRIC_REPRESENTATION_CONTEXT(2) 
PARAMETRIC_REPRESENTATION_CONTEXT() REPRESENTATION_CONTEXT('2D SPACE',''
  ) );
#4864 = ORIENTED_EDGE('',*,*,#4865,.F.);
#4865 = EDGE_CURVE('',#4690,#4798,#4866,.T.);
#4866 = SURFACE_CURVE('',#4867,(#4871,#4878),.PCURVE_S1.);
#4867 = LINE('',#4868,#4869);
#4868 = CARTESIAN_POINT('',(14.4,39.3,-8.875));
#4869 = VECTOR('',#4870,1.);
#4870 = DIRECTION('',(-2.936327787222E-16,0.,-1.));
#4871 = PCURVE('',#4701,#4872);
#4872 = DEFINITIONAL_REPRESENTATION('',(#4873),#4877);
#4873 = LINE('',#4874,#4875);
#4874 = CARTESIAN_POINT('',(1.570796326795,-8.875));
#4875 = VECTOR('',#4876,1.);
#4876 = DIRECTION('',(2.619995338348E-16,-1.));
#4877 = ( GEOMETRIC_REPRESENTATION_CONTEXT(2) 
PARAMETRIC_REPRESENTATION_CONTEXT() REPRESENTATION_CONTEXT('2D SPACE',''
  ) );
#4878 = PCURVE('',#103,#4879);
#4879 = DEFINITIONAL_REPRESENTATION('',(#4880),#4884);
#4880 = LINE('',#4881,#4882);
#4881 = CARTESIAN_POINT('',(24.65,8.875));
#4882 = VECTOR('',#4883,1.);
#4883 = DIRECTION('',(-2.936327787222E-16,1.));
#4884 = ( GEOMETRIC_REPRESENTATION_CONTEXT(2) 
PARAMETRIC_REPRESENTATION_CONTEXT() REPRESENTATION_CONTEXT('2D SPACE',''
  ) );
#4885 = ADVANCED_FACE('',(#4886),#184,.T.);
#4886 = FACE_BOUND('',#4887,.T.);
#4887 = EDGE_LOOP('',(#4888,#4889,#4910,#4911));
#4888 = ORIENTED_EDGE('',*,*,#115,.T.);
#4889 = ORIENTED_EDGE('',*,*,#4890,.F.);
#4890 = EDGE_CURVE('',#4798,#87,#4891,.T.);
#4891 = SURFACE_CURVE('',#4892,(#4896,#4903),.PCURVE_S1.);
#4892 = LINE('',#4893,#4894);
#4893 = CARTESIAN_POINT('',(-5.121952125808,39.3,-8.475));
#4894 = VECTOR('',#4895,1.);
#4895 = DIRECTION('',(-1.,0.,1.741519570996E-16));
#4896 = PCURVE('',#184,#4897);
#4897 = DEFINITIONAL_REPRESENTATION('',(#4898),#4902);
#4898 = LINE('',#4899,#4900);
#4899 = CARTESIAN_POINT('',(1.570796326795,5.128047874192));
#4900 = VECTOR('',#4901,1.);
#4901 = DIRECTION('',(0.,-1.));
#4902 = ( GEOMETRIC_REPRESENTATION_CONTEXT(2) 
PARAMETRIC_REPRESENTATION_CONTEXT() REPRESENTATION_CONTEXT('2D SPACE',''
  ) );
#4903 = PCURVE('',#103,#4904);
#4904 = DEFINITIONAL_REPRESENTATION('',(#4905),#4909);
#4905 = LINE('',#4906,#4907);
#4906 = CARTESIAN_POINT('',(5.128047874192,8.475));
#4907 = VECTOR('',#4908,1.);
#4908 = DIRECTION('',(-1.,-1.741519570996E-16));
#4909 = ( GEOMETRIC_REPRESENTATION_CONTEXT(2) 
PARAMETRIC_REPRESENTATION_CONTEXT() REPRESENTATION_CONTEXT('2D SPACE',''
  ) );
#4910 = ORIENTED_EDGE('',*,*,#4797,.F.);
#4911 = ORIENTED_EDGE('',*,*,#4912,.F.);
#4912 = EDGE_CURVE('',#24,#4770,#4913,.T.);
#4913 = SURFACE_CURVE('',#4914,(#4918,#4925),.PCURVE_S1.);
#4914 = LINE('',#4915,#4916);
#4915 = CARTESIAN_POINT('',(14.8,38.9,-8.875));
#4916 = VECTOR('',#4917,1.);
#4917 = DIRECTION('',(1.,0.,-1.741519570996E-16));
#4918 = PCURVE('',#184,#4919);
#4919 = DEFINITIONAL_REPRESENTATION('',(#4920),#4924);
#4920 = LINE('',#4921,#4922);
#4921 = CARTESIAN_POINT('',(0.,25.05));
#4922 = VECTOR('',#4923,1.);
#4923 = DIRECTION('',(0.,1.));
#4924 = ( GEOMETRIC_REPRESENTATION_CONTEXT(2) 
PARAMETRIC_REPRESENTATION_CONTEXT() REPRESENTATION_CONTEXT('2D SPACE',''
  ) );
#4925 = PCURVE('',#4926,#4931);
#4926 = PLANE('',#4927);
#4927 = AXIS2_PLACEMENT_3D('',#4928,#4929,#4930);
#4928 = CARTESIAN_POINT('',(-5.121952125808,39.3,-8.875));
#4929 = DIRECTION('',(1.741519570996E-16,0.,1.));
#4930 = DIRECTION('',(1.,0.,-1.741519570996E-16));
#4931 = DEFINITIONAL_REPRESENTATION('',(#4932),#4936);
#4932 = LINE('',#4933,#4934);
#4933 = CARTESIAN_POINT('',(19.921952125808,-0.4));
#4934 = VECTOR('',#4935,1.);
#4935 = DIRECTION('',(1.,0.));
#4936 = ( GEOMETRIC_REPRESENTATION_CONTEXT(2) 
PARAMETRIC_REPRESENTATION_CONTEXT() REPRESENTATION_CONTEXT('2D SPACE',''
  ) );
#4937 = ADVANCED_FACE('',(#4938),#4735,.T.);
#4938 = FACE_BOUND('',#4939,.T.);
#4939 = EDGE_LOOP('',(#4940,#5062,#5083,#5084));
#4940 = ORIENTED_EDGE('',*,*,#4941,.T.);
#4941 = EDGE_CURVE('',#4942,#1194,#4944,.T.);
#4942 = VERTEX_POINT('',#4943);
#4943 = CARTESIAN_POINT('',(-5.230351107896,39.3,8.475));
#4944 = SURFACE_CURVE('',#4945,(#4960,#5011),.PCURVE_S1.);
#4945 = B_SPLINE_CURVE_WITH_KNOTS('',3,(#4946,#4947,#4948,#4949,#4950,
    #4951,#4952,#4953,#4954,#4955,#4956,#4957,#4958,#4959),
  .UNSPECIFIED.,.F.,.F.,(4,2,2,2,2,2,4),(-2.939266750157E-04,0.,
    8.693311983271E-03,1.735878087647E-02,3.332670195002E-02,
    4.873915813629E-02,6.388328207332E-02),.UNSPECIFIED.);
#4946 = CARTESIAN_POINT('',(-5.230351107896,39.3,8.475));
#4947 = CARTESIAN_POINT('',(-5.230092265159,39.3,8.475944945205));
#4948 = CARTESIAN_POINT('',(-5.229833441633,39.299996651545,
    8.476889893371));
#4949 = CARTESIAN_POINT('',(-5.221920269295,39.299791881761,
    8.50578261415));
#4950 = CARTESIAN_POINT('',(-5.214303042755,39.296665047496,
    8.53365936512));
#4951 = CARTESIAN_POINT('',(-5.199415037379,39.284642885303,
    8.58826481057));
#4952 = CARTESIAN_POINT('',(-5.192174242102,39.275791047114,
    8.61488303956));
#4953 = CARTESIAN_POINT('',(-5.172472190529,39.242830127559,
    8.687454744486));
#4954 = CARTESIAN_POINT('',(-5.160914358821,39.212417218345,
    8.730208748711));
#4955 = CARTESIAN_POINT('',(-5.14190107706,39.137612358147,
    8.800713600476));
#4956 = CARTESIAN_POINT('',(-5.134492897688,39.094431079889,
    8.828277286349));
#4957 = CARTESIAN_POINT('',(-5.124505613496,39.000255843738,
    8.865470256601));
#4958 = CARTESIAN_POINT('',(-5.121952125808,38.950416056405,8.875));
#4959 = CARTESIAN_POINT('',(-5.121952125808,38.9,8.875));
#4960 = PCURVE('',#4735,#4961);
#4961 = DEFINITIONAL_REPRESENTATION('',(#4962),#5010);
#4962 = B_SPLINE_CURVE_WITH_KNOTS('',3,(#4963,#4964,#4965,#4966,#4967,
    #4968,#4969,#4970,#4971,#4972,#4973,#4974,#4975,#4976,#4977,#4978,
    #4979,#4980,#4981,#4982,#4983,#4984,#4985,#4986,#4987,#4988,#4989,
    #4990,#4991,#4992,#4993,#4994,#4995,#4996,#4997,#4998,#4999,#5000,
    #5001,#5002,#5003,#5004,#5005,#5006,#5007,#5008,#5009),
  .UNSPECIFIED.,.F.,.F.,(4,1,1,1,1,1,1,1,1,1,1,1,1,1,1,1,1,1,1,1,1,1,1,1
    ,1,1,1,1,1,1,1,1,1,1,1,1,1,1,1,1,1,1,1,1,4),(-2.939266750157E-04,
    1.164646251083E-03,2.623219177181E-03,4.08179210328E-03,
    5.540365029378E-03,6.998937955477E-03,8.457510881575E-03,
    9.916083807674E-03,1.137465673377E-02,1.283322965987E-02,
    1.429180258597E-02,1.575037551207E-02,1.720894843817E-02,
    1.866752136427E-02,2.012609429036E-02,2.158466721646E-02,
    2.304324014256E-02,2.450181306866E-02,2.596038599476E-02,
    2.741895892086E-02,2.887753184695E-02,3.033610477305E-02,
    3.179467769915E-02,3.325325062525E-02,3.471182355135E-02,
    3.617039647745E-02,3.762896940355E-02,3.908754232964E-02,
    4.054611525574E-02,4.200468818184E-02,4.346326110794E-02,
    4.492183403404E-02,4.638040696014E-02,4.783897988624E-02,
    4.929755281233E-02,5.075612573843E-02,5.221469866453E-02,
    5.367327159063E-02,5.513184451673E-02,5.659041744283E-02,
    5.804899036893E-02,5.950756329502E-02,6.096613622112E-02,
    6.242470914722E-02,6.388328207332E-02),.UNSPECIFIED.);
#4963 = CARTESIAN_POINT('',(1.570796326795,-5.019648892104));
#4964 = CARTESIAN_POINT('',(1.559072070698,-5.020933514631));
#4965 = CARTESIAN_POINT('',(1.535631023336,-5.023500940348));
#4966 = CARTESIAN_POINT('',(1.500481434853,-5.027343057586));
#4967 = CARTESIAN_POINT('',(1.465333762099,-5.031172550961));
#4968 = CARTESIAN_POINT('',(1.430176730384,-5.034985955125));
#4969 = CARTESIAN_POINT('',(1.395000638577,-5.038779626628));
#4970 = CARTESIAN_POINT('',(1.359790287771,-5.042550497243));
#4971 = CARTESIAN_POINT('',(1.324550002967,-5.046293375959));
#4972 = CARTESIAN_POINT('',(1.289315029098,-5.049999941677));
#4973 = CARTESIAN_POINT('',(1.254063463309,-5.05366798704));
#4974 = CARTESIAN_POINT('',(1.218786784167,-5.057293854871));
#4975 = CARTESIAN_POINT('',(1.183475555315,-5.060873987412));
#4976 = CARTESIAN_POINT('',(1.148109469495,-5.06440587905));
#4977 = CARTESIAN_POINT('',(1.112710986015,-5.067882716171));
#4978 = CARTESIAN_POINT('',(1.077337106128,-5.071294683252));
#4979 = CARTESIAN_POINT('',(1.04195971983,-5.074640460587));
#4980 = CARTESIAN_POINT('',(1.006572864165,-5.077916520188));
#4981 = CARTESIAN_POINT('',(0.971164549306,-5.081119926359));
#4982 = CARTESIAN_POINT('',(0.935724233708,-5.084247582519));
#4983 = CARTESIAN_POINT('',(0.900240573253,-5.087296443336));
#4984 = CARTESIAN_POINT('',(0.864702434714,-5.090263419368));
#4985 = CARTESIAN_POINT('',(0.829096592058,-5.093145546359));
#4986 = CARTESIAN_POINT('',(0.793415446166,-5.095939403425));
#4987 = CARTESIAN_POINT('',(0.757627992221,-5.098643271006));
#4988 = CARTESIAN_POINT('',(0.721787802528,-5.101249080872));
#4989 = CARTESIAN_POINT('',(0.68597801623,-5.103747575742));
#4990 = CARTESIAN_POINT('',(0.650162567612,-5.106138376483));
#4991 = CARTESIAN_POINT('',(0.61433709852,-5.108418744256));
#4992 = CARTESIAN_POINT('',(0.578488647164,-5.110586572949));
#4993 = CARTESIAN_POINT('',(0.542606391311,-5.112639585241));
#4994 = CARTESIAN_POINT('',(0.506678430932,-5.114575555926));
#4995 = CARTESIAN_POINT('',(0.470693369051,-5.116392222554));
#4996 = CARTESIAN_POINT('',(0.434636675998,-5.118087419522));
#4997 = CARTESIAN_POINT('',(0.398503142902,-5.119658631091));
#4998 = CARTESIAN_POINT('',(0.362250221468,-5.12110464522));
#4999 = CARTESIAN_POINT('',(0.326038140347,-5.122416834213));
#5000 = CARTESIAN_POINT('',(0.289854691422,-5.123594522485));
#5001 = CARTESIAN_POINT('',(0.25368817184,-5.124636822704));
#5002 = CARTESIAN_POINT('',(0.21752694395,-5.125542904274));
#5003 = CARTESIAN_POINT('',(0.181359432922,-5.126311921397));
#5004 = CARTESIAN_POINT('',(0.145174004925,-5.126943032348));
#5005 = CARTESIAN_POINT('',(0.108958882912,-5.12743539431));
#5006 = CARTESIAN_POINT('',(7.270203440928E-02,-5.127788164761));
#5007 = CARTESIAN_POINT('',(3.639114219016E-02,-5.128000501097));
#5008 = CARTESIAN_POINT('',(1.213923771183E-02,-5.128047874192));
#5009 = CARTESIAN_POINT('',(0.,-5.128047874192));
#5010 = ( GEOMETRIC_REPRESENTATION_CONTEXT(2) 
PARAMETRIC_REPRESENTATION_CONTEXT() REPRESENTATION_CONTEXT('2D SPACE',''
  ) );
#5011 = PCURVE('',#74,#5012);
#5012 = DEFINITIONAL_REPRESENTATION('',(#5013),#5061);
#5013 = B_SPLINE_CURVE_WITH_KNOTS('',3,(#5014,#5015,#5016,#5017,#5018,
    #5019,#5020,#5021,#5022,#5023,#5024,#5025,#5026,#5027,#5028,#5029,
    #5030,#5031,#5032,#5033,#5034,#5035,#5036,#5037,#5038,#5039,#5040,
    #5041,#5042,#5043,#5044,#5045,#5046,#5047,#5048,#5049,#5050,#5051,
    #5052,#5053,#5054,#5055,#5056,#5057,#5058,#5059,#5060),
  .UNSPECIFIED.,.F.,.F.,(4,1,1,1,1,1,1,1,1,1,1,1,1,1,1,1,1,1,1,1,1,1,1,1
    ,1,1,1,1,1,1,1,1,1,1,1,1,1,1,1,1,1,1,1,1,4),(-2.939266750157E-04,
    1.164646251083E-03,2.623219177181E-03,4.08179210328E-03,
    5.540365029378E-03,6.998937955477E-03,8.457510881575E-03,
    9.916083807674E-03,1.137465673377E-02,1.283322965987E-02,
    1.429180258597E-02,1.575037551207E-02,1.720894843817E-02,
    1.866752136427E-02,2.012609429036E-02,2.158466721646E-02,
    2.304324014256E-02,2.450181306866E-02,2.596038599476E-02,
    2.741895892086E-02,2.887753184695E-02,3.033610477305E-02,
    3.179467769915E-02,3.325325062525E-02,3.471182355135E-02,
    3.617039647745E-02,3.762896940355E-02,3.908754232964E-02,
    4.054611525574E-02,4.200468818184E-02,4.346326110794E-02,
    4.492183403404E-02,4.638040696014E-02,4.783897988624E-02,
    4.929755281233E-02,5.075612573843E-02,5.221469866453E-02,
    5.367327159063E-02,5.513184451673E-02,5.659041744283E-02,
    5.804899036893E-02,5.950756329502E-02,6.096613622112E-02,
    6.242470914722E-02,6.388328207332E-02),.UNSPECIFIED.);
#5014 = CARTESIAN_POINT('',(2.105526647877,1.570796326795));
#5015 = CARTESIAN_POINT('',(2.105396229367,1.559072069421));
#5016 = CARTESIAN_POINT('',(2.105135762318,1.535631030679));
#5017 = CARTESIAN_POINT('',(2.104746529667,1.500481468135));
#5018 = CARTESIAN_POINT('',(2.104359128421,1.465333808838));
#5019 = CARTESIAN_POINT('',(2.103973902891,1.43017677002));
#5020 = CARTESIAN_POINT('',(2.103591211712,1.395000655306));
#5021 = CARTESIAN_POINT('',(2.103211351799,1.359790282554));
#5022 = CARTESIAN_POINT('',(2.102834829488,1.324550009915));
#5023 = CARTESIAN_POINT('',(2.102462471171,1.289315056093));
#5024 = CARTESIAN_POINT('',(2.102094484826,1.254063499758));
#5025 = CARTESIAN_POINT('',(2.101731221025,1.218786813598));
#5026 = CARTESIAN_POINT('',(2.10137301674,1.183475566878));
#5027 = CARTESIAN_POINT('',(2.101020101548,1.148109463393));
#5028 = CARTESIAN_POINT('',(2.100673129805,1.112710997728));
#5029 = CARTESIAN_POINT('',(2.100333057916,1.077337164121));
#5030 = CARTESIAN_POINT('',(2.099999996304,1.041959824837));
#5031 = CARTESIAN_POINT('',(2.099674272737,1.00657300432));
#5032 = CARTESIAN_POINT('',(2.099356154332,0.971164704753));
#5033 = CARTESIAN_POINT('',(2.099045922538,0.935724382816));
#5034 = CARTESIAN_POINT('',(2.098743852227,0.900240697183));
#5035 = CARTESIAN_POINT('',(2.098450221373,0.864702520885));
#5036 = CARTESIAN_POINT('',(2.098165294322,0.829096637481));
#5037 = CARTESIAN_POINT('',(2.097889380127,0.793415456153));
#5038 = CARTESIAN_POINT('',(2.097622617074,0.757627991532));
#5039 = CARTESIAN_POINT('',(2.097365777387,0.721787795401));
#5040 = CARTESIAN_POINT('',(2.097119750361,0.685977979574));
#5041 = CARTESIAN_POINT('',(2.09688453888,0.650162502622));
#5042 = CARTESIAN_POINT('',(2.096660382687,0.614337012144));
#5043 = CARTESIAN_POINT('',(2.09644745949,0.578488552248));
#5044 = CARTESIAN_POINT('',(2.096245965473,0.542606301918));
#5045 = CARTESIAN_POINT('',(2.096056093159,0.506678359342));
#5046 = CARTESIAN_POINT('',(2.095878040466,0.470693322867));
#5047 = CARTESIAN_POINT('',(2.095711997685,0.43463665609));
#5048 = CARTESIAN_POINT('',(2.095558191583,0.398503141829));
#5049 = CARTESIAN_POINT('',(2.095416723105,0.362250224157));
#5050 = CARTESIAN_POINT('',(2.095288426215,0.326038113718));
#5051 = CARTESIAN_POINT('',(2.095173338272,0.289854632756));
#5052 = CARTESIAN_POINT('',(2.09507152317,0.253688091635));
#5053 = CARTESIAN_POINT('',(2.094983042338,0.217526858901));
#5054 = CARTESIAN_POINT('',(2.094907962596,0.181359358748));
#5055 = CARTESIAN_POINT('',(2.094846354145,0.14517395198));
#5056 = CARTESIAN_POINT('',(2.094798291167,0.108958853867));
#5057 = CARTESIAN_POINT('',(2.094763851891,7.270202462125E-02));
#5058 = CARTESIAN_POINT('',(2.094743118182,3.639114163051E-02));
#5059 = CARTESIAN_POINT('',(2.094738491128,1.213923832346E-02));
#5060 = CARTESIAN_POINT('',(2.094738490778,0.));
#5061 = ( GEOMETRIC_REPRESENTATION_CONTEXT(2) 
PARAMETRIC_REPRESENTATION_CONTEXT() REPRESENTATION_CONTEXT('2D SPACE',''
  ) );
#5062 = ORIENTED_EDGE('',*,*,#5063,.F.);
#5063 = EDGE_CURVE('',#4692,#1194,#5064,.T.);
#5064 = SURFACE_CURVE('',#5065,(#5069,#5076),.PCURVE_S1.);
#5065 = LINE('',#5066,#5067);
#5066 = CARTESIAN_POINT('',(-5.121952125808,38.9,8.875));
#5067 = VECTOR('',#5068,1.);
#5068 = DIRECTION('',(-1.,0.,0.));
#5069 = PCURVE('',#4735,#5070);
#5070 = DEFINITIONAL_REPRESENTATION('',(#5071),#5075);
#5071 = LINE('',#5072,#5073);
#5072 = CARTESIAN_POINT('',(0.,-5.128047874192));
#5073 = VECTOR('',#5074,1.);
#5074 = DIRECTION('',(0.,1.));
#5075 = ( GEOMETRIC_REPRESENTATION_CONTEXT(2) 
PARAMETRIC_REPRESENTATION_CONTEXT() REPRESENTATION_CONTEXT('2D SPACE',''
  ) );
#5076 = PCURVE('',#1622,#5077);
#5077 = DEFINITIONAL_REPRESENTATION('',(#5078),#5082);
#5078 = LINE('',#5079,#5080);
#5079 = CARTESIAN_POINT('',(0.4,0.));
#5080 = VECTOR('',#5081,1.);
#5081 = DIRECTION('',(0.,1.));
#5082 = ( GEOMETRIC_REPRESENTATION_CONTEXT(2) 
PARAMETRIC_REPRESENTATION_CONTEXT() REPRESENTATION_CONTEXT('2D SPACE',''
  ) );
#5083 = ORIENTED_EDGE('',*,*,#4689,.F.);
#5084 = ORIENTED_EDGE('',*,*,#5085,.F.);
#5085 = EDGE_CURVE('',#4942,#4690,#5086,.T.);
#5086 = SURFACE_CURVE('',#5087,(#5091,#5098),.PCURVE_S1.);
#5087 = LINE('',#5088,#5089);
#5088 = CARTESIAN_POINT('',(14.8,39.3,8.475));
#5089 = VECTOR('',#5090,1.);
#5090 = DIRECTION('',(1.,0.,0.));
#5091 = PCURVE('',#4735,#5092);
#5092 = DEFINITIONAL_REPRESENTATION('',(#5093),#5097);
#5093 = LINE('',#5094,#5095);
#5094 = CARTESIAN_POINT('',(1.570796326795,-25.05));
#5095 = VECTOR('',#5096,1.);
#5096 = DIRECTION('',(0.,-1.));
#5097 = ( GEOMETRIC_REPRESENTATION_CONTEXT(2) 
PARAMETRIC_REPRESENTATION_CONTEXT() REPRESENTATION_CONTEXT('2D SPACE',''
  ) );
#5098 = PCURVE('',#103,#5099);
#5099 = DEFINITIONAL_REPRESENTATION('',(#5100),#5104);
#5100 = LINE('',#5101,#5102);
#5101 = CARTESIAN_POINT('',(25.05,-8.475));
#5102 = VECTOR('',#5103,1.);
#5103 = DIRECTION('',(1.,0.));
#5104 = ( GEOMETRIC_REPRESENTATION_CONTEXT(2) 
PARAMETRIC_REPRESENTATION_CONTEXT() REPRESENTATION_CONTEXT('2D SPACE',''
  ) );
#5105 = ADVANCED_FACE('',(#5106),#5123,.T.);
#5106 = FACE_BOUND('',#5107,.T.);
#5107 = EDGE_LOOP('',(#5108,#5166,#5195,#5282));
#5108 = ORIENTED_EDGE('',*,*,#5109,.F.);
#5109 = EDGE_CURVE('',#5110,#5112,#5114,.T.);
#5110 = VERTEX_POINT('',#5111);
#5111 = CARTESIAN_POINT('',(14.8,38.3,2.967200865566));
#5112 = VERTEX_POINT('',#5113);
#5113 = CARTESIAN_POINT('',(14.8,38.7,2.512352096373));
#5114 = SURFACE_CURVE('',#5115,(#5122,#5156),.PCURVE_S1.);
#5115 = B_SPLINE_CURVE_WITH_KNOTS('',3,(#5116,#5117,#5118,#5119,#5120,
    #5121),.UNSPECIFIED.,.F.,.F.,(4,2,4),(0.,0.5,1.),.UNSPECIFIED.);
#5116 = CARTESIAN_POINT('',(14.8,38.3,2.967200865566));
#5117 = CARTESIAN_POINT('',(14.8,38.41295533306,2.967200865566));
#5118 = CARTESIAN_POINT('',(14.8,38.51971528069,2.912564943777));
#5119 = CARTESIAN_POINT('',(14.8,38.663943056138,2.737477567529));
#5120 = CARTESIAN_POINT('',(14.8,38.7,2.633254514436));
#5121 = CARTESIAN_POINT('',(14.8,38.7,2.512352096373));
#5122 = PCURVE('',#5123,#5128);
#5123 = TOROIDAL_SURFACE('',#5124,2.915459900581,0.4);
#5124 = AXIS2_PLACEMENT_3D('',#5125,#5126,#5127);
#5125 = CARTESIAN_POINT('',(13.320813272184,38.3,0.));
#5126 = DIRECTION('',(0.,1.,0.));
#5127 = DIRECTION('',(0.,-0.,1.));
#5128 = DEFINITIONAL_REPRESENTATION('',(#5129),#5155);
#5129 = B_SPLINE_CURVE_WITH_KNOTS('',3,(#5130,#5131,#5132,#5133,#5134,
    #5135,#5136,#5137,#5138,#5139,#5140,#5141,#5142,#5143,#5144,#5145,
    #5146,#5147,#5148,#5149,#5150,#5151,#5152,#5153,#5154),
  .UNSPECIFIED.,.F.,.F.,(4,1,1,1,1,1,1,1,1,1,1,1,1,1,1,1,1,1,1,1,1,1,4),
  (0.,4.545454545455E-02,9.090909090909E-02,0.136363636364,
    0.181818181818,0.227272727273,0.272727272727,0.318181818182,
    0.363636363636,0.409090909091,0.454545454545,0.5,0.545454545455,
    0.590909090909,0.636363636364,0.681818181818,0.727272727273,
    0.772727272727,0.818181818182,0.863636363636,0.909090909091,
    0.954545454545,1.),.QUASI_UNIFORM_KNOTS.);
#5130 = CARTESIAN_POINT('',(0.462456902798,0.));
#5131 = CARTESIAN_POINT('',(0.462457018293,2.566852271499E-02));
#5132 = CARTESIAN_POINT('',(0.462578328997,7.676157644184E-02));
#5133 = CARTESIAN_POINT('',(0.463112654489,0.152773790869));
#5134 = CARTESIAN_POINT('',(0.463987954513,0.228277213466));
#5135 = CARTESIAN_POINT('',(0.465194612331,0.303341539711));
#5136 = CARTESIAN_POINT('',(0.466723991225,0.378010582334));
#5137 = CARTESIAN_POINT('',(0.468568432363,0.452303075811));
#5138 = CARTESIAN_POINT('',(0.470721250553,0.526222972063));
#5139 = CARTESIAN_POINT('',(0.473176018453,0.599759293357));
#5140 = CARTESIAN_POINT('',(0.475928752387,0.672922188901));
#5141 = CARTESIAN_POINT('',(0.478969245534,0.745646995689));
#5142 = CARTESIAN_POINT('',(0.482312942494,0.818190889652));
#5143 = CARTESIAN_POINT('',(0.485881524632,0.88969057796));
#5144 = CARTESIAN_POINT('',(0.489606577665,0.959473122728));
#5145 = CARTESIAN_POINT('',(0.4935141678,1.028055236571));
#5146 = CARTESIAN_POINT('',(0.497605549964,1.095678781733));
#5147 = CARTESIAN_POINT('',(0.501889164624,1.162688376977));
#5148 = CARTESIAN_POINT('',(0.506372099068,1.229417934872));
#5149 = CARTESIAN_POINT('',(0.511062414914,1.296210479542));
#5150 = CARTESIAN_POINT('',(0.515968559906,1.363403628072));
#5151 = CARTESIAN_POINT('',(0.521099591106,1.431322823561));
#5152 = CARTESIAN_POINT('',(0.526465084094,1.500277399139));
#5153 = CARTESIAN_POINT('',(0.530205363977,1.547114536209));
#5154 = CARTESIAN_POINT('',(0.532118026876,1.570796326795));
#5155 = ( GEOMETRIC_REPRESENTATION_CONTEXT(2) 
PARAMETRIC_REPRESENTATION_CONTEXT() REPRESENTATION_CONTEXT('2D SPACE',''
  ) );
#5156 = PCURVE('',#4785,#5157);
#5157 = DEFINITIONAL_REPRESENTATION('',(#5158),#5165);
#5158 = B_SPLINE_CURVE_WITH_KNOTS('',3,(#5159,#5160,#5161,#5162,#5163,
    #5164),.UNSPECIFIED.,.F.,.F.,(4,2,4),(0.,0.5,1.),.UNSPECIFIED.);
#5159 = CARTESIAN_POINT('',(-1.,-5.934401731132));
#5160 = CARTESIAN_POINT('',(-0.88704466694,-5.934401731132));
#5161 = CARTESIAN_POINT('',(-0.78028471931,-5.879765809343));
#5162 = CARTESIAN_POINT('',(-0.636056943862,-5.704678433095));
#5163 = CARTESIAN_POINT('',(-0.6,-5.600455380002));
#5164 = CARTESIAN_POINT('',(-0.6,-5.479552961939));
#5165 = ( GEOMETRIC_REPRESENTATION_CONTEXT(2) 
PARAMETRIC_REPRESENTATION_CONTEXT() REPRESENTATION_CONTEXT('2D SPACE',''
  ) );
#5166 = ORIENTED_EDGE('',*,*,#5167,.F.);
#5167 = EDGE_CURVE('',#5168,#5110,#5170,.T.);
#5168 = VERTEX_POINT('',#5169);
#5169 = CARTESIAN_POINT('',(14.8,38.3,-2.967200865566));
#5170 = SURFACE_CURVE('',#5171,(#5176,#5183),.PCURVE_S1.);
#5171 = CIRCLE('',#5172,3.315459900581);
#5172 = AXIS2_PLACEMENT_3D('',#5173,#5174,#5175);
#5173 = CARTESIAN_POINT('',(13.320813272184,38.3,0.));
#5174 = DIRECTION('',(0.,-1.,0.));
#5175 = DIRECTION('',(1.046445155722E-15,0.,1.));
#5176 = PCURVE('',#5123,#5177);
#5177 = DEFINITIONAL_REPRESENTATION('',(#5178),#5182);
#5178 = LINE('',#5179,#5180);
#5179 = CARTESIAN_POINT('',(6.28318530718,0.));
#5180 = VECTOR('',#5181,1.);
#5181 = DIRECTION('',(-1.,0.));
#5182 = ( GEOMETRIC_REPRESENTATION_CONTEXT(2) 
PARAMETRIC_REPRESENTATION_CONTEXT() REPRESENTATION_CONTEXT('2D SPACE',''
  ) );
#5183 = PCURVE('',#5184,#5189);
#5184 = CYLINDRICAL_SURFACE('',#5185,3.315459900581);
#5185 = AXIS2_PLACEMENT_3D('',#5186,#5187,#5188);
#5186 = CARTESIAN_POINT('',(13.320813272184,39.3,0.));
#5187 = DIRECTION('',(0.,-1.,0.));
#5188 = DIRECTION('',(0.,0.,-1.));
#5189 = DEFINITIONAL_REPRESENTATION('',(#5190),#5194);
#5190 = LINE('',#5191,#5192);
#5191 = CARTESIAN_POINT('',(-3.14159265359,1.));
#5192 = VECTOR('',#5193,1.);
#5193 = DIRECTION('',(1.,0.));
#5194 = ( GEOMETRIC_REPRESENTATION_CONTEXT(2) 
PARAMETRIC_REPRESENTATION_CONTEXT() REPRESENTATION_CONTEXT('2D SPACE',''
  ) );
#5195 = ORIENTED_EDGE('',*,*,#5196,.F.);
#5196 = EDGE_CURVE('',#5197,#5168,#5199,.T.);
#5197 = VERTEX_POINT('',#5198);
#5198 = CARTESIAN_POINT('',(14.8,38.7,-2.512352096373));
#5199 = SURFACE_CURVE('',#5200,(#5214,#5265),.PCURVE_S1.);
#5200 = B_SPLINE_CURVE_WITH_KNOTS('',3,(#5201,#5202,#5203,#5204,#5205,
    #5206,#5207,#5208,#5209,#5210,#5211,#5212,#5213),.UNSPECIFIED.,.F.,
  .F.,(4,1,2,2,2,2,4),(0.,0.25,0.375,0.5,0.625,0.75,1.),.UNSPECIFIED.);
#5201 = CARTESIAN_POINT('',(14.8,38.7,-2.512352096373));
#5202 = CARTESIAN_POINT('',(14.8,38.7,-2.571967726554));
#5203 = CARTESIAN_POINT('',(14.8,38.686478646052,-2.6557630941));
#5204 = CARTESIAN_POINT('',(14.8,38.652675261181,-2.731116345057));
#5205 = CARTESIAN_POINT('',(14.8,38.625632553285,-2.779475819787));
#5206 = CARTESIAN_POINT('',(14.8,38.609002886692,-2.803774992599));
#5207 = CARTESIAN_POINT('',(14.8,38.574655450136,-2.846267518707));
#5208 = CARTESIAN_POINT('',(14.8,38.55520831228,-2.865557083863));
#5209 = CARTESIAN_POINT('',(14.8,38.511767197417,-2.900222818379));
#5210 = CARTESIAN_POINT('',(14.8,38.486418688027,-2.916290990411));
#5211 = CARTESIAN_POINT('',(14.8,38.411680095417,-2.954473396777));
#5212 = CARTESIAN_POINT('',(14.8,38.357844820809,-2.967200865566));
#5213 = CARTESIAN_POINT('',(14.8,38.3,-2.967200865566));
#5214 = PCURVE('',#5123,#5215);
#5215 = DEFINITIONAL_REPRESENTATION('',(#5216),#5264);
#5216 = B_SPLINE_CURVE_WITH_KNOTS('',3,(#5217,#5218,#5219,#5220,#5221,
    #5222,#5223,#5224,#5225,#5226,#5227,#5228,#5229,#5230,#5231,#5232,
    #5233,#5234,#5235,#5236,#5237,#5238,#5239,#5240,#5241,#5242,#5243,
    #5244,#5245,#5246,#5247,#5248,#5249,#5250,#5251,#5252,#5253,#5254,
    #5255,#5256,#5257,#5258,#5259,#5260,#5261,#5262,#5263),
  .UNSPECIFIED.,.F.,.F.,(4,1,1,1,1,1,1,1,1,1,1,1,1,1,1,1,1,1,1,1,1,1,1,1
    ,1,1,1,1,1,1,1,1,1,1,1,1,1,1,1,1,1,1,1,1,4),(0.,2.272727272727E-02,
    4.545454545455E-02,6.818181818182E-02,9.090909090909E-02,
    0.113636363636,0.136363636364,0.159090909091,0.181818181818,
    0.204545454545,0.227272727273,0.25,0.272727272727,0.295454545455,
    0.318181818182,0.340909090909,0.363636363636,0.386363636364,
    0.409090909091,0.431818181818,0.454545454545,0.477272727273,0.5,
    0.522727272727,0.545454545455,0.568181818182,0.590909090909,
    0.613636363636,0.636363636364,0.659090909091,0.681818181818,
    0.704545454545,0.727272727273,0.75,0.772727272727,0.795454545455,
    0.818181818182,0.840909090909,0.863636363636,0.886363636364,
    0.909090909091,0.931818181818,0.954545454545,0.977272727273,1.),
  .QUASI_UNIFORM_KNOTS.);
#5217 = CARTESIAN_POINT('',(2.609474626714,1.570796326795));
#5218 = CARTESIAN_POINT('',(2.610417763874,1.559120482163));
#5219 = CARTESIAN_POINT('',(2.612284192845,1.535883715892));
#5220 = CARTESIAN_POINT('',(2.615025519427,1.501340699142));
#5221 = CARTESIAN_POINT('',(2.617709762878,1.46707803493));
#5222 = CARTESIAN_POINT('',(2.620338105922,1.433060946417));
#5223 = CARTESIAN_POINT('',(2.622911699359,1.399253114684));
#5224 = CARTESIAN_POINT('',(2.625431658421,1.365616679359));
#5225 = CARTESIAN_POINT('',(2.627899065157,1.332112600004));
#5226 = CARTESIAN_POINT('',(2.630314969178,1.29870089529));
#5227 = CARTESIAN_POINT('',(2.632680388704,1.265340896704));
#5228 = CARTESIAN_POINT('',(2.634996311825,1.231991476467));
#5229 = CARTESIAN_POINT('',(2.637263696355,1.198611300864));
#5230 = CARTESIAN_POINT('',(2.639483474906,1.165158973358));
#5231 = CARTESIAN_POINT('',(2.641656540278,1.131593589034));
#5232 = CARTESIAN_POINT('',(2.643783804156,1.097873780845));
#5233 = CARTESIAN_POINT('',(2.645865982073,1.063962445264));
#5234 = CARTESIAN_POINT('',(2.647904399826,1.029810346887));
#5235 = CARTESIAN_POINT('',(2.649897987623,0.995418645167));
#5236 = CARTESIAN_POINT('',(2.651876051499,0.960185107766));
#5237 = CARTESIAN_POINT('',(2.653816471416,0.924511909673));
#5238 = CARTESIAN_POINT('',(2.655704093836,0.888695117267));
#5239 = CARTESIAN_POINT('',(2.657524179962,0.85301844112));
#5240 = CARTESIAN_POINT('',(2.659256086943,0.817960011743));
#5241 = CARTESIAN_POINT('',(2.660904853666,0.783242644165));
#5242 = CARTESIAN_POINT('',(2.662491711089,0.748212243641));
#5243 = CARTESIAN_POINT('',(2.664012404138,0.712969285032));
#5244 = CARTESIAN_POINT('',(2.665469341409,0.677417534517));
#5245 = CARTESIAN_POINT('',(2.666863444917,0.641501193392));
#5246 = CARTESIAN_POINT('',(2.668194611524,0.605209913307));
#5247 = CARTESIAN_POINT('',(2.669481177992,0.567829076104));
#5248 = CARTESIAN_POINT('',(2.670710068638,0.529824544816));
#5249 = CARTESIAN_POINT('',(2.67187252742,0.491533181034));
#5250 = CARTESIAN_POINT('',(2.672959058296,0.453302935745));
#5251 = CARTESIAN_POINT('',(2.673959646033,0.415620379772));
#5252 = CARTESIAN_POINT('',(2.674867763411,0.378423683825));
#5253 = CARTESIAN_POINT('',(2.675687118618,0.341218821153));
#5254 = CARTESIAN_POINT('',(2.676417827189,0.304058981622));
#5255 = CARTESIAN_POINT('',(2.677060845964,0.266850241743));
#5256 = CARTESIAN_POINT('',(2.677616787362,0.229538173681));
#5257 = CARTESIAN_POINT('',(2.678086239217,0.192058412279));
#5258 = CARTESIAN_POINT('',(2.678469680662,0.154350506589));
#5259 = CARTESIAN_POINT('',(2.678767506912,0.116354813565));
#5260 = CARTESIAN_POINT('',(2.678980021113,7.801415645372E-02));
#5261 = CARTESIAN_POINT('',(2.679107447725,3.927367394976E-02));
#5262 = CARTESIAN_POINT('',(2.679135743543,1.314688999557E-02));
#5263 = CARTESIAN_POINT('',(2.679135750792,0.));
#5264 = ( GEOMETRIC_REPRESENTATION_CONTEXT(2) 
PARAMETRIC_REPRESENTATION_CONTEXT() REPRESENTATION_CONTEXT('2D SPACE',''
  ) );
#5265 = PCURVE('',#4785,#5266);
#5266 = DEFINITIONAL_REPRESENTATION('',(#5267),#5281);
#5267 = B_SPLINE_CURVE_WITH_KNOTS('',3,(#5268,#5269,#5270,#5271,#5272,
    #5273,#5274,#5275,#5276,#5277,#5278,#5279,#5280),.UNSPECIFIED.,.F.,
  .F.,(4,1,2,2,2,2,4),(0.,0.25,0.375,0.5,0.625,0.75,1.),.UNSPECIFIED.);
#5268 = CARTESIAN_POINT('',(-0.6,-0.454848769193));
#5269 = CARTESIAN_POINT('',(-0.6,-0.395233139012));
#5270 = CARTESIAN_POINT('',(-0.613521353948,-0.311437771465));
#5271 = CARTESIAN_POINT('',(-0.647324738819,-0.236084520508));
#5272 = CARTESIAN_POINT('',(-0.674367446715,-0.187725045779));
#5273 = CARTESIAN_POINT('',(-0.690997113308,-0.163425872967));
#5274 = CARTESIAN_POINT('',(-0.725344549864,-0.120933346858));
#5275 = CARTESIAN_POINT('',(-0.74479168772,-0.101643781702));
#5276 = CARTESIAN_POINT('',(-0.788232802583,-6.697804718692E-02));
#5277 = CARTESIAN_POINT('',(-0.813581311973,-5.090987515479E-02));
#5278 = CARTESIAN_POINT('',(-0.888319904583,-1.27274687887E-02));
#5279 = CARTESIAN_POINT('',(-0.942155179191,-8.881784197001E-16));
#5280 = CARTESIAN_POINT('',(-1.,0.));
#5281 = ( GEOMETRIC_REPRESENTATION_CONTEXT(2) 
PARAMETRIC_REPRESENTATION_CONTEXT() REPRESENTATION_CONTEXT('2D SPACE',''
  ) );
#5282 = ORIENTED_EDGE('',*,*,#5283,.F.);
#5283 = EDGE_CURVE('',#5112,#5197,#5284,.T.);
#5284 = SURFACE_CURVE('',#5285,(#5290,#5297),.PCURVE_S1.);
#5285 = CIRCLE('',#5286,2.915459900581);
#5286 = AXIS2_PLACEMENT_3D('',#5287,#5288,#5289);
#5287 = CARTESIAN_POINT('',(13.320813272184,38.7,0.));
#5288 = DIRECTION('',(0.,1.,0.));
#5289 = DIRECTION('',(0.,-0.,1.));
#5290 = PCURVE('',#5123,#5291);
#5291 = DEFINITIONAL_REPRESENTATION('',(#5292),#5296);
#5292 = LINE('',#5293,#5294);
#5293 = CARTESIAN_POINT('',(1.110223024625E-16,1.570796326795));
#5294 = VECTOR('',#5295,1.);
#5295 = DIRECTION('',(1.,-1.068880542428E-16));
#5296 = ( GEOMETRIC_REPRESENTATION_CONTEXT(2) 
PARAMETRIC_REPRESENTATION_CONTEXT() REPRESENTATION_CONTEXT('2D SPACE',''
  ) );
#5297 = PCURVE('',#5298,#5303);
#5298 = PLANE('',#5299);
#5299 = AXIS2_PLACEMENT_3D('',#5300,#5301,#5302);
#5300 = CARTESIAN_POINT('',(13.320813272184,38.7,0.));
#5301 = DIRECTION('',(-0.,1.,0.));
#5302 = DIRECTION('',(1.,0.,0.));
#5303 = DEFINITIONAL_REPRESENTATION('',(#5304),#5308);
#5304 = CIRCLE('',#5305,2.915459900581);
#5305 = AXIS2_PLACEMENT_2D('',#5306,#5307);
#5306 = CARTESIAN_POINT('',(0.,0.));
#5307 = DIRECTION('',(0.,-1.));
#5308 = ( GEOMETRIC_REPRESENTATION_CONTEXT(2) 
PARAMETRIC_REPRESENTATION_CONTEXT() REPRESENTATION_CONTEXT('2D SPACE',''
  ) );
#5309 = ADVANCED_FACE('',(#5310),#345,.T.);
#5310 = FACE_BOUND('',#5311,.T.);
#5311 = EDGE_LOOP('',(#5312,#5334));
#5312 = ORIENTED_EDGE('',*,*,#5313,.T.);
#5313 = EDGE_CURVE('',#244,#308,#5314,.T.);
#5314 = SURFACE_CURVE('',#5315,(#5320,#5327),.PCURVE_S1.);
#5315 = CIRCLE('',#5316,1.25);
#5316 = AXIS2_PLACEMENT_3D('',#5317,#5318,#5319);
#5317 = CARTESIAN_POINT('',(-10.25,41.2,0.));
#5318 = DIRECTION('',(0.,1.,0.));
#5319 = DIRECTION('',(0.,-0.,1.));
#5320 = PCURVE('',#345,#5321);
#5321 = DEFINITIONAL_REPRESENTATION('',(#5322),#5326);
#5322 = CIRCLE('',#5323,1.25);
#5323 = AXIS2_PLACEMENT_2D('',#5324,#5325);
#5324 = CARTESIAN_POINT('',(0.,0.));
#5325 = DIRECTION('',(0.,-1.));
#5326 = ( GEOMETRIC_REPRESENTATION_CONTEXT(2) 
PARAMETRIC_REPRESENTATION_CONTEXT() REPRESENTATION_CONTEXT('2D SPACE',''
  ) );
#5327 = PCURVE('',#266,#5328);
#5328 = DEFINITIONAL_REPRESENTATION('',(#5329),#5333);
#5329 = LINE('',#5330,#5331);
#5330 = CARTESIAN_POINT('',(0.,0.));
#5331 = VECTOR('',#5332,1.);
#5332 = DIRECTION('',(1.,0.));
#5333 = ( GEOMETRIC_REPRESENTATION_CONTEXT(2) 
PARAMETRIC_REPRESENTATION_CONTEXT() REPRESENTATION_CONTEXT('2D SPACE',''
  ) );
#5334 = ORIENTED_EDGE('',*,*,#330,.T.);
#5335 = ADVANCED_FACE('',(#5336),#5350,.T.);
#5336 = FACE_BOUND('',#5337,.T.);
#5337 = EDGE_LOOP('',(#5338,#5368,#5396,#5424));
#5338 = ORIENTED_EDGE('',*,*,#5339,.F.);
#5339 = EDGE_CURVE('',#5340,#5342,#5344,.T.);
#5340 = VERTEX_POINT('',#5341);
#5341 = CARTESIAN_POINT('',(20.5,32.7,0.5));
#5342 = VERTEX_POINT('',#5343);
#5343 = CARTESIAN_POINT('',(20.5,32.7,-0.5));
#5344 = SURFACE_CURVE('',#5345,(#5349,#5361),.PCURVE_S1.);
#5345 = LINE('',#5346,#5347);
#5346 = CARTESIAN_POINT('',(20.5,32.7,0.5));
#5347 = VECTOR('',#5348,1.);
#5348 = DIRECTION('',(-3.384826294589E-16,0.,-1.));
#5349 = PCURVE('',#5350,#5355);
#5350 = PLANE('',#5351);
#5351 = AXIS2_PLACEMENT_3D('',#5352,#5353,#5354);
#5352 = CARTESIAN_POINT('',(27.3,31.2,-1.));
#5353 = DIRECTION('',(0.215409655911,0.976523773464,-7.291242674364E-17)
  );
#5354 = DIRECTION('',(-3.384826294589E-16,-1.232595164408E-32,-1.));
#5355 = DEFINITIONAL_REPRESENTATION('',(#5356),#5360);
#5356 = LINE('',#5357,#5358);
#5357 = CARTESIAN_POINT('',(-1.5,6.963476143421));
#5358 = VECTOR('',#5359,1.);
#5359 = DIRECTION('',(1.,-8.874685183736E-31));
#5360 = ( GEOMETRIC_REPRESENTATION_CONTEXT(2) 
PARAMETRIC_REPRESENTATION_CONTEXT() REPRESENTATION_CONTEXT('2D SPACE',''
  ) );
#5361 = PCURVE('',#4022,#5362);
#5362 = DEFINITIONAL_REPRESENTATION('',(#5363),#5367);
#5363 = LINE('',#5364,#5365);
#5364 = CARTESIAN_POINT('',(-4.3,9.75));
#5365 = VECTOR('',#5366,1.);
#5366 = DIRECTION('',(0.,1.));
#5367 = ( GEOMETRIC_REPRESENTATION_CONTEXT(2) 
PARAMETRIC_REPRESENTATION_CONTEXT() REPRESENTATION_CONTEXT('2D SPACE',''
  ) );
#5368 = ORIENTED_EDGE('',*,*,#5369,.F.);
#5369 = EDGE_CURVE('',#5370,#5340,#5372,.T.);
#5370 = VERTEX_POINT('',#5371);
#5371 = CARTESIAN_POINT('',(27.3,31.2,0.5));
#5372 = SURFACE_CURVE('',#5373,(#5377,#5384),.PCURVE_S1.);
#5373 = LINE('',#5374,#5375);
#5374 = CARTESIAN_POINT('',(27.3,31.2,0.5));
#5375 = VECTOR('',#5376,1.);
#5376 = DIRECTION('',(-0.976523773464,0.215409655911,3.305363345712E-16)
  );
#5377 = PCURVE('',#5350,#5378);
#5378 = DEFINITIONAL_REPRESENTATION('',(#5379),#5383);
#5379 = LINE('',#5380,#5381);
#5380 = CARTESIAN_POINT('',(-1.5,4.958045018568E-16));
#5381 = VECTOR('',#5382,1.);
#5382 = DIRECTION('',(7.88860905221E-31,1.));
#5383 = ( GEOMETRIC_REPRESENTATION_CONTEXT(2) 
PARAMETRIC_REPRESENTATION_CONTEXT() REPRESENTATION_CONTEXT('2D SPACE',''
  ) );
#5384 = PCURVE('',#5385,#5390);
#5385 = PLANE('',#5386);
#5386 = AXIS2_PLACEMENT_3D('',#5387,#5388,#5389);
#5387 = CARTESIAN_POINT('',(27.3,32.7,0.5));
#5388 = DIRECTION('',(3.384826294589E-16,0.,1.));
#5389 = DIRECTION('',(1.,0.,-3.384826294589E-16));
#5390 = DEFINITIONAL_REPRESENTATION('',(#5391),#5395);
#5391 = LINE('',#5392,#5393);
#5392 = CARTESIAN_POINT('',(0.,-1.5));
#5393 = VECTOR('',#5394,1.);
#5394 = DIRECTION('',(-0.976523773464,0.215409655911));
#5395 = ( GEOMETRIC_REPRESENTATION_CONTEXT(2) 
PARAMETRIC_REPRESENTATION_CONTEXT() REPRESENTATION_CONTEXT('2D SPACE',''
  ) );
#5396 = ORIENTED_EDGE('',*,*,#5397,.F.);
#5397 = EDGE_CURVE('',#5398,#5370,#5400,.T.);
#5398 = VERTEX_POINT('',#5399);
#5399 = CARTESIAN_POINT('',(27.3,31.2,-0.5));
#5400 = SURFACE_CURVE('',#5401,(#5405,#5412),.PCURVE_S1.);
#5401 = LINE('',#5402,#5403);
#5402 = CARTESIAN_POINT('',(27.3,31.2,-1.));
#5403 = VECTOR('',#5404,1.);
#5404 = DIRECTION('',(3.384826294589E-16,0.,1.));
#5405 = PCURVE('',#5350,#5406);
#5406 = DEFINITIONAL_REPRESENTATION('',(#5407),#5411);
#5407 = LINE('',#5408,#5409);
#5408 = CARTESIAN_POINT('',(-0.,0.));
#5409 = VECTOR('',#5410,1.);
#5410 = DIRECTION('',(-1.,8.874685183736E-31));
#5411 = ( GEOMETRIC_REPRESENTATION_CONTEXT(2) 
PARAMETRIC_REPRESENTATION_CONTEXT() REPRESENTATION_CONTEXT('2D SPACE',''
  ) );
#5412 = PCURVE('',#5413,#5418);
#5413 = PLANE('',#5414);
#5414 = AXIS2_PLACEMENT_3D('',#5415,#5416,#5417);
#5415 = CARTESIAN_POINT('',(27.3,0.,-8.089734844067E-15));
#5416 = DIRECTION('',(1.,0.,-3.384826294589E-16));
#5417 = DIRECTION('',(-3.384826294589E-16,0.,-1.));
#5418 = DEFINITIONAL_REPRESENTATION('',(#5419),#5423);
#5419 = LINE('',#5420,#5421);
#5420 = CARTESIAN_POINT('',(1.,31.2));
#5421 = VECTOR('',#5422,1.);
#5422 = DIRECTION('',(-1.,0.));
#5423 = ( GEOMETRIC_REPRESENTATION_CONTEXT(2) 
PARAMETRIC_REPRESENTATION_CONTEXT() REPRESENTATION_CONTEXT('2D SPACE',''
  ) );
#5424 = ORIENTED_EDGE('',*,*,#5425,.F.);
#5425 = EDGE_CURVE('',#5342,#5398,#5426,.T.);
#5426 = SURFACE_CURVE('',#5427,(#5431,#5438),.PCURVE_S1.);
#5427 = LINE('',#5428,#5429);
#5428 = CARTESIAN_POINT('',(26.984471024954,31.26960197979,-0.5));
#5429 = VECTOR('',#5430,1.);
#5430 = DIRECTION('',(0.976523773464,-0.215409655911,-3.305363345712E-16
    ));
#5431 = PCURVE('',#5350,#5432);
#5432 = DEFINITIONAL_REPRESENTATION('',(#5433),#5437);
#5433 = LINE('',#5434,#5435);
#5434 = CARTESIAN_POINT('',(-0.5,0.323114483867));
#5435 = VECTOR('',#5436,1.);
#5436 = DIRECTION('',(-7.88860905221E-31,-1.));
#5437 = ( GEOMETRIC_REPRESENTATION_CONTEXT(2) 
PARAMETRIC_REPRESENTATION_CONTEXT() REPRESENTATION_CONTEXT('2D SPACE',''
  ) );
#5438 = PCURVE('',#5439,#5444);
#5439 = PLANE('',#5440);
#5440 = AXIS2_PLACEMENT_3D('',#5441,#5442,#5443);
#5441 = CARTESIAN_POINT('',(27.3,32.7,-0.5));
#5442 = DIRECTION('',(-3.384826294589E-16,0.,-1.));
#5443 = DIRECTION('',(-1.,0.,3.384826294589E-16));
#5444 = DEFINITIONAL_REPRESENTATION('',(#5445),#5449);
#5445 = LINE('',#5446,#5447);
#5446 = CARTESIAN_POINT('',(0.315528975046,-1.43039802021));
#5447 = VECTOR('',#5448,1.);
#5448 = DIRECTION('',(-0.976523773464,-0.215409655911));
#5449 = ( GEOMETRIC_REPRESENTATION_CONTEXT(2) 
PARAMETRIC_REPRESENTATION_CONTEXT() REPRESENTATION_CONTEXT('2D SPACE',''
  ) );
#5450 = ADVANCED_FACE('',(#5451),#5466,.T.);
#5451 = FACE_BOUND('',#5452,.T.);
#5452 = EDGE_LOOP('',(#5453,#5484,#5512,#5536));
#5453 = ORIENTED_EDGE('',*,*,#5454,.F.);
#5454 = EDGE_CURVE('',#5455,#5457,#5459,.T.);
#5455 = VERTEX_POINT('',#5456);
#5456 = CARTESIAN_POINT('',(27.3,31.2,-8.25));
#5457 = VERTEX_POINT('',#5458);
#5458 = CARTESIAN_POINT('',(26.3,31.2,-9.25));
#5459 = SURFACE_CURVE('',#5460,(#5465,#5477),.PCURVE_S1.);
#5460 = CIRCLE('',#5461,1.);
#5461 = AXIS2_PLACEMENT_3D('',#5462,#5463,#5464);
#5462 = CARTESIAN_POINT('',(26.3,31.2,-8.25));
#5463 = DIRECTION('',(0.,1.,0.));
#5464 = DIRECTION('',(0.,-0.,1.));
#5465 = PCURVE('',#5466,#5471);
#5466 = CYLINDRICAL_SURFACE('',#5467,1.);
#5467 = AXIS2_PLACEMENT_3D('',#5468,#5469,#5470);
#5468 = CARTESIAN_POINT('',(26.3,31.2,-8.25));
#5469 = DIRECTION('',(0.,-1.,0.));
#5470 = DIRECTION('',(0.,0.,-1.));
#5471 = DEFINITIONAL_REPRESENTATION('',(#5472),#5476);
#5472 = LINE('',#5473,#5474);
#5473 = CARTESIAN_POINT('',(3.14159265359,0.));
#5474 = VECTOR('',#5475,1.);
#5475 = DIRECTION('',(-1.,0.));
#5476 = ( GEOMETRIC_REPRESENTATION_CONTEXT(2) 
PARAMETRIC_REPRESENTATION_CONTEXT() REPRESENTATION_CONTEXT('2D SPACE',''
  ) );
#5477 = PCURVE('',#412,#5478);
#5478 = DEFINITIONAL_REPRESENTATION('',(#5479),#5483);
#5479 = CIRCLE('',#5480,1.);
#5480 = AXIS2_PLACEMENT_2D('',#5481,#5482);
#5481 = CARTESIAN_POINT('',(-1.,-1.));
#5482 = DIRECTION('',(0.,-1.));
#5483 = ( GEOMETRIC_REPRESENTATION_CONTEXT(2) 
PARAMETRIC_REPRESENTATION_CONTEXT() REPRESENTATION_CONTEXT('2D SPACE',''
  ) );
#5484 = ORIENTED_EDGE('',*,*,#5485,.F.);
#5485 = EDGE_CURVE('',#5486,#5455,#5488,.T.);
#5486 = VERTEX_POINT('',#5487);
#5487 = CARTESIAN_POINT('',(27.3,28.8,-8.25));
#5488 = SURFACE_CURVE('',#5489,(#5493,#5500),.PCURVE_S1.);
#5489 = LINE('',#5490,#5491);
#5490 = CARTESIAN_POINT('',(27.3,0.,-8.25));
#5491 = VECTOR('',#5492,1.);
#5492 = DIRECTION('',(0.,1.,0.));
#5493 = PCURVE('',#5466,#5494);
#5494 = DEFINITIONAL_REPRESENTATION('',(#5495),#5499);
#5495 = LINE('',#5496,#5497);
#5496 = CARTESIAN_POINT('',(1.570796326795,31.2));
#5497 = VECTOR('',#5498,1.);
#5498 = DIRECTION('',(0.,-1.));
#5499 = ( GEOMETRIC_REPRESENTATION_CONTEXT(2) 
PARAMETRIC_REPRESENTATION_CONTEXT() REPRESENTATION_CONTEXT('2D SPACE',''
  ) );
#5500 = PCURVE('',#5501,#5506);
#5501 = PLANE('',#5502);
#5502 = AXIS2_PLACEMENT_3D('',#5503,#5504,#5505);
#5503 = CARTESIAN_POINT('',(27.3,0.,-8.089734844067E-15));
#5504 = DIRECTION('',(1.,0.,-3.384826294589E-16));
#5505 = DIRECTION('',(-3.384826294589E-16,0.,-1.));
#5506 = DEFINITIONAL_REPRESENTATION('',(#5507),#5511);
#5507 = LINE('',#5508,#5509);
#5508 = CARTESIAN_POINT('',(8.25,0.));
#5509 = VECTOR('',#5510,1.);
#5510 = DIRECTION('',(0.,1.));
#5511 = ( GEOMETRIC_REPRESENTATION_CONTEXT(2) 
PARAMETRIC_REPRESENTATION_CONTEXT() REPRESENTATION_CONTEXT('2D SPACE',''
  ) );
#5512 = ORIENTED_EDGE('',*,*,#5513,.F.);
#5513 = EDGE_CURVE('',#5514,#5486,#5516,.T.);
#5514 = VERTEX_POINT('',#5515);
#5515 = CARTESIAN_POINT('',(26.3,28.8,-9.25));
#5516 = SURFACE_CURVE('',#5517,(#5522,#5529),.PCURVE_S1.);
#5517 = CIRCLE('',#5518,1.);
#5518 = AXIS2_PLACEMENT_3D('',#5519,#5520,#5521);
#5519 = CARTESIAN_POINT('',(26.3,28.8,-8.25));
#5520 = DIRECTION('',(0.,-1.,0.));
#5521 = DIRECTION('',(0.,0.,-1.));
#5522 = PCURVE('',#5466,#5523);
#5523 = DEFINITIONAL_REPRESENTATION('',(#5524),#5528);
#5524 = LINE('',#5525,#5526);
#5525 = CARTESIAN_POINT('',(0.,2.4));
#5526 = VECTOR('',#5527,1.);
#5527 = DIRECTION('',(1.,0.));
#5528 = ( GEOMETRIC_REPRESENTATION_CONTEXT(2) 
PARAMETRIC_REPRESENTATION_CONTEXT() REPRESENTATION_CONTEXT('2D SPACE',''
  ) );
#5529 = PCURVE('',#471,#5530);
#5530 = DEFINITIONAL_REPRESENTATION('',(#5531),#5535);
#5531 = CIRCLE('',#5532,1.);
#5532 = AXIS2_PLACEMENT_2D('',#5533,#5534);
#5533 = CARTESIAN_POINT('',(-1.,-1.));
#5534 = DIRECTION('',(1.,0.));
#5535 = ( GEOMETRIC_REPRESENTATION_CONTEXT(2) 
PARAMETRIC_REPRESENTATION_CONTEXT() REPRESENTATION_CONTEXT('2D SPACE',''
  ) );
#5536 = ORIENTED_EDGE('',*,*,#5537,.F.);
#5537 = EDGE_CURVE('',#5457,#5514,#5538,.T.);
#5538 = SURFACE_CURVE('',#5539,(#5543,#5550),.PCURVE_S1.);
#5539 = LINE('',#5540,#5541);
#5540 = CARTESIAN_POINT('',(26.3,31.2,-9.25));
#5541 = VECTOR('',#5542,1.);
#5542 = DIRECTION('',(0.,-1.,0.));
#5543 = PCURVE('',#5466,#5544);
#5544 = DEFINITIONAL_REPRESENTATION('',(#5545),#5549);
#5545 = LINE('',#5546,#5547);
#5546 = CARTESIAN_POINT('',(0.,0.));
#5547 = VECTOR('',#5548,1.);
#5548 = DIRECTION('',(0.,1.));
#5549 = ( GEOMETRIC_REPRESENTATION_CONTEXT(2) 
PARAMETRIC_REPRESENTATION_CONTEXT() REPRESENTATION_CONTEXT('2D SPACE',''
  ) );
#5550 = PCURVE('',#5551,#5556);
#5551 = PLANE('',#5552);
#5552 = AXIS2_PLACEMENT_3D('',#5553,#5554,#5555);
#5553 = CARTESIAN_POINT('',(27.3,31.2,-9.25));
#5554 = DIRECTION('',(-1.692413147294E-16,0.,-1.));
#5555 = DIRECTION('',(-1.,0.,1.692413147294E-16));
#5556 = DEFINITIONAL_REPRESENTATION('',(#5557),#5561);
#5557 = LINE('',#5558,#5559);
#5558 = CARTESIAN_POINT('',(1.,0.));
#5559 = VECTOR('',#5560,1.);
#5560 = DIRECTION('',(0.,-1.));
#5561 = ( GEOMETRIC_REPRESENTATION_CONTEXT(2) 
PARAMETRIC_REPRESENTATION_CONTEXT() REPRESENTATION_CONTEXT('2D SPACE',''
  ) );
#5562 = ADVANCED_FACE('',(#5563),#5578,.T.);
#5563 = FACE_BOUND('',#5564,.T.);
#5564 = EDGE_LOOP('',(#5565,#5596,#5624,#5648));
#5565 = ORIENTED_EDGE('',*,*,#5566,.F.);
#5566 = EDGE_CURVE('',#5567,#5569,#5571,.T.);
#5567 = VERTEX_POINT('',#5568);
#5568 = CARTESIAN_POINT('',(27.3,28.8,8.25));
#5569 = VERTEX_POINT('',#5570);
#5570 = CARTESIAN_POINT('',(26.3,28.8,9.25));
#5571 = SURFACE_CURVE('',#5572,(#5577,#5589),.PCURVE_S1.);
#5572 = CIRCLE('',#5573,1.);
#5573 = AXIS2_PLACEMENT_3D('',#5574,#5575,#5576);
#5574 = CARTESIAN_POINT('',(26.3,28.8,8.25));
#5575 = DIRECTION('',(0.,-1.,0.));
#5576 = DIRECTION('',(0.,0.,-1.));
#5577 = PCURVE('',#5578,#5583);
#5578 = CYLINDRICAL_SURFACE('',#5579,1.);
#5579 = AXIS2_PLACEMENT_3D('',#5580,#5581,#5582);
#5580 = CARTESIAN_POINT('',(26.3,31.2,8.25));
#5581 = DIRECTION('',(0.,1.,0.));
#5582 = DIRECTION('',(0.,-0.,1.));
#5583 = DEFINITIONAL_REPRESENTATION('',(#5584),#5588);
#5584 = LINE('',#5585,#5586);
#5585 = CARTESIAN_POINT('',(3.14159265359,-2.4));
#5586 = VECTOR('',#5587,1.);
#5587 = DIRECTION('',(-1.,0.));
#5588 = ( GEOMETRIC_REPRESENTATION_CONTEXT(2) 
PARAMETRIC_REPRESENTATION_CONTEXT() REPRESENTATION_CONTEXT('2D SPACE',''
  ) );
#5589 = PCURVE('',#471,#5590);
#5590 = DEFINITIONAL_REPRESENTATION('',(#5591),#5595);
#5591 = CIRCLE('',#5592,1.);
#5592 = AXIS2_PLACEMENT_2D('',#5593,#5594);
#5593 = CARTESIAN_POINT('',(-17.5,-1.));
#5594 = DIRECTION('',(1.,0.));
#5595 = ( GEOMETRIC_REPRESENTATION_CONTEXT(2) 
PARAMETRIC_REPRESENTATION_CONTEXT() REPRESENTATION_CONTEXT('2D SPACE',''
  ) );
#5596 = ORIENTED_EDGE('',*,*,#5597,.F.);
#5597 = EDGE_CURVE('',#5598,#5567,#5600,.T.);
#5598 = VERTEX_POINT('',#5599);
#5599 = CARTESIAN_POINT('',(27.3,31.2,8.25));
#5600 = SURFACE_CURVE('',#5601,(#5605,#5612),.PCURVE_S1.);
#5601 = LINE('',#5602,#5603);
#5602 = CARTESIAN_POINT('',(27.3,0.,8.25));
#5603 = VECTOR('',#5604,1.);
#5604 = DIRECTION('',(0.,-1.,0.));
#5605 = PCURVE('',#5578,#5606);
#5606 = DEFINITIONAL_REPRESENTATION('',(#5607),#5611);
#5607 = LINE('',#5608,#5609);
#5608 = CARTESIAN_POINT('',(1.570796326795,-31.2));
#5609 = VECTOR('',#5610,1.);
#5610 = DIRECTION('',(0.,-1.));
#5611 = ( GEOMETRIC_REPRESENTATION_CONTEXT(2) 
PARAMETRIC_REPRESENTATION_CONTEXT() REPRESENTATION_CONTEXT('2D SPACE',''
  ) );
#5612 = PCURVE('',#5613,#5618);
#5613 = PLANE('',#5614);
#5614 = AXIS2_PLACEMENT_3D('',#5615,#5616,#5617);
#5615 = CARTESIAN_POINT('',(27.3,0.,-8.089734844067E-15));
#5616 = DIRECTION('',(1.,0.,-3.384826294589E-16));
#5617 = DIRECTION('',(-3.384826294589E-16,0.,-1.));
#5618 = DEFINITIONAL_REPRESENTATION('',(#5619),#5623);
#5619 = LINE('',#5620,#5621);
#5620 = CARTESIAN_POINT('',(-8.25,0.));
#5621 = VECTOR('',#5622,1.);
#5622 = DIRECTION('',(-0.,-1.));
#5623 = ( GEOMETRIC_REPRESENTATION_CONTEXT(2) 
PARAMETRIC_REPRESENTATION_CONTEXT() REPRESENTATION_CONTEXT('2D SPACE',''
  ) );
#5624 = ORIENTED_EDGE('',*,*,#5625,.F.);
#5625 = EDGE_CURVE('',#5626,#5598,#5628,.T.);
#5626 = VERTEX_POINT('',#5627);
#5627 = CARTESIAN_POINT('',(26.3,31.2,9.25));
#5628 = SURFACE_CURVE('',#5629,(#5634,#5641),.PCURVE_S1.);
#5629 = CIRCLE('',#5630,1.);
#5630 = AXIS2_PLACEMENT_3D('',#5631,#5632,#5633);
#5631 = CARTESIAN_POINT('',(26.3,31.2,8.25));
#5632 = DIRECTION('',(0.,1.,0.));
#5633 = DIRECTION('',(0.,-0.,1.));
#5634 = PCURVE('',#5578,#5635);
#5635 = DEFINITIONAL_REPRESENTATION('',(#5636),#5640);
#5636 = LINE('',#5637,#5638);
#5637 = CARTESIAN_POINT('',(0.,0.));
#5638 = VECTOR('',#5639,1.);
#5639 = DIRECTION('',(1.,0.));
#5640 = ( GEOMETRIC_REPRESENTATION_CONTEXT(2) 
PARAMETRIC_REPRESENTATION_CONTEXT() REPRESENTATION_CONTEXT('2D SPACE',''
  ) );
#5641 = PCURVE('',#542,#5642);
#5642 = DEFINITIONAL_REPRESENTATION('',(#5643),#5647);
#5643 = CIRCLE('',#5644,1.);
#5644 = AXIS2_PLACEMENT_2D('',#5645,#5646);
#5645 = CARTESIAN_POINT('',(-1.,-17.5));
#5646 = DIRECTION('',(0.,-1.));
#5647 = ( GEOMETRIC_REPRESENTATION_CONTEXT(2) 
PARAMETRIC_REPRESENTATION_CONTEXT() REPRESENTATION_CONTEXT('2D SPACE',''
  ) );
#5648 = ORIENTED_EDGE('',*,*,#5649,.F.);
#5649 = EDGE_CURVE('',#5569,#5626,#5650,.T.);
#5650 = SURFACE_CURVE('',#5651,(#5655,#5662),.PCURVE_S1.);
#5651 = LINE('',#5652,#5653);
#5652 = CARTESIAN_POINT('',(26.3,31.2,9.25));
#5653 = VECTOR('',#5654,1.);
#5654 = DIRECTION('',(0.,1.,0.));
#5655 = PCURVE('',#5578,#5656);
#5656 = DEFINITIONAL_REPRESENTATION('',(#5657),#5661);
#5657 = LINE('',#5658,#5659);
#5658 = CARTESIAN_POINT('',(0.,0.));
#5659 = VECTOR('',#5660,1.);
#5660 = DIRECTION('',(0.,1.));
#5661 = ( GEOMETRIC_REPRESENTATION_CONTEXT(2) 
PARAMETRIC_REPRESENTATION_CONTEXT() REPRESENTATION_CONTEXT('2D SPACE',''
  ) );
#5662 = PCURVE('',#5663,#5668);
#5663 = PLANE('',#5664);
#5664 = AXIS2_PLACEMENT_3D('',#5665,#5666,#5667);
#5665 = CARTESIAN_POINT('',(27.3,31.2,9.25));
#5666 = DIRECTION('',(1.692413147294E-16,0.,1.));
#5667 = DIRECTION('',(1.,0.,-1.692413147294E-16));
#5668 = DEFINITIONAL_REPRESENTATION('',(#5669),#5673);
#5669 = LINE('',#5670,#5671);
#5670 = CARTESIAN_POINT('',(-1.,0.));
#5671 = VECTOR('',#5672,1.);
#5672 = DIRECTION('',(0.,1.));
#5673 = ( GEOMETRIC_REPRESENTATION_CONTEXT(2) 
PARAMETRIC_REPRESENTATION_CONTEXT() REPRESENTATION_CONTEXT('2D SPACE',''
  ) );
#5674 = ADVANCED_FACE('',(#5675),#383,.F.);
#5675 = FACE_BOUND('',#5676,.T.);
#5676 = EDGE_LOOP('',(#5677,#5700,#5701,#5724));
#5677 = ORIENTED_EDGE('',*,*,#5678,.T.);
#5678 = EDGE_CURVE('',#5679,#361,#5681,.T.);
#5679 = VERTEX_POINT('',#5680);
#5680 = CARTESIAN_POINT('',(27.3,28.8,-3.75));
#5681 = SURFACE_CURVE('',#5682,(#5686,#5693),.PCURVE_S1.);
#5682 = LINE('',#5683,#5684);
#5683 = CARTESIAN_POINT('',(27.3,28.8,-3.75));
#5684 = VECTOR('',#5685,1.);
#5685 = DIRECTION('',(-1.,0.,8.944615572261E-15));
#5686 = PCURVE('',#383,#5687);
#5687 = DEFINITIONAL_REPRESENTATION('',(#5688),#5692);
#5688 = LINE('',#5689,#5690);
#5689 = CARTESIAN_POINT('',(27.3,4.4));
#5690 = VECTOR('',#5691,1.);
#5691 = DIRECTION('',(-1.,0.));
#5692 = ( GEOMETRIC_REPRESENTATION_CONTEXT(2) 
PARAMETRIC_REPRESENTATION_CONTEXT() REPRESENTATION_CONTEXT('2D SPACE',''
  ) );
#5693 = PCURVE('',#471,#5694);
#5694 = DEFINITIONAL_REPRESENTATION('',(#5695),#5699);
#5695 = LINE('',#5696,#5697);
#5696 = CARTESIAN_POINT('',(-5.5,0.));
#5697 = VECTOR('',#5698,1.);
#5698 = DIRECTION('',(-8.944615572261E-15,-1.));
#5699 = ( GEOMETRIC_REPRESENTATION_CONTEXT(2) 
PARAMETRIC_REPRESENTATION_CONTEXT() REPRESENTATION_CONTEXT('2D SPACE',''
  ) );
#5700 = ORIENTED_EDGE('',*,*,#360,.T.);
#5701 = ORIENTED_EDGE('',*,*,#5702,.T.);
#5702 = EDGE_CURVE('',#363,#5703,#5705,.T.);
#5703 = VERTEX_POINT('',#5704);
#5704 = CARTESIAN_POINT('',(27.3,31.2,-3.75));
#5705 = SURFACE_CURVE('',#5706,(#5710,#5717),.PCURVE_S1.);
#5706 = LINE('',#5707,#5708);
#5707 = CARTESIAN_POINT('',(-3.354230839598E-14,31.2,-3.75));
#5708 = VECTOR('',#5709,1.);
#5709 = DIRECTION('',(1.,0.,-8.944615572261E-15));
#5710 = PCURVE('',#383,#5711);
#5711 = DEFINITIONAL_REPRESENTATION('',(#5712),#5716);
#5712 = LINE('',#5713,#5714);
#5713 = CARTESIAN_POINT('',(0.,6.8));
#5714 = VECTOR('',#5715,1.);
#5715 = DIRECTION('',(1.,0.));
#5716 = ( GEOMETRIC_REPRESENTATION_CONTEXT(2) 
PARAMETRIC_REPRESENTATION_CONTEXT() REPRESENTATION_CONTEXT('2D SPACE',''
  ) );
#5717 = PCURVE('',#412,#5718);
#5718 = DEFINITIONAL_REPRESENTATION('',(#5719),#5723);
#5719 = LINE('',#5720,#5721);
#5720 = CARTESIAN_POINT('',(-27.3,-5.5));
#5721 = VECTOR('',#5722,1.);
#5722 = DIRECTION('',(1.,8.944615572261E-15));
#5723 = ( GEOMETRIC_REPRESENTATION_CONTEXT(2) 
PARAMETRIC_REPRESENTATION_CONTEXT() REPRESENTATION_CONTEXT('2D SPACE',''
  ) );
#5724 = ORIENTED_EDGE('',*,*,#5725,.T.);
#5725 = EDGE_CURVE('',#5703,#5679,#5726,.T.);
#5726 = SURFACE_CURVE('',#5727,(#5731,#5738),.PCURVE_S1.);
#5727 = LINE('',#5728,#5729);
#5728 = CARTESIAN_POINT('',(27.3,0.,-3.75));
#5729 = VECTOR('',#5730,1.);
#5730 = DIRECTION('',(0.,-1.,0.));
#5731 = PCURVE('',#383,#5732);
#5732 = DEFINITIONAL_REPRESENTATION('',(#5733),#5737);
#5733 = LINE('',#5734,#5735);
#5734 = CARTESIAN_POINT('',(27.3,-24.4));
#5735 = VECTOR('',#5736,1.);
#5736 = DIRECTION('',(0.,-1.));
#5737 = ( GEOMETRIC_REPRESENTATION_CONTEXT(2) 
PARAMETRIC_REPRESENTATION_CONTEXT() REPRESENTATION_CONTEXT('2D SPACE',''
  ) );
#5738 = PCURVE('',#5413,#5739);
#5739 = DEFINITIONAL_REPRESENTATION('',(#5740),#5744);
#5740 = LINE('',#5741,#5742);
#5741 = CARTESIAN_POINT('',(3.75,0.));
#5742 = VECTOR('',#5743,1.);
#5743 = DIRECTION('',(-0.,-1.));
#5744 = ( GEOMETRIC_REPRESENTATION_CONTEXT(2) 
PARAMETRIC_REPRESENTATION_CONTEXT() REPRESENTATION_CONTEXT('2D SPACE',''
  ) );
#5745 = ADVANCED_FACE('',(#5746),#5760,.T.);
#5746 = FACE_BOUND('',#5747,.T.);
#5747 = EDGE_LOOP('',(#5748,#5778,#5801,#5824));
#5748 = ORIENTED_EDGE('',*,*,#5749,.F.);
#5749 = EDGE_CURVE('',#5750,#5752,#5754,.T.);
#5750 = VERTEX_POINT('',#5751);
#5751 = CARTESIAN_POINT('',(27.3,31.2,-6.25));
#5752 = VERTEX_POINT('',#5753);
#5753 = CARTESIAN_POINT('',(27.3,28.8,-6.25));
#5754 = SURFACE_CURVE('',#5755,(#5759,#5771),.PCURVE_S1.);
#5755 = LINE('',#5756,#5757);
#5756 = CARTESIAN_POINT('',(27.3,0.,-6.25));
#5757 = VECTOR('',#5758,1.);
#5758 = DIRECTION('',(0.,-1.,0.));
#5759 = PCURVE('',#5760,#5765);
#5760 = PLANE('',#5761);
#5761 = AXIS2_PLACEMENT_3D('',#5762,#5763,#5764);
#5762 = CARTESIAN_POINT('',(5.16728144584E-14,24.4,-6.25));
#5763 = DIRECTION('',(-8.267650313343E-15,0.,1.));
#5764 = DIRECTION('',(1.,0.,8.267650313343E-15));
#5765 = DEFINITIONAL_REPRESENTATION('',(#5766),#5770);
#5766 = LINE('',#5767,#5768);
#5767 = CARTESIAN_POINT('',(27.3,-24.4));
#5768 = VECTOR('',#5769,1.);
#5769 = DIRECTION('',(0.,-1.));
#5770 = ( GEOMETRIC_REPRESENTATION_CONTEXT(2) 
PARAMETRIC_REPRESENTATION_CONTEXT() REPRESENTATION_CONTEXT('2D SPACE',''
  ) );
#5771 = PCURVE('',#5501,#5772);
#5772 = DEFINITIONAL_REPRESENTATION('',(#5773),#5777);
#5773 = LINE('',#5774,#5775);
#5774 = CARTESIAN_POINT('',(6.25,0.));
#5775 = VECTOR('',#5776,1.);
#5776 = DIRECTION('',(-0.,-1.));
#5777 = ( GEOMETRIC_REPRESENTATION_CONTEXT(2) 
PARAMETRIC_REPRESENTATION_CONTEXT() REPRESENTATION_CONTEXT('2D SPACE',''
  ) );
#5778 = ORIENTED_EDGE('',*,*,#5779,.F.);
#5779 = EDGE_CURVE('',#5780,#5750,#5782,.T.);
#5780 = VERTEX_POINT('',#5781);
#5781 = CARTESIAN_POINT('',(25.687453703069,31.2,-6.25));
#5782 = SURFACE_CURVE('',#5783,(#5787,#5794),.PCURVE_S1.);
#5783 = LINE('',#5784,#5785);
#5784 = CARTESIAN_POINT('',(5.16728144584E-14,31.2,-6.25));
#5785 = VECTOR('',#5786,1.);
#5786 = DIRECTION('',(1.,0.,8.267650313343E-15));
#5787 = PCURVE('',#5760,#5788);
#5788 = DEFINITIONAL_REPRESENTATION('',(#5789),#5793);
#5789 = LINE('',#5790,#5791);
#5790 = CARTESIAN_POINT('',(0.,6.8));
#5791 = VECTOR('',#5792,1.);
#5792 = DIRECTION('',(1.,0.));
#5793 = ( GEOMETRIC_REPRESENTATION_CONTEXT(2) 
PARAMETRIC_REPRESENTATION_CONTEXT() REPRESENTATION_CONTEXT('2D SPACE',''
  ) );
#5794 = PCURVE('',#412,#5795);
#5795 = DEFINITIONAL_REPRESENTATION('',(#5796),#5800);
#5796 = LINE('',#5797,#5798);
#5797 = CARTESIAN_POINT('',(-27.3,-3.));
#5798 = VECTOR('',#5799,1.);
#5799 = DIRECTION('',(1.,-8.267650313343E-15));
#5800 = ( GEOMETRIC_REPRESENTATION_CONTEXT(2) 
PARAMETRIC_REPRESENTATION_CONTEXT() REPRESENTATION_CONTEXT('2D SPACE',''
  ) );
#5801 = ORIENTED_EDGE('',*,*,#5802,.F.);
#5802 = EDGE_CURVE('',#5803,#5780,#5805,.T.);
#5803 = VERTEX_POINT('',#5804);
#5804 = CARTESIAN_POINT('',(25.687453703069,28.8,-6.25));
#5805 = SURFACE_CURVE('',#5806,(#5810,#5817),.PCURVE_S1.);
#5806 = LINE('',#5807,#5808);
#5807 = CARTESIAN_POINT('',(25.687453703069,24.4,-6.25));
#5808 = VECTOR('',#5809,1.);
#5809 = DIRECTION('',(0.,1.,0.));
#5810 = PCURVE('',#5760,#5811);
#5811 = DEFINITIONAL_REPRESENTATION('',(#5812),#5816);
#5812 = LINE('',#5813,#5814);
#5813 = CARTESIAN_POINT('',(25.687453703069,0.));
#5814 = VECTOR('',#5815,1.);
#5815 = DIRECTION('',(0.,1.));
#5816 = ( GEOMETRIC_REPRESENTATION_CONTEXT(2) 
PARAMETRIC_REPRESENTATION_CONTEXT() REPRESENTATION_CONTEXT('2D SPACE',''
  ) );
#5817 = PCURVE('',#444,#5818);
#5818 = DEFINITIONAL_REPRESENTATION('',(#5819),#5823);
#5819 = LINE('',#5820,#5821);
#5820 = CARTESIAN_POINT('',(3.779154574209,0.));
#5821 = VECTOR('',#5822,1.);
#5822 = DIRECTION('',(0.,1.));
#5823 = ( GEOMETRIC_REPRESENTATION_CONTEXT(2) 
PARAMETRIC_REPRESENTATION_CONTEXT() REPRESENTATION_CONTEXT('2D SPACE',''
  ) );
#5824 = ORIENTED_EDGE('',*,*,#5825,.F.);
#5825 = EDGE_CURVE('',#5752,#5803,#5826,.T.);
#5826 = SURFACE_CURVE('',#5827,(#5831,#5838),.PCURVE_S1.);
#5827 = LINE('',#5828,#5829);
#5828 = CARTESIAN_POINT('',(27.3,28.8,-6.25));
#5829 = VECTOR('',#5830,1.);
#5830 = DIRECTION('',(-1.,0.,-8.267650313343E-15));
#5831 = PCURVE('',#5760,#5832);
#5832 = DEFINITIONAL_REPRESENTATION('',(#5833),#5837);
#5833 = LINE('',#5834,#5835);
#5834 = CARTESIAN_POINT('',(27.3,4.4));
#5835 = VECTOR('',#5836,1.);
#5836 = DIRECTION('',(-1.,0.));
#5837 = ( GEOMETRIC_REPRESENTATION_CONTEXT(2) 
PARAMETRIC_REPRESENTATION_CONTEXT() REPRESENTATION_CONTEXT('2D SPACE',''
  ) );
#5838 = PCURVE('',#471,#5839);
#5839 = DEFINITIONAL_REPRESENTATION('',(#5840),#5844);
#5840 = LINE('',#5841,#5842);
#5841 = CARTESIAN_POINT('',(-3.,0.));
#5842 = VECTOR('',#5843,1.);
#5843 = DIRECTION('',(8.267650313343E-15,-1.));
#5844 = ( GEOMETRIC_REPRESENTATION_CONTEXT(2) 
PARAMETRIC_REPRESENTATION_CONTEXT() REPRESENTATION_CONTEXT('2D SPACE',''
  ) );
#5845 = ADVANCED_FACE('',(#5846),#513,.F.);
#5846 = FACE_BOUND('',#5847,.T.);
#5847 = EDGE_LOOP('',(#5848,#5871,#5872,#5895));
#5848 = ORIENTED_EDGE('',*,*,#5849,.T.);
#5849 = EDGE_CURVE('',#5850,#491,#5852,.T.);
#5850 = VERTEX_POINT('',#5851);
#5851 = CARTESIAN_POINT('',(27.3,28.8,6.25));
#5852 = SURFACE_CURVE('',#5853,(#5857,#5864),.PCURVE_S1.);
#5853 = LINE('',#5854,#5855);
#5854 = CARTESIAN_POINT('',(27.3,28.8,6.25));
#5855 = VECTOR('',#5856,1.);
#5856 = DIRECTION('',(-1.,0.,-7.266984522813E-16));
#5857 = PCURVE('',#513,#5858);
#5858 = DEFINITIONAL_REPRESENTATION('',(#5859),#5863);
#5859 = LINE('',#5860,#5861);
#5860 = CARTESIAN_POINT('',(27.3,4.4));
#5861 = VECTOR('',#5862,1.);
#5862 = DIRECTION('',(-1.,0.));
#5863 = ( GEOMETRIC_REPRESENTATION_CONTEXT(2) 
PARAMETRIC_REPRESENTATION_CONTEXT() REPRESENTATION_CONTEXT('2D SPACE',''
  ) );
#5864 = PCURVE('',#471,#5865);
#5865 = DEFINITIONAL_REPRESENTATION('',(#5866),#5870);
#5866 = LINE('',#5867,#5868);
#5867 = CARTESIAN_POINT('',(-15.5,0.));
#5868 = VECTOR('',#5869,1.);
#5869 = DIRECTION('',(7.266984522813E-16,-1.));
#5870 = ( GEOMETRIC_REPRESENTATION_CONTEXT(2) 
PARAMETRIC_REPRESENTATION_CONTEXT() REPRESENTATION_CONTEXT('2D SPACE',''
  ) );
#5871 = ORIENTED_EDGE('',*,*,#490,.T.);
#5872 = ORIENTED_EDGE('',*,*,#5873,.T.);
#5873 = EDGE_CURVE('',#493,#5874,#5876,.T.);
#5874 = VERTEX_POINT('',#5875);
#5875 = CARTESIAN_POINT('',(27.3,31.2,6.25));
#5876 = SURFACE_CURVE('',#5877,(#5881,#5888),.PCURVE_S1.);
#5877 = LINE('',#5878,#5879);
#5878 = CARTESIAN_POINT('',(-4.541865326758E-15,31.2,6.25));
#5879 = VECTOR('',#5880,1.);
#5880 = DIRECTION('',(1.,0.,7.266984522813E-16));
#5881 = PCURVE('',#513,#5882);
#5882 = DEFINITIONAL_REPRESENTATION('',(#5883),#5887);
#5883 = LINE('',#5884,#5885);
#5884 = CARTESIAN_POINT('',(0.,6.8));
#5885 = VECTOR('',#5886,1.);
#5886 = DIRECTION('',(1.,0.));
#5887 = ( GEOMETRIC_REPRESENTATION_CONTEXT(2) 
PARAMETRIC_REPRESENTATION_CONTEXT() REPRESENTATION_CONTEXT('2D SPACE',''
  ) );
#5888 = PCURVE('',#542,#5889);
#5889 = DEFINITIONAL_REPRESENTATION('',(#5890),#5894);
#5890 = LINE('',#5891,#5892);
#5891 = CARTESIAN_POINT('',(-27.3,-15.5));
#5892 = VECTOR('',#5893,1.);
#5893 = DIRECTION('',(1.,-7.266984522813E-16));
#5894 = ( GEOMETRIC_REPRESENTATION_CONTEXT(2) 
PARAMETRIC_REPRESENTATION_CONTEXT() REPRESENTATION_CONTEXT('2D SPACE',''
  ) );
#5895 = ORIENTED_EDGE('',*,*,#5896,.T.);
#5896 = EDGE_CURVE('',#5874,#5850,#5897,.T.);
#5897 = SURFACE_CURVE('',#5898,(#5902,#5909),.PCURVE_S1.);
#5898 = LINE('',#5899,#5900);
#5899 = CARTESIAN_POINT('',(27.3,0.,6.25));
#5900 = VECTOR('',#5901,1.);
#5901 = DIRECTION('',(0.,-1.,0.));
#5902 = PCURVE('',#513,#5903);
#5903 = DEFINITIONAL_REPRESENTATION('',(#5904),#5908);
#5904 = LINE('',#5905,#5906);
#5905 = CARTESIAN_POINT('',(27.3,-24.4));
#5906 = VECTOR('',#5907,1.);
#5907 = DIRECTION('',(0.,-1.));
#5908 = ( GEOMETRIC_REPRESENTATION_CONTEXT(2) 
PARAMETRIC_REPRESENTATION_CONTEXT() REPRESENTATION_CONTEXT('2D SPACE',''
  ) );
#5909 = PCURVE('',#5613,#5910);
#5910 = DEFINITIONAL_REPRESENTATION('',(#5911),#5915);
#5911 = LINE('',#5912,#5913);
#5912 = CARTESIAN_POINT('',(-6.25,0.));
#5913 = VECTOR('',#5914,1.);
#5914 = DIRECTION('',(-0.,-1.));
#5915 = ( GEOMETRIC_REPRESENTATION_CONTEXT(2) 
PARAMETRIC_REPRESENTATION_CONTEXT() REPRESENTATION_CONTEXT('2D SPACE',''
  ) );
#5916 = ADVANCED_FACE('',(#5917),#5931,.T.);
#5917 = FACE_BOUND('',#5918,.T.);
#5918 = EDGE_LOOP('',(#5919,#5949,#5972,#5995));
#5919 = ORIENTED_EDGE('',*,*,#5920,.F.);
#5920 = EDGE_CURVE('',#5921,#5923,#5925,.T.);
#5921 = VERTEX_POINT('',#5922);
#5922 = CARTESIAN_POINT('',(27.3,31.2,3.75));
#5923 = VERTEX_POINT('',#5924);
#5924 = CARTESIAN_POINT('',(27.3,28.8,3.75));
#5925 = SURFACE_CURVE('',#5926,(#5930,#5942),.PCURVE_S1.);
#5926 = LINE('',#5927,#5928);
#5927 = CARTESIAN_POINT('',(27.3,0.,3.75));
#5928 = VECTOR('',#5929,1.);
#5929 = DIRECTION('',(0.,-1.,0.));
#5930 = PCURVE('',#5931,#5936);
#5931 = PLANE('',#5932);
#5932 = AXIS2_PLACEMENT_3D('',#5933,#5934,#5935);
#5933 = CARTESIAN_POINT('',(-2.439802834874E-15,24.4,3.75));
#5934 = DIRECTION('',(-6.506140892998E-16,0.,1.));
#5935 = DIRECTION('',(1.,0.,6.506140892998E-16));
#5936 = DEFINITIONAL_REPRESENTATION('',(#5937),#5941);
#5937 = LINE('',#5938,#5939);
#5938 = CARTESIAN_POINT('',(27.3,-24.4));
#5939 = VECTOR('',#5940,1.);
#5940 = DIRECTION('',(0.,-1.));
#5941 = ( GEOMETRIC_REPRESENTATION_CONTEXT(2) 
PARAMETRIC_REPRESENTATION_CONTEXT() REPRESENTATION_CONTEXT('2D SPACE',''
  ) );
#5942 = PCURVE('',#5413,#5943);
#5943 = DEFINITIONAL_REPRESENTATION('',(#5944),#5948);
#5944 = LINE('',#5945,#5946);
#5945 = CARTESIAN_POINT('',(-3.75,0.));
#5946 = VECTOR('',#5947,1.);
#5947 = DIRECTION('',(-0.,-1.));
#5948 = ( GEOMETRIC_REPRESENTATION_CONTEXT(2) 
PARAMETRIC_REPRESENTATION_CONTEXT() REPRESENTATION_CONTEXT('2D SPACE',''
  ) );
#5949 = ORIENTED_EDGE('',*,*,#5950,.F.);
#5950 = EDGE_CURVE('',#5951,#5921,#5953,.T.);
#5951 = VERTEX_POINT('',#5952);
#5952 = CARTESIAN_POINT('',(25.687453703069,31.2,3.75));
#5953 = SURFACE_CURVE('',#5954,(#5958,#5965),.PCURVE_S1.);
#5954 = LINE('',#5955,#5956);
#5955 = CARTESIAN_POINT('',(-2.439802834874E-15,31.2,3.75));
#5956 = VECTOR('',#5957,1.);
#5957 = DIRECTION('',(1.,0.,6.506140892998E-16));
#5958 = PCURVE('',#5931,#5959);
#5959 = DEFINITIONAL_REPRESENTATION('',(#5960),#5964);
#5960 = LINE('',#5961,#5962);
#5961 = CARTESIAN_POINT('',(0.,6.8));
#5962 = VECTOR('',#5963,1.);
#5963 = DIRECTION('',(1.,0.));
#5964 = ( GEOMETRIC_REPRESENTATION_CONTEXT(2) 
PARAMETRIC_REPRESENTATION_CONTEXT() REPRESENTATION_CONTEXT('2D SPACE',''
  ) );
#5965 = PCURVE('',#542,#5966);
#5966 = DEFINITIONAL_REPRESENTATION('',(#5967),#5971);
#5967 = LINE('',#5968,#5969);
#5968 = CARTESIAN_POINT('',(-27.3,-13.));
#5969 = VECTOR('',#5970,1.);
#5970 = DIRECTION('',(1.,-6.506140892998E-16));
#5971 = ( GEOMETRIC_REPRESENTATION_CONTEXT(2) 
PARAMETRIC_REPRESENTATION_CONTEXT() REPRESENTATION_CONTEXT('2D SPACE',''
  ) );
#5972 = ORIENTED_EDGE('',*,*,#5973,.F.);
#5973 = EDGE_CURVE('',#5974,#5951,#5976,.T.);
#5974 = VERTEX_POINT('',#5975);
#5975 = CARTESIAN_POINT('',(25.687453703069,28.8,3.75));
#5976 = SURFACE_CURVE('',#5977,(#5981,#5988),.PCURVE_S1.);
#5977 = LINE('',#5978,#5979);
#5978 = CARTESIAN_POINT('',(25.687453703069,24.4,3.75));
#5979 = VECTOR('',#5980,1.);
#5980 = DIRECTION('',(0.,1.,0.));
#5981 = PCURVE('',#5931,#5982);
#5982 = DEFINITIONAL_REPRESENTATION('',(#5983),#5987);
#5983 = LINE('',#5984,#5985);
#5984 = CARTESIAN_POINT('',(25.687453703069,0.));
#5985 = VECTOR('',#5986,1.);
#5986 = DIRECTION('',(0.,1.));
#5987 = ( GEOMETRIC_REPRESENTATION_CONTEXT(2) 
PARAMETRIC_REPRESENTATION_CONTEXT() REPRESENTATION_CONTEXT('2D SPACE',''
  ) );
#5988 = PCURVE('',#574,#5989);
#5989 = DEFINITIONAL_REPRESENTATION('',(#5990),#5994);
#5990 = LINE('',#5991,#5992);
#5991 = CARTESIAN_POINT('',(3.779154574209,0.));
#5992 = VECTOR('',#5993,1.);
#5993 = DIRECTION('',(0.,1.));
#5994 = ( GEOMETRIC_REPRESENTATION_CONTEXT(2) 
PARAMETRIC_REPRESENTATION_CONTEXT() REPRESENTATION_CONTEXT('2D SPACE',''
  ) );
#5995 = ORIENTED_EDGE('',*,*,#5996,.F.);
#5996 = EDGE_CURVE('',#5923,#5974,#5997,.T.);
#5997 = SURFACE_CURVE('',#5998,(#6002,#6009),.PCURVE_S1.);
#5998 = LINE('',#5999,#6000);
#5999 = CARTESIAN_POINT('',(27.3,28.8,3.75));
#6000 = VECTOR('',#6001,1.);
#6001 = DIRECTION('',(-1.,0.,-6.506140892998E-16));
#6002 = PCURVE('',#5931,#6003);
#6003 = DEFINITIONAL_REPRESENTATION('',(#6004),#6008);
#6004 = LINE('',#6005,#6006);
#6005 = CARTESIAN_POINT('',(27.3,4.4));
#6006 = VECTOR('',#6007,1.);
#6007 = DIRECTION('',(-1.,0.));
#6008 = ( GEOMETRIC_REPRESENTATION_CONTEXT(2) 
PARAMETRIC_REPRESENTATION_CONTEXT() REPRESENTATION_CONTEXT('2D SPACE',''
  ) );
#6009 = PCURVE('',#471,#6010);
#6010 = DEFINITIONAL_REPRESENTATION('',(#6011),#6015);
#6011 = LINE('',#6012,#6013);
#6012 = CARTESIAN_POINT('',(-13.,0.));
#6013 = VECTOR('',#6014,1.);
#6014 = DIRECTION('',(6.506140892998E-16,-1.));
#6015 = ( GEOMETRIC_REPRESENTATION_CONTEXT(2) 
PARAMETRIC_REPRESENTATION_CONTEXT() REPRESENTATION_CONTEXT('2D SPACE',''
  ) );
#6016 = ADVANCED_FACE('',(#6017),#5613,.T.);
#6017 = FACE_BOUND('',#6018,.T.);
#6018 = EDGE_LOOP('',(#6019,#6040,#6041,#6062));
#6019 = ORIENTED_EDGE('',*,*,#6020,.F.);
#6020 = EDGE_CURVE('',#5598,#5874,#6021,.T.);
#6021 = SURFACE_CURVE('',#6022,(#6026,#6033),.PCURVE_S1.);
#6022 = LINE('',#6023,#6024);
#6023 = CARTESIAN_POINT('',(27.3,31.2,-9.25));
#6024 = VECTOR('',#6025,1.);
#6025 = DIRECTION('',(-3.384826294589E-16,0.,-1.));
#6026 = PCURVE('',#5613,#6027);
#6027 = DEFINITIONAL_REPRESENTATION('',(#6028),#6032);
#6028 = LINE('',#6029,#6030);
#6029 = CARTESIAN_POINT('',(9.25,31.2));
#6030 = VECTOR('',#6031,1.);
#6031 = DIRECTION('',(1.,0.));
#6032 = ( GEOMETRIC_REPRESENTATION_CONTEXT(2) 
PARAMETRIC_REPRESENTATION_CONTEXT() REPRESENTATION_CONTEXT('2D SPACE',''
  ) );
#6033 = PCURVE('',#542,#6034);
#6034 = DEFINITIONAL_REPRESENTATION('',(#6035),#6039);
#6035 = LINE('',#6036,#6037);
#6036 = CARTESIAN_POINT('',(0.,0.));
#6037 = VECTOR('',#6038,1.);
#6038 = DIRECTION('',(-3.384826294589E-16,1.));
#6039 = ( GEOMETRIC_REPRESENTATION_CONTEXT(2) 
PARAMETRIC_REPRESENTATION_CONTEXT() REPRESENTATION_CONTEXT('2D SPACE',''
  ) );
#6040 = ORIENTED_EDGE('',*,*,#5597,.T.);
#6041 = ORIENTED_EDGE('',*,*,#6042,.F.);
#6042 = EDGE_CURVE('',#5850,#5567,#6043,.T.);
#6043 = SURFACE_CURVE('',#6044,(#6048,#6055),.PCURVE_S1.);
#6044 = LINE('',#6045,#6046);
#6045 = CARTESIAN_POINT('',(27.3,28.8,-9.25));
#6046 = VECTOR('',#6047,1.);
#6047 = DIRECTION('',(3.384826294589E-16,0.,1.));
#6048 = PCURVE('',#5613,#6049);
#6049 = DEFINITIONAL_REPRESENTATION('',(#6050),#6054);
#6050 = LINE('',#6051,#6052);
#6051 = CARTESIAN_POINT('',(9.25,28.8));
#6052 = VECTOR('',#6053,1.);
#6053 = DIRECTION('',(-1.,0.));
#6054 = ( GEOMETRIC_REPRESENTATION_CONTEXT(2) 
PARAMETRIC_REPRESENTATION_CONTEXT() REPRESENTATION_CONTEXT('2D SPACE',''
  ) );
#6055 = PCURVE('',#471,#6056);
#6056 = DEFINITIONAL_REPRESENTATION('',(#6057),#6061);
#6057 = LINE('',#6058,#6059);
#6058 = CARTESIAN_POINT('',(0.,0.));
#6059 = VECTOR('',#6060,1.);
#6060 = DIRECTION('',(-1.,3.384826294589E-16));
#6061 = ( GEOMETRIC_REPRESENTATION_CONTEXT(2) 
PARAMETRIC_REPRESENTATION_CONTEXT() REPRESENTATION_CONTEXT('2D SPACE',''
  ) );
#6062 = ORIENTED_EDGE('',*,*,#5896,.F.);
#6063 = ADVANCED_FACE('',(#6064),#5663,.T.);
#6064 = FACE_BOUND('',#6065,.T.);
#6065 = EDGE_LOOP('',(#6066,#6089,#6090,#6113));
#6066 = ORIENTED_EDGE('',*,*,#6067,.F.);
#6067 = EDGE_CURVE('',#5569,#6068,#6070,.T.);
#6068 = VERTEX_POINT('',#6069);
#6069 = CARTESIAN_POINT('',(20.5,28.8,9.25));
#6070 = SURFACE_CURVE('',#6071,(#6075,#6082),.PCURVE_S1.);
#6071 = LINE('',#6072,#6073);
#6072 = CARTESIAN_POINT('',(27.3,28.8,9.25));
#6073 = VECTOR('',#6074,1.);
#6074 = DIRECTION('',(-1.,0.,1.692413147294E-16));
#6075 = PCURVE('',#5663,#6076);
#6076 = DEFINITIONAL_REPRESENTATION('',(#6077),#6081);
#6077 = LINE('',#6078,#6079);
#6078 = CARTESIAN_POINT('',(0.,-2.4));
#6079 = VECTOR('',#6080,1.);
#6080 = DIRECTION('',(-1.,0.));
#6081 = ( GEOMETRIC_REPRESENTATION_CONTEXT(2) 
PARAMETRIC_REPRESENTATION_CONTEXT() REPRESENTATION_CONTEXT('2D SPACE',''
  ) );
#6082 = PCURVE('',#471,#6083);
#6083 = DEFINITIONAL_REPRESENTATION('',(#6084),#6088);
#6084 = LINE('',#6085,#6086);
#6085 = CARTESIAN_POINT('',(-18.5,0.));
#6086 = VECTOR('',#6087,1.);
#6087 = DIRECTION('',(-1.692413147294E-16,-1.));
#6088 = ( GEOMETRIC_REPRESENTATION_CONTEXT(2) 
PARAMETRIC_REPRESENTATION_CONTEXT() REPRESENTATION_CONTEXT('2D SPACE',''
  ) );
#6089 = ORIENTED_EDGE('',*,*,#5649,.T.);
#6090 = ORIENTED_EDGE('',*,*,#6091,.T.);
#6091 = EDGE_CURVE('',#5626,#6092,#6094,.T.);
#6092 = VERTEX_POINT('',#6093);
#6093 = CARTESIAN_POINT('',(20.5,31.2,9.25));
#6094 = SURFACE_CURVE('',#6095,(#6099,#6106),.PCURVE_S1.);
#6095 = LINE('',#6096,#6097);
#6096 = CARTESIAN_POINT('',(27.3,31.2,9.25));
#6097 = VECTOR('',#6098,1.);
#6098 = DIRECTION('',(-1.,0.,1.692413147294E-16));
#6099 = PCURVE('',#5663,#6100);
#6100 = DEFINITIONAL_REPRESENTATION('',(#6101),#6105);
#6101 = LINE('',#6102,#6103);
#6102 = CARTESIAN_POINT('',(0.,0.));
#6103 = VECTOR('',#6104,1.);
#6104 = DIRECTION('',(-1.,0.));
#6105 = ( GEOMETRIC_REPRESENTATION_CONTEXT(2) 
PARAMETRIC_REPRESENTATION_CONTEXT() REPRESENTATION_CONTEXT('2D SPACE',''
  ) );
#6106 = PCURVE('',#542,#6107);
#6107 = DEFINITIONAL_REPRESENTATION('',(#6108),#6112);
#6108 = LINE('',#6109,#6110);
#6109 = CARTESIAN_POINT('',(0.,-18.5));
#6110 = VECTOR('',#6111,1.);
#6111 = DIRECTION('',(-1.,-1.692413147294E-16));
#6112 = ( GEOMETRIC_REPRESENTATION_CONTEXT(2) 
PARAMETRIC_REPRESENTATION_CONTEXT() REPRESENTATION_CONTEXT('2D SPACE',''
  ) );
#6113 = ORIENTED_EDGE('',*,*,#6114,.F.);
#6114 = EDGE_CURVE('',#6068,#6092,#6115,.T.);
#6115 = SURFACE_CURVE('',#6116,(#6120,#6127),.PCURVE_S1.);
#6116 = LINE('',#6117,#6118);
#6117 = CARTESIAN_POINT('',(20.5,31.2,9.25));
#6118 = VECTOR('',#6119,1.);
#6119 = DIRECTION('',(0.,1.,0.));
#6120 = PCURVE('',#5663,#6121);
#6121 = DEFINITIONAL_REPRESENTATION('',(#6122),#6126);
#6122 = LINE('',#6123,#6124);
#6123 = CARTESIAN_POINT('',(-6.8,0.));
#6124 = VECTOR('',#6125,1.);
#6125 = DIRECTION('',(0.,1.));
#6126 = ( GEOMETRIC_REPRESENTATION_CONTEXT(2) 
PARAMETRIC_REPRESENTATION_CONTEXT() REPRESENTATION_CONTEXT('2D SPACE',''
  ) );
#6127 = PCURVE('',#4022,#6128);
#6128 = DEFINITIONAL_REPRESENTATION('',(#6129),#6133);
#6129 = LINE('',#6130,#6131);
#6130 = CARTESIAN_POINT('',(-5.8,1.));
#6131 = VECTOR('',#6132,1.);
#6132 = DIRECTION('',(1.,0.));
#6133 = ( GEOMETRIC_REPRESENTATION_CONTEXT(2) 
PARAMETRIC_REPRESENTATION_CONTEXT() REPRESENTATION_CONTEXT('2D SPACE',''
  ) );
#6134 = ADVANCED_FACE('',(#6135),#5551,.T.);
#6135 = FACE_BOUND('',#6136,.T.);
#6136 = EDGE_LOOP('',(#6137,#6160,#6161,#6184));
#6137 = ORIENTED_EDGE('',*,*,#6138,.F.);
#6138 = EDGE_CURVE('',#5457,#6139,#6141,.T.);
#6139 = VERTEX_POINT('',#6140);
#6140 = CARTESIAN_POINT('',(20.5,31.2,-9.25));
#6141 = SURFACE_CURVE('',#6142,(#6146,#6153),.PCURVE_S1.);
#6142 = LINE('',#6143,#6144);
#6143 = CARTESIAN_POINT('',(27.3,31.2,-9.25));
#6144 = VECTOR('',#6145,1.);
#6145 = DIRECTION('',(-1.,0.,1.692413147294E-16));
#6146 = PCURVE('',#5551,#6147);
#6147 = DEFINITIONAL_REPRESENTATION('',(#6148),#6152);
#6148 = LINE('',#6149,#6150);
#6149 = CARTESIAN_POINT('',(0.,0.));
#6150 = VECTOR('',#6151,1.);
#6151 = DIRECTION('',(1.,0.));
#6152 = ( GEOMETRIC_REPRESENTATION_CONTEXT(2) 
PARAMETRIC_REPRESENTATION_CONTEXT() REPRESENTATION_CONTEXT('2D SPACE',''
  ) );
#6153 = PCURVE('',#412,#6154);
#6154 = DEFINITIONAL_REPRESENTATION('',(#6155),#6159);
#6155 = LINE('',#6156,#6157);
#6156 = CARTESIAN_POINT('',(0.,0.));
#6157 = VECTOR('',#6158,1.);
#6158 = DIRECTION('',(-1.,-1.692413147294E-16));
#6159 = ( GEOMETRIC_REPRESENTATION_CONTEXT(2) 
PARAMETRIC_REPRESENTATION_CONTEXT() REPRESENTATION_CONTEXT('2D SPACE',''
  ) );
#6160 = ORIENTED_EDGE('',*,*,#5537,.T.);
#6161 = ORIENTED_EDGE('',*,*,#6162,.T.);
#6162 = EDGE_CURVE('',#5514,#6163,#6165,.T.);
#6163 = VERTEX_POINT('',#6164);
#6164 = CARTESIAN_POINT('',(20.5,28.8,-9.25));
#6165 = SURFACE_CURVE('',#6166,(#6170,#6177),.PCURVE_S1.);
#6166 = LINE('',#6167,#6168);
#6167 = CARTESIAN_POINT('',(27.3,28.8,-9.25));
#6168 = VECTOR('',#6169,1.);
#6169 = DIRECTION('',(-1.,0.,1.692413147294E-16));
#6170 = PCURVE('',#5551,#6171);
#6171 = DEFINITIONAL_REPRESENTATION('',(#6172),#6176);
#6172 = LINE('',#6173,#6174);
#6173 = CARTESIAN_POINT('',(0.,-2.4));
#6174 = VECTOR('',#6175,1.);
#6175 = DIRECTION('',(1.,0.));
#6176 = ( GEOMETRIC_REPRESENTATION_CONTEXT(2) 
PARAMETRIC_REPRESENTATION_CONTEXT() REPRESENTATION_CONTEXT('2D SPACE',''
  ) );
#6177 = PCURVE('',#471,#6178);
#6178 = DEFINITIONAL_REPRESENTATION('',(#6179),#6183);
#6179 = LINE('',#6180,#6181);
#6180 = CARTESIAN_POINT('',(0.,0.));
#6181 = VECTOR('',#6182,1.);
#6182 = DIRECTION('',(-1.692413147294E-16,-1.));
#6183 = ( GEOMETRIC_REPRESENTATION_CONTEXT(2) 
PARAMETRIC_REPRESENTATION_CONTEXT() REPRESENTATION_CONTEXT('2D SPACE',''
  ) );
#6184 = ORIENTED_EDGE('',*,*,#6185,.F.);
#6185 = EDGE_CURVE('',#6139,#6163,#6186,.T.);
#6186 = SURFACE_CURVE('',#6187,(#6191,#6198),.PCURVE_S1.);
#6187 = LINE('',#6188,#6189);
#6188 = CARTESIAN_POINT('',(20.5,31.2,-9.25));
#6189 = VECTOR('',#6190,1.);
#6190 = DIRECTION('',(0.,-1.,0.));
#6191 = PCURVE('',#5551,#6192);
#6192 = DEFINITIONAL_REPRESENTATION('',(#6193),#6197);
#6193 = LINE('',#6194,#6195);
#6194 = CARTESIAN_POINT('',(6.8,0.));
#6195 = VECTOR('',#6196,1.);
#6196 = DIRECTION('',(0.,-1.));
#6197 = ( GEOMETRIC_REPRESENTATION_CONTEXT(2) 
PARAMETRIC_REPRESENTATION_CONTEXT() REPRESENTATION_CONTEXT('2D SPACE',''
  ) );
#6198 = PCURVE('',#4022,#6199);
#6199 = DEFINITIONAL_REPRESENTATION('',(#6200),#6204);
#6200 = LINE('',#6201,#6202);
#6201 = CARTESIAN_POINT('',(-5.8,19.5));
#6202 = VECTOR('',#6203,1.);
#6203 = DIRECTION('',(-1.,-0.));
#6204 = ( GEOMETRIC_REPRESENTATION_CONTEXT(2) 
PARAMETRIC_REPRESENTATION_CONTEXT() REPRESENTATION_CONTEXT('2D SPACE',''
  ) );
#6205 = ADVANCED_FACE('',(#6206),#6220,.F.);
#6206 = FACE_BOUND('',#6207,.T.);
#6207 = EDGE_LOOP('',(#6208,#6243,#6271,#6294));
#6208 = ORIENTED_EDGE('',*,*,#6209,.T.);
#6209 = EDGE_CURVE('',#6210,#6212,#6214,.T.);
#6210 = VERTEX_POINT('',#6211);
#6211 = CARTESIAN_POINT('',(-27.3,31.2,-0.5));
#6212 = VERTEX_POINT('',#6213);
#6213 = CARTESIAN_POINT('',(-27.3,31.2,0.5));
#6214 = SURFACE_CURVE('',#6215,(#6219,#6231),.PCURVE_S1.);
#6215 = LINE('',#6216,#6217);
#6216 = CARTESIAN_POINT('',(-27.3,31.2,-1.));
#6217 = VECTOR('',#6218,1.);
#6218 = DIRECTION('',(0.,0.,1.));
#6219 = PCURVE('',#6220,#6225);
#6220 = PLANE('',#6221);
#6221 = AXIS2_PLACEMENT_3D('',#6222,#6223,#6224);
#6222 = CARTESIAN_POINT('',(-27.3,31.2,-1.));
#6223 = DIRECTION('',(0.215409655911,-0.976523773464,0.));
#6224 = DIRECTION('',(0.,0.,-1.));
#6225 = DEFINITIONAL_REPRESENTATION('',(#6226),#6230);
#6226 = LINE('',#6227,#6228);
#6227 = CARTESIAN_POINT('',(0.,0.));
#6228 = VECTOR('',#6229,1.);
#6229 = DIRECTION('',(-1.,0.));
#6230 = ( GEOMETRIC_REPRESENTATION_CONTEXT(2) 
PARAMETRIC_REPRESENTATION_CONTEXT() REPRESENTATION_CONTEXT('2D SPACE',''
  ) );
#6231 = PCURVE('',#6232,#6237);
#6232 = PLANE('',#6233);
#6233 = AXIS2_PLACEMENT_3D('',#6234,#6235,#6236);
#6234 = CARTESIAN_POINT('',(-27.3,0.,1.15084094016E-15));
#6235 = DIRECTION('',(-1.,0.,0.));
#6236 = DIRECTION('',(0.,0.,1.));
#6237 = DEFINITIONAL_REPRESENTATION('',(#6238),#6242);
#6238 = LINE('',#6239,#6240);
#6239 = CARTESIAN_POINT('',(-1.,31.2));
#6240 = VECTOR('',#6241,1.);
#6241 = DIRECTION('',(1.,0.));
#6242 = ( GEOMETRIC_REPRESENTATION_CONTEXT(2) 
PARAMETRIC_REPRESENTATION_CONTEXT() REPRESENTATION_CONTEXT('2D SPACE',''
  ) );
#6243 = ORIENTED_EDGE('',*,*,#6244,.T.);
#6244 = EDGE_CURVE('',#6212,#6245,#6247,.T.);
#6245 = VERTEX_POINT('',#6246);
#6246 = CARTESIAN_POINT('',(-20.5,32.7,0.5));
#6247 = SURFACE_CURVE('',#6248,(#6252,#6259),.PCURVE_S1.);
#6248 = LINE('',#6249,#6250);
#6249 = CARTESIAN_POINT('',(-27.3,31.2,0.5));
#6250 = VECTOR('',#6251,1.);
#6251 = DIRECTION('',(0.976523773464,0.215409655911,0.));
#6252 = PCURVE('',#6220,#6253);
#6253 = DEFINITIONAL_REPRESENTATION('',(#6254),#6258);
#6254 = LINE('',#6255,#6256);
#6255 = CARTESIAN_POINT('',(-1.5,0.));
#6256 = VECTOR('',#6257,1.);
#6257 = DIRECTION('',(0.,1.));
#6258 = ( GEOMETRIC_REPRESENTATION_CONTEXT(2) 
PARAMETRIC_REPRESENTATION_CONTEXT() REPRESENTATION_CONTEXT('2D SPACE',''
  ) );
#6259 = PCURVE('',#6260,#6265);
#6260 = PLANE('',#6261);
#6261 = AXIS2_PLACEMENT_3D('',#6262,#6263,#6264);
#6262 = CARTESIAN_POINT('',(-27.3,32.7,0.5));
#6263 = DIRECTION('',(0.,0.,-1.));
#6264 = DIRECTION('',(0.,-1.,0.));
#6265 = DEFINITIONAL_REPRESENTATION('',(#6266),#6270);
#6266 = LINE('',#6267,#6268);
#6267 = CARTESIAN_POINT('',(1.5,0.));
#6268 = VECTOR('',#6269,1.);
#6269 = DIRECTION('',(-0.215409655911,-0.976523773464));
#6270 = ( GEOMETRIC_REPRESENTATION_CONTEXT(2) 
PARAMETRIC_REPRESENTATION_CONTEXT() REPRESENTATION_CONTEXT('2D SPACE',''
  ) );
#6271 = ORIENTED_EDGE('',*,*,#6272,.T.);
#6272 = EDGE_CURVE('',#6245,#6273,#6275,.T.);
#6273 = VERTEX_POINT('',#6274);
#6274 = CARTESIAN_POINT('',(-20.5,32.7,-0.5));
#6275 = SURFACE_CURVE('',#6276,(#6280,#6287),.PCURVE_S1.);
#6276 = LINE('',#6277,#6278);
#6277 = CARTESIAN_POINT('',(-20.5,32.7,0.5));
#6278 = VECTOR('',#6279,1.);
#6279 = DIRECTION('',(0.,0.,-1.));
#6280 = PCURVE('',#6220,#6281);
#6281 = DEFINITIONAL_REPRESENTATION('',(#6282),#6286);
#6282 = LINE('',#6283,#6284);
#6283 = CARTESIAN_POINT('',(-1.5,6.963476143421));
#6284 = VECTOR('',#6285,1.);
#6285 = DIRECTION('',(1.,0.));
#6286 = ( GEOMETRIC_REPRESENTATION_CONTEXT(2) 
PARAMETRIC_REPRESENTATION_CONTEXT() REPRESENTATION_CONTEXT('2D SPACE',''
  ) );
#6287 = PCURVE('',#1981,#6288);
#6288 = DEFINITIONAL_REPRESENTATION('',(#6289),#6293);
#6289 = LINE('',#6290,#6291);
#6290 = CARTESIAN_POINT('',(9.75,-4.3));
#6291 = VECTOR('',#6292,1.);
#6292 = DIRECTION('',(1.,0.));
#6293 = ( GEOMETRIC_REPRESENTATION_CONTEXT(2) 
PARAMETRIC_REPRESENTATION_CONTEXT() REPRESENTATION_CONTEXT('2D SPACE',''
  ) );
#6294 = ORIENTED_EDGE('',*,*,#6295,.F.);
#6295 = EDGE_CURVE('',#6210,#6273,#6296,.T.);
#6296 = SURFACE_CURVE('',#6297,(#6301,#6308),.PCURVE_S1.);
#6297 = LINE('',#6298,#6299);
#6298 = CARTESIAN_POINT('',(-26.98447102495,31.26960197979,-0.5));
#6299 = VECTOR('',#6300,1.);
#6300 = DIRECTION('',(0.976523773464,0.215409655911,0.));
#6301 = PCURVE('',#6220,#6302);
#6302 = DEFINITIONAL_REPRESENTATION('',(#6303),#6307);
#6303 = LINE('',#6304,#6305);
#6304 = CARTESIAN_POINT('',(-0.5,0.323114483867));
#6305 = VECTOR('',#6306,1.);
#6306 = DIRECTION('',(0.,1.));
#6307 = ( GEOMETRIC_REPRESENTATION_CONTEXT(2) 
PARAMETRIC_REPRESENTATION_CONTEXT() REPRESENTATION_CONTEXT('2D SPACE',''
  ) );
#6308 = PCURVE('',#6309,#6314);
#6309 = PLANE('',#6310);
#6310 = AXIS2_PLACEMENT_3D('',#6311,#6312,#6313);
#6311 = CARTESIAN_POINT('',(-27.3,32.7,-0.5));
#6312 = DIRECTION('',(0.,0.,1.));
#6313 = DIRECTION('',(1.,0.,-0.));
#6314 = DEFINITIONAL_REPRESENTATION('',(#6315),#6319);
#6315 = LINE('',#6316,#6317);
#6316 = CARTESIAN_POINT('',(0.315528975046,-1.43039802021));
#6317 = VECTOR('',#6318,1.);
#6318 = DIRECTION('',(0.976523773464,0.215409655911));
#6319 = ( GEOMETRIC_REPRESENTATION_CONTEXT(2) 
PARAMETRIC_REPRESENTATION_CONTEXT() REPRESENTATION_CONTEXT('2D SPACE',''
  ) );
#6320 = ADVANCED_FACE('',(#6321),#6260,.F.);
#6321 = FACE_BOUND('',#6322,.T.);
#6322 = EDGE_LOOP('',(#6323,#6346,#6347));
#6323 = ORIENTED_EDGE('',*,*,#6324,.F.);
#6324 = EDGE_CURVE('',#6245,#6325,#6327,.T.);
#6325 = VERTEX_POINT('',#6326);
#6326 = CARTESIAN_POINT('',(-20.5,31.2,0.5));
#6327 = SURFACE_CURVE('',#6328,(#6332,#6339),.PCURVE_S1.);
#6328 = LINE('',#6329,#6330);
#6329 = CARTESIAN_POINT('',(-20.5,32.7,0.5));
#6330 = VECTOR('',#6331,1.);
#6331 = DIRECTION('',(0.,-1.,0.));
#6332 = PCURVE('',#6260,#6333);
#6333 = DEFINITIONAL_REPRESENTATION('',(#6334),#6338);
#6334 = LINE('',#6335,#6336);
#6335 = CARTESIAN_POINT('',(0.,-6.8));
#6336 = VECTOR('',#6337,1.);
#6337 = DIRECTION('',(1.,0.));
#6338 = ( GEOMETRIC_REPRESENTATION_CONTEXT(2) 
PARAMETRIC_REPRESENTATION_CONTEXT() REPRESENTATION_CONTEXT('2D SPACE',''
  ) );
#6339 = PCURVE('',#1981,#6340);
#6340 = DEFINITIONAL_REPRESENTATION('',(#6341),#6345);
#6341 = LINE('',#6342,#6343);
#6342 = CARTESIAN_POINT('',(9.75,-4.3));
#6343 = VECTOR('',#6344,1.);
#6344 = DIRECTION('',(-0.,-1.));
#6345 = ( GEOMETRIC_REPRESENTATION_CONTEXT(2) 
PARAMETRIC_REPRESENTATION_CONTEXT() REPRESENTATION_CONTEXT('2D SPACE',''
  ) );
#6346 = ORIENTED_EDGE('',*,*,#6244,.F.);
#6347 = ORIENTED_EDGE('',*,*,#6348,.T.);
#6348 = EDGE_CURVE('',#6212,#6325,#6349,.T.);
#6349 = SURFACE_CURVE('',#6350,(#6354,#6361),.PCURVE_S1.);
#6350 = LINE('',#6351,#6352);
#6351 = CARTESIAN_POINT('',(-27.3,31.2,0.5));
#6352 = VECTOR('',#6353,1.);
#6353 = DIRECTION('',(1.,0.,0.));
#6354 = PCURVE('',#6260,#6355);
#6355 = DEFINITIONAL_REPRESENTATION('',(#6356),#6360);
#6356 = LINE('',#6357,#6358);
#6357 = CARTESIAN_POINT('',(1.5,0.));
#6358 = VECTOR('',#6359,1.);
#6359 = DIRECTION('',(0.,-1.));
#6360 = ( GEOMETRIC_REPRESENTATION_CONTEXT(2) 
PARAMETRIC_REPRESENTATION_CONTEXT() REPRESENTATION_CONTEXT('2D SPACE',''
  ) );
#6361 = PCURVE('',#793,#6362);
#6362 = DEFINITIONAL_REPRESENTATION('',(#6363),#6367);
#6363 = LINE('',#6364,#6365);
#6364 = CARTESIAN_POINT('',(-9.75,0.));
#6365 = VECTOR('',#6366,1.);
#6366 = DIRECTION('',(0.,1.));
#6367 = ( GEOMETRIC_REPRESENTATION_CONTEXT(2) 
PARAMETRIC_REPRESENTATION_CONTEXT() REPRESENTATION_CONTEXT('2D SPACE',''
  ) );
#6368 = ADVANCED_FACE('',(#6369),#6309,.F.);
#6369 = FACE_BOUND('',#6370,.T.);
#6370 = EDGE_LOOP('',(#6371,#6394,#6395));
#6371 = ORIENTED_EDGE('',*,*,#6372,.T.);
#6372 = EDGE_CURVE('',#6373,#6210,#6375,.T.);
#6373 = VERTEX_POINT('',#6374);
#6374 = CARTESIAN_POINT('',(-20.5,31.2,-0.5));
#6375 = SURFACE_CURVE('',#6376,(#6380,#6387),.PCURVE_S1.);
#6376 = LINE('',#6377,#6378);
#6377 = CARTESIAN_POINT('',(-27.3,31.2,-0.5));
#6378 = VECTOR('',#6379,1.);
#6379 = DIRECTION('',(-1.,0.,0.));
#6380 = PCURVE('',#6309,#6381);
#6381 = DEFINITIONAL_REPRESENTATION('',(#6382),#6386);
#6382 = LINE('',#6383,#6384);
#6383 = CARTESIAN_POINT('',(0.,-1.5));
#6384 = VECTOR('',#6385,1.);
#6385 = DIRECTION('',(-1.,0.));
#6386 = ( GEOMETRIC_REPRESENTATION_CONTEXT(2) 
PARAMETRIC_REPRESENTATION_CONTEXT() REPRESENTATION_CONTEXT('2D SPACE',''
  ) );
#6387 = PCURVE('',#667,#6388);
#6388 = DEFINITIONAL_REPRESENTATION('',(#6389),#6393);
#6389 = LINE('',#6390,#6391);
#6390 = CARTESIAN_POINT('',(-8.75,0.));
#6391 = VECTOR('',#6392,1.);
#6392 = DIRECTION('',(0.,-1.));
#6393 = ( GEOMETRIC_REPRESENTATION_CONTEXT(2) 
PARAMETRIC_REPRESENTATION_CONTEXT() REPRESENTATION_CONTEXT('2D SPACE',''
  ) );
#6394 = ORIENTED_EDGE('',*,*,#6295,.T.);
#6395 = ORIENTED_EDGE('',*,*,#6396,.T.);
#6396 = EDGE_CURVE('',#6273,#6373,#6397,.T.);
#6397 = SURFACE_CURVE('',#6398,(#6402,#6409),.PCURVE_S1.);
#6398 = LINE('',#6399,#6400);
#6399 = CARTESIAN_POINT('',(-20.5,32.7,-0.5));
#6400 = VECTOR('',#6401,1.);
#6401 = DIRECTION('',(0.,-1.,0.));
#6402 = PCURVE('',#6309,#6403);
#6403 = DEFINITIONAL_REPRESENTATION('',(#6404),#6408);
#6404 = LINE('',#6405,#6406);
#6405 = CARTESIAN_POINT('',(6.8,0.));
#6406 = VECTOR('',#6407,1.);
#6407 = DIRECTION('',(0.,-1.));
#6408 = ( GEOMETRIC_REPRESENTATION_CONTEXT(2) 
PARAMETRIC_REPRESENTATION_CONTEXT() REPRESENTATION_CONTEXT('2D SPACE',''
  ) );
#6409 = PCURVE('',#1981,#6410);
#6410 = DEFINITIONAL_REPRESENTATION('',(#6411),#6415);
#6411 = LINE('',#6412,#6413);
#6412 = CARTESIAN_POINT('',(10.75,-4.3));
#6413 = VECTOR('',#6414,1.);
#6414 = DIRECTION('',(-0.,-1.));
#6415 = ( GEOMETRIC_REPRESENTATION_CONTEXT(2) 
PARAMETRIC_REPRESENTATION_CONTEXT() REPRESENTATION_CONTEXT('2D SPACE',''
  ) );
#6416 = ADVANCED_FACE('',(#6417),#6432,.T.);
#6417 = FACE_BOUND('',#6418,.T.);
#6418 = EDGE_LOOP('',(#6419,#6454,#6482,#6510));
#6419 = ORIENTED_EDGE('',*,*,#6420,.F.);
#6420 = EDGE_CURVE('',#6421,#6423,#6425,.T.);
#6421 = VERTEX_POINT('',#6422);
#6422 = CARTESIAN_POINT('',(-26.3,31.2,-9.25));
#6423 = VERTEX_POINT('',#6424);
#6424 = CARTESIAN_POINT('',(-27.3,31.2,-8.25));
#6425 = SURFACE_CURVE('',#6426,(#6431,#6443),.PCURVE_S1.);
#6426 = CIRCLE('',#6427,1.);
#6427 = AXIS2_PLACEMENT_3D('',#6428,#6429,#6430);
#6428 = CARTESIAN_POINT('',(-26.3,31.2,-8.25));
#6429 = DIRECTION('',(0.,1.,0.));
#6430 = DIRECTION('',(0.,0.,-1.));
#6431 = PCURVE('',#6432,#6437);
#6432 = CYLINDRICAL_SURFACE('',#6433,1.);
#6433 = AXIS2_PLACEMENT_3D('',#6434,#6435,#6436);
#6434 = CARTESIAN_POINT('',(-26.3,0.,-8.25));
#6435 = DIRECTION('',(0.,1.,0.));
#6436 = DIRECTION('',(0.,-0.,1.));
#6437 = DEFINITIONAL_REPRESENTATION('',(#6438),#6442);
#6438 = LINE('',#6439,#6440);
#6439 = CARTESIAN_POINT('',(3.14159265359,31.2));
#6440 = VECTOR('',#6441,1.);
#6441 = DIRECTION('',(1.,0.));
#6442 = ( GEOMETRIC_REPRESENTATION_CONTEXT(2) 
PARAMETRIC_REPRESENTATION_CONTEXT() REPRESENTATION_CONTEXT('2D SPACE',''
  ) );
#6443 = PCURVE('',#667,#6444);
#6444 = DEFINITIONAL_REPRESENTATION('',(#6445),#6453);
#6445 = ( BOUNDED_CURVE() B_SPLINE_CURVE(2,(#6446,#6447,#6448,#6449,
#6450,#6451,#6452),.UNSPECIFIED.,.T.,.F.) B_SPLINE_CURVE_WITH_KNOTS((1,2
    ,2,2,2,1),(-2.094395102393,0.,2.094395102393,4.188790204786,
6.28318530718,8.377580409573),.UNSPECIFIED.) CURVE() 
GEOMETRIC_REPRESENTATION_ITEM() RATIONAL_B_SPLINE_CURVE((1.,0.5,1.,0.5,
1.,0.5,1.)) REPRESENTATION_ITEM('') );
#6446 = CARTESIAN_POINT('',(0.,1.));
#6447 = CARTESIAN_POINT('',(0.,-0.732050807569));
#6448 = CARTESIAN_POINT('',(-1.5,0.133974596216));
#6449 = CARTESIAN_POINT('',(-3.,1.));
#6450 = CARTESIAN_POINT('',(-1.5,1.866025403784));
#6451 = CARTESIAN_POINT('',(-1.554312234475E-15,2.732050807569));
#6452 = CARTESIAN_POINT('',(0.,1.));
#6453 = ( GEOMETRIC_REPRESENTATION_CONTEXT(2) 
PARAMETRIC_REPRESENTATION_CONTEXT() REPRESENTATION_CONTEXT('2D SPACE',''
  ) );
#6454 = ORIENTED_EDGE('',*,*,#6455,.F.);
#6455 = EDGE_CURVE('',#6456,#6421,#6458,.T.);
#6456 = VERTEX_POINT('',#6457);
#6457 = CARTESIAN_POINT('',(-26.3,28.8,-9.25));
#6458 = SURFACE_CURVE('',#6459,(#6463,#6470),.PCURVE_S1.);
#6459 = LINE('',#6460,#6461);
#6460 = CARTESIAN_POINT('',(-26.3,31.2,-9.25));
#6461 = VECTOR('',#6462,1.);
#6462 = DIRECTION('',(0.,1.,0.));
#6463 = PCURVE('',#6432,#6464);
#6464 = DEFINITIONAL_REPRESENTATION('',(#6465),#6469);
#6465 = LINE('',#6466,#6467);
#6466 = CARTESIAN_POINT('',(3.14159265359,31.2));
#6467 = VECTOR('',#6468,1.);
#6468 = DIRECTION('',(0.,1.));
#6469 = ( GEOMETRIC_REPRESENTATION_CONTEXT(2) 
PARAMETRIC_REPRESENTATION_CONTEXT() REPRESENTATION_CONTEXT('2D SPACE',''
  ) );
#6470 = PCURVE('',#6471,#6476);
#6471 = PLANE('',#6472);
#6472 = AXIS2_PLACEMENT_3D('',#6473,#6474,#6475);
#6473 = CARTESIAN_POINT('',(-27.3,31.2,-9.25));
#6474 = DIRECTION('',(1.692413147294E-16,0.,1.));
#6475 = DIRECTION('',(1.,0.,-1.692413147294E-16));
#6476 = DEFINITIONAL_REPRESENTATION('',(#6477),#6481);
#6477 = LINE('',#6478,#6479);
#6478 = CARTESIAN_POINT('',(1.,0.));
#6479 = VECTOR('',#6480,1.);
#6480 = DIRECTION('',(0.,1.));
#6481 = ( GEOMETRIC_REPRESENTATION_CONTEXT(2) 
PARAMETRIC_REPRESENTATION_CONTEXT() REPRESENTATION_CONTEXT('2D SPACE',''
  ) );
#6482 = ORIENTED_EDGE('',*,*,#6483,.F.);
#6483 = EDGE_CURVE('',#6484,#6456,#6486,.T.);
#6484 = VERTEX_POINT('',#6485);
#6485 = CARTESIAN_POINT('',(-27.3,28.8,-8.25));
#6486 = SURFACE_CURVE('',#6487,(#6492,#6499),.PCURVE_S1.);
#6487 = CIRCLE('',#6488,1.);
#6488 = AXIS2_PLACEMENT_3D('',#6489,#6490,#6491);
#6489 = CARTESIAN_POINT('',(-26.3,28.8,-8.25));
#6490 = DIRECTION('',(0.,-1.,0.));
#6491 = DIRECTION('',(0.,0.,1.));
#6492 = PCURVE('',#6432,#6493);
#6493 = DEFINITIONAL_REPRESENTATION('',(#6494),#6498);
#6494 = LINE('',#6495,#6496);
#6495 = CARTESIAN_POINT('',(6.28318530718,28.8));
#6496 = VECTOR('',#6497,1.);
#6497 = DIRECTION('',(-1.,0.));
#6498 = ( GEOMETRIC_REPRESENTATION_CONTEXT(2) 
PARAMETRIC_REPRESENTATION_CONTEXT() REPRESENTATION_CONTEXT('2D SPACE',''
  ) );
#6499 = PCURVE('',#726,#6500);
#6500 = DEFINITIONAL_REPRESENTATION('',(#6501),#6509);
#6501 = ( BOUNDED_CURVE() B_SPLINE_CURVE(2,(#6502,#6503,#6504,#6505,
#6506,#6507,#6508),.UNSPECIFIED.,.T.,.F.) B_SPLINE_CURVE_WITH_KNOTS((1,2
    ,2,2,2,1),(-2.094395102393,0.,2.094395102393,4.188790204786,
6.28318530718,8.377580409573),.UNSPECIFIED.) CURVE() 
GEOMETRIC_REPRESENTATION_ITEM() RATIONAL_B_SPLINE_CURVE((1.,0.5,1.,0.5,
1.,0.5,1.)) REPRESENTATION_ITEM('') );
#6502 = CARTESIAN_POINT('',(1.,-2.));
#6503 = CARTESIAN_POINT('',(-0.732050807569,-2.));
#6504 = CARTESIAN_POINT('',(0.133974596216,-0.5));
#6505 = CARTESIAN_POINT('',(1.,1.));
#6506 = CARTESIAN_POINT('',(1.866025403784,-0.5));
#6507 = CARTESIAN_POINT('',(2.732050807569,-2.));
#6508 = CARTESIAN_POINT('',(1.,-2.));
#6509 = ( GEOMETRIC_REPRESENTATION_CONTEXT(2) 
PARAMETRIC_REPRESENTATION_CONTEXT() REPRESENTATION_CONTEXT('2D SPACE',''
  ) );
#6510 = ORIENTED_EDGE('',*,*,#6511,.F.);
#6511 = EDGE_CURVE('',#6423,#6484,#6512,.T.);
#6512 = SURFACE_CURVE('',#6513,(#6517,#6524),.PCURVE_S1.);
#6513 = LINE('',#6514,#6515);
#6514 = CARTESIAN_POINT('',(-27.3,28.8,-8.25));
#6515 = VECTOR('',#6516,1.);
#6516 = DIRECTION('',(0.,-1.,0.));
#6517 = PCURVE('',#6432,#6518);
#6518 = DEFINITIONAL_REPRESENTATION('',(#6519),#6523);
#6519 = LINE('',#6520,#6521);
#6520 = CARTESIAN_POINT('',(4.712388980385,28.8));
#6521 = VECTOR('',#6522,1.);
#6522 = DIRECTION('',(0.,-1.));
#6523 = ( GEOMETRIC_REPRESENTATION_CONTEXT(2) 
PARAMETRIC_REPRESENTATION_CONTEXT() REPRESENTATION_CONTEXT('2D SPACE',''
  ) );
#6524 = PCURVE('',#6525,#6530);
#6525 = PLANE('',#6526);
#6526 = AXIS2_PLACEMENT_3D('',#6527,#6528,#6529);
#6527 = CARTESIAN_POINT('',(-27.3,0.,1.15084094016E-15));
#6528 = DIRECTION('',(-1.,0.,0.));
#6529 = DIRECTION('',(0.,0.,1.));
#6530 = DEFINITIONAL_REPRESENTATION('',(#6531),#6535);
#6531 = LINE('',#6532,#6533);
#6532 = CARTESIAN_POINT('',(-8.25,28.8));
#6533 = VECTOR('',#6534,1.);
#6534 = DIRECTION('',(0.,-1.));
#6535 = ( GEOMETRIC_REPRESENTATION_CONTEXT(2) 
PARAMETRIC_REPRESENTATION_CONTEXT() REPRESENTATION_CONTEXT('2D SPACE',''
  ) );
#6536 = ADVANCED_FACE('',(#6537),#6552,.T.);
#6537 = FACE_BOUND('',#6538,.T.);
#6538 = EDGE_LOOP('',(#6539,#6574,#6602,#6630));
#6539 = ORIENTED_EDGE('',*,*,#6540,.F.);
#6540 = EDGE_CURVE('',#6541,#6543,#6545,.T.);
#6541 = VERTEX_POINT('',#6542);
#6542 = CARTESIAN_POINT('',(-26.3,28.8,9.25));
#6543 = VERTEX_POINT('',#6544);
#6544 = CARTESIAN_POINT('',(-27.3,28.8,8.25));
#6545 = SURFACE_CURVE('',#6546,(#6551,#6563),.PCURVE_S1.);
#6546 = CIRCLE('',#6547,1.);
#6547 = AXIS2_PLACEMENT_3D('',#6548,#6549,#6550);
#6548 = CARTESIAN_POINT('',(-26.3,28.8,8.25));
#6549 = DIRECTION('',(0.,-1.,0.));
#6550 = DIRECTION('',(0.,0.,1.));
#6551 = PCURVE('',#6552,#6557);
#6552 = CYLINDRICAL_SURFACE('',#6553,1.);
#6553 = AXIS2_PLACEMENT_3D('',#6554,#6555,#6556);
#6554 = CARTESIAN_POINT('',(-26.3,0.,8.25));
#6555 = DIRECTION('',(0.,-1.,0.));
#6556 = DIRECTION('',(0.,0.,-1.));
#6557 = DEFINITIONAL_REPRESENTATION('',(#6558),#6562);
#6558 = LINE('',#6559,#6560);
#6559 = CARTESIAN_POINT('',(3.14159265359,-28.8));
#6560 = VECTOR('',#6561,1.);
#6561 = DIRECTION('',(1.,0.));
#6562 = ( GEOMETRIC_REPRESENTATION_CONTEXT(2) 
PARAMETRIC_REPRESENTATION_CONTEXT() REPRESENTATION_CONTEXT('2D SPACE',''
  ) );
#6563 = PCURVE('',#726,#6564);
#6564 = DEFINITIONAL_REPRESENTATION('',(#6565),#6573);
#6565 = ( BOUNDED_CURVE() B_SPLINE_CURVE(2,(#6566,#6567,#6568,#6569,
#6570,#6571,#6572),.UNSPECIFIED.,.T.,.F.) B_SPLINE_CURVE_WITH_KNOTS((1,2
    ,2,2,2,1),(-2.094395102393,0.,2.094395102393,4.188790204786,
6.28318530718,8.377580409573),.UNSPECIFIED.) CURVE() 
GEOMETRIC_REPRESENTATION_ITEM() RATIONAL_B_SPLINE_CURVE((1.,0.5,1.,0.5,
1.,0.5,1.)) REPRESENTATION_ITEM('') );
#6566 = CARTESIAN_POINT('',(1.,-18.5));
#6567 = CARTESIAN_POINT('',(-0.732050807569,-18.5));
#6568 = CARTESIAN_POINT('',(0.133974596216,-17.));
#6569 = CARTESIAN_POINT('',(1.,-15.5));
#6570 = CARTESIAN_POINT('',(1.866025403784,-17.));
#6571 = CARTESIAN_POINT('',(2.732050807569,-18.5));
#6572 = CARTESIAN_POINT('',(1.,-18.5));
#6573 = ( GEOMETRIC_REPRESENTATION_CONTEXT(2) 
PARAMETRIC_REPRESENTATION_CONTEXT() REPRESENTATION_CONTEXT('2D SPACE',''
  ) );
#6574 = ORIENTED_EDGE('',*,*,#6575,.F.);
#6575 = EDGE_CURVE('',#6576,#6541,#6578,.T.);
#6576 = VERTEX_POINT('',#6577);
#6577 = CARTESIAN_POINT('',(-26.3,31.2,9.25));
#6578 = SURFACE_CURVE('',#6579,(#6583,#6590),.PCURVE_S1.);
#6579 = LINE('',#6580,#6581);
#6580 = CARTESIAN_POINT('',(-26.3,28.8,9.25));
#6581 = VECTOR('',#6582,1.);
#6582 = DIRECTION('',(0.,-1.,0.));
#6583 = PCURVE('',#6552,#6584);
#6584 = DEFINITIONAL_REPRESENTATION('',(#6585),#6589);
#6585 = LINE('',#6586,#6587);
#6586 = CARTESIAN_POINT('',(3.14159265359,-28.8));
#6587 = VECTOR('',#6588,1.);
#6588 = DIRECTION('',(0.,1.));
#6589 = ( GEOMETRIC_REPRESENTATION_CONTEXT(2) 
PARAMETRIC_REPRESENTATION_CONTEXT() REPRESENTATION_CONTEXT('2D SPACE',''
  ) );
#6590 = PCURVE('',#6591,#6596);
#6591 = PLANE('',#6592);
#6592 = AXIS2_PLACEMENT_3D('',#6593,#6594,#6595);
#6593 = CARTESIAN_POINT('',(-27.3,31.2,9.25));
#6594 = DIRECTION('',(-1.692413147294E-16,0.,-1.));
#6595 = DIRECTION('',(-1.,0.,1.692413147294E-16));
#6596 = DEFINITIONAL_REPRESENTATION('',(#6597),#6601);
#6597 = LINE('',#6598,#6599);
#6598 = CARTESIAN_POINT('',(-1.,-2.4));
#6599 = VECTOR('',#6600,1.);
#6600 = DIRECTION('',(0.,-1.));
#6601 = ( GEOMETRIC_REPRESENTATION_CONTEXT(2) 
PARAMETRIC_REPRESENTATION_CONTEXT() REPRESENTATION_CONTEXT('2D SPACE',''
  ) );
#6602 = ORIENTED_EDGE('',*,*,#6603,.F.);
#6603 = EDGE_CURVE('',#6604,#6576,#6606,.T.);
#6604 = VERTEX_POINT('',#6605);
#6605 = CARTESIAN_POINT('',(-27.3,31.2,8.25));
#6606 = SURFACE_CURVE('',#6607,(#6612,#6619),.PCURVE_S1.);
#6607 = CIRCLE('',#6608,1.);
#6608 = AXIS2_PLACEMENT_3D('',#6609,#6610,#6611);
#6609 = CARTESIAN_POINT('',(-26.3,31.2,8.25));
#6610 = DIRECTION('',(0.,1.,0.));
#6611 = DIRECTION('',(0.,0.,-1.));
#6612 = PCURVE('',#6552,#6613);
#6613 = DEFINITIONAL_REPRESENTATION('',(#6614),#6618);
#6614 = LINE('',#6615,#6616);
#6615 = CARTESIAN_POINT('',(6.28318530718,-31.2));
#6616 = VECTOR('',#6617,1.);
#6617 = DIRECTION('',(-1.,0.));
#6618 = ( GEOMETRIC_REPRESENTATION_CONTEXT(2) 
PARAMETRIC_REPRESENTATION_CONTEXT() REPRESENTATION_CONTEXT('2D SPACE',''
  ) );
#6619 = PCURVE('',#793,#6620);
#6620 = DEFINITIONAL_REPRESENTATION('',(#6621),#6629);
#6621 = ( BOUNDED_CURVE() B_SPLINE_CURVE(2,(#6622,#6623,#6624,#6625,
#6626,#6627,#6628),.UNSPECIFIED.,.T.,.F.) B_SPLINE_CURVE_WITH_KNOTS((1,2
    ,2,2,2,1),(-2.094395102393,0.,2.094395102393,4.188790204786,
6.28318530718,8.377580409573),.UNSPECIFIED.) CURVE() 
GEOMETRIC_REPRESENTATION_ITEM() RATIONAL_B_SPLINE_CURVE((1.,0.5,1.,0.5,
1.,0.5,1.)) REPRESENTATION_ITEM('') );
#6622 = CARTESIAN_POINT('',(-16.5,1.));
#6623 = CARTESIAN_POINT('',(-16.5,-0.732050807569));
#6624 = CARTESIAN_POINT('',(-18.,0.133974596216));
#6625 = CARTESIAN_POINT('',(-19.5,1.));
#6626 = CARTESIAN_POINT('',(-18.,1.866025403784));
#6627 = CARTESIAN_POINT('',(-16.5,2.732050807569));
#6628 = CARTESIAN_POINT('',(-16.5,1.));
#6629 = ( GEOMETRIC_REPRESENTATION_CONTEXT(2) 
PARAMETRIC_REPRESENTATION_CONTEXT() REPRESENTATION_CONTEXT('2D SPACE',''
  ) );
#6630 = ORIENTED_EDGE('',*,*,#6631,.F.);
#6631 = EDGE_CURVE('',#6543,#6604,#6632,.T.);
#6632 = SURFACE_CURVE('',#6633,(#6637,#6644),.PCURVE_S1.);
#6633 = LINE('',#6634,#6635);
#6634 = CARTESIAN_POINT('',(-27.3,31.2,8.25));
#6635 = VECTOR('',#6636,1.);
#6636 = DIRECTION('',(0.,1.,0.));
#6637 = PCURVE('',#6552,#6638);
#6638 = DEFINITIONAL_REPRESENTATION('',(#6639),#6643);
#6639 = LINE('',#6640,#6641);
#6640 = CARTESIAN_POINT('',(4.712388980385,-31.2));
#6641 = VECTOR('',#6642,1.);
#6642 = DIRECTION('',(0.,-1.));
#6643 = ( GEOMETRIC_REPRESENTATION_CONTEXT(2) 
PARAMETRIC_REPRESENTATION_CONTEXT() REPRESENTATION_CONTEXT('2D SPACE',''
  ) );
#6644 = PCURVE('',#6645,#6650);
#6645 = PLANE('',#6646);
#6646 = AXIS2_PLACEMENT_3D('',#6647,#6648,#6649);
#6647 = CARTESIAN_POINT('',(-27.3,0.,1.15084094016E-15));
#6648 = DIRECTION('',(-1.,0.,0.));
#6649 = DIRECTION('',(0.,0.,1.));
#6650 = DEFINITIONAL_REPRESENTATION('',(#6651),#6655);
#6651 = LINE('',#6652,#6653);
#6652 = CARTESIAN_POINT('',(8.25,31.2));
#6653 = VECTOR('',#6654,1.);
#6654 = DIRECTION('',(0.,1.));
#6655 = ( GEOMETRIC_REPRESENTATION_CONTEXT(2) 
PARAMETRIC_REPRESENTATION_CONTEXT() REPRESENTATION_CONTEXT('2D SPACE',''
  ) );
#6656 = ADVANCED_FACE('',(#6657),#638,.F.);
#6657 = FACE_BOUND('',#6658,.T.);
#6658 = EDGE_LOOP('',(#6659,#6660,#6683,#6706));
#6659 = ORIENTED_EDGE('',*,*,#615,.T.);
#6660 = ORIENTED_EDGE('',*,*,#6661,.T.);
#6661 = EDGE_CURVE('',#618,#6662,#6664,.T.);
#6662 = VERTEX_POINT('',#6663);
#6663 = CARTESIAN_POINT('',(-27.3,31.2,-6.25));
#6664 = SURFACE_CURVE('',#6665,(#6669,#6676),.PCURVE_S1.);
#6665 = LINE('',#6666,#6667);
#6666 = CARTESIAN_POINT('',(-5.378833089251E-14,31.2,-6.25));
#6667 = VECTOR('',#6668,1.);
#6668 = DIRECTION('',(-1.,0.,8.606132942802E-15));
#6669 = PCURVE('',#638,#6670);
#6670 = DEFINITIONAL_REPRESENTATION('',(#6671),#6675);
#6671 = LINE('',#6672,#6673);
#6672 = CARTESIAN_POINT('',(0.,6.8));
#6673 = VECTOR('',#6674,1.);
#6674 = DIRECTION('',(1.,0.));
#6675 = ( GEOMETRIC_REPRESENTATION_CONTEXT(2) 
PARAMETRIC_REPRESENTATION_CONTEXT() REPRESENTATION_CONTEXT('2D SPACE',''
  ) );
#6676 = PCURVE('',#667,#6677);
#6677 = DEFINITIONAL_REPRESENTATION('',(#6678),#6682);
#6678 = LINE('',#6679,#6680);
#6679 = CARTESIAN_POINT('',(-3.,27.3));
#6680 = VECTOR('',#6681,1.);
#6681 = DIRECTION('',(-8.606132942802E-15,-1.));
#6682 = ( GEOMETRIC_REPRESENTATION_CONTEXT(2) 
PARAMETRIC_REPRESENTATION_CONTEXT() REPRESENTATION_CONTEXT('2D SPACE',''
  ) );
#6683 = ORIENTED_EDGE('',*,*,#6684,.T.);
#6684 = EDGE_CURVE('',#6662,#6685,#6687,.T.);
#6685 = VERTEX_POINT('',#6686);
#6686 = CARTESIAN_POINT('',(-27.3,28.8,-6.25));
#6687 = SURFACE_CURVE('',#6688,(#6692,#6699),.PCURVE_S1.);
#6688 = LINE('',#6689,#6690);
#6689 = CARTESIAN_POINT('',(-27.3,0.,-6.25));
#6690 = VECTOR('',#6691,1.);
#6691 = DIRECTION('',(0.,-1.,0.));
#6692 = PCURVE('',#638,#6693);
#6693 = DEFINITIONAL_REPRESENTATION('',(#6694),#6698);
#6694 = LINE('',#6695,#6696);
#6695 = CARTESIAN_POINT('',(27.3,-24.4));
#6696 = VECTOR('',#6697,1.);
#6697 = DIRECTION('',(0.,-1.));
#6698 = ( GEOMETRIC_REPRESENTATION_CONTEXT(2) 
PARAMETRIC_REPRESENTATION_CONTEXT() REPRESENTATION_CONTEXT('2D SPACE',''
  ) );
#6699 = PCURVE('',#6525,#6700);
#6700 = DEFINITIONAL_REPRESENTATION('',(#6701),#6705);
#6701 = LINE('',#6702,#6703);
#6702 = CARTESIAN_POINT('',(-6.25,0.));
#6703 = VECTOR('',#6704,1.);
#6704 = DIRECTION('',(0.,-1.));
#6705 = ( GEOMETRIC_REPRESENTATION_CONTEXT(2) 
PARAMETRIC_REPRESENTATION_CONTEXT() REPRESENTATION_CONTEXT('2D SPACE',''
  ) );
#6706 = ORIENTED_EDGE('',*,*,#6707,.F.);
#6707 = EDGE_CURVE('',#616,#6685,#6708,.T.);
#6708 = SURFACE_CURVE('',#6709,(#6713,#6720),.PCURVE_S1.);
#6709 = LINE('',#6710,#6711);
#6710 = CARTESIAN_POINT('',(-27.3,28.8,-6.25));
#6711 = VECTOR('',#6712,1.);
#6712 = DIRECTION('',(-1.,0.,8.606132942802E-15));
#6713 = PCURVE('',#638,#6714);
#6714 = DEFINITIONAL_REPRESENTATION('',(#6715),#6719);
#6715 = LINE('',#6716,#6717);
#6716 = CARTESIAN_POINT('',(27.3,4.4));
#6717 = VECTOR('',#6718,1.);
#6718 = DIRECTION('',(1.,0.));
#6719 = ( GEOMETRIC_REPRESENTATION_CONTEXT(2) 
PARAMETRIC_REPRESENTATION_CONTEXT() REPRESENTATION_CONTEXT('2D SPACE',''
  ) );
#6720 = PCURVE('',#726,#6721);
#6721 = DEFINITIONAL_REPRESENTATION('',(#6722),#6726);
#6722 = LINE('',#6723,#6724);
#6723 = CARTESIAN_POINT('',(0.,-3.));
#6724 = VECTOR('',#6725,1.);
#6725 = DIRECTION('',(-1.,-8.606132942802E-15));
#6726 = ( GEOMETRIC_REPRESENTATION_CONTEXT(2) 
PARAMETRIC_REPRESENTATION_CONTEXT() REPRESENTATION_CONTEXT('2D SPACE',''
  ) );
#6727 = ADVANCED_FACE('',(#6728),#6742,.T.);
#6728 = FACE_BOUND('',#6729,.T.);
#6729 = EDGE_LOOP('',(#6730,#6760,#6783,#6806));
#6730 = ORIENTED_EDGE('',*,*,#6731,.T.);
#6731 = EDGE_CURVE('',#6732,#6734,#6736,.T.);
#6732 = VERTEX_POINT('',#6733);
#6733 = CARTESIAN_POINT('',(-25.68745370306,28.8,-3.75));
#6734 = VERTEX_POINT('',#6735);
#6735 = CARTESIAN_POINT('',(-27.3,28.8,-3.75));
#6736 = SURFACE_CURVE('',#6737,(#6741,#6753),.PCURVE_S1.);
#6737 = LINE('',#6738,#6739);
#6738 = CARTESIAN_POINT('',(-27.3,28.8,-3.75));
#6739 = VECTOR('',#6740,1.);
#6740 = DIRECTION('',(-1.,0.,-8.606132942802E-15));
#6741 = PCURVE('',#6742,#6747);
#6742 = PLANE('',#6743);
#6743 = AXIS2_PLACEMENT_3D('',#6744,#6745,#6746);
#6744 = CARTESIAN_POINT('',(3.227299853551E-14,24.4,-3.75));
#6745 = DIRECTION('',(8.606132942802E-15,0.,-1.));
#6746 = DIRECTION('',(0.,-1.,0.));
#6747 = DEFINITIONAL_REPRESENTATION('',(#6748),#6752);
#6748 = LINE('',#6749,#6750);
#6749 = CARTESIAN_POINT('',(-4.4,27.3));
#6750 = VECTOR('',#6751,1.);
#6751 = DIRECTION('',(-0.,1.));
#6752 = ( GEOMETRIC_REPRESENTATION_CONTEXT(2) 
PARAMETRIC_REPRESENTATION_CONTEXT() REPRESENTATION_CONTEXT('2D SPACE',''
  ) );
#6753 = PCURVE('',#726,#6754);
#6754 = DEFINITIONAL_REPRESENTATION('',(#6755),#6759);
#6755 = LINE('',#6756,#6757);
#6756 = CARTESIAN_POINT('',(0.,-5.5));
#6757 = VECTOR('',#6758,1.);
#6758 = DIRECTION('',(-1.,8.606132942802E-15));
#6759 = ( GEOMETRIC_REPRESENTATION_CONTEXT(2) 
PARAMETRIC_REPRESENTATION_CONTEXT() REPRESENTATION_CONTEXT('2D SPACE',''
  ) );
#6760 = ORIENTED_EDGE('',*,*,#6761,.F.);
#6761 = EDGE_CURVE('',#6762,#6734,#6764,.T.);
#6762 = VERTEX_POINT('',#6763);
#6763 = CARTESIAN_POINT('',(-27.3,31.2,-3.75));
#6764 = SURFACE_CURVE('',#6765,(#6769,#6776),.PCURVE_S1.);
#6765 = LINE('',#6766,#6767);
#6766 = CARTESIAN_POINT('',(-27.3,0.,-3.75));
#6767 = VECTOR('',#6768,1.);
#6768 = DIRECTION('',(0.,-1.,0.));
#6769 = PCURVE('',#6742,#6770);
#6770 = DEFINITIONAL_REPRESENTATION('',(#6771),#6775);
#6771 = LINE('',#6772,#6773);
#6772 = CARTESIAN_POINT('',(24.4,27.3));
#6773 = VECTOR('',#6774,1.);
#6774 = DIRECTION('',(1.,0.));
#6775 = ( GEOMETRIC_REPRESENTATION_CONTEXT(2) 
PARAMETRIC_REPRESENTATION_CONTEXT() REPRESENTATION_CONTEXT('2D SPACE',''
  ) );
#6776 = PCURVE('',#6232,#6777);
#6777 = DEFINITIONAL_REPRESENTATION('',(#6778),#6782);
#6778 = LINE('',#6779,#6780);
#6779 = CARTESIAN_POINT('',(-3.75,0.));
#6780 = VECTOR('',#6781,1.);
#6781 = DIRECTION('',(0.,-1.));
#6782 = ( GEOMETRIC_REPRESENTATION_CONTEXT(2) 
PARAMETRIC_REPRESENTATION_CONTEXT() REPRESENTATION_CONTEXT('2D SPACE',''
  ) );
#6783 = ORIENTED_EDGE('',*,*,#6784,.F.);
#6784 = EDGE_CURVE('',#6785,#6762,#6787,.T.);
#6785 = VERTEX_POINT('',#6786);
#6786 = CARTESIAN_POINT('',(-25.68745370306,31.2,-3.75));
#6787 = SURFACE_CURVE('',#6788,(#6792,#6799),.PCURVE_S1.);
#6788 = LINE('',#6789,#6790);
#6789 = CARTESIAN_POINT('',(3.227299853551E-14,31.2,-3.75));
#6790 = VECTOR('',#6791,1.);
#6791 = DIRECTION('',(-1.,0.,-8.606132942802E-15));
#6792 = PCURVE('',#6742,#6793);
#6793 = DEFINITIONAL_REPRESENTATION('',(#6794),#6798);
#6794 = LINE('',#6795,#6796);
#6795 = CARTESIAN_POINT('',(-6.8,-0.));
#6796 = VECTOR('',#6797,1.);
#6797 = DIRECTION('',(-0.,1.));
#6798 = ( GEOMETRIC_REPRESENTATION_CONTEXT(2) 
PARAMETRIC_REPRESENTATION_CONTEXT() REPRESENTATION_CONTEXT('2D SPACE',''
  ) );
#6799 = PCURVE('',#667,#6800);
#6800 = DEFINITIONAL_REPRESENTATION('',(#6801),#6805);
#6801 = LINE('',#6802,#6803);
#6802 = CARTESIAN_POINT('',(-5.5,27.3));
#6803 = VECTOR('',#6804,1.);
#6804 = DIRECTION('',(8.606132942802E-15,-1.));
#6805 = ( GEOMETRIC_REPRESENTATION_CONTEXT(2) 
PARAMETRIC_REPRESENTATION_CONTEXT() REPRESENTATION_CONTEXT('2D SPACE',''
  ) );
#6806 = ORIENTED_EDGE('',*,*,#6807,.F.);
#6807 = EDGE_CURVE('',#6732,#6785,#6808,.T.);
#6808 = SURFACE_CURVE('',#6809,(#6813,#6820),.PCURVE_S1.);
#6809 = LINE('',#6810,#6811);
#6810 = CARTESIAN_POINT('',(-25.68745370306,24.4,-3.75));
#6811 = VECTOR('',#6812,1.);
#6812 = DIRECTION('',(0.,1.,0.));
#6813 = PCURVE('',#6742,#6814);
#6814 = DEFINITIONAL_REPRESENTATION('',(#6815),#6819);
#6815 = LINE('',#6816,#6817);
#6816 = CARTESIAN_POINT('',(-0.,25.687453703069));
#6817 = VECTOR('',#6818,1.);
#6818 = DIRECTION('',(-1.,-0.));
#6819 = ( GEOMETRIC_REPRESENTATION_CONTEXT(2) 
PARAMETRIC_REPRESENTATION_CONTEXT() REPRESENTATION_CONTEXT('2D SPACE',''
  ) );
#6820 = PCURVE('',#699,#6821);
#6821 = DEFINITIONAL_REPRESENTATION('',(#6822),#6826);
#6822 = LINE('',#6823,#6824);
#6823 = CARTESIAN_POINT('',(3.779154574209,0.));
#6824 = VECTOR('',#6825,1.);
#6825 = DIRECTION('',(0.,1.));
#6826 = ( GEOMETRIC_REPRESENTATION_CONTEXT(2) 
PARAMETRIC_REPRESENTATION_CONTEXT() REPRESENTATION_CONTEXT('2D SPACE',''
  ) );
#6827 = ADVANCED_FACE('',(#6828),#764,.F.);
#6828 = FACE_BOUND('',#6829,.T.);
#6829 = EDGE_LOOP('',(#6830,#6831,#6854,#6877));
#6830 = ORIENTED_EDGE('',*,*,#741,.T.);
#6831 = ORIENTED_EDGE('',*,*,#6832,.T.);
#6832 = EDGE_CURVE('',#744,#6833,#6835,.T.);
#6833 = VERTEX_POINT('',#6834);
#6834 = CARTESIAN_POINT('',(-27.3,31.2,3.75));
#6835 = SURFACE_CURVE('',#6836,(#6840,#6847),.PCURVE_S1.);
#6836 = LINE('',#6837,#6838);
#6837 = CARTESIAN_POINT('',(3.709112695345E-15,31.2,3.75));
#6838 = VECTOR('',#6839,1.);
#6839 = DIRECTION('',(-1.,0.,9.890967187587E-16));
#6840 = PCURVE('',#764,#6841);
#6841 = DEFINITIONAL_REPRESENTATION('',(#6842),#6846);
#6842 = LINE('',#6843,#6844);
#6843 = CARTESIAN_POINT('',(0.,6.8));
#6844 = VECTOR('',#6845,1.);
#6845 = DIRECTION('',(1.,0.));
#6846 = ( GEOMETRIC_REPRESENTATION_CONTEXT(2) 
PARAMETRIC_REPRESENTATION_CONTEXT() REPRESENTATION_CONTEXT('2D SPACE',''
  ) );
#6847 = PCURVE('',#793,#6848);
#6848 = DEFINITIONAL_REPRESENTATION('',(#6849),#6853);
#6849 = LINE('',#6850,#6851);
#6850 = CARTESIAN_POINT('',(-13.,27.3));
#6851 = VECTOR('',#6852,1.);
#6852 = DIRECTION('',(-9.890967187587E-16,-1.));
#6853 = ( GEOMETRIC_REPRESENTATION_CONTEXT(2) 
PARAMETRIC_REPRESENTATION_CONTEXT() REPRESENTATION_CONTEXT('2D SPACE',''
  ) );
#6854 = ORIENTED_EDGE('',*,*,#6855,.T.);
#6855 = EDGE_CURVE('',#6833,#6856,#6858,.T.);
#6856 = VERTEX_POINT('',#6857);
#6857 = CARTESIAN_POINT('',(-27.3,28.8,3.75));
#6858 = SURFACE_CURVE('',#6859,(#6863,#6870),.PCURVE_S1.);
#6859 = LINE('',#6860,#6861);
#6860 = CARTESIAN_POINT('',(-27.3,0.,3.75));
#6861 = VECTOR('',#6862,1.);
#6862 = DIRECTION('',(0.,-1.,0.));
#6863 = PCURVE('',#764,#6864);
#6864 = DEFINITIONAL_REPRESENTATION('',(#6865),#6869);
#6865 = LINE('',#6866,#6867);
#6866 = CARTESIAN_POINT('',(27.3,-24.4));
#6867 = VECTOR('',#6868,1.);
#6868 = DIRECTION('',(0.,-1.));
#6869 = ( GEOMETRIC_REPRESENTATION_CONTEXT(2) 
PARAMETRIC_REPRESENTATION_CONTEXT() REPRESENTATION_CONTEXT('2D SPACE',''
  ) );
#6870 = PCURVE('',#6232,#6871);
#6871 = DEFINITIONAL_REPRESENTATION('',(#6872),#6876);
#6872 = LINE('',#6873,#6874);
#6873 = CARTESIAN_POINT('',(3.75,0.));
#6874 = VECTOR('',#6875,1.);
#6875 = DIRECTION('',(0.,-1.));
#6876 = ( GEOMETRIC_REPRESENTATION_CONTEXT(2) 
PARAMETRIC_REPRESENTATION_CONTEXT() REPRESENTATION_CONTEXT('2D SPACE',''
  ) );
#6877 = ORIENTED_EDGE('',*,*,#6878,.F.);
#6878 = EDGE_CURVE('',#742,#6856,#6879,.T.);
#6879 = SURFACE_CURVE('',#6880,(#6884,#6891),.PCURVE_S1.);
#6880 = LINE('',#6881,#6882);
#6881 = CARTESIAN_POINT('',(-27.3,28.8,3.75));
#6882 = VECTOR('',#6883,1.);
#6883 = DIRECTION('',(-1.,0.,9.890967187587E-16));
#6884 = PCURVE('',#764,#6885);
#6885 = DEFINITIONAL_REPRESENTATION('',(#6886),#6890);
#6886 = LINE('',#6887,#6888);
#6887 = CARTESIAN_POINT('',(27.3,4.4));
#6888 = VECTOR('',#6889,1.);
#6889 = DIRECTION('',(1.,0.));
#6890 = ( GEOMETRIC_REPRESENTATION_CONTEXT(2) 
PARAMETRIC_REPRESENTATION_CONTEXT() REPRESENTATION_CONTEXT('2D SPACE',''
  ) );
#6891 = PCURVE('',#726,#6892);
#6892 = DEFINITIONAL_REPRESENTATION('',(#6893),#6897);
#6893 = LINE('',#6894,#6895);
#6894 = CARTESIAN_POINT('',(0.,-13.));
#6895 = VECTOR('',#6896,1.);
#6896 = DIRECTION('',(-1.,-9.890967187587E-16));
#6897 = ( GEOMETRIC_REPRESENTATION_CONTEXT(2) 
PARAMETRIC_REPRESENTATION_CONTEXT() REPRESENTATION_CONTEXT('2D SPACE',''
  ) );
#6898 = ADVANCED_FACE('',(#6899),#6913,.T.);
#6899 = FACE_BOUND('',#6900,.T.);
#6900 = EDGE_LOOP('',(#6901,#6931,#6954,#6977));
#6901 = ORIENTED_EDGE('',*,*,#6902,.T.);
#6902 = EDGE_CURVE('',#6903,#6905,#6907,.T.);
#6903 = VERTEX_POINT('',#6904);
#6904 = CARTESIAN_POINT('',(-25.68745370306,28.8,6.25));
#6905 = VERTEX_POINT('',#6906);
#6906 = CARTESIAN_POINT('',(-27.3,28.8,6.25));
#6907 = SURFACE_CURVE('',#6908,(#6912,#6924),.PCURVE_S1.);
#6908 = LINE('',#6909,#6910);
#6909 = CARTESIAN_POINT('',(-27.3,28.8,6.25));
#6910 = VECTOR('',#6911,1.);
#6911 = DIRECTION('',(-1.,0.,1.06518108174E-15));
#6912 = PCURVE('',#6913,#6918);
#6913 = PLANE('',#6914);
#6914 = AXIS2_PLACEMENT_3D('',#6915,#6916,#6917);
#6915 = CARTESIAN_POINT('',(6.657381760876E-15,24.4,6.25));
#6916 = DIRECTION('',(-1.06518108174E-15,0.,-1.));
#6917 = DIRECTION('',(-1.,0.,1.06518108174E-15));
#6918 = DEFINITIONAL_REPRESENTATION('',(#6919),#6923);
#6919 = LINE('',#6920,#6921);
#6920 = CARTESIAN_POINT('',(27.3,4.4));
#6921 = VECTOR('',#6922,1.);
#6922 = DIRECTION('',(1.,0.));
#6923 = ( GEOMETRIC_REPRESENTATION_CONTEXT(2) 
PARAMETRIC_REPRESENTATION_CONTEXT() REPRESENTATION_CONTEXT('2D SPACE',''
  ) );
#6924 = PCURVE('',#726,#6925);
#6925 = DEFINITIONAL_REPRESENTATION('',(#6926),#6930);
#6926 = LINE('',#6927,#6928);
#6927 = CARTESIAN_POINT('',(0.,-15.5));
#6928 = VECTOR('',#6929,1.);
#6929 = DIRECTION('',(-1.,-1.06518108174E-15));
#6930 = ( GEOMETRIC_REPRESENTATION_CONTEXT(2) 
PARAMETRIC_REPRESENTATION_CONTEXT() REPRESENTATION_CONTEXT('2D SPACE',''
  ) );
#6931 = ORIENTED_EDGE('',*,*,#6932,.F.);
#6932 = EDGE_CURVE('',#6933,#6905,#6935,.T.);
#6933 = VERTEX_POINT('',#6934);
#6934 = CARTESIAN_POINT('',(-27.3,31.2,6.25));
#6935 = SURFACE_CURVE('',#6936,(#6940,#6947),.PCURVE_S1.);
#6936 = LINE('',#6937,#6938);
#6937 = CARTESIAN_POINT('',(-27.3,0.,6.25));
#6938 = VECTOR('',#6939,1.);
#6939 = DIRECTION('',(0.,-1.,0.));
#6940 = PCURVE('',#6913,#6941);
#6941 = DEFINITIONAL_REPRESENTATION('',(#6942),#6946);
#6942 = LINE('',#6943,#6944);
#6943 = CARTESIAN_POINT('',(27.3,-24.4));
#6944 = VECTOR('',#6945,1.);
#6945 = DIRECTION('',(0.,-1.));
#6946 = ( GEOMETRIC_REPRESENTATION_CONTEXT(2) 
PARAMETRIC_REPRESENTATION_CONTEXT() REPRESENTATION_CONTEXT('2D SPACE',''
  ) );
#6947 = PCURVE('',#6645,#6948);
#6948 = DEFINITIONAL_REPRESENTATION('',(#6949),#6953);
#6949 = LINE('',#6950,#6951);
#6950 = CARTESIAN_POINT('',(6.25,0.));
#6951 = VECTOR('',#6952,1.);
#6952 = DIRECTION('',(0.,-1.));
#6953 = ( GEOMETRIC_REPRESENTATION_CONTEXT(2) 
PARAMETRIC_REPRESENTATION_CONTEXT() REPRESENTATION_CONTEXT('2D SPACE',''
  ) );
#6954 = ORIENTED_EDGE('',*,*,#6955,.F.);
#6955 = EDGE_CURVE('',#6956,#6933,#6958,.T.);
#6956 = VERTEX_POINT('',#6957);
#6957 = CARTESIAN_POINT('',(-25.68745370306,31.2,6.25));
#6958 = SURFACE_CURVE('',#6959,(#6963,#6970),.PCURVE_S1.);
#6959 = LINE('',#6960,#6961);
#6960 = CARTESIAN_POINT('',(6.657381760876E-15,31.2,6.25));
#6961 = VECTOR('',#6962,1.);
#6962 = DIRECTION('',(-1.,0.,1.06518108174E-15));
#6963 = PCURVE('',#6913,#6964);
#6964 = DEFINITIONAL_REPRESENTATION('',(#6965),#6969);
#6965 = LINE('',#6966,#6967);
#6966 = CARTESIAN_POINT('',(0.,6.8));
#6967 = VECTOR('',#6968,1.);
#6968 = DIRECTION('',(1.,0.));
#6969 = ( GEOMETRIC_REPRESENTATION_CONTEXT(2) 
PARAMETRIC_REPRESENTATION_CONTEXT() REPRESENTATION_CONTEXT('2D SPACE',''
  ) );
#6970 = PCURVE('',#793,#6971);
#6971 = DEFINITIONAL_REPRESENTATION('',(#6972),#6976);
#6972 = LINE('',#6973,#6974);
#6973 = CARTESIAN_POINT('',(-15.5,27.3));
#6974 = VECTOR('',#6975,1.);
#6975 = DIRECTION('',(-1.06518108174E-15,-1.));
#6976 = ( GEOMETRIC_REPRESENTATION_CONTEXT(2) 
PARAMETRIC_REPRESENTATION_CONTEXT() REPRESENTATION_CONTEXT('2D SPACE',''
  ) );
#6977 = ORIENTED_EDGE('',*,*,#6978,.F.);
#6978 = EDGE_CURVE('',#6903,#6956,#6979,.T.);
#6979 = SURFACE_CURVE('',#6980,(#6984,#6991),.PCURVE_S1.);
#6980 = LINE('',#6981,#6982);
#6981 = CARTESIAN_POINT('',(-25.68745370306,24.4,6.25));
#6982 = VECTOR('',#6983,1.);
#6983 = DIRECTION('',(0.,1.,0.));
#6984 = PCURVE('',#6913,#6985);
#6985 = DEFINITIONAL_REPRESENTATION('',(#6986),#6990);
#6986 = LINE('',#6987,#6988);
#6987 = CARTESIAN_POINT('',(25.687453703069,0.));
#6988 = VECTOR('',#6989,1.);
#6989 = DIRECTION('',(0.,1.));
#6990 = ( GEOMETRIC_REPRESENTATION_CONTEXT(2) 
PARAMETRIC_REPRESENTATION_CONTEXT() REPRESENTATION_CONTEXT('2D SPACE',''
  ) );
#6991 = PCURVE('',#825,#6992);
#6992 = DEFINITIONAL_REPRESENTATION('',(#6993),#6997);
#6993 = LINE('',#6994,#6995);
#6994 = CARTESIAN_POINT('',(3.779154574209,0.));
#6995 = VECTOR('',#6996,1.);
#6996 = DIRECTION('',(0.,1.));
#6997 = ( GEOMETRIC_REPRESENTATION_CONTEXT(2) 
PARAMETRIC_REPRESENTATION_CONTEXT() REPRESENTATION_CONTEXT('2D SPACE',''
  ) );
#6998 = ADVANCED_FACE('',(#6999),#6525,.T.);
#6999 = FACE_BOUND('',#7000,.T.);
#7000 = EDGE_LOOP('',(#7001,#7022,#7023,#7044));
#7001 = ORIENTED_EDGE('',*,*,#7002,.T.);
#7002 = EDGE_CURVE('',#6662,#6423,#7003,.T.);
#7003 = SURFACE_CURVE('',#7004,(#7008,#7015),.PCURVE_S1.);
#7004 = LINE('',#7005,#7006);
#7005 = CARTESIAN_POINT('',(-27.3,31.2,-9.25));
#7006 = VECTOR('',#7007,1.);
#7007 = DIRECTION('',(0.,0.,-1.));
#7008 = PCURVE('',#6525,#7009);
#7009 = DEFINITIONAL_REPRESENTATION('',(#7010),#7014);
#7010 = LINE('',#7011,#7012);
#7011 = CARTESIAN_POINT('',(-9.25,31.2));
#7012 = VECTOR('',#7013,1.);
#7013 = DIRECTION('',(-1.,0.));
#7014 = ( GEOMETRIC_REPRESENTATION_CONTEXT(2) 
PARAMETRIC_REPRESENTATION_CONTEXT() REPRESENTATION_CONTEXT('2D SPACE',''
  ) );
#7015 = PCURVE('',#667,#7016);
#7016 = DEFINITIONAL_REPRESENTATION('',(#7017),#7021);
#7017 = LINE('',#7018,#7019);
#7018 = CARTESIAN_POINT('',(0.,0.));
#7019 = VECTOR('',#7020,1.);
#7020 = DIRECTION('',(1.,0.));
#7021 = ( GEOMETRIC_REPRESENTATION_CONTEXT(2) 
PARAMETRIC_REPRESENTATION_CONTEXT() REPRESENTATION_CONTEXT('2D SPACE',''
  ) );
#7022 = ORIENTED_EDGE('',*,*,#6511,.T.);
#7023 = ORIENTED_EDGE('',*,*,#7024,.T.);
#7024 = EDGE_CURVE('',#6484,#6685,#7025,.T.);
#7025 = SURFACE_CURVE('',#7026,(#7030,#7037),.PCURVE_S1.);
#7026 = LINE('',#7027,#7028);
#7027 = CARTESIAN_POINT('',(-27.3,28.8,-9.25));
#7028 = VECTOR('',#7029,1.);
#7029 = DIRECTION('',(0.,0.,1.));
#7030 = PCURVE('',#6525,#7031);
#7031 = DEFINITIONAL_REPRESENTATION('',(#7032),#7036);
#7032 = LINE('',#7033,#7034);
#7033 = CARTESIAN_POINT('',(-9.25,28.8));
#7034 = VECTOR('',#7035,1.);
#7035 = DIRECTION('',(1.,0.));
#7036 = ( GEOMETRIC_REPRESENTATION_CONTEXT(2) 
PARAMETRIC_REPRESENTATION_CONTEXT() REPRESENTATION_CONTEXT('2D SPACE',''
  ) );
#7037 = PCURVE('',#726,#7038);
#7038 = DEFINITIONAL_REPRESENTATION('',(#7039),#7043);
#7039 = LINE('',#7040,#7041);
#7040 = CARTESIAN_POINT('',(0.,0.));
#7041 = VECTOR('',#7042,1.);
#7042 = DIRECTION('',(0.,-1.));
#7043 = ( GEOMETRIC_REPRESENTATION_CONTEXT(2) 
PARAMETRIC_REPRESENTATION_CONTEXT() REPRESENTATION_CONTEXT('2D SPACE',''
  ) );
#7044 = ORIENTED_EDGE('',*,*,#6684,.F.);
#7045 = ADVANCED_FACE('',(#7046),#6591,.F.);
#7046 = FACE_BOUND('',#7047,.T.);
#7047 = EDGE_LOOP('',(#7048,#7071,#7072,#7095));
#7048 = ORIENTED_EDGE('',*,*,#7049,.F.);
#7049 = EDGE_CURVE('',#6576,#7050,#7052,.T.);
#7050 = VERTEX_POINT('',#7051);
#7051 = CARTESIAN_POINT('',(-20.5,31.2,9.25));
#7052 = SURFACE_CURVE('',#7053,(#7057,#7064),.PCURVE_S1.);
#7053 = LINE('',#7054,#7055);
#7054 = CARTESIAN_POINT('',(-27.3,31.2,9.25));
#7055 = VECTOR('',#7056,1.);
#7056 = DIRECTION('',(1.,0.,-1.692413147294E-16));
#7057 = PCURVE('',#6591,#7058);
#7058 = DEFINITIONAL_REPRESENTATION('',(#7059),#7063);
#7059 = LINE('',#7060,#7061);
#7060 = CARTESIAN_POINT('',(0.,0.));
#7061 = VECTOR('',#7062,1.);
#7062 = DIRECTION('',(-1.,0.));
#7063 = ( GEOMETRIC_REPRESENTATION_CONTEXT(2) 
PARAMETRIC_REPRESENTATION_CONTEXT() REPRESENTATION_CONTEXT('2D SPACE',''
  ) );
#7064 = PCURVE('',#793,#7065);
#7065 = DEFINITIONAL_REPRESENTATION('',(#7066),#7070);
#7066 = LINE('',#7067,#7068);
#7067 = CARTESIAN_POINT('',(-18.5,0.));
#7068 = VECTOR('',#7069,1.);
#7069 = DIRECTION('',(1.692413147294E-16,1.));
#7070 = ( GEOMETRIC_REPRESENTATION_CONTEXT(2) 
PARAMETRIC_REPRESENTATION_CONTEXT() REPRESENTATION_CONTEXT('2D SPACE',''
  ) );
#7071 = ORIENTED_EDGE('',*,*,#6575,.T.);
#7072 = ORIENTED_EDGE('',*,*,#7073,.T.);
#7073 = EDGE_CURVE('',#6541,#7074,#7076,.T.);
#7074 = VERTEX_POINT('',#7075);
#7075 = CARTESIAN_POINT('',(-20.5,28.8,9.25));
#7076 = SURFACE_CURVE('',#7077,(#7081,#7088),.PCURVE_S1.);
#7077 = LINE('',#7078,#7079);
#7078 = CARTESIAN_POINT('',(-27.3,28.8,9.25));
#7079 = VECTOR('',#7080,1.);
#7080 = DIRECTION('',(1.,0.,-1.692413147294E-16));
#7081 = PCURVE('',#6591,#7082);
#7082 = DEFINITIONAL_REPRESENTATION('',(#7083),#7087);
#7083 = LINE('',#7084,#7085);
#7084 = CARTESIAN_POINT('',(0.,-2.4));
#7085 = VECTOR('',#7086,1.);
#7086 = DIRECTION('',(-1.,0.));
#7087 = ( GEOMETRIC_REPRESENTATION_CONTEXT(2) 
PARAMETRIC_REPRESENTATION_CONTEXT() REPRESENTATION_CONTEXT('2D SPACE',''
  ) );
#7088 = PCURVE('',#726,#7089);
#7089 = DEFINITIONAL_REPRESENTATION('',(#7090),#7094);
#7090 = LINE('',#7091,#7092);
#7091 = CARTESIAN_POINT('',(0.,-18.5));
#7092 = VECTOR('',#7093,1.);
#7093 = DIRECTION('',(1.,1.692413147294E-16));
#7094 = ( GEOMETRIC_REPRESENTATION_CONTEXT(2) 
PARAMETRIC_REPRESENTATION_CONTEXT() REPRESENTATION_CONTEXT('2D SPACE',''
  ) );
#7095 = ORIENTED_EDGE('',*,*,#7096,.T.);
#7096 = EDGE_CURVE('',#7074,#7050,#7097,.T.);
#7097 = SURFACE_CURVE('',#7098,(#7102,#7109),.PCURVE_S1.);
#7098 = LINE('',#7099,#7100);
#7099 = CARTESIAN_POINT('',(-20.5,31.2,9.25));
#7100 = VECTOR('',#7101,1.);
#7101 = DIRECTION('',(0.,1.,0.));
#7102 = PCURVE('',#6591,#7103);
#7103 = DEFINITIONAL_REPRESENTATION('',(#7104),#7108);
#7104 = LINE('',#7105,#7106);
#7105 = CARTESIAN_POINT('',(-6.8,0.));
#7106 = VECTOR('',#7107,1.);
#7107 = DIRECTION('',(0.,1.));
#7108 = ( GEOMETRIC_REPRESENTATION_CONTEXT(2) 
PARAMETRIC_REPRESENTATION_CONTEXT() REPRESENTATION_CONTEXT('2D SPACE',''
  ) );
#7109 = PCURVE('',#1981,#7110);
#7110 = DEFINITIONAL_REPRESENTATION('',(#7111),#7115);
#7111 = LINE('',#7112,#7113);
#7112 = CARTESIAN_POINT('',(1.,-5.8));
#7113 = VECTOR('',#7114,1.);
#7114 = DIRECTION('',(0.,1.));
#7115 = ( GEOMETRIC_REPRESENTATION_CONTEXT(2) 
PARAMETRIC_REPRESENTATION_CONTEXT() REPRESENTATION_CONTEXT('2D SPACE',''
  ) );
#7116 = ADVANCED_FACE('',(#7117),#6471,.F.);
#7117 = FACE_BOUND('',#7118,.T.);
#7118 = EDGE_LOOP('',(#7119,#7142,#7143,#7166));
#7119 = ORIENTED_EDGE('',*,*,#7120,.F.);
#7120 = EDGE_CURVE('',#6456,#7121,#7123,.T.);
#7121 = VERTEX_POINT('',#7122);
#7122 = CARTESIAN_POINT('',(-20.5,28.8,-9.25));
#7123 = SURFACE_CURVE('',#7124,(#7128,#7135),.PCURVE_S1.);
#7124 = LINE('',#7125,#7126);
#7125 = CARTESIAN_POINT('',(-27.3,28.8,-9.25));
#7126 = VECTOR('',#7127,1.);
#7127 = DIRECTION('',(1.,0.,-1.692413147294E-16));
#7128 = PCURVE('',#6471,#7129);
#7129 = DEFINITIONAL_REPRESENTATION('',(#7130),#7134);
#7130 = LINE('',#7131,#7132);
#7131 = CARTESIAN_POINT('',(0.,-2.4));
#7132 = VECTOR('',#7133,1.);
#7133 = DIRECTION('',(1.,0.));
#7134 = ( GEOMETRIC_REPRESENTATION_CONTEXT(2) 
PARAMETRIC_REPRESENTATION_CONTEXT() REPRESENTATION_CONTEXT('2D SPACE',''
  ) );
#7135 = PCURVE('',#726,#7136);
#7136 = DEFINITIONAL_REPRESENTATION('',(#7137),#7141);
#7137 = LINE('',#7138,#7139);
#7138 = CARTESIAN_POINT('',(0.,0.));
#7139 = VECTOR('',#7140,1.);
#7140 = DIRECTION('',(1.,1.692413147294E-16));
#7141 = ( GEOMETRIC_REPRESENTATION_CONTEXT(2) 
PARAMETRIC_REPRESENTATION_CONTEXT() REPRESENTATION_CONTEXT('2D SPACE',''
  ) );
#7142 = ORIENTED_EDGE('',*,*,#6455,.T.);
#7143 = ORIENTED_EDGE('',*,*,#7144,.T.);
#7144 = EDGE_CURVE('',#6421,#7145,#7147,.T.);
#7145 = VERTEX_POINT('',#7146);
#7146 = CARTESIAN_POINT('',(-20.5,31.2,-9.25));
#7147 = SURFACE_CURVE('',#7148,(#7152,#7159),.PCURVE_S1.);
#7148 = LINE('',#7149,#7150);
#7149 = CARTESIAN_POINT('',(-27.3,31.2,-9.25));
#7150 = VECTOR('',#7151,1.);
#7151 = DIRECTION('',(1.,0.,-1.692413147294E-16));
#7152 = PCURVE('',#6471,#7153);
#7153 = DEFINITIONAL_REPRESENTATION('',(#7154),#7158);
#7154 = LINE('',#7155,#7156);
#7155 = CARTESIAN_POINT('',(0.,0.));
#7156 = VECTOR('',#7157,1.);
#7157 = DIRECTION('',(1.,0.));
#7158 = ( GEOMETRIC_REPRESENTATION_CONTEXT(2) 
PARAMETRIC_REPRESENTATION_CONTEXT() REPRESENTATION_CONTEXT('2D SPACE',''
  ) );
#7159 = PCURVE('',#667,#7160);
#7160 = DEFINITIONAL_REPRESENTATION('',(#7161),#7165);
#7161 = LINE('',#7162,#7163);
#7162 = CARTESIAN_POINT('',(0.,0.));
#7163 = VECTOR('',#7164,1.);
#7164 = DIRECTION('',(1.692413147294E-16,1.));
#7165 = ( GEOMETRIC_REPRESENTATION_CONTEXT(2) 
PARAMETRIC_REPRESENTATION_CONTEXT() REPRESENTATION_CONTEXT('2D SPACE',''
  ) );
#7166 = ORIENTED_EDGE('',*,*,#7167,.T.);
#7167 = EDGE_CURVE('',#7145,#7121,#7168,.T.);
#7168 = SURFACE_CURVE('',#7169,(#7173,#7180),.PCURVE_S1.);
#7169 = LINE('',#7170,#7171);
#7170 = CARTESIAN_POINT('',(-20.5,31.2,-9.25));
#7171 = VECTOR('',#7172,1.);
#7172 = DIRECTION('',(0.,-1.,0.));
#7173 = PCURVE('',#6471,#7174);
#7174 = DEFINITIONAL_REPRESENTATION('',(#7175),#7179);
#7175 = LINE('',#7176,#7177);
#7176 = CARTESIAN_POINT('',(6.8,0.));
#7177 = VECTOR('',#7178,1.);
#7178 = DIRECTION('',(0.,-1.));
#7179 = ( GEOMETRIC_REPRESENTATION_CONTEXT(2) 
PARAMETRIC_REPRESENTATION_CONTEXT() REPRESENTATION_CONTEXT('2D SPACE',''
  ) );
#7180 = PCURVE('',#1981,#7181);
#7181 = DEFINITIONAL_REPRESENTATION('',(#7182),#7186);
#7182 = LINE('',#7183,#7184);
#7183 = CARTESIAN_POINT('',(19.5,-5.8));
#7184 = VECTOR('',#7185,1.);
#7185 = DIRECTION('',(-0.,-1.));
#7186 = ( GEOMETRIC_REPRESENTATION_CONTEXT(2) 
PARAMETRIC_REPRESENTATION_CONTEXT() REPRESENTATION_CONTEXT('2D SPACE',''
  ) );
#7187 = ADVANCED_FACE('',(#7188),#3864,.T.);
#7188 = FACE_BOUND('',#7189,.T.);
#7189 = EDGE_LOOP('',(#7190,#7213,#7214,#7237,#7289));
#7190 = ORIENTED_EDGE('',*,*,#7191,.F.);
#7191 = EDGE_CURVE('',#3775,#7192,#7194,.T.);
#7192 = VERTEX_POINT('',#7193);
#7193 = CARTESIAN_POINT('',(20.5,2.,9.45));
#7194 = SURFACE_CURVE('',#7195,(#7199,#7206),.PCURVE_S1.);
#7195 = LINE('',#7196,#7197);
#7196 = CARTESIAN_POINT('',(20.5,37.,9.45));
#7197 = VECTOR('',#7198,1.);
#7198 = DIRECTION('',(0.,-1.,0.));
#7199 = PCURVE('',#3864,#7200);
#7200 = DEFINITIONAL_REPRESENTATION('',(#7201),#7205);
#7201 = LINE('',#7202,#7203);
#7202 = CARTESIAN_POINT('',(1.570796326795,0.));
#7203 = VECTOR('',#7204,1.);
#7204 = DIRECTION('',(0.,1.));
#7205 = ( GEOMETRIC_REPRESENTATION_CONTEXT(2) 
PARAMETRIC_REPRESENTATION_CONTEXT() REPRESENTATION_CONTEXT('2D SPACE',''
  ) );
#7206 = PCURVE('',#4022,#7207);
#7207 = DEFINITIONAL_REPRESENTATION('',(#7208),#7212);
#7208 = LINE('',#7209,#7210);
#7209 = CARTESIAN_POINT('',(0.,0.8));
#7210 = VECTOR('',#7211,1.);
#7211 = DIRECTION('',(-1.,-0.));
#7212 = ( GEOMETRIC_REPRESENTATION_CONTEXT(2) 
PARAMETRIC_REPRESENTATION_CONTEXT() REPRESENTATION_CONTEXT('2D SPACE',''
  ) );
#7213 = ORIENTED_EDGE('',*,*,#3825,.T.);
#7214 = ORIENTED_EDGE('',*,*,#7215,.F.);
#7215 = EDGE_CURVE('',#7216,#3826,#7218,.T.);
#7216 = VERTEX_POINT('',#7217);
#7217 = CARTESIAN_POINT('',(19.7,2.,10.25));
#7218 = SURFACE_CURVE('',#7219,(#7223,#7230),.PCURVE_S1.);
#7219 = LINE('',#7220,#7221);
#7220 = CARTESIAN_POINT('',(19.7,37.,10.25));
#7221 = VECTOR('',#7222,1.);
#7222 = DIRECTION('',(0.,1.,0.));
#7223 = PCURVE('',#3864,#7224);
#7224 = DEFINITIONAL_REPRESENTATION('',(#7225),#7229);
#7225 = LINE('',#7226,#7227);
#7226 = CARTESIAN_POINT('',(3.14159265359,0.));
#7227 = VECTOR('',#7228,1.);
#7228 = DIRECTION('',(0.,-1.));
#7229 = ( GEOMETRIC_REPRESENTATION_CONTEXT(2) 
PARAMETRIC_REPRESENTATION_CONTEXT() REPRESENTATION_CONTEXT('2D SPACE',''
  ) );
#7230 = PCURVE('',#3170,#7231);
#7231 = DEFINITIONAL_REPRESENTATION('',(#7232),#7236);
#7232 = LINE('',#7233,#7234);
#7233 = CARTESIAN_POINT('',(0.,-40.2));
#7234 = VECTOR('',#7235,1.);
#7235 = DIRECTION('',(-1.,-0.));
#7236 = ( GEOMETRIC_REPRESENTATION_CONTEXT(2) 
PARAMETRIC_REPRESENTATION_CONTEXT() REPRESENTATION_CONTEXT('2D SPACE',''
  ) );
#7237 = ORIENTED_EDGE('',*,*,#7238,.F.);
#7238 = EDGE_CURVE('',#7239,#7216,#7241,.T.);
#7239 = VERTEX_POINT('',#7240);
#7240 = CARTESIAN_POINT('',(20.265685424949,1.765685424949,
    10.015685424949));
#7241 = SURFACE_CURVE('',#7242,(#7247,#7276),.PCURVE_S1.);
#7242 = ( BOUNDED_CURVE() B_SPLINE_CURVE(3,(#7243,#7244,#7245,#7246),
.UNSPECIFIED.,.F.,.F.) B_SPLINE_CURVE_WITH_KNOTS((4,4),(2.356194490193,
3.14159265359),.PIECEWISE_BEZIER_KNOTS.) CURVE() 
GEOMETRIC_REPRESENTATION_ITEM() RATIONAL_B_SPLINE_CURVE((1.,
0.949253021674,0.949253021674,1.)) REPRESENTATION_ITEM('') );
#7243 = CARTESIAN_POINT('',(20.265685424949,1.765685424949,
    10.015685424949));
#7244 = CARTESIAN_POINT('',(20.113651186718,1.917719663181,
    10.167719663181));
#7245 = CARTESIAN_POINT('',(19.915008881652,2.,10.25));
#7246 = CARTESIAN_POINT('',(19.7,2.,10.25));
#7247 = PCURVE('',#3864,#7248);
#7248 = DEFINITIONAL_REPRESENTATION('',(#7249),#7275);
#7249 = B_SPLINE_CURVE_WITH_KNOTS('',3,(#7250,#7251,#7252,#7253,#7254,
    #7255,#7256,#7257,#7258,#7259,#7260,#7261,#7262,#7263,#7264,#7265,
    #7266,#7267,#7268,#7269,#7270,#7271,#7272,#7273,#7274),
  .UNSPECIFIED.,.F.,.F.,(4,1,1,1,1,1,1,1,1,1,1,1,1,1,1,1,1,1,1,1,1,1,4),
  (2.356194490193,2.391894406711,2.427594323229,2.463294239747,
    2.498994156265,2.534694072783,2.570393989301,2.606093905819,
    2.641793822337,2.677493738855,2.713193655373,2.748893571891,
    2.78459348841,2.820293404928,2.855993321446,2.891693237964,
    2.927393154482,2.963093071,2.998792987518,3.034492904036,
    3.070192820554,3.105892737072,3.14159265359),.QUASI_UNIFORM_KNOTS.);
#7250 = CARTESIAN_POINT('',(2.356194490192,35.234314575051));
#7251 = CARTESIAN_POINT('',(2.36779089303,35.22775452837));
#7252 = CARTESIAN_POINT('',(2.391064194288,35.214817604464));
#7253 = CARTESIAN_POINT('',(2.426195810296,35.196008617564));
#7254 = CARTESIAN_POINT('',(2.461529559844,35.177843440023));
#7255 = CARTESIAN_POINT('',(2.497044890188,35.160367662916));
#7256 = CARTESIAN_POINT('',(2.532720657086,35.143625260765));
#7257 = CARTESIAN_POINT('',(2.568535095626,35.127658120111));
#7258 = CARTESIAN_POINT('',(2.604465921342,35.112505761612));
#7259 = CARTESIAN_POINT('',(2.640490402774,35.098205029073));
#7260 = CARTESIAN_POINT('',(2.6765854472,35.084789811906));
#7261 = CARTESIAN_POINT('',(2.712727687429,35.072290788698));
#7262 = CARTESIAN_POINT('',(2.748893571891,35.060735200241));
#7263 = CARTESIAN_POINT('',(2.785059456353,35.050146654282));
#7264 = CARTESIAN_POINT('',(2.821201696582,35.040544965228));
#7265 = CARTESIAN_POINT('',(2.857296741008,35.031946030942));
#7266 = CARTESIAN_POINT('',(2.89332122244,35.024361748493));
#7267 = CARTESIAN_POINT('',(2.929252048157,35.017799968802));
#7268 = CARTESIAN_POINT('',(2.965066486697,35.012264493882));
#7269 = CARTESIAN_POINT('',(3.000742253594,35.007755102907));
#7270 = CARTESIAN_POINT('',(3.036257583938,35.004267655104));
#7271 = CARTESIAN_POINT('',(3.071591333487,35.001794083784));
#7272 = CARTESIAN_POINT('',(3.106722949494,35.000322964908));
#7273 = CARTESIAN_POINT('',(3.129996250752,34.999999719941));
#7274 = CARTESIAN_POINT('',(3.14159265359,35.));
#7275 = ( GEOMETRIC_REPRESENTATION_CONTEXT(2) 
PARAMETRIC_REPRESENTATION_CONTEXT() REPRESENTATION_CONTEXT('2D SPACE',''
  ) );
#7276 = PCURVE('',#7277,#7282);
#7277 = PLANE('',#7278);
#7278 = AXIS2_PLACEMENT_3D('',#7279,#7280,#7281);
#7279 = CARTESIAN_POINT('',(-20.5,2.,10.25));
#7280 = DIRECTION('',(0.,-0.707106781187,0.707106781187));
#7281 = DIRECTION('',(-1.,0.,0.));
#7282 = DEFINITIONAL_REPRESENTATION('',(#7283),#7288);
#7283 = ( BOUNDED_CURVE() B_SPLINE_CURVE(3,(#7284,#7285,#7286,#7287),
.UNSPECIFIED.,.F.,.F.) B_SPLINE_CURVE_WITH_KNOTS((4,4),(2.356194490193,
3.14159265359),.PIECEWISE_BEZIER_KNOTS.) CURVE() 
GEOMETRIC_REPRESENTATION_ITEM() RATIONAL_B_SPLINE_CURVE((1.,
0.949253021674,0.949253021674,1.)) REPRESENTATION_ITEM('') );
#7284 = CARTESIAN_POINT('',(-40.76568542494,0.331370849899));
#7285 = CARTESIAN_POINT('',(-40.61365118671,0.116361968247));
#7286 = CARTESIAN_POINT('',(-40.41500888165,-3.19744231092E-14));
#7287 = CARTESIAN_POINT('',(-40.2,0.));
#7288 = ( GEOMETRIC_REPRESENTATION_CONTEXT(2) 
PARAMETRIC_REPRESENTATION_CONTEXT() REPRESENTATION_CONTEXT('2D SPACE',''
  ) );
#7289 = ORIENTED_EDGE('',*,*,#7290,.F.);
#7290 = EDGE_CURVE('',#7192,#7239,#7291,.T.);
#7291 = SURFACE_CURVE('',#7292,(#7297,#7326),.PCURVE_S1.);
#7292 = ( BOUNDED_CURVE() B_SPLINE_CURVE(3,(#7293,#7294,#7295,#7296),
.UNSPECIFIED.,.F.,.F.) B_SPLINE_CURVE_WITH_KNOTS((4,4),(
1.373838140283E-12,0.7853981634),.PIECEWISE_BEZIER_KNOTS.) CURVE() 
GEOMETRIC_REPRESENTATION_ITEM() RATIONAL_B_SPLINE_CURVE((1.,
0.949253021674,0.949253021674,1.)) REPRESENTATION_ITEM('') );
#7293 = CARTESIAN_POINT('',(20.5,2.,9.45));
#7294 = CARTESIAN_POINT('',(20.5,2.,9.665008881652));
#7295 = CARTESIAN_POINT('',(20.417719663181,1.917719663181,
    9.863651186718));
#7296 = CARTESIAN_POINT('',(20.265685424949,1.765685424949,
    10.015685424949));
#7297 = PCURVE('',#3864,#7298);
#7298 = DEFINITIONAL_REPRESENTATION('',(#7299),#7325);
#7299 = B_SPLINE_CURVE_WITH_KNOTS('',3,(#7300,#7301,#7302,#7303,#7304,
    #7305,#7306,#7307,#7308,#7309,#7310,#7311,#7312,#7313,#7314,#7315,
    #7316,#7317,#7318,#7319,#7320,#7321,#7322,#7323,#7324),
  .UNSPECIFIED.,.F.,.F.,(4,1,1,1,1,1,1,1,1,1,1,1,1,1,1,1,1,1,1,1,1,1,4),
  (1.373838140283E-12,3.569991651951E-02,7.139983303765E-02,
    0.107099749556,0.142799666074,0.178499582592,0.21419949911,
    0.249899415628,0.285599332146,0.321299248665,0.356999165183,
    0.392699081701,0.428398998219,0.464098914737,0.499798831255,
    0.535498747773,0.571198664292,0.60689858081,0.642598497328,
    0.678298413846,0.713998330364,0.749698246882,0.7853981634),
  .QUASI_UNIFORM_KNOTS.);
#7300 = CARTESIAN_POINT('',(1.570796326795,35.));
#7301 = CARTESIAN_POINT('',(1.582392729633,34.999999719941));
#7302 = CARTESIAN_POINT('',(1.605666030891,35.000322964908));
#7303 = CARTESIAN_POINT('',(1.640797646898,35.001794083784));
#7304 = CARTESIAN_POINT('',(1.676131396447,35.004267655104));
#7305 = CARTESIAN_POINT('',(1.71164672679,35.007755102907));
#7306 = CARTESIAN_POINT('',(1.747322493688,35.012264493882));
#7307 = CARTESIAN_POINT('',(1.783136932228,35.017799968802));
#7308 = CARTESIAN_POINT('',(1.819067757944,35.024361748493));
#7309 = CARTESIAN_POINT('',(1.855092239377,35.031946030942));
#7310 = CARTESIAN_POINT('',(1.891187283803,35.040544965228));
#7311 = CARTESIAN_POINT('',(1.927329524031,35.050146654282));
#7312 = CARTESIAN_POINT('',(1.963495408494,35.060735200241));
#7313 = CARTESIAN_POINT('',(1.999661292956,35.072290788698));
#7314 = CARTESIAN_POINT('',(2.035803533185,35.084789811906));
#7315 = CARTESIAN_POINT('',(2.071898577611,35.098205029073));
#7316 = CARTESIAN_POINT('',(2.107923059043,35.112505761612));
#7317 = CARTESIAN_POINT('',(2.143853884759,35.127658120111));
#7318 = CARTESIAN_POINT('',(2.179668323299,35.143625260765));
#7319 = CARTESIAN_POINT('',(2.215344090197,35.160367662917));
#7320 = CARTESIAN_POINT('',(2.25085942054,35.177843440023));
#7321 = CARTESIAN_POINT('',(2.286193170089,35.196008617564));
#7322 = CARTESIAN_POINT('',(2.321324786096,35.214817604464));
#7323 = CARTESIAN_POINT('',(2.344598087354,35.22775452837));
#7324 = CARTESIAN_POINT('',(2.356194490192,35.234314575051));
#7325 = ( GEOMETRIC_REPRESENTATION_CONTEXT(2) 
PARAMETRIC_REPRESENTATION_CONTEXT() REPRESENTATION_CONTEXT('2D SPACE',''
  ) );
#7326 = PCURVE('',#7327,#7332);
#7327 = PLANE('',#7328);
#7328 = AXIS2_PLACEMENT_3D('',#7329,#7330,#7331);
#7329 = CARTESIAN_POINT('',(20.5,2.,10.25));
#7330 = DIRECTION('',(0.707106781187,-0.707106781187,-1.196716813021E-16
    ));
#7331 = DIRECTION('',(1.232595164408E-32,1.692413147294E-16,-1.));
#7332 = DEFINITIONAL_REPRESENTATION('',(#7333),#7338);
#7333 = ( BOUNDED_CURVE() B_SPLINE_CURVE(3,(#7334,#7335,#7336,#7337),
.UNSPECIFIED.,.F.,.F.) B_SPLINE_CURVE_WITH_KNOTS((4,4),(
1.373838140283E-12,0.7853981634),.PIECEWISE_BEZIER_KNOTS.) CURVE() 
GEOMETRIC_REPRESENTATION_ITEM() RATIONAL_B_SPLINE_CURVE((1.,
0.949253021674,0.949253021674,1.)) REPRESENTATION_ITEM('') );
#7334 = CARTESIAN_POINT('',(0.8,0.));
#7335 = CARTESIAN_POINT('',(0.584991118348,6.394884621841E-14));
#7336 = CARTESIAN_POINT('',(0.386348813282,-0.116361968247));
#7337 = CARTESIAN_POINT('',(0.234314575051,-0.331370849899));
#7338 = ( GEOMETRIC_REPRESENTATION_CONTEXT(2) 
PARAMETRIC_REPRESENTATION_CONTEXT() REPRESENTATION_CONTEXT('2D SPACE',''
  ) );
#7339 = ADVANCED_FACE('',(#7340),#4168,.T.);
#7340 = FACE_BOUND('',#7341,.T.);
#7341 = EDGE_LOOP('',(#7342,#7365,#7366,#7389,#7436));
#7342 = ORIENTED_EDGE('',*,*,#7343,.F.);
#7343 = EDGE_CURVE('',#4130,#7344,#7346,.T.);
#7344 = VERTEX_POINT('',#7345);
#7345 = CARTESIAN_POINT('',(19.7,2.,-10.25));
#7346 = SURFACE_CURVE('',#7347,(#7351,#7358),.PCURVE_S1.);
#7347 = LINE('',#7348,#7349);
#7348 = CARTESIAN_POINT('',(19.7,37.,-10.25));
#7349 = VECTOR('',#7350,1.);
#7350 = DIRECTION('',(0.,-1.,0.));
#7351 = PCURVE('',#4168,#7352);
#7352 = DEFINITIONAL_REPRESENTATION('',(#7353),#7357);
#7353 = LINE('',#7354,#7355);
#7354 = CARTESIAN_POINT('',(0.,0.));
#7355 = VECTOR('',#7356,1.);
#7356 = DIRECTION('',(0.,1.));
#7357 = ( GEOMETRIC_REPRESENTATION_CONTEXT(2) 
PARAMETRIC_REPRESENTATION_CONTEXT() REPRESENTATION_CONTEXT('2D SPACE',''
  ) );
#7358 = PCURVE('',#2873,#7359);
#7359 = DEFINITIONAL_REPRESENTATION('',(#7360),#7364);
#7360 = LINE('',#7361,#7362);
#7361 = CARTESIAN_POINT('',(40.2,0.));
#7362 = VECTOR('',#7363,1.);
#7363 = DIRECTION('',(0.,-1.));
#7364 = ( GEOMETRIC_REPRESENTATION_CONTEXT(2) 
PARAMETRIC_REPRESENTATION_CONTEXT() REPRESENTATION_CONTEXT('2D SPACE',''
  ) );
#7365 = ORIENTED_EDGE('',*,*,#4129,.T.);
#7366 = ORIENTED_EDGE('',*,*,#7367,.F.);
#7367 = EDGE_CURVE('',#7368,#3929,#7370,.T.);
#7368 = VERTEX_POINT('',#7369);
#7369 = CARTESIAN_POINT('',(20.5,2.,-9.45));
#7370 = SURFACE_CURVE('',#7371,(#7375,#7382),.PCURVE_S1.);
#7371 = LINE('',#7372,#7373);
#7372 = CARTESIAN_POINT('',(20.5,37.,-9.45));
#7373 = VECTOR('',#7374,1.);
#7374 = DIRECTION('',(0.,1.,0.));
#7375 = PCURVE('',#4168,#7376);
#7376 = DEFINITIONAL_REPRESENTATION('',(#7377),#7381);
#7377 = LINE('',#7378,#7379);
#7378 = CARTESIAN_POINT('',(1.570796326795,0.));
#7379 = VECTOR('',#7380,1.);
#7380 = DIRECTION('',(0.,-1.));
#7381 = ( GEOMETRIC_REPRESENTATION_CONTEXT(2) 
PARAMETRIC_REPRESENTATION_CONTEXT() REPRESENTATION_CONTEXT('2D SPACE',''
  ) );
#7382 = PCURVE('',#4022,#7383);
#7383 = DEFINITIONAL_REPRESENTATION('',(#7384),#7388);
#7384 = LINE('',#7385,#7386);
#7385 = CARTESIAN_POINT('',(0.,19.7));
#7386 = VECTOR('',#7387,1.);
#7387 = DIRECTION('',(1.,0.));
#7388 = ( GEOMETRIC_REPRESENTATION_CONTEXT(2) 
PARAMETRIC_REPRESENTATION_CONTEXT() REPRESENTATION_CONTEXT('2D SPACE',''
  ) );
#7389 = ORIENTED_EDGE('',*,*,#7390,.F.);
#7390 = EDGE_CURVE('',#7391,#7368,#7393,.T.);
#7391 = VERTEX_POINT('',#7392);
#7392 = CARTESIAN_POINT('',(20.265685424949,1.765685424949,
    -10.01568542494));
#7393 = SURFACE_CURVE('',#7394,(#7399,#7428),.PCURVE_S1.);
#7394 = ( BOUNDED_CURVE() B_SPLINE_CURVE(3,(#7395,#7396,#7397,#7398),
.UNSPECIFIED.,.F.,.F.) B_SPLINE_CURVE_WITH_KNOTS((4,4),(5.497787143778,
6.283185307178),.PIECEWISE_BEZIER_KNOTS.) CURVE() 
GEOMETRIC_REPRESENTATION_ITEM() RATIONAL_B_SPLINE_CURVE((1.,
0.949253021674,0.949253021674,1.)) REPRESENTATION_ITEM('') );
#7395 = CARTESIAN_POINT('',(20.265685424949,1.765685424949,
    -10.01568542494));
#7396 = CARTESIAN_POINT('',(20.417719663181,1.917719663181,
    -9.863651186718));
#7397 = CARTESIAN_POINT('',(20.5,2.,-9.665008881651));
#7398 = CARTESIAN_POINT('',(20.5,2.,-9.45));
#7399 = PCURVE('',#4168,#7400);
#7400 = DEFINITIONAL_REPRESENTATION('',(#7401),#7427);
#7401 = B_SPLINE_CURVE_WITH_KNOTS('',3,(#7402,#7403,#7404,#7405,#7406,
    #7407,#7408,#7409,#7410,#7411,#7412,#7413,#7414,#7415,#7416,#7417,
    #7418,#7419,#7420,#7421,#7422,#7423,#7424,#7425,#7426),
  .UNSPECIFIED.,.F.,.F.,(4,1,1,1,1,1,1,1,1,1,1,1,1,1,1,1,1,1,1,1,1,1,4),
  (5.497787143778,5.533487060296,5.569186976815,5.604886893333,
    5.640586809851,5.676286726369,5.711986642887,5.747686559405,
    5.783386475924,5.819086392442,5.85478630896,5.890486225478,
    5.926186141996,5.961886058514,5.997585975032,6.033285891551,
    6.068985808069,6.104685724587,6.140385641105,6.176085557623,
    6.211785474141,6.24748539066,6.283185307178),.QUASI_UNIFORM_KNOTS.);
#7402 = CARTESIAN_POINT('',(0.785398163397,35.234314575051));
#7403 = CARTESIAN_POINT('',(0.796994566235,35.22775452837));
#7404 = CARTESIAN_POINT('',(0.820267867493,35.214817604464));
#7405 = CARTESIAN_POINT('',(0.855399483501,35.196008617564));
#7406 = CARTESIAN_POINT('',(0.89073323305,35.177843440022));
#7407 = CARTESIAN_POINT('',(0.926248563393,35.160367662916));
#7408 = CARTESIAN_POINT('',(0.961924330291,35.143625260765));
#7409 = CARTESIAN_POINT('',(0.997738768831,35.127658120111));
#7410 = CARTESIAN_POINT('',(1.033669594547,35.112505761612));
#7411 = CARTESIAN_POINT('',(1.06969407598,35.098205029073));
#7412 = CARTESIAN_POINT('',(1.105789120406,35.084789811906));
#7413 = CARTESIAN_POINT('',(1.141931360635,35.072290788698));
#7414 = CARTESIAN_POINT('',(1.178097245097,35.060735200241));
#7415 = CARTESIAN_POINT('',(1.214263129559,35.050146654282));
#7416 = CARTESIAN_POINT('',(1.250405369788,35.040544965228));
#7417 = CARTESIAN_POINT('',(1.286500414214,35.031946030942));
#7418 = CARTESIAN_POINT('',(1.322524895646,35.024361748493));
#7419 = CARTESIAN_POINT('',(1.358455721362,35.017799968802));
#7420 = CARTESIAN_POINT('',(1.394270159902,35.012264493882));
#7421 = CARTESIAN_POINT('',(1.4299459268,35.007755102907));
#7422 = CARTESIAN_POINT('',(1.465461257143,35.004267655103));
#7423 = CARTESIAN_POINT('',(1.500795006692,35.001794083784));
#7424 = CARTESIAN_POINT('',(1.535926622699,35.000322964908));
#7425 = CARTESIAN_POINT('',(1.559199923957,34.999999719941));
#7426 = CARTESIAN_POINT('',(1.570796326795,35.));
#7427 = ( GEOMETRIC_REPRESENTATION_CONTEXT(2) 
PARAMETRIC_REPRESENTATION_CONTEXT() REPRESENTATION_CONTEXT('2D SPACE',''
  ) );
#7428 = PCURVE('',#7327,#7429);
#7429 = DEFINITIONAL_REPRESENTATION('',(#7430),#7435);
#7430 = ( BOUNDED_CURVE() B_SPLINE_CURVE(3,(#7431,#7432,#7433,#7434),
.UNSPECIFIED.,.F.,.F.) B_SPLINE_CURVE_WITH_KNOTS((4,4),(5.497787143778,
6.283185307178),.PIECEWISE_BEZIER_KNOTS.) CURVE() 
GEOMETRIC_REPRESENTATION_ITEM() RATIONAL_B_SPLINE_CURVE((1.,
0.949253021674,0.949253021674,1.)) REPRESENTATION_ITEM('') );
#7431 = CARTESIAN_POINT('',(20.265685424949,-0.331370849898));
#7432 = CARTESIAN_POINT('',(20.113651186718,-0.116361968246));
#7433 = CARTESIAN_POINT('',(19.915008881651,5.755396159657E-13));
#7434 = CARTESIAN_POINT('',(19.7,-1.7763568394E-15));
#7435 = ( GEOMETRIC_REPRESENTATION_CONTEXT(2) 
PARAMETRIC_REPRESENTATION_CONTEXT() REPRESENTATION_CONTEXT('2D SPACE',''
  ) );
#7436 = ORIENTED_EDGE('',*,*,#7437,.F.);
#7437 = EDGE_CURVE('',#7344,#7391,#7438,.T.);
#7438 = SURFACE_CURVE('',#7439,(#7444,#7473),.PCURVE_S1.);
#7439 = ( BOUNDED_CURVE() B_SPLINE_CURVE(3,(#7440,#7441,#7442,#7443),
.UNSPECIFIED.,.F.,.F.) B_SPLINE_CURVE_WITH_KNOTS((4,4),(
1.212300917543E-12,0.7853981634),.PIECEWISE_BEZIER_KNOTS.) CURVE() 
GEOMETRIC_REPRESENTATION_ITEM() RATIONAL_B_SPLINE_CURVE((1.,
0.949253021674,0.949253021674,1.)) REPRESENTATION_ITEM('') );
#7440 = CARTESIAN_POINT('',(19.7,2.,-10.25));
#7441 = CARTESIAN_POINT('',(19.915008881652,2.,-10.25));
#7442 = CARTESIAN_POINT('',(20.113651186718,1.917719663181,
    -10.16771966318));
#7443 = CARTESIAN_POINT('',(20.265685424949,1.765685424949,
    -10.01568542494));
#7444 = PCURVE('',#4168,#7445);
#7445 = DEFINITIONAL_REPRESENTATION('',(#7446),#7472);
#7446 = B_SPLINE_CURVE_WITH_KNOTS('',3,(#7447,#7448,#7449,#7450,#7451,
    #7452,#7453,#7454,#7455,#7456,#7457,#7458,#7459,#7460,#7461,#7462,
    #7463,#7464,#7465,#7466,#7467,#7468,#7469,#7470,#7471),
  .UNSPECIFIED.,.F.,.F.,(4,1,1,1,1,1,1,1,1,1,1,1,1,1,1,1,1,1,1,1,1,1,4),
  (1.212300917543E-12,3.569991651934E-02,7.139983303747E-02,
    0.107099749556,0.142799666074,0.178499582592,0.21419949911,
    0.249899415628,0.285599332146,0.321299248664,0.356999165183,
    0.392699081701,0.428398998219,0.464098914737,0.499798831255,
    0.535498747773,0.571198664291,0.606898580809,0.642598497328,
    0.678298413846,0.713998330364,0.749698246882,0.7853981634),
  .QUASI_UNIFORM_KNOTS.);
#7447 = CARTESIAN_POINT('',(0.,35.));
#7448 = CARTESIAN_POINT('',(1.159640283788E-02,34.999999719941));
#7449 = CARTESIAN_POINT('',(3.486970409592E-02,35.000322964908));
#7450 = CARTESIAN_POINT('',(7.000132010314E-02,35.001794083784));
#7451 = CARTESIAN_POINT('',(0.105335069652,35.004267655104));
#7452 = CARTESIAN_POINT('',(0.140850399995,35.007755102907));
#7453 = CARTESIAN_POINT('',(0.176526166893,35.012264493882));
#7454 = CARTESIAN_POINT('',(0.212340605433,35.017799968802));
#7455 = CARTESIAN_POINT('',(0.248271431149,35.024361748493));
#7456 = CARTESIAN_POINT('',(0.284295912582,35.031946030942));
#7457 = CARTESIAN_POINT('',(0.320390957008,35.040544965228));
#7458 = CARTESIAN_POINT('',(0.356533197237,35.050146654282));
#7459 = CARTESIAN_POINT('',(0.392699081699,35.060735200241));
#7460 = CARTESIAN_POINT('',(0.428864966161,35.072290788698));
#7461 = CARTESIAN_POINT('',(0.46500720639,35.084789811906));
#7462 = CARTESIAN_POINT('',(0.501102250816,35.098205029073));
#7463 = CARTESIAN_POINT('',(0.537126732248,35.112505761612));
#7464 = CARTESIAN_POINT('',(0.573057557964,35.127658120111));
#7465 = CARTESIAN_POINT('',(0.608871996504,35.143625260765));
#7466 = CARTESIAN_POINT('',(0.644547763402,35.160367662916));
#7467 = CARTESIAN_POINT('',(0.680063093745,35.177843440023));
#7468 = CARTESIAN_POINT('',(0.715396843294,35.196008617564));
#7469 = CARTESIAN_POINT('',(0.750528459302,35.214817604464));
#7470 = CARTESIAN_POINT('',(0.77380176056,35.22775452837));
#7471 = CARTESIAN_POINT('',(0.785398163397,35.234314575051));
#7472 = ( GEOMETRIC_REPRESENTATION_CONTEXT(2) 
PARAMETRIC_REPRESENTATION_CONTEXT() REPRESENTATION_CONTEXT('2D SPACE',''
  ) );
#7473 = PCURVE('',#7474,#7479);
#7474 = PLANE('',#7475);
#7475 = AXIS2_PLACEMENT_3D('',#7476,#7477,#7478);
#7476 = CARTESIAN_POINT('',(-20.5,2.,-10.25));
#7477 = DIRECTION('',(0.,-0.707106781187,-0.707106781187));
#7478 = DIRECTION('',(0.,-0.707106781187,0.707106781187));
#7479 = DEFINITIONAL_REPRESENTATION('',(#7480),#7485);
#7480 = ( BOUNDED_CURVE() B_SPLINE_CURVE(3,(#7481,#7482,#7483,#7484),
.UNSPECIFIED.,.F.,.F.) B_SPLINE_CURVE_WITH_KNOTS((4,4),(
1.212300917543E-12,0.7853981634),.PIECEWISE_BEZIER_KNOTS.) CURVE() 
GEOMETRIC_REPRESENTATION_ITEM() RATIONAL_B_SPLINE_CURVE((1.,
0.949253021674,0.949253021674,1.)) REPRESENTATION_ITEM('') );
#7481 = CARTESIAN_POINT('',(0.,-40.2));
#7482 = CARTESIAN_POINT('',(-2.6645352591E-14,-40.41500888165));
#7483 = CARTESIAN_POINT('',(0.116361968247,-40.61365118671));
#7484 = CARTESIAN_POINT('',(0.331370849898,-40.76568542494));
#7485 = ( GEOMETRIC_REPRESENTATION_CONTEXT(2) 
PARAMETRIC_REPRESENTATION_CONTEXT() REPRESENTATION_CONTEXT('2D SPACE',''
  ) );
#7486 = ADVANCED_FACE('',(#7487),#3448,.T.);
#7487 = FACE_BOUND('',#7488,.T.);
#7488 = EDGE_LOOP('',(#7489,#7512,#7513,#7536,#7588));
#7489 = ORIENTED_EDGE('',*,*,#7490,.F.);
#7490 = EDGE_CURVE('',#3094,#7491,#7493,.T.);
#7491 = VERTEX_POINT('',#7492);
#7492 = CARTESIAN_POINT('',(-19.7,2.,10.25));
#7493 = SURFACE_CURVE('',#7494,(#7498,#7505),.PCURVE_S1.);
#7494 = LINE('',#7495,#7496);
#7495 = CARTESIAN_POINT('',(-19.7,37.,10.25));
#7496 = VECTOR('',#7497,1.);
#7497 = DIRECTION('',(0.,-1.,0.));
#7498 = PCURVE('',#3448,#7499);
#7499 = DEFINITIONAL_REPRESENTATION('',(#7500),#7504);
#7500 = LINE('',#7501,#7502);
#7501 = CARTESIAN_POINT('',(3.14159265359,0.));
#7502 = VECTOR('',#7503,1.);
#7503 = DIRECTION('',(0.,1.));
#7504 = ( GEOMETRIC_REPRESENTATION_CONTEXT(2) 
PARAMETRIC_REPRESENTATION_CONTEXT() REPRESENTATION_CONTEXT('2D SPACE',''
  ) );
#7505 = PCURVE('',#3170,#7506);
#7506 = DEFINITIONAL_REPRESENTATION('',(#7507),#7511);
#7507 = LINE('',#7508,#7509);
#7508 = CARTESIAN_POINT('',(0.,-0.8));
#7509 = VECTOR('',#7510,1.);
#7510 = DIRECTION('',(1.,0.));
#7511 = ( GEOMETRIC_REPRESENTATION_CONTEXT(2) 
PARAMETRIC_REPRESENTATION_CONTEXT() REPRESENTATION_CONTEXT('2D SPACE',''
  ) );
#7512 = ORIENTED_EDGE('',*,*,#3409,.T.);
#7513 = ORIENTED_EDGE('',*,*,#7514,.F.);
#7514 = EDGE_CURVE('',#7515,#3410,#7517,.T.);
#7515 = VERTEX_POINT('',#7516);
#7516 = CARTESIAN_POINT('',(-20.5,2.,9.45));
#7517 = SURFACE_CURVE('',#7518,(#7522,#7529),.PCURVE_S1.);
#7518 = LINE('',#7519,#7520);
#7519 = CARTESIAN_POINT('',(-20.5,37.,9.45));
#7520 = VECTOR('',#7521,1.);
#7521 = DIRECTION('',(0.,1.,0.));
#7522 = PCURVE('',#3448,#7523);
#7523 = DEFINITIONAL_REPRESENTATION('',(#7524),#7528);
#7524 = LINE('',#7525,#7526);
#7525 = CARTESIAN_POINT('',(4.712388980385,0.));
#7526 = VECTOR('',#7527,1.);
#7527 = DIRECTION('',(0.,-1.));
#7528 = ( GEOMETRIC_REPRESENTATION_CONTEXT(2) 
PARAMETRIC_REPRESENTATION_CONTEXT() REPRESENTATION_CONTEXT('2D SPACE',''
  ) );
#7529 = PCURVE('',#1981,#7530);
#7530 = DEFINITIONAL_REPRESENTATION('',(#7531),#7535);
#7531 = LINE('',#7532,#7533);
#7532 = CARTESIAN_POINT('',(0.8,0.));
#7533 = VECTOR('',#7534,1.);
#7534 = DIRECTION('',(0.,1.));
#7535 = ( GEOMETRIC_REPRESENTATION_CONTEXT(2) 
PARAMETRIC_REPRESENTATION_CONTEXT() REPRESENTATION_CONTEXT('2D SPACE',''
  ) );
#7536 = ORIENTED_EDGE('',*,*,#7537,.F.);
#7537 = EDGE_CURVE('',#7538,#7515,#7540,.T.);
#7538 = VERTEX_POINT('',#7539);
#7539 = CARTESIAN_POINT('',(-20.26568542494,1.765685424949,
    10.015685424949));
#7540 = SURFACE_CURVE('',#7541,(#7546,#7575),.PCURVE_S1.);
#7541 = ( BOUNDED_CURVE() B_SPLINE_CURVE(3,(#7542,#7543,#7544,#7545),
.UNSPECIFIED.,.F.,.F.) B_SPLINE_CURVE_WITH_KNOTS((4,4),(2.356194490185,
3.141592653586),.PIECEWISE_BEZIER_KNOTS.) CURVE() 
GEOMETRIC_REPRESENTATION_ITEM() RATIONAL_B_SPLINE_CURVE((1.,
0.949253021674,0.949253021674,1.)) REPRESENTATION_ITEM('') );
#7542 = CARTESIAN_POINT('',(-20.26568542494,1.765685424949,
    10.015685424949));
#7543 = CARTESIAN_POINT('',(-20.41771966318,1.917719663181,
    9.863651186718));
#7544 = CARTESIAN_POINT('',(-20.5,2.,9.665008881652));
#7545 = CARTESIAN_POINT('',(-20.5,2.,9.45));
#7546 = PCURVE('',#3448,#7547);
#7547 = DEFINITIONAL_REPRESENTATION('',(#7548),#7574);
#7548 = B_SPLINE_CURVE_WITH_KNOTS('',3,(#7549,#7550,#7551,#7552,#7553,
    #7554,#7555,#7556,#7557,#7558,#7559,#7560,#7561,#7562,#7563,#7564,
    #7565,#7566,#7567,#7568,#7569,#7570,#7571,#7572,#7573),
  .UNSPECIFIED.,.F.,.F.,(4,1,1,1,1,1,1,1,1,1,1,1,1,1,1,1,1,1,1,1,1,1,4),
  (2.356194490185,2.391894406703,2.427594323221,2.46329423974,
    2.498994156258,2.534694072776,2.570393989294,2.606093905813,
    2.641793822331,2.677493738849,2.713193655367,2.748893571886,
    2.784593488404,2.820293404922,2.85599332144,2.891693237959,
    2.927393154477,2.963093070995,2.998792987513,3.034492904031,
    3.07019282055,3.105892737068,3.141592653586),.QUASI_UNIFORM_KNOTS.);
#7549 = CARTESIAN_POINT('',(3.926990816987,35.234314575051));
#7550 = CARTESIAN_POINT('',(3.938587219825,35.22775452837));
#7551 = CARTESIAN_POINT('',(3.961860521083,35.214817604464));
#7552 = CARTESIAN_POINT('',(3.99699213709,35.196008617564));
#7553 = CARTESIAN_POINT('',(4.032325886639,35.177843440023));
#7554 = CARTESIAN_POINT('',(4.067841216983,35.160367662917));
#7555 = CARTESIAN_POINT('',(4.10351698388,35.143625260765));
#7556 = CARTESIAN_POINT('',(4.13933142242,35.127658120111));
#7557 = CARTESIAN_POINT('',(4.175262248137,35.112505761612));
#7558 = CARTESIAN_POINT('',(4.211286729569,35.098205029073));
#7559 = CARTESIAN_POINT('',(4.247381773995,35.084789811906));
#7560 = CARTESIAN_POINT('',(4.283524014224,35.072290788698));
#7561 = CARTESIAN_POINT('',(4.319689898686,35.060735200241));
#7562 = CARTESIAN_POINT('',(4.355855783148,35.050146654282));
#7563 = CARTESIAN_POINT('',(4.391998023377,35.040544965228));
#7564 = CARTESIAN_POINT('',(4.428093067803,35.031946030942));
#7565 = CARTESIAN_POINT('',(4.464117549235,35.024361748493));
#7566 = CARTESIAN_POINT('',(4.500048374952,35.017799968802));
#7567 = CARTESIAN_POINT('',(4.535862813491,35.012264493882));
#7568 = CARTESIAN_POINT('',(4.571538580389,35.007755102907));
#7569 = CARTESIAN_POINT('',(4.607053910733,35.004267655104));
#7570 = CARTESIAN_POINT('',(4.642387660282,35.001794083784));
#7571 = CARTESIAN_POINT('',(4.677519276289,35.000322964908));
#7572 = CARTESIAN_POINT('',(4.700792577547,34.999999719941));
#7573 = CARTESIAN_POINT('',(4.712388980385,35.));
#7574 = ( GEOMETRIC_REPRESENTATION_CONTEXT(2) 
PARAMETRIC_REPRESENTATION_CONTEXT() REPRESENTATION_CONTEXT('2D SPACE',''
  ) );
#7575 = PCURVE('',#7576,#7581);
#7576 = PLANE('',#7577);
#7577 = AXIS2_PLACEMENT_3D('',#7578,#7579,#7580);
#7578 = CARTESIAN_POINT('',(-20.5,2.,10.25));
#7579 = DIRECTION('',(-0.707106781187,-0.707106781187,1.196716813021E-16
    ));
#7580 = DIRECTION('',(-0.707106781187,0.707106781187,0.));
#7581 = DEFINITIONAL_REPRESENTATION('',(#7582),#7587);
#7582 = ( BOUNDED_CURVE() B_SPLINE_CURVE(3,(#7583,#7584,#7585,#7586),
.UNSPECIFIED.,.F.,.F.) B_SPLINE_CURVE_WITH_KNOTS((4,4),(2.356194490185,
3.141592653586),.PIECEWISE_BEZIER_KNOTS.) CURVE() 
GEOMETRIC_REPRESENTATION_ITEM() RATIONAL_B_SPLINE_CURVE((1.,
0.949253021674,0.949253021674,1.)) REPRESENTATION_ITEM('') );
#7583 = CARTESIAN_POINT('',(-0.331370849898,0.234314575051));
#7584 = CARTESIAN_POINT('',(-0.116361968247,0.386348813282));
#7585 = CARTESIAN_POINT('',(2.48689957516E-14,0.584991118348));
#7586 = CARTESIAN_POINT('',(0.,0.8));
#7587 = ( GEOMETRIC_REPRESENTATION_CONTEXT(2) 
PARAMETRIC_REPRESENTATION_CONTEXT() REPRESENTATION_CONTEXT('2D SPACE',''
  ) );
#7588 = ORIENTED_EDGE('',*,*,#7589,.F.);
#7589 = EDGE_CURVE('',#7491,#7538,#7590,.T.);
#7590 = SURFACE_CURVE('',#7591,(#7596,#7625),.PCURVE_S1.);
#7591 = ( BOUNDED_CURVE() B_SPLINE_CURVE(3,(#7592,#7593,#7594,#7595),
.UNSPECIFIED.,.F.,.F.) B_SPLINE_CURVE_WITH_KNOTS((4,4),(3.141592653591,
3.92699081699),.PIECEWISE_BEZIER_KNOTS.) CURVE() 
GEOMETRIC_REPRESENTATION_ITEM() RATIONAL_B_SPLINE_CURVE((1.,
0.949253021674,0.949253021674,1.)) REPRESENTATION_ITEM('') );
#7592 = CARTESIAN_POINT('',(-19.7,2.,10.25));
#7593 = CARTESIAN_POINT('',(-19.91500888165,2.,10.25));
#7594 = CARTESIAN_POINT('',(-20.11365118671,1.917719663181,
    10.167719663181));
#7595 = CARTESIAN_POINT('',(-20.26568542494,1.765685424949,
    10.015685424949));
#7596 = PCURVE('',#3448,#7597);
#7597 = DEFINITIONAL_REPRESENTATION('',(#7598),#7624);
#7598 = B_SPLINE_CURVE_WITH_KNOTS('',3,(#7599,#7600,#7601,#7602,#7603,
    #7604,#7605,#7606,#7607,#7608,#7609,#7610,#7611,#7612,#7613,#7614,
    #7615,#7616,#7617,#7618,#7619,#7620,#7621,#7622,#7623),
  .UNSPECIFIED.,.F.,.F.,(4,1,1,1,1,1,1,1,1,1,1,1,1,1,1,1,1,1,1,1,1,1,4),
  (3.141592653591,3.177292570109,3.212992486627,3.248692403145,
    3.284392319663,3.320092236181,3.3557921527,3.391492069218,
    3.427191985736,3.462891902254,3.498591818772,3.53429173529,
    3.569991651808,3.605691568326,3.641391484845,3.677091401363,
    3.712791317881,3.748491234399,3.784191150917,3.819891067435,
    3.855590983953,3.891290900471,3.92699081699),.QUASI_UNIFORM_KNOTS.);
#7599 = CARTESIAN_POINT('',(3.14159265359,35.));
#7600 = CARTESIAN_POINT('',(3.153189056428,34.999999719941));
#7601 = CARTESIAN_POINT('',(3.176462357686,35.000322964908));
#7602 = CARTESIAN_POINT('',(3.211593973693,35.001794083784));
#7603 = CARTESIAN_POINT('',(3.246927723242,35.004267655104));
#7604 = CARTESIAN_POINT('',(3.282443053585,35.007755102907));
#7605 = CARTESIAN_POINT('',(3.318118820483,35.012264493882));
#7606 = CARTESIAN_POINT('',(3.353933259023,35.017799968802));
#7607 = CARTESIAN_POINT('',(3.389864084739,35.024361748493));
#7608 = CARTESIAN_POINT('',(3.425888566171,35.031946030942));
#7609 = CARTESIAN_POINT('',(3.461983610598,35.040544965228));
#7610 = CARTESIAN_POINT('',(3.498125850826,35.050146654282));
#7611 = CARTESIAN_POINT('',(3.534291735289,35.060735200241));
#7612 = CARTESIAN_POINT('',(3.570457619751,35.072290788698));
#7613 = CARTESIAN_POINT('',(3.606599859979,35.084789811906));
#7614 = CARTESIAN_POINT('',(3.642694904406,35.098205029073));
#7615 = CARTESIAN_POINT('',(3.678719385838,35.112505761612));
#7616 = CARTESIAN_POINT('',(3.714650211554,35.127658120111));
#7617 = CARTESIAN_POINT('',(3.750464650094,35.143625260765));
#7618 = CARTESIAN_POINT('',(3.786140416992,35.160367662917));
#7619 = CARTESIAN_POINT('',(3.821655747335,35.177843440023));
#7620 = CARTESIAN_POINT('',(3.856989496884,35.196008617564));
#7621 = CARTESIAN_POINT('',(3.892121112891,35.214817604464));
#7622 = CARTESIAN_POINT('',(3.915394414149,35.22775452837));
#7623 = CARTESIAN_POINT('',(3.926990816987,35.234314575051));
#7624 = ( GEOMETRIC_REPRESENTATION_CONTEXT(2) 
PARAMETRIC_REPRESENTATION_CONTEXT() REPRESENTATION_CONTEXT('2D SPACE',''
  ) );
#7625 = PCURVE('',#7277,#7626);
#7626 = DEFINITIONAL_REPRESENTATION('',(#7627),#7632);
#7627 = ( BOUNDED_CURVE() B_SPLINE_CURVE(3,(#7628,#7629,#7630,#7631),
.UNSPECIFIED.,.F.,.F.) B_SPLINE_CURVE_WITH_KNOTS((4,4),(3.141592653591,
3.92699081699),.PIECEWISE_BEZIER_KNOTS.) CURVE() 
GEOMETRIC_REPRESENTATION_ITEM() RATIONAL_B_SPLINE_CURVE((1.,
0.949253021674,0.949253021674,1.)) REPRESENTATION_ITEM('') );
#7628 = CARTESIAN_POINT('',(-0.8,0.));
#7629 = CARTESIAN_POINT('',(-0.584991118348,-7.105427357601E-15));
#7630 = CARTESIAN_POINT('',(-0.386348813282,0.116361968247));
#7631 = CARTESIAN_POINT('',(-0.234314575051,0.331370849899));
#7632 = ( GEOMETRIC_REPRESENTATION_CONTEXT(2) 
PARAMETRIC_REPRESENTATION_CONTEXT() REPRESENTATION_CONTEXT('2D SPACE',''
  ) );
#7633 = ADVANCED_FACE('',(#7634),#2722,.T.);
#7634 = FACE_BOUND('',#7635,.T.);
#7635 = EDGE_LOOP('',(#7636,#7659,#7660,#7683,#7730));
#7636 = ORIENTED_EDGE('',*,*,#7637,.F.);
#7637 = EDGE_CURVE('',#2270,#7638,#7640,.T.);
#7638 = VERTEX_POINT('',#7639);
#7639 = CARTESIAN_POINT('',(-20.5,2.,-9.45));
#7640 = SURFACE_CURVE('',#7641,(#7645,#7652),.PCURVE_S1.);
#7641 = LINE('',#7642,#7643);
#7642 = CARTESIAN_POINT('',(-20.5,37.,-9.45));
#7643 = VECTOR('',#7644,1.);
#7644 = DIRECTION('',(0.,-1.,0.));
#7645 = PCURVE('',#2722,#7646);
#7646 = DEFINITIONAL_REPRESENTATION('',(#7647),#7651);
#7647 = LINE('',#7648,#7649);
#7648 = CARTESIAN_POINT('',(4.712388980385,0.));
#7649 = VECTOR('',#7650,1.);
#7650 = DIRECTION('',(0.,1.));
#7651 = ( GEOMETRIC_REPRESENTATION_CONTEXT(2) 
PARAMETRIC_REPRESENTATION_CONTEXT() REPRESENTATION_CONTEXT('2D SPACE',''
  ) );
#7652 = PCURVE('',#1981,#7653);
#7653 = DEFINITIONAL_REPRESENTATION('',(#7654),#7658);
#7654 = LINE('',#7655,#7656);
#7655 = CARTESIAN_POINT('',(19.7,0.));
#7656 = VECTOR('',#7657,1.);
#7657 = DIRECTION('',(-0.,-1.));
#7658 = ( GEOMETRIC_REPRESENTATION_CONTEXT(2) 
PARAMETRIC_REPRESENTATION_CONTEXT() REPRESENTATION_CONTEXT('2D SPACE',''
  ) );
#7659 = ORIENTED_EDGE('',*,*,#2683,.T.);
#7660 = ORIENTED_EDGE('',*,*,#7661,.F.);
#7661 = EDGE_CURVE('',#7662,#2684,#7664,.T.);
#7662 = VERTEX_POINT('',#7663);
#7663 = CARTESIAN_POINT('',(-19.7,2.,-10.25));
#7664 = SURFACE_CURVE('',#7665,(#7669,#7676),.PCURVE_S1.);
#7665 = LINE('',#7666,#7667);
#7666 = CARTESIAN_POINT('',(-19.7,37.,-10.25));
#7667 = VECTOR('',#7668,1.);
#7668 = DIRECTION('',(0.,1.,0.));
#7669 = PCURVE('',#2722,#7670);
#7670 = DEFINITIONAL_REPRESENTATION('',(#7671),#7675);
#7671 = LINE('',#7672,#7673);
#7672 = CARTESIAN_POINT('',(6.28318530718,0.));
#7673 = VECTOR('',#7674,1.);
#7674 = DIRECTION('',(0.,-1.));
#7675 = ( GEOMETRIC_REPRESENTATION_CONTEXT(2) 
PARAMETRIC_REPRESENTATION_CONTEXT() REPRESENTATION_CONTEXT('2D SPACE',''
  ) );
#7676 = PCURVE('',#2873,#7677);
#7677 = DEFINITIONAL_REPRESENTATION('',(#7678),#7682);
#7678 = LINE('',#7679,#7680);
#7679 = CARTESIAN_POINT('',(0.8,0.));
#7680 = VECTOR('',#7681,1.);
#7681 = DIRECTION('',(0.,1.));
#7682 = ( GEOMETRIC_REPRESENTATION_CONTEXT(2) 
PARAMETRIC_REPRESENTATION_CONTEXT() REPRESENTATION_CONTEXT('2D SPACE',''
  ) );
#7683 = ORIENTED_EDGE('',*,*,#7684,.F.);
#7684 = EDGE_CURVE('',#7685,#7662,#7687,.T.);
#7685 = VERTEX_POINT('',#7686);
#7686 = CARTESIAN_POINT('',(-20.26568542494,1.765685424949,
    -10.01568542494));
#7687 = SURFACE_CURVE('',#7688,(#7693,#7722),.PCURVE_S1.);
#7688 = ( BOUNDED_CURVE() B_SPLINE_CURVE(3,(#7689,#7690,#7691,#7692),
.UNSPECIFIED.,.F.,.F.) B_SPLINE_CURVE_WITH_KNOTS((4,4),(5.497787143784,
6.28318530718),.PIECEWISE_BEZIER_KNOTS.) CURVE() 
GEOMETRIC_REPRESENTATION_ITEM() RATIONAL_B_SPLINE_CURVE((1.,
0.949253021674,0.949253021674,1.)) REPRESENTATION_ITEM('') );
#7689 = CARTESIAN_POINT('',(-20.26568542494,1.765685424949,
    -10.01568542494));
#7690 = CARTESIAN_POINT('',(-20.11365118671,1.91771966318,
    -10.16771966318));
#7691 = CARTESIAN_POINT('',(-19.91500888165,2.,-10.25));
#7692 = CARTESIAN_POINT('',(-19.7,2.,-10.25));
#7693 = PCURVE('',#2722,#7694);
#7694 = DEFINITIONAL_REPRESENTATION('',(#7695),#7721);
#7695 = B_SPLINE_CURVE_WITH_KNOTS('',3,(#7696,#7697,#7698,#7699,#7700,
    #7701,#7702,#7703,#7704,#7705,#7706,#7707,#7708,#7709,#7710,#7711,
    #7712,#7713,#7714,#7715,#7716,#7717,#7718,#7719,#7720),
  .UNSPECIFIED.,.F.,.F.,(4,1,1,1,1,1,1,1,1,1,1,1,1,1,1,1,1,1,1,1,1,1,4),
  (5.497787143784,5.533487060302,5.56918697682,5.604886893338,
    5.640586809856,5.676286726374,5.711986642892,5.74768655941,
    5.783386475928,5.819086392446,5.854786308964,5.890486225482,
    5.926186142,5.961886058518,5.997585975036,6.033285891554,
    6.068985808072,6.10468572459,6.140385641108,6.176085557626,
    6.211785474144,6.247485390662,6.28318530718),.QUASI_UNIFORM_KNOTS.);
#7696 = CARTESIAN_POINT('',(5.497787143782,35.234314575051));
#7697 = CARTESIAN_POINT('',(5.50938354662,35.22775452837));
#7698 = CARTESIAN_POINT('',(5.532656847878,35.214817604464));
#7699 = CARTESIAN_POINT('',(5.567788463885,35.196008617564));
#7700 = CARTESIAN_POINT('',(5.603122213434,35.177843440023));
#7701 = CARTESIAN_POINT('',(5.638637543778,35.160367662917));
#7702 = CARTESIAN_POINT('',(5.674313310675,35.143625260765));
#7703 = CARTESIAN_POINT('',(5.710127749215,35.127658120111));
#7704 = CARTESIAN_POINT('',(5.746058574931,35.112505761612));
#7705 = CARTESIAN_POINT('',(5.782083056364,35.098205029073));
#7706 = CARTESIAN_POINT('',(5.81817810079,35.084789811906));
#7707 = CARTESIAN_POINT('',(5.854320341019,35.072290788698));
#7708 = CARTESIAN_POINT('',(5.890486225481,35.060735200242));
#7709 = CARTESIAN_POINT('',(5.926652109943,35.050146654282));
#7710 = CARTESIAN_POINT('',(5.962794350172,35.040544965228));
#7711 = CARTESIAN_POINT('',(5.998889394598,35.031946030942));
#7712 = CARTESIAN_POINT('',(6.03491387603,35.024361748493));
#7713 = CARTESIAN_POINT('',(6.070844701746,35.017799968802));
#7714 = CARTESIAN_POINT('',(6.106659140286,35.012264493883));
#7715 = CARTESIAN_POINT('',(6.142334907184,35.007755102907));
#7716 = CARTESIAN_POINT('',(6.177850237527,35.004267655104));
#7717 = CARTESIAN_POINT('',(6.213183987076,35.001794083784));
#7718 = CARTESIAN_POINT('',(6.248315603084,35.000322964908));
#7719 = CARTESIAN_POINT('',(6.271588904342,34.999999719941));
#7720 = CARTESIAN_POINT('',(6.28318530718,35.));
#7721 = ( GEOMETRIC_REPRESENTATION_CONTEXT(2) 
PARAMETRIC_REPRESENTATION_CONTEXT() REPRESENTATION_CONTEXT('2D SPACE',''
  ) );
#7722 = PCURVE('',#7474,#7723);
#7723 = DEFINITIONAL_REPRESENTATION('',(#7724),#7729);
#7724 = ( BOUNDED_CURVE() B_SPLINE_CURVE(3,(#7725,#7726,#7727,#7728),
.UNSPECIFIED.,.F.,.F.) B_SPLINE_CURVE_WITH_KNOTS((4,4),(5.497787143784,
6.28318530718),.PIECEWISE_BEZIER_KNOTS.) CURVE() 
GEOMETRIC_REPRESENTATION_ITEM() RATIONAL_B_SPLINE_CURVE((1.,
0.949253021674,0.949253021674,1.)) REPRESENTATION_ITEM('') );
#7725 = CARTESIAN_POINT('',(0.331370849899,-0.234314575051));
#7726 = CARTESIAN_POINT('',(0.116361968247,-0.386348813282));
#7727 = CARTESIAN_POINT('',(1.723066134218E-13,-0.584991118348));
#7728 = CARTESIAN_POINT('',(0.,-0.8));
#7729 = ( GEOMETRIC_REPRESENTATION_CONTEXT(2) 
PARAMETRIC_REPRESENTATION_CONTEXT() REPRESENTATION_CONTEXT('2D SPACE',''
  ) );
#7730 = ORIENTED_EDGE('',*,*,#7731,.F.);
#7731 = EDGE_CURVE('',#7638,#7685,#7732,.T.);
#7732 = SURFACE_CURVE('',#7733,(#7738,#7767),.PCURVE_S1.);
#7733 = ( BOUNDED_CURVE() B_SPLINE_CURVE(3,(#7734,#7735,#7736,#7737),
.UNSPECIFIED.,.F.,.F.) B_SPLINE_CURVE_WITH_KNOTS((4,4),(3.14159265359,
3.926990816988),.PIECEWISE_BEZIER_KNOTS.) CURVE() 
GEOMETRIC_REPRESENTATION_ITEM() RATIONAL_B_SPLINE_CURVE((1.,
0.949253021674,0.949253021674,1.)) REPRESENTATION_ITEM('') );
#7734 = CARTESIAN_POINT('',(-20.5,2.,-9.45));
#7735 = CARTESIAN_POINT('',(-20.5,2.,-9.665008881652));
#7736 = CARTESIAN_POINT('',(-20.41771966318,1.917719663181,
    -9.863651186718));
#7737 = CARTESIAN_POINT('',(-20.26568542494,1.765685424949,
    -10.01568542494));
#7738 = PCURVE('',#2722,#7739);
#7739 = DEFINITIONAL_REPRESENTATION('',(#7740),#7766);
#7740 = B_SPLINE_CURVE_WITH_KNOTS('',3,(#7741,#7742,#7743,#7744,#7745,
    #7746,#7747,#7748,#7749,#7750,#7751,#7752,#7753,#7754,#7755,#7756,
    #7757,#7758,#7759,#7760,#7761,#7762,#7763,#7764,#7765),
  .UNSPECIFIED.,.F.,.F.,(4,1,1,1,1,1,1,1,1,1,1,1,1,1,1,1,1,1,1,1,1,1,4),
  (3.14159265359,3.177292570108,3.212992486626,3.248692403144,
    3.284392319662,3.32009223618,3.355792152699,3.391492069217,
    3.427191985735,3.462891902253,3.498591818771,3.534291735289,
    3.569991651807,3.605691568325,3.641391484843,3.677091401361,
    3.712791317879,3.748491234397,3.784191150915,3.819891067434,
    3.855590983952,3.89129090047,3.926990816988),.QUASI_UNIFORM_KNOTS.);
#7741 = CARTESIAN_POINT('',(4.712388980385,35.));
#7742 = CARTESIAN_POINT('',(4.723985383223,34.999999719941));
#7743 = CARTESIAN_POINT('',(4.747258684481,35.000322964908));
#7744 = CARTESIAN_POINT('',(4.782390300488,35.001794083784));
#7745 = CARTESIAN_POINT('',(4.817724050037,35.004267655104));
#7746 = CARTESIAN_POINT('',(4.85323938038,35.007755102907));
#7747 = CARTESIAN_POINT('',(4.888915147278,35.012264493882));
#7748 = CARTESIAN_POINT('',(4.924729585818,35.017799968802));
#7749 = CARTESIAN_POINT('',(4.960660411534,35.024361748493));
#7750 = CARTESIAN_POINT('',(4.996684892966,35.031946030942));
#7751 = CARTESIAN_POINT('',(5.032779937392,35.040544965228));
#7752 = CARTESIAN_POINT('',(5.068922177621,35.050146654282));
#7753 = CARTESIAN_POINT('',(5.105088062083,35.060735200241));
#7754 = CARTESIAN_POINT('',(5.141253946546,35.072290788698));
#7755 = CARTESIAN_POINT('',(5.177396186774,35.084789811906));
#7756 = CARTESIAN_POINT('',(5.2134912312,35.098205029073));
#7757 = CARTESIAN_POINT('',(5.249515712633,35.112505761612));
#7758 = CARTESIAN_POINT('',(5.285446538349,35.127658120111));
#7759 = CARTESIAN_POINT('',(5.321260976889,35.143625260765));
#7760 = CARTESIAN_POINT('',(5.356936743787,35.160367662917));
#7761 = CARTESIAN_POINT('',(5.39245207413,35.177843440023));
#7762 = CARTESIAN_POINT('',(5.427785823679,35.196008617564));
#7763 = CARTESIAN_POINT('',(5.462917439686,35.214817604464));
#7764 = CARTESIAN_POINT('',(5.486190740944,35.22775452837));
#7765 = CARTESIAN_POINT('',(5.497787143782,35.234314575051));
#7766 = ( GEOMETRIC_REPRESENTATION_CONTEXT(2) 
PARAMETRIC_REPRESENTATION_CONTEXT() REPRESENTATION_CONTEXT('2D SPACE',''
  ) );
#7767 = PCURVE('',#7576,#7768);
#7768 = DEFINITIONAL_REPRESENTATION('',(#7769),#7774);
#7769 = ( BOUNDED_CURVE() B_SPLINE_CURVE(3,(#7770,#7771,#7772,#7773),
.UNSPECIFIED.,.F.,.F.) B_SPLINE_CURVE_WITH_KNOTS((4,4),(3.14159265359,
3.926990816988),.PIECEWISE_BEZIER_KNOTS.) CURVE() 
GEOMETRIC_REPRESENTATION_ITEM() RATIONAL_B_SPLINE_CURVE((1.,
0.949253021674,0.949253021674,1.)) REPRESENTATION_ITEM('') );
#7770 = CARTESIAN_POINT('',(-1.7763568394E-15,19.7));
#7771 = CARTESIAN_POINT('',(-3.19744231092E-14,19.915008881652));
#7772 = CARTESIAN_POINT('',(-0.116361968247,20.113651186718));
#7773 = CARTESIAN_POINT('',(-0.331370849899,20.265685424949));
#7774 = ( GEOMETRIC_REPRESENTATION_CONTEXT(2) 
PARAMETRIC_REPRESENTATION_CONTEXT() REPRESENTATION_CONTEXT('2D SPACE',''
  ) );
#7775 = ADVANCED_FACE('',(#7776),#7576,.T.);
#7776 = FACE_BOUND('',#7777,.T.);
#7777 = EDGE_LOOP('',(#7778,#7799,#7800,#7823,#7851,#7872));
#7778 = ORIENTED_EDGE('',*,*,#7779,.F.);
#7779 = EDGE_CURVE('',#7638,#7515,#7780,.T.);
#7780 = SURFACE_CURVE('',#7781,(#7785,#7792),.PCURVE_S1.);
#7781 = LINE('',#7782,#7783);
#7782 = CARTESIAN_POINT('',(-20.5,2.,10.25));
#7783 = VECTOR('',#7784,1.);
#7784 = DIRECTION('',(1.692413147294E-16,0.,1.));
#7785 = PCURVE('',#7576,#7786);
#7786 = DEFINITIONAL_REPRESENTATION('',(#7787),#7791);
#7787 = LINE('',#7788,#7789);
#7788 = CARTESIAN_POINT('',(0.,-0.));
#7789 = VECTOR('',#7790,1.);
#7790 = DIRECTION('',(-1.196716813021E-16,-1.));
#7791 = ( GEOMETRIC_REPRESENTATION_CONTEXT(2) 
PARAMETRIC_REPRESENTATION_CONTEXT() REPRESENTATION_CONTEXT('2D SPACE',''
  ) );
#7792 = PCURVE('',#1981,#7793);
#7793 = DEFINITIONAL_REPRESENTATION('',(#7794),#7798);
#7794 = LINE('',#7795,#7796);
#7795 = CARTESIAN_POINT('',(-0.,-35.));
#7796 = VECTOR('',#7797,1.);
#7797 = DIRECTION('',(-1.,0.));
#7798 = ( GEOMETRIC_REPRESENTATION_CONTEXT(2) 
PARAMETRIC_REPRESENTATION_CONTEXT() REPRESENTATION_CONTEXT('2D SPACE',''
  ) );
#7799 = ORIENTED_EDGE('',*,*,#7731,.T.);
#7800 = ORIENTED_EDGE('',*,*,#7801,.T.);
#7801 = EDGE_CURVE('',#7685,#7802,#7804,.T.);
#7802 = VERTEX_POINT('',#7803);
#7803 = CARTESIAN_POINT('',(-18.5,0.,-8.25));
#7804 = SURFACE_CURVE('',#7805,(#7809,#7816),.PCURVE_S1.);
#7805 = LINE('',#7806,#7807);
#7806 = CARTESIAN_POINT('',(-20.5,2.,-10.25));
#7807 = VECTOR('',#7808,1.);
#7808 = DIRECTION('',(0.57735026919,-0.57735026919,0.57735026919));
#7809 = PCURVE('',#7576,#7810);
#7810 = DEFINITIONAL_REPRESENTATION('',(#7811),#7815);
#7811 = LINE('',#7812,#7813);
#7812 = CARTESIAN_POINT('',(-1.256073966947E-15,20.5));
#7813 = VECTOR('',#7814,1.);
#7814 = DIRECTION('',(-0.816496580928,-0.57735026919));
#7815 = ( GEOMETRIC_REPRESENTATION_CONTEXT(2) 
PARAMETRIC_REPRESENTATION_CONTEXT() REPRESENTATION_CONTEXT('2D SPACE',''
  ) );
#7816 = PCURVE('',#7474,#7817);
#7817 = DEFINITIONAL_REPRESENTATION('',(#7818),#7822);
#7818 = LINE('',#7819,#7820);
#7819 = CARTESIAN_POINT('',(0.,0.));
#7820 = VECTOR('',#7821,1.);
#7821 = DIRECTION('',(0.816496580928,-0.57735026919));
#7822 = ( GEOMETRIC_REPRESENTATION_CONTEXT(2) 
PARAMETRIC_REPRESENTATION_CONTEXT() REPRESENTATION_CONTEXT('2D SPACE',''
  ) );
#7823 = ORIENTED_EDGE('',*,*,#7824,.F.);
#7824 = EDGE_CURVE('',#7825,#7802,#7827,.T.);
#7825 = VERTEX_POINT('',#7826);
#7826 = CARTESIAN_POINT('',(-18.5,0.,8.25));
#7827 = SURFACE_CURVE('',#7828,(#7832,#7839),.PCURVE_S1.);
#7828 = LINE('',#7829,#7830);
#7829 = CARTESIAN_POINT('',(-18.5,0.,-10.25));
#7830 = VECTOR('',#7831,1.);
#7831 = DIRECTION('',(-1.692413147294E-16,0.,-1.));
#7832 = PCURVE('',#7576,#7833);
#7833 = DEFINITIONAL_REPRESENTATION('',(#7834),#7838);
#7834 = LINE('',#7835,#7836);
#7835 = CARTESIAN_POINT('',(-2.828427124746,20.5));
#7836 = VECTOR('',#7837,1.);
#7837 = DIRECTION('',(1.196716813021E-16,1.));
#7838 = ( GEOMETRIC_REPRESENTATION_CONTEXT(2) 
PARAMETRIC_REPRESENTATION_CONTEXT() REPRESENTATION_CONTEXT('2D SPACE',''
  ) );
#7839 = PCURVE('',#7840,#7845);
#7840 = PLANE('',#7841);
#7841 = AXIS2_PLACEMENT_3D('',#7842,#7843,#7844);
#7842 = CARTESIAN_POINT('',(0.,0.,0.));
#7843 = DIRECTION('',(0.,-1.,0.));
#7844 = DIRECTION('',(0.,0.,-1.));
#7845 = DEFINITIONAL_REPRESENTATION('',(#7846),#7850);
#7846 = LINE('',#7847,#7848);
#7847 = CARTESIAN_POINT('',(10.25,-18.5));
#7848 = VECTOR('',#7849,1.);
#7849 = DIRECTION('',(1.,-1.692413147294E-16));
#7850 = ( GEOMETRIC_REPRESENTATION_CONTEXT(2) 
PARAMETRIC_REPRESENTATION_CONTEXT() REPRESENTATION_CONTEXT('2D SPACE',''
  ) );
#7851 = ORIENTED_EDGE('',*,*,#7852,.T.);
#7852 = EDGE_CURVE('',#7825,#7538,#7853,.T.);
#7853 = SURFACE_CURVE('',#7854,(#7858,#7865),.PCURVE_S1.);
#7854 = LINE('',#7855,#7856);
#7855 = CARTESIAN_POINT('',(-20.5,2.,10.25));
#7856 = VECTOR('',#7857,1.);
#7857 = DIRECTION('',(-0.57735026919,0.57735026919,0.57735026919));
#7858 = PCURVE('',#7576,#7859);
#7859 = DEFINITIONAL_REPRESENTATION('',(#7860),#7864);
#7860 = LINE('',#7861,#7862);
#7861 = CARTESIAN_POINT('',(0.,-0.));
#7862 = VECTOR('',#7863,1.);
#7863 = DIRECTION('',(0.816496580928,-0.57735026919));
#7864 = ( GEOMETRIC_REPRESENTATION_CONTEXT(2) 
PARAMETRIC_REPRESENTATION_CONTEXT() REPRESENTATION_CONTEXT('2D SPACE',''
  ) );
#7865 = PCURVE('',#7277,#7866);
#7866 = DEFINITIONAL_REPRESENTATION('',(#7867),#7871);
#7867 = LINE('',#7868,#7869);
#7868 = CARTESIAN_POINT('',(0.,-0.));
#7869 = VECTOR('',#7870,1.);
#7870 = DIRECTION('',(0.57735026919,-0.816496580928));
#7871 = ( GEOMETRIC_REPRESENTATION_CONTEXT(2) 
PARAMETRIC_REPRESENTATION_CONTEXT() REPRESENTATION_CONTEXT('2D SPACE',''
  ) );
#7872 = ORIENTED_EDGE('',*,*,#7537,.T.);
#7873 = ADVANCED_FACE('',(#7874),#7277,.T.);
#7874 = FACE_BOUND('',#7875,.T.);
#7875 = EDGE_LOOP('',(#7876,#7897,#7898,#7899,#7922,#7943));
#7876 = ORIENTED_EDGE('',*,*,#7877,.F.);
#7877 = EDGE_CURVE('',#7491,#7216,#7878,.T.);
#7878 = SURFACE_CURVE('',#7879,(#7883,#7890),.PCURVE_S1.);
#7879 = LINE('',#7880,#7881);
#7880 = CARTESIAN_POINT('',(20.5,2.,10.25));
#7881 = VECTOR('',#7882,1.);
#7882 = DIRECTION('',(1.,0.,0.));
#7883 = PCURVE('',#7277,#7884);
#7884 = DEFINITIONAL_REPRESENTATION('',(#7885),#7889);
#7885 = LINE('',#7886,#7887);
#7886 = CARTESIAN_POINT('',(-41.,-0.));
#7887 = VECTOR('',#7888,1.);
#7888 = DIRECTION('',(-1.,-0.));
#7889 = ( GEOMETRIC_REPRESENTATION_CONTEXT(2) 
PARAMETRIC_REPRESENTATION_CONTEXT() REPRESENTATION_CONTEXT('2D SPACE',''
  ) );
#7890 = PCURVE('',#3170,#7891);
#7891 = DEFINITIONAL_REPRESENTATION('',(#7892),#7896);
#7892 = LINE('',#7893,#7894);
#7893 = CARTESIAN_POINT('',(35.,-41.));
#7894 = VECTOR('',#7895,1.);
#7895 = DIRECTION('',(0.,-1.));
#7896 = ( GEOMETRIC_REPRESENTATION_CONTEXT(2) 
PARAMETRIC_REPRESENTATION_CONTEXT() REPRESENTATION_CONTEXT('2D SPACE',''
  ) );
#7897 = ORIENTED_EDGE('',*,*,#7589,.T.);
#7898 = ORIENTED_EDGE('',*,*,#7852,.F.);
#7899 = ORIENTED_EDGE('',*,*,#7900,.F.);
#7900 = EDGE_CURVE('',#7901,#7825,#7903,.T.);
#7901 = VERTEX_POINT('',#7902);
#7902 = CARTESIAN_POINT('',(18.5,0.,8.25));
#7903 = SURFACE_CURVE('',#7904,(#7908,#7915),.PCURVE_S1.);
#7904 = LINE('',#7905,#7906);
#7905 = CARTESIAN_POINT('',(-20.5,0.,8.25));
#7906 = VECTOR('',#7907,1.);
#7907 = DIRECTION('',(-1.,0.,0.));
#7908 = PCURVE('',#7277,#7909);
#7909 = DEFINITIONAL_REPRESENTATION('',(#7910),#7914);
#7910 = LINE('',#7911,#7912);
#7911 = CARTESIAN_POINT('',(-0.,2.828427124746));
#7912 = VECTOR('',#7913,1.);
#7913 = DIRECTION('',(1.,0.));
#7914 = ( GEOMETRIC_REPRESENTATION_CONTEXT(2) 
PARAMETRIC_REPRESENTATION_CONTEXT() REPRESENTATION_CONTEXT('2D SPACE',''
  ) );
#7915 = PCURVE('',#7840,#7916);
#7916 = DEFINITIONAL_REPRESENTATION('',(#7917),#7921);
#7917 = LINE('',#7918,#7919);
#7918 = CARTESIAN_POINT('',(-8.25,-20.5));
#7919 = VECTOR('',#7920,1.);
#7920 = DIRECTION('',(0.,-1.));
#7921 = ( GEOMETRIC_REPRESENTATION_CONTEXT(2) 
PARAMETRIC_REPRESENTATION_CONTEXT() REPRESENTATION_CONTEXT('2D SPACE',''
  ) );
#7922 = ORIENTED_EDGE('',*,*,#7923,.T.);
#7923 = EDGE_CURVE('',#7901,#7239,#7924,.T.);
#7924 = SURFACE_CURVE('',#7925,(#7929,#7936),.PCURVE_S1.);
#7925 = LINE('',#7926,#7927);
#7926 = CARTESIAN_POINT('',(6.833333333333,-11.66666666666,
    -3.416666666667));
#7927 = VECTOR('',#7928,1.);
#7928 = DIRECTION('',(0.57735026919,0.57735026919,0.57735026919));
#7929 = PCURVE('',#7277,#7930);
#7930 = DEFINITIONAL_REPRESENTATION('',(#7931),#7935);
#7931 = LINE('',#7932,#7933);
#7932 = CARTESIAN_POINT('',(-27.33333333333,19.327585352432));
#7933 = VECTOR('',#7934,1.);
#7934 = DIRECTION('',(-0.57735026919,-0.816496580928));
#7935 = ( GEOMETRIC_REPRESENTATION_CONTEXT(2) 
PARAMETRIC_REPRESENTATION_CONTEXT() REPRESENTATION_CONTEXT('2D SPACE',''
  ) );
#7936 = PCURVE('',#7327,#7937);
#7937 = DEFINITIONAL_REPRESENTATION('',(#7938),#7942);
#7938 = LINE('',#7939,#7940);
#7939 = CARTESIAN_POINT('',(13.666666666667,-19.32758535243));
#7940 = VECTOR('',#7941,1.);
#7941 = DIRECTION('',(-0.57735026919,0.816496580928));
#7942 = ( GEOMETRIC_REPRESENTATION_CONTEXT(2) 
PARAMETRIC_REPRESENTATION_CONTEXT() REPRESENTATION_CONTEXT('2D SPACE',''
  ) );
#7943 = ORIENTED_EDGE('',*,*,#7238,.T.);
#7944 = ADVANCED_FACE('',(#7945),#7474,.T.);
#7945 = FACE_BOUND('',#7946,.T.);
#7946 = EDGE_LOOP('',(#7947,#7948,#7949,#7970,#7971,#7994));
#7947 = ORIENTED_EDGE('',*,*,#7801,.F.);
#7948 = ORIENTED_EDGE('',*,*,#7684,.T.);
#7949 = ORIENTED_EDGE('',*,*,#7950,.F.);
#7950 = EDGE_CURVE('',#7344,#7662,#7951,.T.);
#7951 = SURFACE_CURVE('',#7952,(#7956,#7963),.PCURVE_S1.);
#7952 = LINE('',#7953,#7954);
#7953 = CARTESIAN_POINT('',(-20.5,2.,-10.25));
#7954 = VECTOR('',#7955,1.);
#7955 = DIRECTION('',(-1.,0.,0.));
#7956 = PCURVE('',#7474,#7957);
#7957 = DEFINITIONAL_REPRESENTATION('',(#7958),#7962);
#7958 = LINE('',#7959,#7960);
#7959 = CARTESIAN_POINT('',(0.,0.));
#7960 = VECTOR('',#7961,1.);
#7961 = DIRECTION('',(0.,1.));
#7962 = ( GEOMETRIC_REPRESENTATION_CONTEXT(2) 
PARAMETRIC_REPRESENTATION_CONTEXT() REPRESENTATION_CONTEXT('2D SPACE',''
  ) );
#7963 = PCURVE('',#2873,#7964);
#7964 = DEFINITIONAL_REPRESENTATION('',(#7965),#7969);
#7965 = LINE('',#7966,#7967);
#7966 = CARTESIAN_POINT('',(0.,-35.));
#7967 = VECTOR('',#7968,1.);
#7968 = DIRECTION('',(-1.,0.));
#7969 = ( GEOMETRIC_REPRESENTATION_CONTEXT(2) 
PARAMETRIC_REPRESENTATION_CONTEXT() REPRESENTATION_CONTEXT('2D SPACE',''
  ) );
#7970 = ORIENTED_EDGE('',*,*,#7437,.T.);
#7971 = ORIENTED_EDGE('',*,*,#7972,.T.);
#7972 = EDGE_CURVE('',#7391,#7973,#7975,.T.);
#7973 = VERTEX_POINT('',#7974);
#7974 = CARTESIAN_POINT('',(18.5,0.,-8.25));
#7975 = SURFACE_CURVE('',#7976,(#7980,#7987),.PCURVE_S1.);
#7976 = LINE('',#7977,#7978);
#7977 = CARTESIAN_POINT('',(13.666666666667,-4.833333333333,
    -3.416666666667));
#7978 = VECTOR('',#7979,1.);
#7979 = DIRECTION('',(-0.57735026919,-0.57735026919,0.57735026919));
#7980 = PCURVE('',#7474,#7981);
#7981 = DEFINITIONAL_REPRESENTATION('',(#7982),#7986);
#7982 = LINE('',#7983,#7984);
#7983 = CARTESIAN_POINT('',(9.663792676216,-34.16666666666));
#7984 = VECTOR('',#7985,1.);
#7985 = DIRECTION('',(0.816496580928,0.57735026919));
#7986 = ( GEOMETRIC_REPRESENTATION_CONTEXT(2) 
PARAMETRIC_REPRESENTATION_CONTEXT() REPRESENTATION_CONTEXT('2D SPACE',''
  ) );
#7987 = PCURVE('',#7327,#7988);
#7988 = DEFINITIONAL_REPRESENTATION('',(#7989),#7993);
#7989 = LINE('',#7990,#7991);
#7990 = CARTESIAN_POINT('',(13.666666666667,-9.663792676216));
#7991 = VECTOR('',#7992,1.);
#7992 = DIRECTION('',(-0.57735026919,-0.816496580928));
#7993 = ( GEOMETRIC_REPRESENTATION_CONTEXT(2) 
PARAMETRIC_REPRESENTATION_CONTEXT() REPRESENTATION_CONTEXT('2D SPACE',''
  ) );
#7994 = ORIENTED_EDGE('',*,*,#7995,.F.);
#7995 = EDGE_CURVE('',#7802,#7973,#7996,.T.);
#7996 = SURFACE_CURVE('',#7997,(#8001,#8008),.PCURVE_S1.);
#7997 = LINE('',#7998,#7999);
#7998 = CARTESIAN_POINT('',(20.5,0.,-8.25));
#7999 = VECTOR('',#8000,1.);
#8000 = DIRECTION('',(1.,0.,0.));
#8001 = PCURVE('',#7474,#8002);
#8002 = DEFINITIONAL_REPRESENTATION('',(#8003),#8007);
#8003 = LINE('',#8004,#8005);
#8004 = CARTESIAN_POINT('',(2.828427124746,-41.));
#8005 = VECTOR('',#8006,1.);
#8006 = DIRECTION('',(0.,-1.));
#8007 = ( GEOMETRIC_REPRESENTATION_CONTEXT(2) 
PARAMETRIC_REPRESENTATION_CONTEXT() REPRESENTATION_CONTEXT('2D SPACE',''
  ) );
#8008 = PCURVE('',#7840,#8009);
#8009 = DEFINITIONAL_REPRESENTATION('',(#8010),#8014);
#8010 = LINE('',#8011,#8012);
#8011 = CARTESIAN_POINT('',(8.25,20.5));
#8012 = VECTOR('',#8013,1.);
#8013 = DIRECTION('',(0.,1.));
#8014 = ( GEOMETRIC_REPRESENTATION_CONTEXT(2) 
PARAMETRIC_REPRESENTATION_CONTEXT() REPRESENTATION_CONTEXT('2D SPACE',''
  ) );
#8015 = ADVANCED_FACE('',(#8016),#7327,.T.);
#8016 = FACE_BOUND('',#8017,.T.);
#8017 = EDGE_LOOP('',(#8018,#8019,#8020,#8041,#8042,#8043));
#8018 = ORIENTED_EDGE('',*,*,#7972,.F.);
#8019 = ORIENTED_EDGE('',*,*,#7390,.T.);
#8020 = ORIENTED_EDGE('',*,*,#8021,.F.);
#8021 = EDGE_CURVE('',#7192,#7368,#8022,.T.);
#8022 = SURFACE_CURVE('',#8023,(#8027,#8034),.PCURVE_S1.);
#8023 = LINE('',#8024,#8025);
#8024 = CARTESIAN_POINT('',(20.5,2.,-10.25));
#8025 = VECTOR('',#8026,1.);
#8026 = DIRECTION('',(-1.692413147294E-16,0.,-1.));
#8027 = PCURVE('',#7327,#8028);
#8028 = DEFINITIONAL_REPRESENTATION('',(#8029),#8033);
#8029 = LINE('',#8030,#8031);
#8030 = CARTESIAN_POINT('',(20.5,-1.197195499746E-15));
#8031 = VECTOR('',#8032,1.);
#8032 = DIRECTION('',(1.,-2.393433626042E-16));
#8033 = ( GEOMETRIC_REPRESENTATION_CONTEXT(2) 
PARAMETRIC_REPRESENTATION_CONTEXT() REPRESENTATION_CONTEXT('2D SPACE',''
  ) );
#8034 = PCURVE('',#4022,#8035);
#8035 = DEFINITIONAL_REPRESENTATION('',(#8036),#8040);
#8036 = LINE('',#8037,#8038);
#8037 = CARTESIAN_POINT('',(-35.,20.5));
#8038 = VECTOR('',#8039,1.);
#8039 = DIRECTION('',(0.,1.));
#8040 = ( GEOMETRIC_REPRESENTATION_CONTEXT(2) 
PARAMETRIC_REPRESENTATION_CONTEXT() REPRESENTATION_CONTEXT('2D SPACE',''
  ) );
#8041 = ORIENTED_EDGE('',*,*,#7290,.T.);
#8042 = ORIENTED_EDGE('',*,*,#7923,.F.);
#8043 = ORIENTED_EDGE('',*,*,#8044,.F.);
#8044 = EDGE_CURVE('',#7973,#7901,#8045,.T.);
#8045 = SURFACE_CURVE('',#8046,(#8050,#8057),.PCURVE_S1.);
#8046 = LINE('',#8047,#8048);
#8047 = CARTESIAN_POINT('',(18.5,0.,10.25));
#8048 = VECTOR('',#8049,1.);
#8049 = DIRECTION('',(1.692413147294E-16,0.,1.));
#8050 = PCURVE('',#7327,#8051);
#8051 = DEFINITIONAL_REPRESENTATION('',(#8052),#8056);
#8052 = LINE('',#8053,#8054);
#8053 = CARTESIAN_POINT('',(-3.384826294589E-16,-2.828427124746));
#8054 = VECTOR('',#8055,1.);
#8055 = DIRECTION('',(-1.,2.393433626042E-16));
#8056 = ( GEOMETRIC_REPRESENTATION_CONTEXT(2) 
PARAMETRIC_REPRESENTATION_CONTEXT() REPRESENTATION_CONTEXT('2D SPACE',''
  ) );
#8057 = PCURVE('',#7840,#8058);
#8058 = DEFINITIONAL_REPRESENTATION('',(#8059),#8063);
#8059 = LINE('',#8060,#8061);
#8060 = CARTESIAN_POINT('',(-10.25,18.5));
#8061 = VECTOR('',#8062,1.);
#8062 = DIRECTION('',(-1.,1.692413147294E-16));
#8063 = ( GEOMETRIC_REPRESENTATION_CONTEXT(2) 
PARAMETRIC_REPRESENTATION_CONTEXT() REPRESENTATION_CONTEXT('2D SPACE',''
  ) );
#8064 = ADVANCED_FACE('',(#8065,#8090),#295,.T.);
#8065 = FACE_BOUND('',#8066,.T.);
#8066 = EDGE_LOOP('',(#8067,#8089));
#8067 = ORIENTED_EDGE('',*,*,#8068,.F.);
#8068 = EDGE_CURVE('',#246,#279,#8069,.T.);
#8069 = SURFACE_CURVE('',#8070,(#8075,#8082),.PCURVE_S1.);
#8070 = CIRCLE('',#8071,1.25);
#8071 = AXIS2_PLACEMENT_3D('',#8072,#8073,#8074);
#8072 = CARTESIAN_POINT('',(-10.25,45.2,0.));
#8073 = DIRECTION('',(0.,1.,0.));
#8074 = DIRECTION('',(0.,-0.,1.));
#8075 = PCURVE('',#295,#8076);
#8076 = DEFINITIONAL_REPRESENTATION('',(#8077),#8081);
#8077 = CIRCLE('',#8078,1.25);
#8078 = AXIS2_PLACEMENT_2D('',#8079,#8080);
#8079 = CARTESIAN_POINT('',(0.,0.));
#8080 = DIRECTION('',(0.,-1.));
#8081 = ( GEOMETRIC_REPRESENTATION_CONTEXT(2) 
PARAMETRIC_REPRESENTATION_CONTEXT() REPRESENTATION_CONTEXT('2D SPACE',''
  ) );
#8082 = PCURVE('',#266,#8083);
#8083 = DEFINITIONAL_REPRESENTATION('',(#8084),#8088);
#8084 = LINE('',#8085,#8086);
#8085 = CARTESIAN_POINT('',(0.,4.));
#8086 = VECTOR('',#8087,1.);
#8087 = DIRECTION('',(1.,0.));
#8088 = ( GEOMETRIC_REPRESENTATION_CONTEXT(2) 
PARAMETRIC_REPRESENTATION_CONTEXT() REPRESENTATION_CONTEXT('2D SPACE',''
  ) );
#8089 = ORIENTED_EDGE('',*,*,#278,.F.);
#8090 = FACE_BOUND('',#8091,.T.);
#8091 = EDGE_LOOP('',(#8092,#8114));
#8092 = ORIENTED_EDGE('',*,*,#8093,.T.);
#8093 = EDGE_CURVE('',#865,#863,#8094,.T.);
#8094 = SURFACE_CURVE('',#8095,(#8100,#8107),.PCURVE_S1.);
#8095 = CIRCLE('',#8096,3.);
#8096 = AXIS2_PLACEMENT_3D('',#8097,#8098,#8099);
#8097 = CARTESIAN_POINT('',(-10.25,45.2,0.));
#8098 = DIRECTION('',(0.,1.,0.));
#8099 = DIRECTION('',(0.,-0.,1.));
#8100 = PCURVE('',#295,#8101);
#8101 = DEFINITIONAL_REPRESENTATION('',(#8102),#8106);
#8102 = CIRCLE('',#8103,3.);
#8103 = AXIS2_PLACEMENT_2D('',#8104,#8105);
#8104 = CARTESIAN_POINT('',(0.,0.));
#8105 = DIRECTION('',(0.,-1.));
#8106 = ( GEOMETRIC_REPRESENTATION_CONTEXT(2) 
PARAMETRIC_REPRESENTATION_CONTEXT() REPRESENTATION_CONTEXT('2D SPACE',''
  ) );
#8107 = PCURVE('',#909,#8108);
#8108 = DEFINITIONAL_REPRESENTATION('',(#8109),#8113);
#8109 = LINE('',#8110,#8111);
#8110 = CARTESIAN_POINT('',(9.424777960769,0.));
#8111 = VECTOR('',#8112,1.);
#8112 = DIRECTION('',(-1.,0.));
#8113 = ( GEOMETRIC_REPRESENTATION_CONTEXT(2) 
PARAMETRIC_REPRESENTATION_CONTEXT() REPRESENTATION_CONTEXT('2D SPACE',''
  ) );
#8114 = ORIENTED_EDGE('',*,*,#862,.T.);
#8115 = ADVANCED_FACE('',(#8116),#5298,.T.);
#8116 = FACE_BOUND('',#8117,.T.);
#8117 = EDGE_LOOP('',(#8118,#8139));
#8118 = ORIENTED_EDGE('',*,*,#8119,.T.);
#8119 = EDGE_CURVE('',#5197,#5112,#8120,.T.);
#8120 = SURFACE_CURVE('',#8121,(#8125,#8132),.PCURVE_S1.);
#8121 = LINE('',#8122,#8123);
#8122 = CARTESIAN_POINT('',(14.8,38.7,-2.967200865566));
#8123 = VECTOR('',#8124,1.);
#8124 = DIRECTION('',(0.,0.,1.));
#8125 = PCURVE('',#5298,#8126);
#8126 = DEFINITIONAL_REPRESENTATION('',(#8127),#8131);
#8127 = LINE('',#8128,#8129);
#8128 = CARTESIAN_POINT('',(1.479186727816,2.967200865566));
#8129 = VECTOR('',#8130,1.);
#8130 = DIRECTION('',(0.,-1.));
#8131 = ( GEOMETRIC_REPRESENTATION_CONTEXT(2) 
PARAMETRIC_REPRESENTATION_CONTEXT() REPRESENTATION_CONTEXT('2D SPACE',''
  ) );
#8132 = PCURVE('',#4785,#8133);
#8133 = DEFINITIONAL_REPRESENTATION('',(#8134),#8138);
#8134 = LINE('',#8135,#8136);
#8135 = CARTESIAN_POINT('',(-0.6,-0.));
#8136 = VECTOR('',#8137,1.);
#8137 = DIRECTION('',(0.,-1.));
#8138 = ( GEOMETRIC_REPRESENTATION_CONTEXT(2) 
PARAMETRIC_REPRESENTATION_CONTEXT() REPRESENTATION_CONTEXT('2D SPACE',''
  ) );
#8139 = ORIENTED_EDGE('',*,*,#5283,.T.);
#8140 = ADVANCED_FACE('',(#8141,#8166),#938,.T.);
#8141 = FACE_BOUND('',#8142,.T.);
#8142 = EDGE_LOOP('',(#8143,#8165));
#8143 = ORIENTED_EDGE('',*,*,#8144,.F.);
#8144 = EDGE_CURVE('',#922,#894,#8145,.T.);
#8145 = SURFACE_CURVE('',#8146,(#8151,#8158),.PCURVE_S1.);
#8146 = CIRCLE('',#8147,3.);
#8147 = AXIS2_PLACEMENT_3D('',#8148,#8149,#8150);
#8148 = CARTESIAN_POINT('',(-10.25,41.2,0.));
#8149 = DIRECTION('',(0.,1.,0.));
#8150 = DIRECTION('',(0.,-0.,1.));
#8151 = PCURVE('',#938,#8152);
#8152 = DEFINITIONAL_REPRESENTATION('',(#8153),#8157);
#8153 = CIRCLE('',#8154,3.);
#8154 = AXIS2_PLACEMENT_2D('',#8155,#8156);
#8155 = CARTESIAN_POINT('',(0.,0.));
#8156 = DIRECTION('',(0.,-1.));
#8157 = ( GEOMETRIC_REPRESENTATION_CONTEXT(2) 
PARAMETRIC_REPRESENTATION_CONTEXT() REPRESENTATION_CONTEXT('2D SPACE',''
  ) );
#8158 = PCURVE('',#909,#8159);
#8159 = DEFINITIONAL_REPRESENTATION('',(#8160),#8164);
#8160 = LINE('',#8161,#8162);
#8161 = CARTESIAN_POINT('',(9.424777960769,4.));
#8162 = VECTOR('',#8163,1.);
#8163 = DIRECTION('',(-1.,0.));
#8164 = ( GEOMETRIC_REPRESENTATION_CONTEXT(2) 
PARAMETRIC_REPRESENTATION_CONTEXT() REPRESENTATION_CONTEXT('2D SPACE',''
  ) );
#8165 = ORIENTED_EDGE('',*,*,#921,.F.);
#8166 = FACE_BOUND('',#8167,.T.);
#8167 = EDGE_LOOP('',(#8168,#8190));
#8168 = ORIENTED_EDGE('',*,*,#8169,.T.);
#8169 = EDGE_CURVE('',#977,#975,#8170,.T.);
#8170 = SURFACE_CURVE('',#8171,(#8176,#8183),.PCURVE_S1.);
#8171 = CIRCLE('',#8172,5.35);
#8172 = AXIS2_PLACEMENT_3D('',#8173,#8174,#8175);
#8173 = CARTESIAN_POINT('',(-10.25,41.2,0.));
#8174 = DIRECTION('',(0.,1.,0.));
#8175 = DIRECTION('',(0.,-0.,1.));
#8176 = PCURVE('',#938,#8177);
#8177 = DEFINITIONAL_REPRESENTATION('',(#8178),#8182);
#8178 = CIRCLE('',#8179,5.35);
#8179 = AXIS2_PLACEMENT_2D('',#8180,#8181);
#8180 = CARTESIAN_POINT('',(0.,0.));
#8181 = DIRECTION('',(0.,-1.));
#8182 = ( GEOMETRIC_REPRESENTATION_CONTEXT(2) 
PARAMETRIC_REPRESENTATION_CONTEXT() REPRESENTATION_CONTEXT('2D SPACE',''
  ) );
#8183 = PCURVE('',#1021,#8184);
#8184 = DEFINITIONAL_REPRESENTATION('',(#8185),#8189);
#8185 = LINE('',#8186,#8187);
#8186 = CARTESIAN_POINT('',(9.424777960769,0.));
#8187 = VECTOR('',#8188,1.);
#8188 = DIRECTION('',(-1.,0.));
#8189 = ( GEOMETRIC_REPRESENTATION_CONTEXT(2) 
PARAMETRIC_REPRESENTATION_CONTEXT() REPRESENTATION_CONTEXT('2D SPACE',''
  ) );
#8190 = ORIENTED_EDGE('',*,*,#974,.T.);
#8191 = ADVANCED_FACE('',(#8192,#8217),#1050,.T.);
#8192 = FACE_BOUND('',#8193,.T.);
#8193 = EDGE_LOOP('',(#8194,#8216));
#8194 = ORIENTED_EDGE('',*,*,#8195,.F.);
#8195 = EDGE_CURVE('',#1034,#1006,#8196,.T.);
#8196 = SURFACE_CURVE('',#8197,(#8202,#8209),.PCURVE_S1.);
#8197 = CIRCLE('',#8198,5.35);
#8198 = AXIS2_PLACEMENT_3D('',#8199,#8200,#8201);
#8199 = CARTESIAN_POINT('',(-10.25,40.6,0.));
#8200 = DIRECTION('',(0.,1.,0.));
#8201 = DIRECTION('',(0.,-0.,1.));
#8202 = PCURVE('',#1050,#8203);
#8203 = DEFINITIONAL_REPRESENTATION('',(#8204),#8208);
#8204 = CIRCLE('',#8205,5.35);
#8205 = AXIS2_PLACEMENT_2D('',#8206,#8207);
#8206 = CARTESIAN_POINT('',(0.,0.));
#8207 = DIRECTION('',(0.,-1.));
#8208 = ( GEOMETRIC_REPRESENTATION_CONTEXT(2) 
PARAMETRIC_REPRESENTATION_CONTEXT() REPRESENTATION_CONTEXT('2D SPACE',''
  ) );
#8209 = PCURVE('',#1021,#8210);
#8210 = DEFINITIONAL_REPRESENTATION('',(#8211),#8215);
#8211 = LINE('',#8212,#8213);
#8212 = CARTESIAN_POINT('',(9.424777960769,0.6));
#8213 = VECTOR('',#8214,1.);
#8214 = DIRECTION('',(-1.,0.));
#8215 = ( GEOMETRIC_REPRESENTATION_CONTEXT(2) 
PARAMETRIC_REPRESENTATION_CONTEXT() REPRESENTATION_CONTEXT('2D SPACE',''
  ) );
#8216 = ORIENTED_EDGE('',*,*,#1033,.F.);
#8217 = FACE_BOUND('',#8218,.T.);
#8218 = EDGE_LOOP('',(#8219,#8241));
#8219 = ORIENTED_EDGE('',*,*,#8220,.T.);
#8220 = EDGE_CURVE('',#1089,#1087,#8221,.T.);
#8221 = SURFACE_CURVE('',#8222,(#8227,#8234),.PCURVE_S1.);
#8222 = CIRCLE('',#8223,6.5);
#8223 = AXIS2_PLACEMENT_3D('',#8224,#8225,#8226);
#8224 = CARTESIAN_POINT('',(-10.25,40.6,0.));
#8225 = DIRECTION('',(0.,1.,0.));
#8226 = DIRECTION('',(0.,-0.,1.));
#8227 = PCURVE('',#1050,#8228);
#8228 = DEFINITIONAL_REPRESENTATION('',(#8229),#8233);
#8229 = CIRCLE('',#8230,6.5);
#8230 = AXIS2_PLACEMENT_2D('',#8231,#8232);
#8231 = CARTESIAN_POINT('',(0.,0.));
#8232 = DIRECTION('',(0.,-1.));
#8233 = ( GEOMETRIC_REPRESENTATION_CONTEXT(2) 
PARAMETRIC_REPRESENTATION_CONTEXT() REPRESENTATION_CONTEXT('2D SPACE',''
  ) );
#8234 = PCURVE('',#1133,#8235);
#8235 = DEFINITIONAL_REPRESENTATION('',(#8236),#8240);
#8236 = LINE('',#8237,#8238);
#8237 = CARTESIAN_POINT('',(9.424777960769,0.));
#8238 = VECTOR('',#8239,1.);
#8239 = DIRECTION('',(-1.,0.));
#8240 = ( GEOMETRIC_REPRESENTATION_CONTEXT(2) 
PARAMETRIC_REPRESENTATION_CONTEXT() REPRESENTATION_CONTEXT('2D SPACE',''
  ) );
#8241 = ORIENTED_EDGE('',*,*,#1086,.T.);
#8242 = ADVANCED_FACE('',(#8243,#8268),#103,.T.);
#8243 = FACE_BOUND('',#8244,.T.);
#8244 = EDGE_LOOP('',(#8245,#8267));
#8245 = ORIENTED_EDGE('',*,*,#8246,.F.);
#8246 = EDGE_CURVE('',#1146,#1118,#8247,.T.);
#8247 = SURFACE_CURVE('',#8248,(#8253,#8260),.PCURVE_S1.);
#8248 = CIRCLE('',#8249,6.5);
#8249 = AXIS2_PLACEMENT_3D('',#8250,#8251,#8252);
#8250 = CARTESIAN_POINT('',(-10.25,39.3,0.));
#8251 = DIRECTION('',(0.,1.,0.));
#8252 = DIRECTION('',(0.,-0.,1.));
#8253 = PCURVE('',#103,#8254);
#8254 = DEFINITIONAL_REPRESENTATION('',(#8255),#8259);
#8255 = CIRCLE('',#8256,6.5);
#8256 = AXIS2_PLACEMENT_2D('',#8257,#8258);
#8257 = CARTESIAN_POINT('',(0.,0.));
#8258 = DIRECTION('',(0.,-1.));
#8259 = ( GEOMETRIC_REPRESENTATION_CONTEXT(2) 
PARAMETRIC_REPRESENTATION_CONTEXT() REPRESENTATION_CONTEXT('2D SPACE',''
  ) );
#8260 = PCURVE('',#1133,#8261);
#8261 = DEFINITIONAL_REPRESENTATION('',(#8262),#8266);
#8262 = LINE('',#8263,#8264);
#8263 = CARTESIAN_POINT('',(9.424777960769,1.3));
#8264 = VECTOR('',#8265,1.);
#8265 = DIRECTION('',(-1.,0.));
#8266 = ( GEOMETRIC_REPRESENTATION_CONTEXT(2) 
PARAMETRIC_REPRESENTATION_CONTEXT() REPRESENTATION_CONTEXT('2D SPACE',''
  ) );
#8267 = ORIENTED_EDGE('',*,*,#1145,.F.);
#8268 = FACE_BOUND('',#8269,.T.);
#8269 = EDGE_LOOP('',(#8270,#8271,#8272,#8273,#8274));
#8270 = ORIENTED_EDGE('',*,*,#5085,.T.);
#8271 = ORIENTED_EDGE('',*,*,#4865,.T.);
#8272 = ORIENTED_EDGE('',*,*,#4890,.T.);
#8273 = ORIENTED_EDGE('',*,*,#86,.T.);
#8274 = ORIENTED_EDGE('',*,*,#8275,.T.);
#8275 = EDGE_CURVE('',#58,#4942,#8276,.T.);
#8276 = SURFACE_CURVE('',#8277,(#8282,#8289),.PCURVE_S1.);
#8277 = CIRCLE('',#8278,9.85);
#8278 = AXIS2_PLACEMENT_3D('',#8279,#8280,#8281);
#8279 = CARTESIAN_POINT('',(-10.25,39.3,0.));
#8280 = DIRECTION('',(0.,1.,0.));
#8281 = DIRECTION('',(0.,-0.,1.));
#8282 = PCURVE('',#103,#8283);
#8283 = DEFINITIONAL_REPRESENTATION('',(#8284),#8288);
#8284 = CIRCLE('',#8285,9.85);
#8285 = AXIS2_PLACEMENT_2D('',#8286,#8287);
#8286 = CARTESIAN_POINT('',(0.,0.));
#8287 = DIRECTION('',(0.,-1.));
#8288 = ( GEOMETRIC_REPRESENTATION_CONTEXT(2) 
PARAMETRIC_REPRESENTATION_CONTEXT() REPRESENTATION_CONTEXT('2D SPACE',''
  ) );
#8289 = PCURVE('',#74,#8290);
#8290 = DEFINITIONAL_REPRESENTATION('',(#8291),#8295);
#8291 = LINE('',#8292,#8293);
#8292 = CARTESIAN_POINT('',(-4.712388980385,1.570796326795));
#8293 = VECTOR('',#8294,1.);
#8294 = DIRECTION('',(1.,-2.109159769114E-16));
#8295 = ( GEOMETRIC_REPRESENTATION_CONTEXT(2) 
PARAMETRIC_REPRESENTATION_CONTEXT() REPRESENTATION_CONTEXT('2D SPACE',''
  ) );
#8296 = ADVANCED_FACE('',(#8297),#1622,.F.);
#8297 = FACE_BOUND('',#8298,.T.);
#8298 = EDGE_LOOP('',(#8299,#8322,#8323,#8324));
#8299 = ORIENTED_EDGE('',*,*,#8300,.F.);
#8300 = EDGE_CURVE('',#4692,#8301,#8303,.T.);
#8301 = VERTEX_POINT('',#8302);
#8302 = CARTESIAN_POINT('',(14.8,37.,8.875));
#8303 = SURFACE_CURVE('',#8304,(#8308,#8315),.PCURVE_S1.);
#8304 = LINE('',#8305,#8306);
#8305 = CARTESIAN_POINT('',(14.8,39.3,8.875));
#8306 = VECTOR('',#8307,1.);
#8307 = DIRECTION('',(0.,-1.,0.));
#8308 = PCURVE('',#1622,#8309);
#8309 = DEFINITIONAL_REPRESENTATION('',(#8310),#8314);
#8310 = LINE('',#8311,#8312);
#8311 = CARTESIAN_POINT('',(0.,-19.9219521258));
#8312 = VECTOR('',#8313,1.);
#8313 = DIRECTION('',(1.,0.));
#8314 = ( GEOMETRIC_REPRESENTATION_CONTEXT(2) 
PARAMETRIC_REPRESENTATION_CONTEXT() REPRESENTATION_CONTEXT('2D SPACE',''
  ) );
#8315 = PCURVE('',#4785,#8316);
#8316 = DEFINITIONAL_REPRESENTATION('',(#8317),#8321);
#8317 = LINE('',#8318,#8319);
#8318 = CARTESIAN_POINT('',(0.,-11.84220086556));
#8319 = VECTOR('',#8320,1.);
#8320 = DIRECTION('',(-1.,-0.));
#8321 = ( GEOMETRIC_REPRESENTATION_CONTEXT(2) 
PARAMETRIC_REPRESENTATION_CONTEXT() REPRESENTATION_CONTEXT('2D SPACE',''
  ) );
#8322 = ORIENTED_EDGE('',*,*,#5063,.T.);
#8323 = ORIENTED_EDGE('',*,*,#1608,.T.);
#8324 = ORIENTED_EDGE('',*,*,#8325,.T.);
#8325 = EDGE_CURVE('',#1576,#8301,#8326,.T.);
#8326 = SURFACE_CURVE('',#8327,(#8331,#8338),.PCURVE_S1.);
#8327 = LINE('',#8328,#8329);
#8328 = CARTESIAN_POINT('',(-5.121952125808,37.,8.875));
#8329 = VECTOR('',#8330,1.);
#8330 = DIRECTION('',(1.,0.,0.));
#8331 = PCURVE('',#1622,#8332);
#8332 = DEFINITIONAL_REPRESENTATION('',(#8333),#8337);
#8333 = LINE('',#8334,#8335);
#8334 = CARTESIAN_POINT('',(2.3,0.));
#8335 = VECTOR('',#8336,1.);
#8336 = DIRECTION('',(0.,-1.));
#8337 = ( GEOMETRIC_REPRESENTATION_CONTEXT(2) 
PARAMETRIC_REPRESENTATION_CONTEXT() REPRESENTATION_CONTEXT('2D SPACE',''
  ) );
#8338 = PCURVE('',#1592,#8339);
#8339 = DEFINITIONAL_REPRESENTATION('',(#8340),#8344);
#8340 = LINE('',#8341,#8342);
#8341 = CARTESIAN_POINT('',(-8.875,-5.121952125808));
#8342 = VECTOR('',#8343,1.);
#8343 = DIRECTION('',(0.,1.));
#8344 = ( GEOMETRIC_REPRESENTATION_CONTEXT(2) 
PARAMETRIC_REPRESENTATION_CONTEXT() REPRESENTATION_CONTEXT('2D SPACE',''
  ) );
#8345 = ADVANCED_FACE('',(#8346),#4926,.F.);
#8346 = FACE_BOUND('',#8347,.T.);
#8347 = EDGE_LOOP('',(#8348,#8371,#8372,#8395));
#8348 = ORIENTED_EDGE('',*,*,#8349,.F.);
#8349 = EDGE_CURVE('',#24,#8350,#8352,.T.);
#8350 = VERTEX_POINT('',#8351);
#8351 = CARTESIAN_POINT('',(-5.121952125808,37.,-8.875));
#8352 = SURFACE_CURVE('',#8353,(#8357,#8364),.PCURVE_S1.);
#8353 = LINE('',#8354,#8355);
#8354 = CARTESIAN_POINT('',(-5.121952125808,39.3,-8.875));
#8355 = VECTOR('',#8356,1.);
#8356 = DIRECTION('',(0.,-1.,0.));
#8357 = PCURVE('',#4926,#8358);
#8358 = DEFINITIONAL_REPRESENTATION('',(#8359),#8363);
#8359 = LINE('',#8360,#8361);
#8360 = CARTESIAN_POINT('',(0.,0.));
#8361 = VECTOR('',#8362,1.);
#8362 = DIRECTION('',(0.,-1.));
#8363 = ( GEOMETRIC_REPRESENTATION_CONTEXT(2) 
PARAMETRIC_REPRESENTATION_CONTEXT() REPRESENTATION_CONTEXT('2D SPACE',''
  ) );
#8364 = PCURVE('',#45,#8365);
#8365 = DEFINITIONAL_REPRESENTATION('',(#8366),#8370);
#8366 = LINE('',#8367,#8368);
#8367 = CARTESIAN_POINT('',(2.094738490778,0.));
#8368 = VECTOR('',#8369,1.);
#8369 = DIRECTION('',(0.,1.));
#8370 = ( GEOMETRIC_REPRESENTATION_CONTEXT(2) 
PARAMETRIC_REPRESENTATION_CONTEXT() REPRESENTATION_CONTEXT('2D SPACE',''
  ) );
#8371 = ORIENTED_EDGE('',*,*,#4912,.T.);
#8372 = ORIENTED_EDGE('',*,*,#8373,.T.);
#8373 = EDGE_CURVE('',#4770,#8374,#8376,.T.);
#8374 = VERTEX_POINT('',#8375);
#8375 = CARTESIAN_POINT('',(14.8,37.,-8.875));
#8376 = SURFACE_CURVE('',#8377,(#8381,#8388),.PCURVE_S1.);
#8377 = LINE('',#8378,#8379);
#8378 = CARTESIAN_POINT('',(14.8,39.3,-8.875));
#8379 = VECTOR('',#8380,1.);
#8380 = DIRECTION('',(0.,-1.,0.));
#8381 = PCURVE('',#4926,#8382);
#8382 = DEFINITIONAL_REPRESENTATION('',(#8383),#8387);
#8383 = LINE('',#8384,#8385);
#8384 = CARTESIAN_POINT('',(19.921952125808,0.));
#8385 = VECTOR('',#8386,1.);
#8386 = DIRECTION('',(0.,-1.));
#8387 = ( GEOMETRIC_REPRESENTATION_CONTEXT(2) 
PARAMETRIC_REPRESENTATION_CONTEXT() REPRESENTATION_CONTEXT('2D SPACE',''
  ) );
#8388 = PCURVE('',#4785,#8389);
#8389 = DEFINITIONAL_REPRESENTATION('',(#8390),#8394);
#8390 = LINE('',#8391,#8392);
#8391 = CARTESIAN_POINT('',(0.,5.907799134434));
#8392 = VECTOR('',#8393,1.);
#8393 = DIRECTION('',(-1.,-0.));
#8394 = ( GEOMETRIC_REPRESENTATION_CONTEXT(2) 
PARAMETRIC_REPRESENTATION_CONTEXT() REPRESENTATION_CONTEXT('2D SPACE',''
  ) );
#8395 = ORIENTED_EDGE('',*,*,#8396,.T.);
#8396 = EDGE_CURVE('',#8374,#8350,#8397,.T.);
#8397 = SURFACE_CURVE('',#8398,(#8402,#8409),.PCURVE_S1.);
#8398 = LINE('',#8399,#8400);
#8399 = CARTESIAN_POINT('',(-5.121952125808,37.,-8.875));
#8400 = VECTOR('',#8401,1.);
#8401 = DIRECTION('',(-1.,0.,1.741519570996E-16));
#8402 = PCURVE('',#4926,#8403);
#8403 = DEFINITIONAL_REPRESENTATION('',(#8404),#8408);
#8404 = LINE('',#8405,#8406);
#8405 = CARTESIAN_POINT('',(0.,-2.3));
#8406 = VECTOR('',#8407,1.);
#8407 = DIRECTION('',(-1.,0.));
#8408 = ( GEOMETRIC_REPRESENTATION_CONTEXT(2) 
PARAMETRIC_REPRESENTATION_CONTEXT() REPRESENTATION_CONTEXT('2D SPACE',''
  ) );
#8409 = PCURVE('',#1592,#8410);
#8410 = DEFINITIONAL_REPRESENTATION('',(#8411),#8415);
#8411 = LINE('',#8412,#8413);
#8412 = CARTESIAN_POINT('',(8.875,-5.121952125808));
#8413 = VECTOR('',#8414,1.);
#8414 = DIRECTION('',(-1.741519570996E-16,-1.));
#8415 = ( GEOMETRIC_REPRESENTATION_CONTEXT(2) 
PARAMETRIC_REPRESENTATION_CONTEXT() REPRESENTATION_CONTEXT('2D SPACE',''
  ) );
#8416 = ADVANCED_FACE('',(#8417),#4785,.F.);
#8417 = FACE_BOUND('',#8418,.T.);
#8418 = EDGE_LOOP('',(#8419,#8420,#8421,#8422,#8445,#8466,#8467,#8468,
    #8469,#8492));
#8419 = ORIENTED_EDGE('',*,*,#8373,.F.);
#8420 = ORIENTED_EDGE('',*,*,#4769,.T.);
#8421 = ORIENTED_EDGE('',*,*,#8300,.T.);
#8422 = ORIENTED_EDGE('',*,*,#8423,.T.);
#8423 = EDGE_CURVE('',#8301,#8424,#8426,.T.);
#8424 = VERTEX_POINT('',#8425);
#8425 = CARTESIAN_POINT('',(14.8,37.,2.967200865566));
#8426 = SURFACE_CURVE('',#8427,(#8431,#8438),.PCURVE_S1.);
#8427 = LINE('',#8428,#8429);
#8428 = CARTESIAN_POINT('',(14.8,37.,8.875));
#8429 = VECTOR('',#8430,1.);
#8430 = DIRECTION('',(0.,0.,-1.));
#8431 = PCURVE('',#4785,#8432);
#8432 = DEFINITIONAL_REPRESENTATION('',(#8433),#8437);
#8433 = LINE('',#8434,#8435);
#8434 = CARTESIAN_POINT('',(-2.3,-11.84220086556));
#8435 = VECTOR('',#8436,1.);
#8436 = DIRECTION('',(0.,1.));
#8437 = ( GEOMETRIC_REPRESENTATION_CONTEXT(2) 
PARAMETRIC_REPRESENTATION_CONTEXT() REPRESENTATION_CONTEXT('2D SPACE',''
  ) );
#8438 = PCURVE('',#1592,#8439);
#8439 = DEFINITIONAL_REPRESENTATION('',(#8440),#8444);
#8440 = LINE('',#8441,#8442);
#8441 = CARTESIAN_POINT('',(-8.875,14.8));
#8442 = VECTOR('',#8443,1.);
#8443 = DIRECTION('',(1.,0.));
#8444 = ( GEOMETRIC_REPRESENTATION_CONTEXT(2) 
PARAMETRIC_REPRESENTATION_CONTEXT() REPRESENTATION_CONTEXT('2D SPACE',''
  ) );
#8445 = ORIENTED_EDGE('',*,*,#8446,.F.);
#8446 = EDGE_CURVE('',#5110,#8424,#8447,.T.);
#8447 = SURFACE_CURVE('',#8448,(#8452,#8459),.PCURVE_S1.);
#8448 = LINE('',#8449,#8450);
#8449 = CARTESIAN_POINT('',(14.8,39.3,2.967200865566));
#8450 = VECTOR('',#8451,1.);
#8451 = DIRECTION('',(0.,-1.,0.));
#8452 = PCURVE('',#4785,#8453);
#8453 = DEFINITIONAL_REPRESENTATION('',(#8454),#8458);
#8454 = LINE('',#8455,#8456);
#8455 = CARTESIAN_POINT('',(0.,-5.934401731132));
#8456 = VECTOR('',#8457,1.);
#8457 = DIRECTION('',(-1.,-0.));
#8458 = ( GEOMETRIC_REPRESENTATION_CONTEXT(2) 
PARAMETRIC_REPRESENTATION_CONTEXT() REPRESENTATION_CONTEXT('2D SPACE',''
  ) );
#8459 = PCURVE('',#5184,#8460);
#8460 = DEFINITIONAL_REPRESENTATION('',(#8461),#8465);
#8461 = LINE('',#8462,#8463);
#8462 = CARTESIAN_POINT('',(2.679135750792,0.));
#8463 = VECTOR('',#8464,1.);
#8464 = DIRECTION('',(0.,1.));
#8465 = ( GEOMETRIC_REPRESENTATION_CONTEXT(2) 
PARAMETRIC_REPRESENTATION_CONTEXT() REPRESENTATION_CONTEXT('2D SPACE',''
  ) );
#8466 = ORIENTED_EDGE('',*,*,#5109,.T.);
#8467 = ORIENTED_EDGE('',*,*,#8119,.F.);
#8468 = ORIENTED_EDGE('',*,*,#5196,.T.);
#8469 = ORIENTED_EDGE('',*,*,#8470,.T.);
#8470 = EDGE_CURVE('',#5168,#8471,#8473,.T.);
#8471 = VERTEX_POINT('',#8472);
#8472 = CARTESIAN_POINT('',(14.8,37.,-2.967200865566));
#8473 = SURFACE_CURVE('',#8474,(#8478,#8485),.PCURVE_S1.);
#8474 = LINE('',#8475,#8476);
#8475 = CARTESIAN_POINT('',(14.8,39.3,-2.967200865566));
#8476 = VECTOR('',#8477,1.);
#8477 = DIRECTION('',(0.,-1.,0.));
#8478 = PCURVE('',#4785,#8479);
#8479 = DEFINITIONAL_REPRESENTATION('',(#8480),#8484);
#8480 = LINE('',#8481,#8482);
#8481 = CARTESIAN_POINT('',(0.,0.));
#8482 = VECTOR('',#8483,1.);
#8483 = DIRECTION('',(-1.,-0.));
#8484 = ( GEOMETRIC_REPRESENTATION_CONTEXT(2) 
PARAMETRIC_REPRESENTATION_CONTEXT() REPRESENTATION_CONTEXT('2D SPACE',''
  ) );
#8485 = PCURVE('',#5184,#8486);
#8486 = DEFINITIONAL_REPRESENTATION('',(#8487),#8491);
#8487 = LINE('',#8488,#8489);
#8488 = CARTESIAN_POINT('',(0.462456902798,0.));
#8489 = VECTOR('',#8490,1.);
#8490 = DIRECTION('',(0.,1.));
#8491 = ( GEOMETRIC_REPRESENTATION_CONTEXT(2) 
PARAMETRIC_REPRESENTATION_CONTEXT() REPRESENTATION_CONTEXT('2D SPACE',''
  ) );
#8492 = ORIENTED_EDGE('',*,*,#8493,.T.);
#8493 = EDGE_CURVE('',#8471,#8374,#8494,.T.);
#8494 = SURFACE_CURVE('',#8495,(#8499,#8506),.PCURVE_S1.);
#8495 = LINE('',#8496,#8497);
#8496 = CARTESIAN_POINT('',(14.8,37.,-2.967200865566));
#8497 = VECTOR('',#8498,1.);
#8498 = DIRECTION('',(-2.936327787222E-16,0.,-1.));
#8499 = PCURVE('',#4785,#8500);
#8500 = DEFINITIONAL_REPRESENTATION('',(#8501),#8505);
#8501 = LINE('',#8502,#8503);
#8502 = CARTESIAN_POINT('',(-2.3,-0.));
#8503 = VECTOR('',#8504,1.);
#8504 = DIRECTION('',(0.,1.));
#8505 = ( GEOMETRIC_REPRESENTATION_CONTEXT(2) 
PARAMETRIC_REPRESENTATION_CONTEXT() REPRESENTATION_CONTEXT('2D SPACE',''
  ) );
#8506 = PCURVE('',#1592,#8507);
#8507 = DEFINITIONAL_REPRESENTATION('',(#8508),#8512);
#8508 = LINE('',#8509,#8510);
#8509 = CARTESIAN_POINT('',(2.967200865566,14.8));
#8510 = VECTOR('',#8511,1.);
#8511 = DIRECTION('',(1.,-2.936327787222E-16));
#8512 = ( GEOMETRIC_REPRESENTATION_CONTEXT(2) 
PARAMETRIC_REPRESENTATION_CONTEXT() REPRESENTATION_CONTEXT('2D SPACE',''
  ) );
#8513 = ADVANCED_FACE('',(#8514),#7840,.T.);
#8514 = FACE_BOUND('',#8515,.T.);
#8515 = EDGE_LOOP('',(#8516,#8517,#8518,#8519));
#8516 = ORIENTED_EDGE('',*,*,#7900,.T.);
#8517 = ORIENTED_EDGE('',*,*,#7824,.T.);
#8518 = ORIENTED_EDGE('',*,*,#7995,.T.);
#8519 = ORIENTED_EDGE('',*,*,#8044,.T.);
#8520 = ADVANCED_FACE('',(#8521),#3170,.F.);
#8521 = FACE_BOUND('',#8522,.T.);
#8522 = EDGE_LOOP('',(#8523,#8524,#8525,#8526,#8527,#8528,#8529));
#8523 = ORIENTED_EDGE('',*,*,#7215,.T.);
#8524 = ORIENTED_EDGE('',*,*,#4083,.T.);
#8525 = ORIENTED_EDGE('',*,*,#4284,.T.);
#8526 = ORIENTED_EDGE('',*,*,#3250,.T.);
#8527 = ORIENTED_EDGE('',*,*,#3154,.T.);
#8528 = ORIENTED_EDGE('',*,*,#7490,.T.);
#8529 = ORIENTED_EDGE('',*,*,#7877,.T.);
#8530 = ADVANCED_FACE('',(#8531),#2873,.F.);
#8531 = FACE_BOUND('',#8532,.T.);
#8532 = EDGE_LOOP('',(#8533,#8534,#8535,#8536,#8537,#8538,#8539));
#8533 = ORIENTED_EDGE('',*,*,#7661,.T.);
#8534 = ORIENTED_EDGE('',*,*,#2859,.T.);
#8535 = ORIENTED_EDGE('',*,*,#2984,.T.);
#8536 = ORIENTED_EDGE('',*,*,#4510,.T.);
#8537 = ORIENTED_EDGE('',*,*,#4486,.T.);
#8538 = ORIENTED_EDGE('',*,*,#7343,.T.);
#8539 = ORIENTED_EDGE('',*,*,#7950,.T.);
#8540 = ADVANCED_FACE('',(#8541,#8655),#4022,.F.);
#8541 = FACE_BOUND('',#8542,.T.);
#8542 = EDGE_LOOP('',(#8543,#8544,#8567,#8588,#8589,#8610,#8611,#8634));
#8543 = ORIENTED_EDGE('',*,*,#5339,.T.);
#8544 = ORIENTED_EDGE('',*,*,#8545,.T.);
#8545 = EDGE_CURVE('',#5342,#8546,#8548,.T.);
#8546 = VERTEX_POINT('',#8547);
#8547 = CARTESIAN_POINT('',(20.5,31.2,-0.5));
#8548 = SURFACE_CURVE('',#8549,(#8553,#8560),.PCURVE_S1.);
#8549 = LINE('',#8550,#8551);
#8550 = CARTESIAN_POINT('',(20.5,32.7,-0.5));
#8551 = VECTOR('',#8552,1.);
#8552 = DIRECTION('',(0.,-1.,0.));
#8553 = PCURVE('',#4022,#8554);
#8554 = DEFINITIONAL_REPRESENTATION('',(#8555),#8559);
#8555 = LINE('',#8556,#8557);
#8556 = CARTESIAN_POINT('',(-4.3,10.75));
#8557 = VECTOR('',#8558,1.);
#8558 = DIRECTION('',(-1.,-0.));
#8559 = ( GEOMETRIC_REPRESENTATION_CONTEXT(2) 
PARAMETRIC_REPRESENTATION_CONTEXT() REPRESENTATION_CONTEXT('2D SPACE',''
  ) );
#8560 = PCURVE('',#5439,#8561);
#8561 = DEFINITIONAL_REPRESENTATION('',(#8562),#8566);
#8562 = LINE('',#8563,#8564);
#8563 = CARTESIAN_POINT('',(6.8,0.));
#8564 = VECTOR('',#8565,1.);
#8565 = DIRECTION('',(0.,-1.));
#8566 = ( GEOMETRIC_REPRESENTATION_CONTEXT(2) 
PARAMETRIC_REPRESENTATION_CONTEXT() REPRESENTATION_CONTEXT('2D SPACE',''
  ) );
#8567 = ORIENTED_EDGE('',*,*,#8568,.T.);
#8568 = EDGE_CURVE('',#8546,#6139,#8569,.T.);
#8569 = SURFACE_CURVE('',#8570,(#8574,#8581),.PCURVE_S1.);
#8570 = LINE('',#8571,#8572);
#8571 = CARTESIAN_POINT('',(20.5,31.2,-9.25));
#8572 = VECTOR('',#8573,1.);
#8573 = DIRECTION('',(-3.384826294589E-16,0.,-1.));
#8574 = PCURVE('',#4022,#8575);
#8575 = DEFINITIONAL_REPRESENTATION('',(#8576),#8580);
#8576 = LINE('',#8577,#8578);
#8577 = CARTESIAN_POINT('',(-5.8,19.5));
#8578 = VECTOR('',#8579,1.);
#8579 = DIRECTION('',(0.,1.));
#8580 = ( GEOMETRIC_REPRESENTATION_CONTEXT(2) 
PARAMETRIC_REPRESENTATION_CONTEXT() REPRESENTATION_CONTEXT('2D SPACE',''
  ) );
#8581 = PCURVE('',#412,#8582);
#8582 = DEFINITIONAL_REPRESENTATION('',(#8583),#8587);
#8583 = LINE('',#8584,#8585);
#8584 = CARTESIAN_POINT('',(-6.8,0.));
#8585 = VECTOR('',#8586,1.);
#8586 = DIRECTION('',(-3.384826294589E-16,1.));
#8587 = ( GEOMETRIC_REPRESENTATION_CONTEXT(2) 
PARAMETRIC_REPRESENTATION_CONTEXT() REPRESENTATION_CONTEXT('2D SPACE',''
  ) );
#8588 = ORIENTED_EDGE('',*,*,#6185,.T.);
#8589 = ORIENTED_EDGE('',*,*,#8590,.T.);
#8590 = EDGE_CURVE('',#6163,#6068,#8591,.T.);
#8591 = SURFACE_CURVE('',#8592,(#8596,#8603),.PCURVE_S1.);
#8592 = LINE('',#8593,#8594);
#8593 = CARTESIAN_POINT('',(20.5,28.8,-9.25));
#8594 = VECTOR('',#8595,1.);
#8595 = DIRECTION('',(3.384826294589E-16,0.,1.));
#8596 = PCURVE('',#4022,#8597);
#8597 = DEFINITIONAL_REPRESENTATION('',(#8598),#8602);
#8598 = LINE('',#8599,#8600);
#8599 = CARTESIAN_POINT('',(-8.2,19.5));
#8600 = VECTOR('',#8601,1.);
#8601 = DIRECTION('',(0.,-1.));
#8602 = ( GEOMETRIC_REPRESENTATION_CONTEXT(2) 
PARAMETRIC_REPRESENTATION_CONTEXT() REPRESENTATION_CONTEXT('2D SPACE',''
  ) );
#8603 = PCURVE('',#471,#8604);
#8604 = DEFINITIONAL_REPRESENTATION('',(#8605),#8609);
#8605 = LINE('',#8606,#8607);
#8606 = CARTESIAN_POINT('',(0.,-6.8));
#8607 = VECTOR('',#8608,1.);
#8608 = DIRECTION('',(-1.,3.384826294589E-16));
#8609 = ( GEOMETRIC_REPRESENTATION_CONTEXT(2) 
PARAMETRIC_REPRESENTATION_CONTEXT() REPRESENTATION_CONTEXT('2D SPACE',''
  ) );
#8610 = ORIENTED_EDGE('',*,*,#6114,.T.);
#8611 = ORIENTED_EDGE('',*,*,#8612,.T.);
#8612 = EDGE_CURVE('',#6092,#8613,#8615,.T.);
#8613 = VERTEX_POINT('',#8614);
#8614 = CARTESIAN_POINT('',(20.5,31.2,0.5));
#8615 = SURFACE_CURVE('',#8616,(#8620,#8627),.PCURVE_S1.);
#8616 = LINE('',#8617,#8618);
#8617 = CARTESIAN_POINT('',(20.5,31.2,-9.25));
#8618 = VECTOR('',#8619,1.);
#8619 = DIRECTION('',(-3.384826294589E-16,0.,-1.));
#8620 = PCURVE('',#4022,#8621);
#8621 = DEFINITIONAL_REPRESENTATION('',(#8622),#8626);
#8622 = LINE('',#8623,#8624);
#8623 = CARTESIAN_POINT('',(-5.8,19.5));
#8624 = VECTOR('',#8625,1.);
#8625 = DIRECTION('',(0.,1.));
#8626 = ( GEOMETRIC_REPRESENTATION_CONTEXT(2) 
PARAMETRIC_REPRESENTATION_CONTEXT() REPRESENTATION_CONTEXT('2D SPACE',''
  ) );
#8627 = PCURVE('',#542,#8628);
#8628 = DEFINITIONAL_REPRESENTATION('',(#8629),#8633);
#8629 = LINE('',#8630,#8631);
#8630 = CARTESIAN_POINT('',(-6.8,0.));
#8631 = VECTOR('',#8632,1.);
#8632 = DIRECTION('',(-3.384826294589E-16,1.));
#8633 = ( GEOMETRIC_REPRESENTATION_CONTEXT(2) 
PARAMETRIC_REPRESENTATION_CONTEXT() REPRESENTATION_CONTEXT('2D SPACE',''
  ) );
#8634 = ORIENTED_EDGE('',*,*,#8635,.F.);
#8635 = EDGE_CURVE('',#5340,#8613,#8636,.T.);
#8636 = SURFACE_CURVE('',#8637,(#8641,#8648),.PCURVE_S1.);
#8637 = LINE('',#8638,#8639);
#8638 = CARTESIAN_POINT('',(20.5,32.7,0.5));
#8639 = VECTOR('',#8640,1.);
#8640 = DIRECTION('',(0.,-1.,0.));
#8641 = PCURVE('',#4022,#8642);
#8642 = DEFINITIONAL_REPRESENTATION('',(#8643),#8647);
#8643 = LINE('',#8644,#8645);
#8644 = CARTESIAN_POINT('',(-4.3,9.75));
#8645 = VECTOR('',#8646,1.);
#8646 = DIRECTION('',(-1.,-0.));
#8647 = ( GEOMETRIC_REPRESENTATION_CONTEXT(2) 
PARAMETRIC_REPRESENTATION_CONTEXT() REPRESENTATION_CONTEXT('2D SPACE',''
  ) );
#8648 = PCURVE('',#5385,#8649);
#8649 = DEFINITIONAL_REPRESENTATION('',(#8650),#8654);
#8650 = LINE('',#8651,#8652);
#8651 = CARTESIAN_POINT('',(-6.8,0.));
#8652 = VECTOR('',#8653,1.);
#8653 = DIRECTION('',(0.,-1.));
#8654 = ( GEOMETRIC_REPRESENTATION_CONTEXT(2) 
PARAMETRIC_REPRESENTATION_CONTEXT() REPRESENTATION_CONTEXT('2D SPACE',''
  ) );
#8655 = FACE_BOUND('',#8656,.T.);
#8656 = EDGE_LOOP('',(#8657,#8658,#8659,#8660));
#8657 = ORIENTED_EDGE('',*,*,#7367,.T.);
#8658 = ORIENTED_EDGE('',*,*,#4008,.T.);
#8659 = ORIENTED_EDGE('',*,*,#7191,.T.);
#8660 = ORIENTED_EDGE('',*,*,#8021,.T.);
#8661 = ADVANCED_FACE('',(#8662),#2438,.F.);
#8662 = FACE_BOUND('',#8663,.T.);
#8663 = EDGE_LOOP('',(#8664,#8665,#8666,#8692));
#8664 = ORIENTED_EDGE('',*,*,#2632,.T.);
#8665 = ORIENTED_EDGE('',*,*,#2424,.T.);
#8666 = ORIENTED_EDGE('',*,*,#8667,.F.);
#8667 = EDGE_CURVE('',#2787,#2354,#8668,.T.);
#8668 = SURFACE_CURVE('',#8669,(#8674,#8685),.PCURVE_S1.);
#8669 = CIRCLE('',#8670,10.25);
#8670 = AXIS2_PLACEMENT_3D('',#8671,#8672,#8673);
#8671 = CARTESIAN_POINT('',(-10.25,37.,0.));
#8672 = DIRECTION('',(0.,1.,0.));
#8673 = DIRECTION('',(0.,-0.,1.));
#8674 = PCURVE('',#2438,#8675);
#8675 = DEFINITIONAL_REPRESENTATION('',(#8676),#8684);
#8676 = ( BOUNDED_CURVE() B_SPLINE_CURVE(2,(#8677,#8678,#8679,#8680,
#8681,#8682,#8683),.UNSPECIFIED.,.T.,.F.) B_SPLINE_CURVE_WITH_KNOTS((1,2
    ,2,2,2,1),(-2.094395102393,0.,2.094395102393,4.188790204786,
6.28318530718,8.377580409573),.UNSPECIFIED.) CURVE() 
GEOMETRIC_REPRESENTATION_ITEM() RATIONAL_B_SPLINE_CURVE((1.,0.5,1.,0.5,
1.,0.5,1.)) REPRESENTATION_ITEM('') );
#8677 = CARTESIAN_POINT('',(-10.25,-10.25));
#8678 = CARTESIAN_POINT('',(-10.25,7.503520777581));
#8679 = CARTESIAN_POINT('',(5.125,-1.37323961121));
#8680 = CARTESIAN_POINT('',(20.5,-10.25));
#8681 = CARTESIAN_POINT('',(5.125,-19.12676038879));
#8682 = CARTESIAN_POINT('',(-10.25,-28.00352077758));
#8683 = CARTESIAN_POINT('',(-10.25,-10.25));
#8684 = ( GEOMETRIC_REPRESENTATION_CONTEXT(2) 
PARAMETRIC_REPRESENTATION_CONTEXT() REPRESENTATION_CONTEXT('2D SPACE',''
  ) );
#8685 = PCURVE('',#45,#8686);
#8686 = DEFINITIONAL_REPRESENTATION('',(#8687),#8691);
#8687 = LINE('',#8688,#8689);
#8688 = CARTESIAN_POINT('',(4.712388980385,2.3));
#8689 = VECTOR('',#8690,1.);
#8690 = DIRECTION('',(-1.,0.));
#8691 = ( GEOMETRIC_REPRESENTATION_CONTEXT(2) 
PARAMETRIC_REPRESENTATION_CONTEXT() REPRESENTATION_CONTEXT('2D SPACE',''
  ) );
#8692 = ORIENTED_EDGE('',*,*,#2886,.T.);
#8693 = ADVANCED_FACE('',(#8694),#1361,.F.);
#8694 = FACE_BOUND('',#8695,.T.);
#8695 = EDGE_LOOP('',(#8696,#8697,#8698,#8699));
#8696 = ORIENTED_EDGE('',*,*,#3358,.T.);
#8697 = ORIENTED_EDGE('',*,*,#3226,.T.);
#8698 = ORIENTED_EDGE('',*,*,#1344,.F.);
#8699 = ORIENTED_EDGE('',*,*,#3580,.T.);
#8700 = ADVANCED_FACE('',(#8701),#1592,.F.);
#8701 = FACE_BOUND('',#8702,.T.);
#8702 = EDGE_LOOP('',(#8703,#8704,#8705,#8706,#8707,#8708,#8709,#8735,
    #8736,#8737,#8763,#8764));
#8703 = ORIENTED_EDGE('',*,*,#1575,.F.);
#8704 = ORIENTED_EDGE('',*,*,#4105,.T.);
#8705 = ORIENTED_EDGE('',*,*,#3712,.T.);
#8706 = ORIENTED_EDGE('',*,*,#3986,.T.);
#8707 = ORIENTED_EDGE('',*,*,#4181,.T.);
#8708 = ORIENTED_EDGE('',*,*,#4464,.T.);
#8709 = ORIENTED_EDGE('',*,*,#8710,.F.);
#8710 = EDGE_CURVE('',#8350,#4394,#8711,.T.);
#8711 = SURFACE_CURVE('',#8712,(#8717,#8728),.PCURVE_S1.);
#8712 = CIRCLE('',#8713,10.25);
#8713 = AXIS2_PLACEMENT_3D('',#8714,#8715,#8716);
#8714 = CARTESIAN_POINT('',(-10.25,37.,0.));
#8715 = DIRECTION('',(0.,1.,0.));
#8716 = DIRECTION('',(0.,-0.,1.));
#8717 = PCURVE('',#1592,#8718);
#8718 = DEFINITIONAL_REPRESENTATION('',(#8719),#8727);
#8719 = ( BOUNDED_CURVE() B_SPLINE_CURVE(2,(#8720,#8721,#8722,#8723,
#8724,#8725,#8726),.UNSPECIFIED.,.T.,.F.) B_SPLINE_CURVE_WITH_KNOTS((1,2
    ,2,2,2,1),(-2.094395102393,0.,2.094395102393,4.188790204786,
6.28318530718,8.377580409573),.UNSPECIFIED.) CURVE() 
GEOMETRIC_REPRESENTATION_ITEM() RATIONAL_B_SPLINE_CURVE((1.,0.5,1.,0.5,
1.,0.5,1.)) REPRESENTATION_ITEM('') );
#8720 = CARTESIAN_POINT('',(-10.25,-10.25));
#8721 = CARTESIAN_POINT('',(-10.25,7.503520777581));
#8722 = CARTESIAN_POINT('',(5.125,-1.37323961121));
#8723 = CARTESIAN_POINT('',(20.5,-10.25));
#8724 = CARTESIAN_POINT('',(5.125,-19.12676038879));
#8725 = CARTESIAN_POINT('',(-10.25,-28.00352077758));
#8726 = CARTESIAN_POINT('',(-10.25,-10.25));
#8727 = ( GEOMETRIC_REPRESENTATION_CONTEXT(2) 
PARAMETRIC_REPRESENTATION_CONTEXT() REPRESENTATION_CONTEXT('2D SPACE',''
  ) );
#8728 = PCURVE('',#45,#8729);
#8729 = DEFINITIONAL_REPRESENTATION('',(#8730),#8734);
#8730 = LINE('',#8731,#8732);
#8731 = CARTESIAN_POINT('',(4.712388980385,2.3));
#8732 = VECTOR('',#8733,1.);
#8733 = DIRECTION('',(-1.,0.));
#8734 = ( GEOMETRIC_REPRESENTATION_CONTEXT(2) 
PARAMETRIC_REPRESENTATION_CONTEXT() REPRESENTATION_CONTEXT('2D SPACE',''
  ) );
#8735 = ORIENTED_EDGE('',*,*,#8396,.F.);
#8736 = ORIENTED_EDGE('',*,*,#8493,.F.);
#8737 = ORIENTED_EDGE('',*,*,#8738,.F.);
#8738 = EDGE_CURVE('',#8424,#8471,#8739,.T.);
#8739 = SURFACE_CURVE('',#8740,(#8745,#8756),.PCURVE_S1.);
#8740 = CIRCLE('',#8741,3.315459900581);
#8741 = AXIS2_PLACEMENT_3D('',#8742,#8743,#8744);
#8742 = CARTESIAN_POINT('',(13.320813272184,37.,0.));
#8743 = DIRECTION('',(0.,1.,0.));
#8744 = DIRECTION('',(0.,-0.,1.));
#8745 = PCURVE('',#1592,#8746);
#8746 = DEFINITIONAL_REPRESENTATION('',(#8747),#8755);
#8747 = ( BOUNDED_CURVE() B_SPLINE_CURVE(2,(#8748,#8749,#8750,#8751,
#8752,#8753,#8754),.UNSPECIFIED.,.T.,.F.) B_SPLINE_CURVE_WITH_KNOTS((1,2
    ,2,2,2,1),(-2.094395102393,0.,2.094395102393,4.188790204786,
6.28318530718,8.377580409573),.UNSPECIFIED.) CURVE() 
GEOMETRIC_REPRESENTATION_ITEM() RATIONAL_B_SPLINE_CURVE((1.,0.5,1.,0.5,
1.,0.5,1.)) REPRESENTATION_ITEM('') );
#8748 = CARTESIAN_POINT('',(-3.315459900581,13.320813272184));
#8749 = CARTESIAN_POINT('',(-3.315459900581,19.063358270448));
#8750 = CARTESIAN_POINT('',(1.657729950291,16.192085771316));
#8751 = CARTESIAN_POINT('',(6.630919801162,13.320813272184));
#8752 = CARTESIAN_POINT('',(1.657729950291,10.449540773052));
#8753 = CARTESIAN_POINT('',(-3.315459900581,7.57826827392));
#8754 = CARTESIAN_POINT('',(-3.315459900581,13.320813272184));
#8755 = ( GEOMETRIC_REPRESENTATION_CONTEXT(2) 
PARAMETRIC_REPRESENTATION_CONTEXT() REPRESENTATION_CONTEXT('2D SPACE',''
  ) );
#8756 = PCURVE('',#5184,#8757);
#8757 = DEFINITIONAL_REPRESENTATION('',(#8758),#8762);
#8758 = LINE('',#8759,#8760);
#8759 = CARTESIAN_POINT('',(3.14159265359,2.3));
#8760 = VECTOR('',#8761,1.);
#8761 = DIRECTION('',(-1.,0.));
#8762 = ( GEOMETRIC_REPRESENTATION_CONTEXT(2) 
PARAMETRIC_REPRESENTATION_CONTEXT() REPRESENTATION_CONTEXT('2D SPACE',''
  ) );
#8763 = ORIENTED_EDGE('',*,*,#8423,.F.);
#8764 = ORIENTED_EDGE('',*,*,#8325,.F.);
#8765 = ADVANCED_FACE('',(#8766),#5184,.T.);
#8766 = FACE_BOUND('',#8767,.T.);
#8767 = EDGE_LOOP('',(#8768,#8769,#8770,#8771));
#8768 = ORIENTED_EDGE('',*,*,#8470,.F.);
#8769 = ORIENTED_EDGE('',*,*,#5167,.T.);
#8770 = ORIENTED_EDGE('',*,*,#8446,.T.);
#8771 = ORIENTED_EDGE('',*,*,#8738,.T.);
#8772 = ADVANCED_FACE('',(#8773),#6645,.T.);
#8773 = FACE_BOUND('',#8774,.T.);
#8774 = EDGE_LOOP('',(#8775,#8796,#8797,#8818));
#8775 = ORIENTED_EDGE('',*,*,#8776,.T.);
#8776 = EDGE_CURVE('',#6905,#6543,#8777,.T.);
#8777 = SURFACE_CURVE('',#8778,(#8782,#8789),.PCURVE_S1.);
#8778 = LINE('',#8779,#8780);
#8779 = CARTESIAN_POINT('',(-27.3,28.8,-9.25));
#8780 = VECTOR('',#8781,1.);
#8781 = DIRECTION('',(0.,0.,1.));
#8782 = PCURVE('',#6645,#8783);
#8783 = DEFINITIONAL_REPRESENTATION('',(#8784),#8788);
#8784 = LINE('',#8785,#8786);
#8785 = CARTESIAN_POINT('',(-9.25,28.8));
#8786 = VECTOR('',#8787,1.);
#8787 = DIRECTION('',(1.,0.));
#8788 = ( GEOMETRIC_REPRESENTATION_CONTEXT(2) 
PARAMETRIC_REPRESENTATION_CONTEXT() REPRESENTATION_CONTEXT('2D SPACE',''
  ) );
#8789 = PCURVE('',#726,#8790);
#8790 = DEFINITIONAL_REPRESENTATION('',(#8791),#8795);
#8791 = LINE('',#8792,#8793);
#8792 = CARTESIAN_POINT('',(0.,0.));
#8793 = VECTOR('',#8794,1.);
#8794 = DIRECTION('',(0.,-1.));
#8795 = ( GEOMETRIC_REPRESENTATION_CONTEXT(2) 
PARAMETRIC_REPRESENTATION_CONTEXT() REPRESENTATION_CONTEXT('2D SPACE',''
  ) );
#8796 = ORIENTED_EDGE('',*,*,#6631,.T.);
#8797 = ORIENTED_EDGE('',*,*,#8798,.T.);
#8798 = EDGE_CURVE('',#6604,#6933,#8799,.T.);
#8799 = SURFACE_CURVE('',#8800,(#8804,#8811),.PCURVE_S1.);
#8800 = LINE('',#8801,#8802);
#8801 = CARTESIAN_POINT('',(-27.3,31.2,-9.25));
#8802 = VECTOR('',#8803,1.);
#8803 = DIRECTION('',(0.,0.,-1.));
#8804 = PCURVE('',#6645,#8805);
#8805 = DEFINITIONAL_REPRESENTATION('',(#8806),#8810);
#8806 = LINE('',#8807,#8808);
#8807 = CARTESIAN_POINT('',(-9.25,31.2));
#8808 = VECTOR('',#8809,1.);
#8809 = DIRECTION('',(-1.,0.));
#8810 = ( GEOMETRIC_REPRESENTATION_CONTEXT(2) 
PARAMETRIC_REPRESENTATION_CONTEXT() REPRESENTATION_CONTEXT('2D SPACE',''
  ) );
#8811 = PCURVE('',#793,#8812);
#8812 = DEFINITIONAL_REPRESENTATION('',(#8813),#8817);
#8813 = LINE('',#8814,#8815);
#8814 = CARTESIAN_POINT('',(0.,0.));
#8815 = VECTOR('',#8816,1.);
#8816 = DIRECTION('',(1.,0.));
#8817 = ( GEOMETRIC_REPRESENTATION_CONTEXT(2) 
PARAMETRIC_REPRESENTATION_CONTEXT() REPRESENTATION_CONTEXT('2D SPACE',''
  ) );
#8818 = ORIENTED_EDGE('',*,*,#6932,.T.);
#8819 = ADVANCED_FACE('',(#8820),#6232,.T.);
#8820 = FACE_BOUND('',#8821,.T.);
#8821 = EDGE_LOOP('',(#8822,#8823,#8844,#8845,#8866,#8867));
#8822 = ORIENTED_EDGE('',*,*,#6209,.F.);
#8823 = ORIENTED_EDGE('',*,*,#8824,.T.);
#8824 = EDGE_CURVE('',#6210,#6762,#8825,.T.);
#8825 = SURFACE_CURVE('',#8826,(#8830,#8837),.PCURVE_S1.);
#8826 = LINE('',#8827,#8828);
#8827 = CARTESIAN_POINT('',(-27.3,31.2,-9.25));
#8828 = VECTOR('',#8829,1.);
#8829 = DIRECTION('',(0.,0.,-1.));
#8830 = PCURVE('',#6232,#8831);
#8831 = DEFINITIONAL_REPRESENTATION('',(#8832),#8836);
#8832 = LINE('',#8833,#8834);
#8833 = CARTESIAN_POINT('',(-9.25,31.2));
#8834 = VECTOR('',#8835,1.);
#8835 = DIRECTION('',(-1.,0.));
#8836 = ( GEOMETRIC_REPRESENTATION_CONTEXT(2) 
PARAMETRIC_REPRESENTATION_CONTEXT() REPRESENTATION_CONTEXT('2D SPACE',''
  ) );
#8837 = PCURVE('',#667,#8838);
#8838 = DEFINITIONAL_REPRESENTATION('',(#8839),#8843);
#8839 = LINE('',#8840,#8841);
#8840 = CARTESIAN_POINT('',(0.,0.));
#8841 = VECTOR('',#8842,1.);
#8842 = DIRECTION('',(1.,0.));
#8843 = ( GEOMETRIC_REPRESENTATION_CONTEXT(2) 
PARAMETRIC_REPRESENTATION_CONTEXT() REPRESENTATION_CONTEXT('2D SPACE',''
  ) );
#8844 = ORIENTED_EDGE('',*,*,#6761,.T.);
#8845 = ORIENTED_EDGE('',*,*,#8846,.T.);
#8846 = EDGE_CURVE('',#6734,#6856,#8847,.T.);
#8847 = SURFACE_CURVE('',#8848,(#8852,#8859),.PCURVE_S1.);
#8848 = LINE('',#8849,#8850);
#8849 = CARTESIAN_POINT('',(-27.3,28.8,-9.25));
#8850 = VECTOR('',#8851,1.);
#8851 = DIRECTION('',(0.,0.,1.));
#8852 = PCURVE('',#6232,#8853);
#8853 = DEFINITIONAL_REPRESENTATION('',(#8854),#8858);
#8854 = LINE('',#8855,#8856);
#8855 = CARTESIAN_POINT('',(-9.25,28.8));
#8856 = VECTOR('',#8857,1.);
#8857 = DIRECTION('',(1.,0.));
#8858 = ( GEOMETRIC_REPRESENTATION_CONTEXT(2) 
PARAMETRIC_REPRESENTATION_CONTEXT() REPRESENTATION_CONTEXT('2D SPACE',''
  ) );
#8859 = PCURVE('',#726,#8860);
#8860 = DEFINITIONAL_REPRESENTATION('',(#8861),#8865);
#8861 = LINE('',#8862,#8863);
#8862 = CARTESIAN_POINT('',(0.,0.));
#8863 = VECTOR('',#8864,1.);
#8864 = DIRECTION('',(0.,-1.));
#8865 = ( GEOMETRIC_REPRESENTATION_CONTEXT(2) 
PARAMETRIC_REPRESENTATION_CONTEXT() REPRESENTATION_CONTEXT('2D SPACE',''
  ) );
#8866 = ORIENTED_EDGE('',*,*,#6855,.F.);
#8867 = ORIENTED_EDGE('',*,*,#8868,.T.);
#8868 = EDGE_CURVE('',#6833,#6212,#8869,.T.);
#8869 = SURFACE_CURVE('',#8870,(#8874,#8881),.PCURVE_S1.);
#8870 = LINE('',#8871,#8872);
#8871 = CARTESIAN_POINT('',(-27.3,31.2,-9.25));
#8872 = VECTOR('',#8873,1.);
#8873 = DIRECTION('',(0.,0.,-1.));
#8874 = PCURVE('',#6232,#8875);
#8875 = DEFINITIONAL_REPRESENTATION('',(#8876),#8880);
#8876 = LINE('',#8877,#8878);
#8877 = CARTESIAN_POINT('',(-9.25,31.2));
#8878 = VECTOR('',#8879,1.);
#8879 = DIRECTION('',(-1.,0.));
#8880 = ( GEOMETRIC_REPRESENTATION_CONTEXT(2) 
PARAMETRIC_REPRESENTATION_CONTEXT() REPRESENTATION_CONTEXT('2D SPACE',''
  ) );
#8881 = PCURVE('',#793,#8882);
#8882 = DEFINITIONAL_REPRESENTATION('',(#8883),#8887);
#8883 = LINE('',#8884,#8885);
#8884 = CARTESIAN_POINT('',(0.,0.));
#8885 = VECTOR('',#8886,1.);
#8886 = DIRECTION('',(1.,0.));
#8887 = ( GEOMETRIC_REPRESENTATION_CONTEXT(2) 
PARAMETRIC_REPRESENTATION_CONTEXT() REPRESENTATION_CONTEXT('2D SPACE',''
  ) );
#8888 = ADVANCED_FACE('',(#8889),#726,.F.);
#8889 = FACE_BOUND('',#8890,.T.);
#8890 = EDGE_LOOP('',(#8891,#8892,#8893,#8894,#8895,#8917,#8918,#8919,
    #8920,#8921,#8943,#8944,#8945,#8946,#8947,#8948));
#8891 = ORIENTED_EDGE('',*,*,#7073,.F.);
#8892 = ORIENTED_EDGE('',*,*,#6540,.T.);
#8893 = ORIENTED_EDGE('',*,*,#8776,.F.);
#8894 = ORIENTED_EDGE('',*,*,#6902,.F.);
#8895 = ORIENTED_EDGE('',*,*,#8896,.T.);
#8896 = EDGE_CURVE('',#6903,#810,#8897,.T.);
#8897 = SURFACE_CURVE('',#8898,(#8903,#8910),.PCURVE_S1.);
#8898 = CIRCLE('',#8899,2.1);
#8899 = AXIS2_PLACEMENT_3D('',#8900,#8901,#8902);
#8900 = CARTESIAN_POINT('',(-24.,28.8,5.));
#8901 = DIRECTION('',(0.,1.,0.));
#8902 = DIRECTION('',(0.,-0.,1.));
#8903 = PCURVE('',#726,#8904);
#8904 = DEFINITIONAL_REPRESENTATION('',(#8905),#8909);
#8905 = CIRCLE('',#8906,2.1);
#8906 = AXIS2_PLACEMENT_2D('',#8907,#8908);
#8907 = CARTESIAN_POINT('',(3.3,-14.25));
#8908 = DIRECTION('',(0.,-1.));
#8909 = ( GEOMETRIC_REPRESENTATION_CONTEXT(2) 
PARAMETRIC_REPRESENTATION_CONTEXT() REPRESENTATION_CONTEXT('2D SPACE',''
  ) );
#8910 = PCURVE('',#825,#8911);
#8911 = DEFINITIONAL_REPRESENTATION('',(#8912),#8916);
#8912 = LINE('',#8913,#8914);
#8913 = CARTESIAN_POINT('',(-1.570796326795,4.4));
#8914 = VECTOR('',#8915,1.);
#8915 = DIRECTION('',(1.,0.));
#8916 = ( GEOMETRIC_REPRESENTATION_CONTEXT(2) 
PARAMETRIC_REPRESENTATION_CONTEXT() REPRESENTATION_CONTEXT('2D SPACE',''
  ) );
#8917 = ORIENTED_EDGE('',*,*,#837,.T.);
#8918 = ORIENTED_EDGE('',*,*,#6878,.T.);
#8919 = ORIENTED_EDGE('',*,*,#8846,.F.);
#8920 = ORIENTED_EDGE('',*,*,#6731,.F.);
#8921 = ORIENTED_EDGE('',*,*,#8922,.T.);
#8922 = EDGE_CURVE('',#6732,#684,#8923,.T.);
#8923 = SURFACE_CURVE('',#8924,(#8929,#8936),.PCURVE_S1.);
#8924 = CIRCLE('',#8925,2.1);
#8925 = AXIS2_PLACEMENT_3D('',#8926,#8927,#8928);
#8926 = CARTESIAN_POINT('',(-24.,28.8,-5.));
#8927 = DIRECTION('',(0.,1.,0.));
#8928 = DIRECTION('',(0.,-0.,1.));
#8929 = PCURVE('',#726,#8930);
#8930 = DEFINITIONAL_REPRESENTATION('',(#8931),#8935);
#8931 = CIRCLE('',#8932,2.1);
#8932 = AXIS2_PLACEMENT_2D('',#8933,#8934);
#8933 = CARTESIAN_POINT('',(3.3,-4.25));
#8934 = DIRECTION('',(0.,-1.));
#8935 = ( GEOMETRIC_REPRESENTATION_CONTEXT(2) 
PARAMETRIC_REPRESENTATION_CONTEXT() REPRESENTATION_CONTEXT('2D SPACE',''
  ) );
#8936 = PCURVE('',#699,#8937);
#8937 = DEFINITIONAL_REPRESENTATION('',(#8938),#8942);
#8938 = LINE('',#8939,#8940);
#8939 = CARTESIAN_POINT('',(-1.570796326795,4.4));
#8940 = VECTOR('',#8941,1.);
#8941 = DIRECTION('',(1.,0.));
#8942 = ( GEOMETRIC_REPRESENTATION_CONTEXT(2) 
PARAMETRIC_REPRESENTATION_CONTEXT() REPRESENTATION_CONTEXT('2D SPACE',''
  ) );
#8943 = ORIENTED_EDGE('',*,*,#711,.T.);
#8944 = ORIENTED_EDGE('',*,*,#6707,.T.);
#8945 = ORIENTED_EDGE('',*,*,#7024,.F.);
#8946 = ORIENTED_EDGE('',*,*,#6483,.T.);
#8947 = ORIENTED_EDGE('',*,*,#7120,.T.);
#8948 = ORIENTED_EDGE('',*,*,#8949,.T.);
#8949 = EDGE_CURVE('',#7121,#7074,#8950,.T.);
#8950 = SURFACE_CURVE('',#8951,(#8955,#8962),.PCURVE_S1.);
#8951 = LINE('',#8952,#8953);
#8952 = CARTESIAN_POINT('',(-20.5,28.8,-9.25));
#8953 = VECTOR('',#8954,1.);
#8954 = DIRECTION('',(0.,0.,1.));
#8955 = PCURVE('',#726,#8956);
#8956 = DEFINITIONAL_REPRESENTATION('',(#8957),#8961);
#8957 = LINE('',#8958,#8959);
#8958 = CARTESIAN_POINT('',(6.8,0.));
#8959 = VECTOR('',#8960,1.);
#8960 = DIRECTION('',(0.,-1.));
#8961 = ( GEOMETRIC_REPRESENTATION_CONTEXT(2) 
PARAMETRIC_REPRESENTATION_CONTEXT() REPRESENTATION_CONTEXT('2D SPACE',''
  ) );
#8962 = PCURVE('',#1981,#8963);
#8963 = DEFINITIONAL_REPRESENTATION('',(#8964),#8968);
#8964 = LINE('',#8965,#8966);
#8965 = CARTESIAN_POINT('',(19.5,-8.2));
#8966 = VECTOR('',#8967,1.);
#8967 = DIRECTION('',(-1.,0.));
#8968 = ( GEOMETRIC_REPRESENTATION_CONTEXT(2) 
PARAMETRIC_REPRESENTATION_CONTEXT() REPRESENTATION_CONTEXT('2D SPACE',''
  ) );
#8969 = ADVANCED_FACE('',(#8970),#793,.F.);
#8970 = FACE_BOUND('',#8971,.T.);
#8971 = EDGE_LOOP('',(#8972,#8973,#8974,#8975,#8976,#9002,#9003,#9004,
    #9005,#9006));
#8972 = ORIENTED_EDGE('',*,*,#6348,.F.);
#8973 = ORIENTED_EDGE('',*,*,#8868,.F.);
#8974 = ORIENTED_EDGE('',*,*,#6832,.F.);
#8975 = ORIENTED_EDGE('',*,*,#776,.F.);
#8976 = ORIENTED_EDGE('',*,*,#8977,.F.);
#8977 = EDGE_CURVE('',#6956,#777,#8978,.T.);
#8978 = SURFACE_CURVE('',#8979,(#8984,#8995),.PCURVE_S1.);
#8979 = CIRCLE('',#8980,2.1);
#8980 = AXIS2_PLACEMENT_3D('',#8981,#8982,#8983);
#8981 = CARTESIAN_POINT('',(-24.,31.2,5.));
#8982 = DIRECTION('',(0.,1.,0.));
#8983 = DIRECTION('',(0.,-0.,1.));
#8984 = PCURVE('',#793,#8985);
#8985 = DEFINITIONAL_REPRESENTATION('',(#8986),#8994);
#8986 = ( BOUNDED_CURVE() B_SPLINE_CURVE(2,(#8987,#8988,#8989,#8990,
#8991,#8992,#8993),.UNSPECIFIED.,.T.,.F.) B_SPLINE_CURVE_WITH_KNOTS((1,2
    ,2,2,2,1),(-2.094395102393,0.,2.094395102393,4.188790204786,
6.28318530718,8.377580409573),.UNSPECIFIED.) CURVE() 
GEOMETRIC_REPRESENTATION_ITEM() RATIONAL_B_SPLINE_CURVE((1.,0.5,1.,0.5,
1.,0.5,1.)) REPRESENTATION_ITEM('') );
#8987 = CARTESIAN_POINT('',(-16.35,3.3));
#8988 = CARTESIAN_POINT('',(-16.35,6.937306695895));
#8989 = CARTESIAN_POINT('',(-13.2,5.118653347947));
#8990 = CARTESIAN_POINT('',(-10.05,3.3));
#8991 = CARTESIAN_POINT('',(-13.2,1.481346652053));
#8992 = CARTESIAN_POINT('',(-16.35,-0.337306695895));
#8993 = CARTESIAN_POINT('',(-16.35,3.3));
#8994 = ( GEOMETRIC_REPRESENTATION_CONTEXT(2) 
PARAMETRIC_REPRESENTATION_CONTEXT() REPRESENTATION_CONTEXT('2D SPACE',''
  ) );
#8995 = PCURVE('',#825,#8996);
#8996 = DEFINITIONAL_REPRESENTATION('',(#8997),#9001);
#8997 = LINE('',#8998,#8999);
#8998 = CARTESIAN_POINT('',(-1.570796326795,6.8));
#8999 = VECTOR('',#9000,1.);
#9000 = DIRECTION('',(1.,0.));
#9001 = ( GEOMETRIC_REPRESENTATION_CONTEXT(2) 
PARAMETRIC_REPRESENTATION_CONTEXT() REPRESENTATION_CONTEXT('2D SPACE',''
  ) );
#9002 = ORIENTED_EDGE('',*,*,#6955,.T.);
#9003 = ORIENTED_EDGE('',*,*,#8798,.F.);
#9004 = ORIENTED_EDGE('',*,*,#6603,.T.);
#9005 = ORIENTED_EDGE('',*,*,#7049,.T.);
#9006 = ORIENTED_EDGE('',*,*,#9007,.T.);
#9007 = EDGE_CURVE('',#7050,#6325,#9008,.T.);
#9008 = SURFACE_CURVE('',#9009,(#9013,#9020),.PCURVE_S1.);
#9009 = LINE('',#9010,#9011);
#9010 = CARTESIAN_POINT('',(-20.5,31.2,-9.25));
#9011 = VECTOR('',#9012,1.);
#9012 = DIRECTION('',(0.,0.,-1.));
#9013 = PCURVE('',#793,#9014);
#9014 = DEFINITIONAL_REPRESENTATION('',(#9015),#9019);
#9015 = LINE('',#9016,#9017);
#9016 = CARTESIAN_POINT('',(0.,6.8));
#9017 = VECTOR('',#9018,1.);
#9018 = DIRECTION('',(1.,0.));
#9019 = ( GEOMETRIC_REPRESENTATION_CONTEXT(2) 
PARAMETRIC_REPRESENTATION_CONTEXT() REPRESENTATION_CONTEXT('2D SPACE',''
  ) );
#9020 = PCURVE('',#1981,#9021);
#9021 = DEFINITIONAL_REPRESENTATION('',(#9022),#9026);
#9022 = LINE('',#9023,#9024);
#9023 = CARTESIAN_POINT('',(19.5,-5.8));
#9024 = VECTOR('',#9025,1.);
#9025 = DIRECTION('',(1.,0.));
#9026 = ( GEOMETRIC_REPRESENTATION_CONTEXT(2) 
PARAMETRIC_REPRESENTATION_CONTEXT() REPRESENTATION_CONTEXT('2D SPACE',''
  ) );
#9027 = ADVANCED_FACE('',(#9028),#667,.F.);
#9028 = FACE_BOUND('',#9029,.T.);
#9029 = EDGE_LOOP('',(#9030,#9031,#9052,#9053,#9054,#9055,#9056,#9057,
    #9083,#9084));
#9030 = ORIENTED_EDGE('',*,*,#6372,.F.);
#9031 = ORIENTED_EDGE('',*,*,#9032,.T.);
#9032 = EDGE_CURVE('',#6373,#7145,#9033,.T.);
#9033 = SURFACE_CURVE('',#9034,(#9038,#9045),.PCURVE_S1.);
#9034 = LINE('',#9035,#9036);
#9035 = CARTESIAN_POINT('',(-20.5,31.2,-9.25));
#9036 = VECTOR('',#9037,1.);
#9037 = DIRECTION('',(0.,0.,-1.));
#9038 = PCURVE('',#667,#9039);
#9039 = DEFINITIONAL_REPRESENTATION('',(#9040),#9044);
#9040 = LINE('',#9041,#9042);
#9041 = CARTESIAN_POINT('',(0.,6.8));
#9042 = VECTOR('',#9043,1.);
#9043 = DIRECTION('',(1.,0.));
#9044 = ( GEOMETRIC_REPRESENTATION_CONTEXT(2) 
PARAMETRIC_REPRESENTATION_CONTEXT() REPRESENTATION_CONTEXT('2D SPACE',''
  ) );
#9045 = PCURVE('',#1981,#9046);
#9046 = DEFINITIONAL_REPRESENTATION('',(#9047),#9051);
#9047 = LINE('',#9048,#9049);
#9048 = CARTESIAN_POINT('',(19.5,-5.8));
#9049 = VECTOR('',#9050,1.);
#9050 = DIRECTION('',(1.,0.));
#9051 = ( GEOMETRIC_REPRESENTATION_CONTEXT(2) 
PARAMETRIC_REPRESENTATION_CONTEXT() REPRESENTATION_CONTEXT('2D SPACE',''
  ) );
#9052 = ORIENTED_EDGE('',*,*,#7144,.F.);
#9053 = ORIENTED_EDGE('',*,*,#6420,.T.);
#9054 = ORIENTED_EDGE('',*,*,#7002,.F.);
#9055 = ORIENTED_EDGE('',*,*,#6661,.F.);
#9056 = ORIENTED_EDGE('',*,*,#650,.F.);
#9057 = ORIENTED_EDGE('',*,*,#9058,.F.);
#9058 = EDGE_CURVE('',#6785,#651,#9059,.T.);
#9059 = SURFACE_CURVE('',#9060,(#9065,#9076),.PCURVE_S1.);
#9060 = CIRCLE('',#9061,2.1);
#9061 = AXIS2_PLACEMENT_3D('',#9062,#9063,#9064);
#9062 = CARTESIAN_POINT('',(-24.,31.2,-5.));
#9063 = DIRECTION('',(0.,1.,0.));
#9064 = DIRECTION('',(0.,-0.,1.));
#9065 = PCURVE('',#667,#9066);
#9066 = DEFINITIONAL_REPRESENTATION('',(#9067),#9075);
#9067 = ( BOUNDED_CURVE() B_SPLINE_CURVE(2,(#9068,#9069,#9070,#9071,
#9072,#9073,#9074),.UNSPECIFIED.,.T.,.F.) B_SPLINE_CURVE_WITH_KNOTS((1,2
    ,2,2,2,1),(-2.094395102393,0.,2.094395102393,4.188790204786,
6.28318530718,8.377580409573),.UNSPECIFIED.) CURVE() 
GEOMETRIC_REPRESENTATION_ITEM() RATIONAL_B_SPLINE_CURVE((1.,0.5,1.,0.5,
1.,0.5,1.)) REPRESENTATION_ITEM('') );
#9068 = CARTESIAN_POINT('',(-6.35,3.3));
#9069 = CARTESIAN_POINT('',(-6.35,6.937306695895));
#9070 = CARTESIAN_POINT('',(-3.2,5.118653347947));
#9071 = CARTESIAN_POINT('',(-5.E-02,3.3));
#9072 = CARTESIAN_POINT('',(-3.2,1.481346652053));
#9073 = CARTESIAN_POINT('',(-6.35,-0.337306695895));
#9074 = CARTESIAN_POINT('',(-6.35,3.3));
#9075 = ( GEOMETRIC_REPRESENTATION_CONTEXT(2) 
PARAMETRIC_REPRESENTATION_CONTEXT() REPRESENTATION_CONTEXT('2D SPACE',''
  ) );
#9076 = PCURVE('',#699,#9077);
#9077 = DEFINITIONAL_REPRESENTATION('',(#9078),#9082);
#9078 = LINE('',#9079,#9080);
#9079 = CARTESIAN_POINT('',(-1.570796326795,6.8));
#9080 = VECTOR('',#9081,1.);
#9081 = DIRECTION('',(1.,0.));
#9082 = ( GEOMETRIC_REPRESENTATION_CONTEXT(2) 
PARAMETRIC_REPRESENTATION_CONTEXT() REPRESENTATION_CONTEXT('2D SPACE',''
  ) );
#9083 = ORIENTED_EDGE('',*,*,#6784,.T.);
#9084 = ORIENTED_EDGE('',*,*,#8824,.F.);
#9085 = ADVANCED_FACE('',(#9086),#5501,.T.);
#9086 = FACE_BOUND('',#9087,.T.);
#9087 = EDGE_LOOP('',(#9088,#9109,#9110,#9131));
#9088 = ORIENTED_EDGE('',*,*,#9089,.F.);
#9089 = EDGE_CURVE('',#5486,#5752,#9090,.T.);
#9090 = SURFACE_CURVE('',#9091,(#9095,#9102),.PCURVE_S1.);
#9091 = LINE('',#9092,#9093);
#9092 = CARTESIAN_POINT('',(27.3,28.8,-9.25));
#9093 = VECTOR('',#9094,1.);
#9094 = DIRECTION('',(3.384826294589E-16,0.,1.));
#9095 = PCURVE('',#5501,#9096);
#9096 = DEFINITIONAL_REPRESENTATION('',(#9097),#9101);
#9097 = LINE('',#9098,#9099);
#9098 = CARTESIAN_POINT('',(9.25,28.8));
#9099 = VECTOR('',#9100,1.);
#9100 = DIRECTION('',(-1.,0.));
#9101 = ( GEOMETRIC_REPRESENTATION_CONTEXT(2) 
PARAMETRIC_REPRESENTATION_CONTEXT() REPRESENTATION_CONTEXT('2D SPACE',''
  ) );
#9102 = PCURVE('',#471,#9103);
#9103 = DEFINITIONAL_REPRESENTATION('',(#9104),#9108);
#9104 = LINE('',#9105,#9106);
#9105 = CARTESIAN_POINT('',(0.,0.));
#9106 = VECTOR('',#9107,1.);
#9107 = DIRECTION('',(-1.,3.384826294589E-16));
#9108 = ( GEOMETRIC_REPRESENTATION_CONTEXT(2) 
PARAMETRIC_REPRESENTATION_CONTEXT() REPRESENTATION_CONTEXT('2D SPACE',''
  ) );
#9109 = ORIENTED_EDGE('',*,*,#5485,.T.);
#9110 = ORIENTED_EDGE('',*,*,#9111,.F.);
#9111 = EDGE_CURVE('',#5750,#5455,#9112,.T.);
#9112 = SURFACE_CURVE('',#9113,(#9117,#9124),.PCURVE_S1.);
#9113 = LINE('',#9114,#9115);
#9114 = CARTESIAN_POINT('',(27.3,31.2,-9.25));
#9115 = VECTOR('',#9116,1.);
#9116 = DIRECTION('',(-3.384826294589E-16,0.,-1.));
#9117 = PCURVE('',#5501,#9118);
#9118 = DEFINITIONAL_REPRESENTATION('',(#9119),#9123);
#9119 = LINE('',#9120,#9121);
#9120 = CARTESIAN_POINT('',(9.25,31.2));
#9121 = VECTOR('',#9122,1.);
#9122 = DIRECTION('',(1.,0.));
#9123 = ( GEOMETRIC_REPRESENTATION_CONTEXT(2) 
PARAMETRIC_REPRESENTATION_CONTEXT() REPRESENTATION_CONTEXT('2D SPACE',''
  ) );
#9124 = PCURVE('',#412,#9125);
#9125 = DEFINITIONAL_REPRESENTATION('',(#9126),#9130);
#9126 = LINE('',#9127,#9128);
#9127 = CARTESIAN_POINT('',(0.,0.));
#9128 = VECTOR('',#9129,1.);
#9129 = DIRECTION('',(-3.384826294589E-16,1.));
#9130 = ( GEOMETRIC_REPRESENTATION_CONTEXT(2) 
PARAMETRIC_REPRESENTATION_CONTEXT() REPRESENTATION_CONTEXT('2D SPACE',''
  ) );
#9131 = ORIENTED_EDGE('',*,*,#5749,.T.);
#9132 = ADVANCED_FACE('',(#9133),#471,.T.);
#9133 = FACE_BOUND('',#9134,.T.);
#9134 = EDGE_LOOP('',(#9135,#9136,#9137,#9138,#9139,#9140,#9141,#9142,
    #9143,#9169,#9170,#9171,#9192,#9193,#9219,#9220));
#9135 = ORIENTED_EDGE('',*,*,#6042,.T.);
#9136 = ORIENTED_EDGE('',*,*,#5566,.T.);
#9137 = ORIENTED_EDGE('',*,*,#6067,.T.);
#9138 = ORIENTED_EDGE('',*,*,#8590,.F.);
#9139 = ORIENTED_EDGE('',*,*,#6162,.F.);
#9140 = ORIENTED_EDGE('',*,*,#5513,.T.);
#9141 = ORIENTED_EDGE('',*,*,#9089,.T.);
#9142 = ORIENTED_EDGE('',*,*,#5825,.T.);
#9143 = ORIENTED_EDGE('',*,*,#9144,.T.);
#9144 = EDGE_CURVE('',#5803,#429,#9145,.T.);
#9145 = SURFACE_CURVE('',#9146,(#9151,#9162),.PCURVE_S1.);
#9146 = CIRCLE('',#9147,2.1);
#9147 = AXIS2_PLACEMENT_3D('',#9148,#9149,#9150);
#9148 = CARTESIAN_POINT('',(24.,28.8,-5.));
#9149 = DIRECTION('',(0.,1.,0.));
#9150 = DIRECTION('',(0.,0.,-1.));
#9151 = PCURVE('',#471,#9152);
#9152 = DEFINITIONAL_REPRESENTATION('',(#9153),#9161);
#9153 = ( BOUNDED_CURVE() B_SPLINE_CURVE(2,(#9154,#9155,#9156,#9157,
#9158,#9159,#9160),.UNSPECIFIED.,.T.,.F.) B_SPLINE_CURVE_WITH_KNOTS((1,2
    ,2,2,2,1),(-2.094395102393,0.,2.094395102393,4.188790204786,
6.28318530718,8.377580409573),.UNSPECIFIED.) CURVE() 
GEOMETRIC_REPRESENTATION_ITEM() RATIONAL_B_SPLINE_CURVE((1.,0.5,1.,0.5,
1.,0.5,1.)) REPRESENTATION_ITEM('') );
#9154 = CARTESIAN_POINT('',(-2.15,-3.3));
#9155 = CARTESIAN_POINT('',(-2.15,-6.937306695895));
#9156 = CARTESIAN_POINT('',(-5.3,-5.118653347947));
#9157 = CARTESIAN_POINT('',(-8.45,-3.3));
#9158 = CARTESIAN_POINT('',(-5.3,-1.481346652053));
#9159 = CARTESIAN_POINT('',(-2.15,0.337306695895));
#9160 = CARTESIAN_POINT('',(-2.15,-3.3));
#9161 = ( GEOMETRIC_REPRESENTATION_CONTEXT(2) 
PARAMETRIC_REPRESENTATION_CONTEXT() REPRESENTATION_CONTEXT('2D SPACE',''
  ) );
#9162 = PCURVE('',#444,#9163);
#9163 = DEFINITIONAL_REPRESENTATION('',(#9164),#9168);
#9164 = LINE('',#9165,#9166);
#9165 = CARTESIAN_POINT('',(-1.570796326795,4.4));
#9166 = VECTOR('',#9167,1.);
#9167 = DIRECTION('',(1.,0.));
#9168 = ( GEOMETRIC_REPRESENTATION_CONTEXT(2) 
PARAMETRIC_REPRESENTATION_CONTEXT() REPRESENTATION_CONTEXT('2D SPACE',''
  ) );
#9169 = ORIENTED_EDGE('',*,*,#456,.T.);
#9170 = ORIENTED_EDGE('',*,*,#5678,.F.);
#9171 = ORIENTED_EDGE('',*,*,#9172,.T.);
#9172 = EDGE_CURVE('',#5679,#5923,#9173,.T.);
#9173 = SURFACE_CURVE('',#9174,(#9178,#9185),.PCURVE_S1.);
#9174 = LINE('',#9175,#9176);
#9175 = CARTESIAN_POINT('',(27.3,28.8,-9.25));
#9176 = VECTOR('',#9177,1.);
#9177 = DIRECTION('',(3.384826294589E-16,0.,1.));
#9178 = PCURVE('',#471,#9179);
#9179 = DEFINITIONAL_REPRESENTATION('',(#9180),#9184);
#9180 = LINE('',#9181,#9182);
#9181 = CARTESIAN_POINT('',(0.,0.));
#9182 = VECTOR('',#9183,1.);
#9183 = DIRECTION('',(-1.,3.384826294589E-16));
#9184 = ( GEOMETRIC_REPRESENTATION_CONTEXT(2) 
PARAMETRIC_REPRESENTATION_CONTEXT() REPRESENTATION_CONTEXT('2D SPACE',''
  ) );
#9185 = PCURVE('',#5413,#9186);
#9186 = DEFINITIONAL_REPRESENTATION('',(#9187),#9191);
#9187 = LINE('',#9188,#9189);
#9188 = CARTESIAN_POINT('',(9.25,28.8));
#9189 = VECTOR('',#9190,1.);
#9190 = DIRECTION('',(-1.,0.));
#9191 = ( GEOMETRIC_REPRESENTATION_CONTEXT(2) 
PARAMETRIC_REPRESENTATION_CONTEXT() REPRESENTATION_CONTEXT('2D SPACE',''
  ) );
#9192 = ORIENTED_EDGE('',*,*,#5996,.T.);
#9193 = ORIENTED_EDGE('',*,*,#9194,.T.);
#9194 = EDGE_CURVE('',#5974,#559,#9195,.T.);
#9195 = SURFACE_CURVE('',#9196,(#9201,#9212),.PCURVE_S1.);
#9196 = CIRCLE('',#9197,2.1);
#9197 = AXIS2_PLACEMENT_3D('',#9198,#9199,#9200);
#9198 = CARTESIAN_POINT('',(24.,28.8,5.));
#9199 = DIRECTION('',(0.,1.,0.));
#9200 = DIRECTION('',(0.,0.,-1.));
#9201 = PCURVE('',#471,#9202);
#9202 = DEFINITIONAL_REPRESENTATION('',(#9203),#9211);
#9203 = ( BOUNDED_CURVE() B_SPLINE_CURVE(2,(#9204,#9205,#9206,#9207,
#9208,#9209,#9210),.UNSPECIFIED.,.T.,.F.) B_SPLINE_CURVE_WITH_KNOTS((1,2
    ,2,2,2,1),(-2.094395102393,0.,2.094395102393,4.188790204786,
6.28318530718,8.377580409573),.UNSPECIFIED.) CURVE() 
GEOMETRIC_REPRESENTATION_ITEM() RATIONAL_B_SPLINE_CURVE((1.,0.5,1.,0.5,
1.,0.5,1.)) REPRESENTATION_ITEM('') );
#9204 = CARTESIAN_POINT('',(-12.15,-3.3));
#9205 = CARTESIAN_POINT('',(-12.15,-6.937306695895));
#9206 = CARTESIAN_POINT('',(-15.3,-5.118653347947));
#9207 = CARTESIAN_POINT('',(-18.45,-3.3));
#9208 = CARTESIAN_POINT('',(-15.3,-1.481346652053));
#9209 = CARTESIAN_POINT('',(-12.15,0.337306695895));
#9210 = CARTESIAN_POINT('',(-12.15,-3.3));
#9211 = ( GEOMETRIC_REPRESENTATION_CONTEXT(2) 
PARAMETRIC_REPRESENTATION_CONTEXT() REPRESENTATION_CONTEXT('2D SPACE',''
  ) );
#9212 = PCURVE('',#574,#9213);
#9213 = DEFINITIONAL_REPRESENTATION('',(#9214),#9218);
#9214 = LINE('',#9215,#9216);
#9215 = CARTESIAN_POINT('',(-1.570796326795,4.4));
#9216 = VECTOR('',#9217,1.);
#9217 = DIRECTION('',(1.,0.));
#9218 = ( GEOMETRIC_REPRESENTATION_CONTEXT(2) 
PARAMETRIC_REPRESENTATION_CONTEXT() REPRESENTATION_CONTEXT('2D SPACE',''
  ) );
#9219 = ORIENTED_EDGE('',*,*,#586,.T.);
#9220 = ORIENTED_EDGE('',*,*,#5849,.F.);
#9221 = ADVANCED_FACE('',(#9222),#412,.T.);
#9222 = FACE_BOUND('',#9223,.T.);
#9223 = EDGE_LOOP('',(#9224,#9245,#9266,#9267,#9268,#9294,#9295,#9296,
    #9297,#9298));
#9224 = ORIENTED_EDGE('',*,*,#9225,.T.);
#9225 = EDGE_CURVE('',#8546,#5398,#9226,.T.);
#9226 = SURFACE_CURVE('',#9227,(#9231,#9238),.PCURVE_S1.);
#9227 = LINE('',#9228,#9229);
#9228 = CARTESIAN_POINT('',(27.3,31.2,-0.5));
#9229 = VECTOR('',#9230,1.);
#9230 = DIRECTION('',(1.,0.,-3.384826294589E-16));
#9231 = PCURVE('',#412,#9232);
#9232 = DEFINITIONAL_REPRESENTATION('',(#9233),#9237);
#9233 = LINE('',#9234,#9235);
#9234 = CARTESIAN_POINT('',(0.,-8.75));
#9235 = VECTOR('',#9236,1.);
#9236 = DIRECTION('',(1.,3.384826294589E-16));
#9237 = ( GEOMETRIC_REPRESENTATION_CONTEXT(2) 
PARAMETRIC_REPRESENTATION_CONTEXT() REPRESENTATION_CONTEXT('2D SPACE',''
  ) );
#9238 = PCURVE('',#5439,#9239);
#9239 = DEFINITIONAL_REPRESENTATION('',(#9240),#9244);
#9240 = LINE('',#9241,#9242);
#9241 = CARTESIAN_POINT('',(0.,-1.5));
#9242 = VECTOR('',#9243,1.);
#9243 = DIRECTION('',(-1.,0.));
#9244 = ( GEOMETRIC_REPRESENTATION_CONTEXT(2) 
PARAMETRIC_REPRESENTATION_CONTEXT() REPRESENTATION_CONTEXT('2D SPACE',''
  ) );
#9245 = ORIENTED_EDGE('',*,*,#9246,.T.);
#9246 = EDGE_CURVE('',#5398,#5703,#9247,.T.);
#9247 = SURFACE_CURVE('',#9248,(#9252,#9259),.PCURVE_S1.);
#9248 = LINE('',#9249,#9250);
#9249 = CARTESIAN_POINT('',(27.3,31.2,-9.25));
#9250 = VECTOR('',#9251,1.);
#9251 = DIRECTION('',(-3.384826294589E-16,0.,-1.));
#9252 = PCURVE('',#412,#9253);
#9253 = DEFINITIONAL_REPRESENTATION('',(#9254),#9258);
#9254 = LINE('',#9255,#9256);
#9255 = CARTESIAN_POINT('',(0.,0.));
#9256 = VECTOR('',#9257,1.);
#9257 = DIRECTION('',(-3.384826294589E-16,1.));
#9258 = ( GEOMETRIC_REPRESENTATION_CONTEXT(2) 
PARAMETRIC_REPRESENTATION_CONTEXT() REPRESENTATION_CONTEXT('2D SPACE',''
  ) );
#9259 = PCURVE('',#5413,#9260);
#9260 = DEFINITIONAL_REPRESENTATION('',(#9261),#9265);
#9261 = LINE('',#9262,#9263);
#9262 = CARTESIAN_POINT('',(9.25,31.2));
#9263 = VECTOR('',#9264,1.);
#9264 = DIRECTION('',(1.,0.));
#9265 = ( GEOMETRIC_REPRESENTATION_CONTEXT(2) 
PARAMETRIC_REPRESENTATION_CONTEXT() REPRESENTATION_CONTEXT('2D SPACE',''
  ) );
#9266 = ORIENTED_EDGE('',*,*,#5702,.F.);
#9267 = ORIENTED_EDGE('',*,*,#395,.T.);
#9268 = ORIENTED_EDGE('',*,*,#9269,.T.);
#9269 = EDGE_CURVE('',#396,#5780,#9270,.T.);
#9270 = SURFACE_CURVE('',#9271,(#9276,#9287),.PCURVE_S1.);
#9271 = CIRCLE('',#9272,2.1);
#9272 = AXIS2_PLACEMENT_3D('',#9273,#9274,#9275);
#9273 = CARTESIAN_POINT('',(24.,31.2,-5.));
#9274 = DIRECTION('',(0.,-1.,0.));
#9275 = DIRECTION('',(0.,0.,1.));
#9276 = PCURVE('',#412,#9277);
#9277 = DEFINITIONAL_REPRESENTATION('',(#9278),#9286);
#9278 = ( BOUNDED_CURVE() B_SPLINE_CURVE(2,(#9279,#9280,#9281,#9282,
#9283,#9284,#9285),.UNSPECIFIED.,.T.,.F.) B_SPLINE_CURVE_WITH_KNOTS((1,2
    ,2,2,2,1),(-2.094395102393,0.,2.094395102393,4.188790204786,
6.28318530718,8.377580409573),.UNSPECIFIED.) CURVE() 
GEOMETRIC_REPRESENTATION_ITEM() RATIONAL_B_SPLINE_CURVE((1.,0.5,1.,0.5,
1.,0.5,1.)) REPRESENTATION_ITEM('') );
#9279 = CARTESIAN_POINT('',(-3.3,-6.35));
#9280 = CARTESIAN_POINT('',(-6.937306695895,-6.35));
#9281 = CARTESIAN_POINT('',(-5.118653347947,-3.2));
#9282 = CARTESIAN_POINT('',(-3.3,-5.E-02));
#9283 = CARTESIAN_POINT('',(-1.481346652053,-3.2));
#9284 = CARTESIAN_POINT('',(0.337306695895,-6.35));
#9285 = CARTESIAN_POINT('',(-3.3,-6.35));
#9286 = ( GEOMETRIC_REPRESENTATION_CONTEXT(2) 
PARAMETRIC_REPRESENTATION_CONTEXT() REPRESENTATION_CONTEXT('2D SPACE',''
  ) );
#9287 = PCURVE('',#444,#9288);
#9288 = DEFINITIONAL_REPRESENTATION('',(#9289),#9293);
#9289 = LINE('',#9290,#9291);
#9290 = CARTESIAN_POINT('',(7.853981633974,6.8));
#9291 = VECTOR('',#9292,1.);
#9292 = DIRECTION('',(-1.,0.));
#9293 = ( GEOMETRIC_REPRESENTATION_CONTEXT(2) 
PARAMETRIC_REPRESENTATION_CONTEXT() REPRESENTATION_CONTEXT('2D SPACE',''
  ) );
#9294 = ORIENTED_EDGE('',*,*,#5779,.T.);
#9295 = ORIENTED_EDGE('',*,*,#9111,.T.);
#9296 = ORIENTED_EDGE('',*,*,#5454,.T.);
#9297 = ORIENTED_EDGE('',*,*,#6138,.T.);
#9298 = ORIENTED_EDGE('',*,*,#8568,.F.);
#9299 = ADVANCED_FACE('',(#9300),#542,.T.);
#9300 = FACE_BOUND('',#9301,.T.);
#9301 = EDGE_LOOP('',(#9302,#9323,#9324,#9325,#9326,#9327,#9328,#9329,
    #9355,#9356));
#9302 = ORIENTED_EDGE('',*,*,#9303,.T.);
#9303 = EDGE_CURVE('',#5370,#8613,#9304,.T.);
#9304 = SURFACE_CURVE('',#9305,(#9309,#9316),.PCURVE_S1.);
#9305 = LINE('',#9306,#9307);
#9306 = CARTESIAN_POINT('',(27.3,31.2,0.5));
#9307 = VECTOR('',#9308,1.);
#9308 = DIRECTION('',(-1.,0.,3.384826294589E-16));
#9309 = PCURVE('',#542,#9310);
#9310 = DEFINITIONAL_REPRESENTATION('',(#9311),#9315);
#9311 = LINE('',#9312,#9313);
#9312 = CARTESIAN_POINT('',(0.,-9.75));
#9313 = VECTOR('',#9314,1.);
#9314 = DIRECTION('',(-1.,-3.384826294589E-16));
#9315 = ( GEOMETRIC_REPRESENTATION_CONTEXT(2) 
PARAMETRIC_REPRESENTATION_CONTEXT() REPRESENTATION_CONTEXT('2D SPACE',''
  ) );
#9316 = PCURVE('',#5385,#9317);
#9317 = DEFINITIONAL_REPRESENTATION('',(#9318),#9322);
#9318 = LINE('',#9319,#9320);
#9319 = CARTESIAN_POINT('',(0.,-1.5));
#9320 = VECTOR('',#9321,1.);
#9321 = DIRECTION('',(-1.,0.));
#9322 = ( GEOMETRIC_REPRESENTATION_CONTEXT(2) 
PARAMETRIC_REPRESENTATION_CONTEXT() REPRESENTATION_CONTEXT('2D SPACE',''
  ) );
#9323 = ORIENTED_EDGE('',*,*,#8612,.F.);
#9324 = ORIENTED_EDGE('',*,*,#6091,.F.);
#9325 = ORIENTED_EDGE('',*,*,#5625,.T.);
#9326 = ORIENTED_EDGE('',*,*,#6020,.T.);
#9327 = ORIENTED_EDGE('',*,*,#5873,.F.);
#9328 = ORIENTED_EDGE('',*,*,#525,.T.);
#9329 = ORIENTED_EDGE('',*,*,#9330,.T.);
#9330 = EDGE_CURVE('',#526,#5951,#9331,.T.);
#9331 = SURFACE_CURVE('',#9332,(#9337,#9348),.PCURVE_S1.);
#9332 = CIRCLE('',#9333,2.1);
#9333 = AXIS2_PLACEMENT_3D('',#9334,#9335,#9336);
#9334 = CARTESIAN_POINT('',(24.,31.2,5.));
#9335 = DIRECTION('',(0.,-1.,0.));
#9336 = DIRECTION('',(0.,0.,1.));
#9337 = PCURVE('',#542,#9338);
#9338 = DEFINITIONAL_REPRESENTATION('',(#9339),#9347);
#9339 = ( BOUNDED_CURVE() B_SPLINE_CURVE(2,(#9340,#9341,#9342,#9343,
#9344,#9345,#9346),.UNSPECIFIED.,.T.,.F.) B_SPLINE_CURVE_WITH_KNOTS((1,2
    ,2,2,2,1),(-2.094395102393,0.,2.094395102393,4.188790204786,
6.28318530718,8.377580409573),.UNSPECIFIED.) CURVE() 
GEOMETRIC_REPRESENTATION_ITEM() RATIONAL_B_SPLINE_CURVE((1.,0.5,1.,0.5,
1.,0.5,1.)) REPRESENTATION_ITEM('') );
#9340 = CARTESIAN_POINT('',(-3.3,-16.35));
#9341 = CARTESIAN_POINT('',(-6.937306695895,-16.35));
#9342 = CARTESIAN_POINT('',(-5.118653347947,-13.2));
#9343 = CARTESIAN_POINT('',(-3.3,-10.05));
#9344 = CARTESIAN_POINT('',(-1.481346652053,-13.2));
#9345 = CARTESIAN_POINT('',(0.337306695895,-16.35));
#9346 = CARTESIAN_POINT('',(-3.3,-16.35));
#9347 = ( GEOMETRIC_REPRESENTATION_CONTEXT(2) 
PARAMETRIC_REPRESENTATION_CONTEXT() REPRESENTATION_CONTEXT('2D SPACE',''
  ) );
#9348 = PCURVE('',#574,#9349);
#9349 = DEFINITIONAL_REPRESENTATION('',(#9350),#9354);
#9350 = LINE('',#9351,#9352);
#9351 = CARTESIAN_POINT('',(7.853981633974,6.8));
#9352 = VECTOR('',#9353,1.);
#9353 = DIRECTION('',(-1.,0.));
#9354 = ( GEOMETRIC_REPRESENTATION_CONTEXT(2) 
PARAMETRIC_REPRESENTATION_CONTEXT() REPRESENTATION_CONTEXT('2D SPACE',''
  ) );
#9355 = ORIENTED_EDGE('',*,*,#5950,.T.);
#9356 = ORIENTED_EDGE('',*,*,#9357,.T.);
#9357 = EDGE_CURVE('',#5921,#5370,#9358,.T.);
#9358 = SURFACE_CURVE('',#9359,(#9363,#9370),.PCURVE_S1.);
#9359 = LINE('',#9360,#9361);
#9360 = CARTESIAN_POINT('',(27.3,31.2,-9.25));
#9361 = VECTOR('',#9362,1.);
#9362 = DIRECTION('',(-3.384826294589E-16,0.,-1.));
#9363 = PCURVE('',#542,#9364);
#9364 = DEFINITIONAL_REPRESENTATION('',(#9365),#9369);
#9365 = LINE('',#9366,#9367);
#9366 = CARTESIAN_POINT('',(0.,0.));
#9367 = VECTOR('',#9368,1.);
#9368 = DIRECTION('',(-3.384826294589E-16,1.));
#9369 = ( GEOMETRIC_REPRESENTATION_CONTEXT(2) 
PARAMETRIC_REPRESENTATION_CONTEXT() REPRESENTATION_CONTEXT('2D SPACE',''
  ) );
#9370 = PCURVE('',#5413,#9371);
#9371 = DEFINITIONAL_REPRESENTATION('',(#9372),#9376);
#9372 = LINE('',#9373,#9374);
#9373 = CARTESIAN_POINT('',(9.25,31.2));
#9374 = VECTOR('',#9375,1.);
#9375 = DIRECTION('',(1.,0.));
#9376 = ( GEOMETRIC_REPRESENTATION_CONTEXT(2) 
PARAMETRIC_REPRESENTATION_CONTEXT() REPRESENTATION_CONTEXT('2D SPACE',''
  ) );
#9377 = ADVANCED_FACE('',(#9378),#5439,.T.);
#9378 = FACE_BOUND('',#9379,.T.);
#9379 = EDGE_LOOP('',(#9380,#9381,#9382));
#9380 = ORIENTED_EDGE('',*,*,#8545,.F.);
#9381 = ORIENTED_EDGE('',*,*,#5425,.T.);
#9382 = ORIENTED_EDGE('',*,*,#9225,.F.);
#9383 = ADVANCED_FACE('',(#9384),#5385,.T.);
#9384 = FACE_BOUND('',#9385,.T.);
#9385 = EDGE_LOOP('',(#9386,#9387,#9388));
#9386 = ORIENTED_EDGE('',*,*,#9303,.F.);
#9387 = ORIENTED_EDGE('',*,*,#5369,.T.);
#9388 = ORIENTED_EDGE('',*,*,#8635,.T.);
#9389 = ADVANCED_FACE('',(#9390),#5413,.T.);
#9390 = FACE_BOUND('',#9391,.T.);
#9391 = EDGE_LOOP('',(#9392,#9393,#9394,#9395,#9396,#9397));
#9392 = ORIENTED_EDGE('',*,*,#9246,.F.);
#9393 = ORIENTED_EDGE('',*,*,#5397,.T.);
#9394 = ORIENTED_EDGE('',*,*,#9357,.F.);
#9395 = ORIENTED_EDGE('',*,*,#5920,.T.);
#9396 = ORIENTED_EDGE('',*,*,#9172,.F.);
#9397 = ORIENTED_EDGE('',*,*,#5725,.F.);
#9398 = ADVANCED_FACE('',(#9399,#9409,#9415),#1981,.F.);
#9399 = FACE_BOUND('',#9400,.T.);
#9400 = EDGE_LOOP('',(#9401,#9402,#9403,#9404,#9405,#9406,#9407,#9408));
#9401 = ORIENTED_EDGE('',*,*,#6396,.F.);
#9402 = ORIENTED_EDGE('',*,*,#6272,.F.);
#9403 = ORIENTED_EDGE('',*,*,#6324,.T.);
#9404 = ORIENTED_EDGE('',*,*,#9007,.F.);
#9405 = ORIENTED_EDGE('',*,*,#7096,.F.);
#9406 = ORIENTED_EDGE('',*,*,#8949,.F.);
#9407 = ORIENTED_EDGE('',*,*,#7167,.F.);
#9408 = ORIENTED_EDGE('',*,*,#9032,.F.);
#9409 = FACE_BOUND('',#9410,.T.);
#9410 = EDGE_LOOP('',(#9411,#9412,#9413,#9414));
#9411 = ORIENTED_EDGE('',*,*,#2220,.F.);
#9412 = ORIENTED_EDGE('',*,*,#1958,.F.);
#9413 = ORIENTED_EDGE('',*,*,#2073,.F.);
#9414 = ORIENTED_EDGE('',*,*,#2149,.F.);
#9415 = FACE_BOUND('',#9416,.T.);
#9416 = EDGE_LOOP('',(#9417,#9418,#9419,#9420,#9421,#9422,#9423));
#9417 = ORIENTED_EDGE('',*,*,#7514,.T.);
#9418 = ORIENTED_EDGE('',*,*,#3558,.T.);
#9419 = ORIENTED_EDGE('',*,*,#3605,.T.);
#9420 = ORIENTED_EDGE('',*,*,#2453,.T.);
#9421 = ORIENTED_EDGE('',*,*,#2330,.T.);
#9422 = ORIENTED_EDGE('',*,*,#7637,.T.);
#9423 = ORIENTED_EDGE('',*,*,#7779,.T.);
#9424 = ADVANCED_FACE('',(#9425,#9431),#1775,.F.);
#9425 = FACE_BOUND('',#9426,.T.);
#9426 = EDGE_LOOP('',(#9427,#9428,#9429,#9430));
#9427 = ORIENTED_EDGE('',*,*,#1931,.F.);
#9428 = ORIENTED_EDGE('',*,*,#1757,.F.);
#9429 = ORIENTED_EDGE('',*,*,#1833,.F.);
#9430 = ORIENTED_EDGE('',*,*,#1882,.F.);
#9431 = FACE_BOUND('',#9432,.T.);
#9432 = EDGE_LOOP('',(#9433,#9434,#9435,#9436));
#9433 = ORIENTED_EDGE('',*,*,#2242,.T.);
#9434 = ORIENTED_EDGE('',*,*,#2173,.T.);
#9435 = ORIENTED_EDGE('',*,*,#2097,.T.);
#9436 = ORIENTED_EDGE('',*,*,#2021,.T.);
#9437 = ADVANCED_FACE('',(#9438),#45,.T.);
#9438 = FACE_BOUND('',#9439,.T.);
#9439 = EDGE_LOOP('',(#9440,#9441,#9442,#9443,#9444,#9445,#9446,#9447));
#9440 = ORIENTED_EDGE('',*,*,#1222,.F.);
#9441 = ORIENTED_EDGE('',*,*,#21,.T.);
#9442 = ORIENTED_EDGE('',*,*,#8349,.T.);
#9443 = ORIENTED_EDGE('',*,*,#8710,.T.);
#9444 = ORIENTED_EDGE('',*,*,#4613,.T.);
#9445 = ORIENTED_EDGE('',*,*,#2910,.T.);
#9446 = ORIENTED_EDGE('',*,*,#8667,.T.);
#9447 = ORIENTED_EDGE('',*,*,#2556,.T.);
#9448 = ADVANCED_FACE('',(#9449),#1133,.T.);
#9449 = FACE_BOUND('',#9450,.T.);
#9450 = EDGE_LOOP('',(#9451,#9452,#9453,#9454));
#9451 = ORIENTED_EDGE('',*,*,#1117,.F.);
#9452 = ORIENTED_EDGE('',*,*,#8220,.F.);
#9453 = ORIENTED_EDGE('',*,*,#1169,.T.);
#9454 = ORIENTED_EDGE('',*,*,#8246,.T.);
#9455 = ADVANCED_FACE('',(#9456),#1021,.T.);
#9456 = FACE_BOUND('',#9457,.T.);
#9457 = EDGE_LOOP('',(#9458,#9459,#9460,#9461));
#9458 = ORIENTED_EDGE('',*,*,#1005,.F.);
#9459 = ORIENTED_EDGE('',*,*,#8169,.F.);
#9460 = ORIENTED_EDGE('',*,*,#1062,.T.);
#9461 = ORIENTED_EDGE('',*,*,#8195,.T.);
#9462 = ADVANCED_FACE('',(#9463),#909,.T.);
#9463 = FACE_BOUND('',#9464,.T.);
#9464 = EDGE_LOOP('',(#9465,#9466,#9467,#9468));
#9465 = ORIENTED_EDGE('',*,*,#893,.F.);
#9466 = ORIENTED_EDGE('',*,*,#8093,.F.);
#9467 = ORIENTED_EDGE('',*,*,#950,.T.);
#9468 = ORIENTED_EDGE('',*,*,#8144,.T.);
#9469 = ADVANCED_FACE('',(#9470),#825,.F.);
#9470 = FACE_BOUND('',#9471,.F.);
#9471 = EDGE_LOOP('',(#9472,#9473,#9474,#9475));
#9472 = ORIENTED_EDGE('',*,*,#8977,.F.);
#9473 = ORIENTED_EDGE('',*,*,#6978,.F.);
#9474 = ORIENTED_EDGE('',*,*,#8896,.T.);
#9475 = ORIENTED_EDGE('',*,*,#809,.T.);
#9476 = ADVANCED_FACE('',(#9477),#699,.F.);
#9477 = FACE_BOUND('',#9478,.F.);
#9478 = EDGE_LOOP('',(#9479,#9480,#9481,#9482));
#9479 = ORIENTED_EDGE('',*,*,#9058,.F.);
#9480 = ORIENTED_EDGE('',*,*,#6807,.F.);
#9481 = ORIENTED_EDGE('',*,*,#8922,.T.);
#9482 = ORIENTED_EDGE('',*,*,#683,.T.);
#9483 = ADVANCED_FACE('',(#9484),#574,.F.);
#9484 = FACE_BOUND('',#9485,.F.);
#9485 = EDGE_LOOP('',(#9486,#9487,#9488,#9489));
#9486 = ORIENTED_EDGE('',*,*,#9330,.T.);
#9487 = ORIENTED_EDGE('',*,*,#5973,.F.);
#9488 = ORIENTED_EDGE('',*,*,#9194,.T.);
#9489 = ORIENTED_EDGE('',*,*,#558,.T.);
#9490 = ADVANCED_FACE('',(#9491),#444,.F.);
#9491 = FACE_BOUND('',#9492,.F.);
#9492 = EDGE_LOOP('',(#9493,#9494,#9495,#9496));
#9493 = ORIENTED_EDGE('',*,*,#9269,.T.);
#9494 = ORIENTED_EDGE('',*,*,#5802,.F.);
#9495 = ORIENTED_EDGE('',*,*,#9144,.T.);
#9496 = ORIENTED_EDGE('',*,*,#428,.T.);
#9497 = ADVANCED_FACE('',(#9498),#266,.F.);
#9498 = FACE_BOUND('',#9499,.F.);
#9499 = EDGE_LOOP('',(#9500,#9501,#9502,#9503));
#9500 = ORIENTED_EDGE('',*,*,#8068,.F.);
#9501 = ORIENTED_EDGE('',*,*,#243,.F.);
#9502 = ORIENTED_EDGE('',*,*,#5313,.T.);
#9503 = ORIENTED_EDGE('',*,*,#307,.T.);
#9504 = ADVANCED_FACE('',(#9505),#74,.T.);
#9505 = FACE_BOUND('',#9506,.T.);
#9506 = EDGE_LOOP('',(#9507,#9508,#9509,#9510));
#9507 = ORIENTED_EDGE('',*,*,#57,.F.);
#9508 = ORIENTED_EDGE('',*,*,#1193,.F.);
#9509 = ORIENTED_EDGE('',*,*,#4941,.F.);
#9510 = ORIENTED_EDGE('',*,*,#8275,.F.);
#9511 = MANIFOLD_SOLID_BREP('',#9512);
#9512 = CLOSED_SHELL('',(#9513,#9630,#9656,#9682));
#9513 = ADVANCED_FACE('',(#9514),#9529,.T.);
#9514 = FACE_BOUND('',#9515,.T.);
#9515 = EDGE_LOOP('',(#9516,#9552,#9580,#9609));
#9516 = ORIENTED_EDGE('',*,*,#9517,.F.);
#9517 = EDGE_CURVE('',#9518,#9520,#9522,.T.);
#9518 = VERTEX_POINT('',#9519);
#9519 = CARTESIAN_POINT('',(-28.5,5.299954654104,-0.75));
#9520 = VERTEX_POINT('',#9521);
#9521 = CARTESIAN_POINT('',(-28.5,5.299954654104,-2.25));
#9522 = SURFACE_CURVE('',#9523,(#9528,#9540),.PCURVE_S1.);
#9523 = CIRCLE('',#9524,0.75);
#9524 = AXIS2_PLACEMENT_3D('',#9525,#9526,#9527);
#9525 = CARTESIAN_POINT('',(-28.5,5.299954654104,-1.5));
#9526 = DIRECTION('',(-1.,0.,0.));
#9527 = DIRECTION('',(0.,0.,1.));
#9528 = PCURVE('',#9529,#9534);
#9529 = CYLINDRICAL_SURFACE('',#9530,0.75);
#9530 = AXIS2_PLACEMENT_3D('',#9531,#9532,#9533);
#9531 = CARTESIAN_POINT('',(-28.5,5.299954654104,-1.5));
#9532 = DIRECTION('',(1.,0.,0.));
#9533 = DIRECTION('',(0.,0.,-1.));
#9534 = DEFINITIONAL_REPRESENTATION('',(#9535),#9539);
#9535 = LINE('',#9536,#9537);
#9536 = CARTESIAN_POINT('',(3.14159265359,0.));
#9537 = VECTOR('',#9538,1.);
#9538 = DIRECTION('',(-1.,0.));
#9539 = ( GEOMETRIC_REPRESENTATION_CONTEXT(2) 
PARAMETRIC_REPRESENTATION_CONTEXT() REPRESENTATION_CONTEXT('2D SPACE',''
  ) );
#9540 = PCURVE('',#9541,#9546);
#9541 = PLANE('',#9542);
#9542 = AXIS2_PLACEMENT_3D('',#9543,#9544,#9545);
#9543 = CARTESIAN_POINT('',(-28.5,0.,0.));
#9544 = DIRECTION('',(-1.,0.,0.));
#9545 = DIRECTION('',(0.,0.,1.));
#9546 = DEFINITIONAL_REPRESENTATION('',(#9547),#9551);
#9547 = CIRCLE('',#9548,0.75);
#9548 = AXIS2_PLACEMENT_2D('',#9549,#9550);
#9549 = CARTESIAN_POINT('',(-1.5,5.299954654104));
#9550 = DIRECTION('',(1.,0.));
#9551 = ( GEOMETRIC_REPRESENTATION_CONTEXT(2) 
PARAMETRIC_REPRESENTATION_CONTEXT() REPRESENTATION_CONTEXT('2D SPACE',''
  ) );
#9552 = ORIENTED_EDGE('',*,*,#9553,.T.);
#9553 = EDGE_CURVE('',#9518,#9554,#9556,.T.);
#9554 = VERTEX_POINT('',#9555);
#9555 = CARTESIAN_POINT('',(-25.5,5.299954654104,-0.75));
#9556 = SURFACE_CURVE('',#9557,(#9561,#9568),.PCURVE_S1.);
#9557 = LINE('',#9558,#9559);
#9558 = CARTESIAN_POINT('',(-28.5,5.299954654104,-0.75));
#9559 = VECTOR('',#9560,1.);
#9560 = DIRECTION('',(1.,0.,0.));
#9561 = PCURVE('',#9529,#9562);
#9562 = DEFINITIONAL_REPRESENTATION('',(#9563),#9567);
#9563 = LINE('',#9564,#9565);
#9564 = CARTESIAN_POINT('',(3.14159265359,0.));
#9565 = VECTOR('',#9566,1.);
#9566 = DIRECTION('',(0.,1.));
#9567 = ( GEOMETRIC_REPRESENTATION_CONTEXT(2) 
PARAMETRIC_REPRESENTATION_CONTEXT() REPRESENTATION_CONTEXT('2D SPACE',''
  ) );
#9568 = PCURVE('',#9569,#9574);
#9569 = CYLINDRICAL_SURFACE('',#9570,0.75);
#9570 = AXIS2_PLACEMENT_3D('',#9571,#9572,#9573);
#9571 = CARTESIAN_POINT('',(-28.5,5.299954654104,-1.5));
#9572 = DIRECTION('',(1.,0.,0.));
#9573 = DIRECTION('',(0.,0.,-1.));
#9574 = DEFINITIONAL_REPRESENTATION('',(#9575),#9579);
#9575 = LINE('',#9576,#9577);
#9576 = CARTESIAN_POINT('',(3.14159265359,0.));
#9577 = VECTOR('',#9578,1.);
#9578 = DIRECTION('',(0.,1.));
#9579 = ( GEOMETRIC_REPRESENTATION_CONTEXT(2) 
PARAMETRIC_REPRESENTATION_CONTEXT() REPRESENTATION_CONTEXT('2D SPACE',''
  ) );
#9580 = ORIENTED_EDGE('',*,*,#9581,.T.);
#9581 = EDGE_CURVE('',#9554,#9582,#9584,.T.);
#9582 = VERTEX_POINT('',#9583);
#9583 = CARTESIAN_POINT('',(-25.5,5.299954654104,-2.25));
#9584 = SURFACE_CURVE('',#9585,(#9590,#9597),.PCURVE_S1.);
#9585 = CIRCLE('',#9586,0.75);
#9586 = AXIS2_PLACEMENT_3D('',#9587,#9588,#9589);
#9587 = CARTESIAN_POINT('',(-25.5,5.299954654104,-1.5));
#9588 = DIRECTION('',(-1.,0.,0.));
#9589 = DIRECTION('',(0.,0.,1.));
#9590 = PCURVE('',#9529,#9591);
#9591 = DEFINITIONAL_REPRESENTATION('',(#9592),#9596);
#9592 = LINE('',#9593,#9594);
#9593 = CARTESIAN_POINT('',(3.14159265359,3.));
#9594 = VECTOR('',#9595,1.);
#9595 = DIRECTION('',(-1.,0.));
#9596 = ( GEOMETRIC_REPRESENTATION_CONTEXT(2) 
PARAMETRIC_REPRESENTATION_CONTEXT() REPRESENTATION_CONTEXT('2D SPACE',''
  ) );
#9597 = PCURVE('',#9598,#9603);
#9598 = PLANE('',#9599);
#9599 = AXIS2_PLACEMENT_3D('',#9600,#9601,#9602);
#9600 = CARTESIAN_POINT('',(-25.5,0.,0.));
#9601 = DIRECTION('',(-1.,0.,0.));
#9602 = DIRECTION('',(0.,0.,1.));
#9603 = DEFINITIONAL_REPRESENTATION('',(#9604),#9608);
#9604 = CIRCLE('',#9605,0.75);
#9605 = AXIS2_PLACEMENT_2D('',#9606,#9607);
#9606 = CARTESIAN_POINT('',(-1.5,5.299954654104));
#9607 = DIRECTION('',(1.,0.));
#9608 = ( GEOMETRIC_REPRESENTATION_CONTEXT(2) 
PARAMETRIC_REPRESENTATION_CONTEXT() REPRESENTATION_CONTEXT('2D SPACE',''
  ) );
#9609 = ORIENTED_EDGE('',*,*,#9610,.F.);
#9610 = EDGE_CURVE('',#9520,#9582,#9611,.T.);
#9611 = SURFACE_CURVE('',#9612,(#9616,#9623),.PCURVE_S1.);
#9612 = LINE('',#9613,#9614);
#9613 = CARTESIAN_POINT('',(-28.5,5.299954654104,-2.25));
#9614 = VECTOR('',#9615,1.);
#9615 = DIRECTION('',(1.,0.,0.));
#9616 = PCURVE('',#9529,#9617);
#9617 = DEFINITIONAL_REPRESENTATION('',(#9618),#9622);
#9618 = LINE('',#9619,#9620);
#9619 = CARTESIAN_POINT('',(0.,0.));
#9620 = VECTOR('',#9621,1.);
#9621 = DIRECTION('',(0.,1.));
#9622 = ( GEOMETRIC_REPRESENTATION_CONTEXT(2) 
PARAMETRIC_REPRESENTATION_CONTEXT() REPRESENTATION_CONTEXT('2D SPACE',''
  ) );
#9623 = PCURVE('',#9569,#9624);
#9624 = DEFINITIONAL_REPRESENTATION('',(#9625),#9629);
#9625 = LINE('',#9626,#9627);
#9626 = CARTESIAN_POINT('',(6.28318530718,0.));
#9627 = VECTOR('',#9628,1.);
#9628 = DIRECTION('',(0.,1.));
#9629 = ( GEOMETRIC_REPRESENTATION_CONTEXT(2) 
PARAMETRIC_REPRESENTATION_CONTEXT() REPRESENTATION_CONTEXT('2D SPACE',''
  ) );
#9630 = ADVANCED_FACE('',(#9631),#9598,.F.);
#9631 = FACE_BOUND('',#9632,.T.);
#9632 = EDGE_LOOP('',(#9633,#9655));
#9633 = ORIENTED_EDGE('',*,*,#9634,.F.);
#9634 = EDGE_CURVE('',#9582,#9554,#9635,.T.);
#9635 = SURFACE_CURVE('',#9636,(#9641,#9648),.PCURVE_S1.);
#9636 = CIRCLE('',#9637,0.75);
#9637 = AXIS2_PLACEMENT_3D('',#9638,#9639,#9640);
#9638 = CARTESIAN_POINT('',(-25.5,5.299954654104,-1.5));
#9639 = DIRECTION('',(-1.,0.,0.));
#9640 = DIRECTION('',(0.,0.,1.));
#9641 = PCURVE('',#9598,#9642);
#9642 = DEFINITIONAL_REPRESENTATION('',(#9643),#9647);
#9643 = CIRCLE('',#9644,0.75);
#9644 = AXIS2_PLACEMENT_2D('',#9645,#9646);
#9645 = CARTESIAN_POINT('',(-1.5,5.299954654104));
#9646 = DIRECTION('',(1.,0.));
#9647 = ( GEOMETRIC_REPRESENTATION_CONTEXT(2) 
PARAMETRIC_REPRESENTATION_CONTEXT() REPRESENTATION_CONTEXT('2D SPACE',''
  ) );
#9648 = PCURVE('',#9569,#9649);
#9649 = DEFINITIONAL_REPRESENTATION('',(#9650),#9654);
#9650 = LINE('',#9651,#9652);
#9651 = CARTESIAN_POINT('',(9.424777960769,3.));
#9652 = VECTOR('',#9653,1.);
#9653 = DIRECTION('',(-1.,0.));
#9654 = ( GEOMETRIC_REPRESENTATION_CONTEXT(2) 
PARAMETRIC_REPRESENTATION_CONTEXT() REPRESENTATION_CONTEXT('2D SPACE',''
  ) );
#9655 = ORIENTED_EDGE('',*,*,#9581,.F.);
#9656 = ADVANCED_FACE('',(#9657),#9541,.T.);
#9657 = FACE_BOUND('',#9658,.T.);
#9658 = EDGE_LOOP('',(#9659,#9681));
#9659 = ORIENTED_EDGE('',*,*,#9660,.T.);
#9660 = EDGE_CURVE('',#9520,#9518,#9661,.T.);
#9661 = SURFACE_CURVE('',#9662,(#9667,#9674),.PCURVE_S1.);
#9662 = CIRCLE('',#9663,0.75);
#9663 = AXIS2_PLACEMENT_3D('',#9664,#9665,#9666);
#9664 = CARTESIAN_POINT('',(-28.5,5.299954654104,-1.5));
#9665 = DIRECTION('',(-1.,0.,0.));
#9666 = DIRECTION('',(0.,0.,1.));
#9667 = PCURVE('',#9541,#9668);
#9668 = DEFINITIONAL_REPRESENTATION('',(#9669),#9673);
#9669 = CIRCLE('',#9670,0.75);
#9670 = AXIS2_PLACEMENT_2D('',#9671,#9672);
#9671 = CARTESIAN_POINT('',(-1.5,5.299954654104));
#9672 = DIRECTION('',(1.,0.));
#9673 = ( GEOMETRIC_REPRESENTATION_CONTEXT(2) 
PARAMETRIC_REPRESENTATION_CONTEXT() REPRESENTATION_CONTEXT('2D SPACE',''
  ) );
#9674 = PCURVE('',#9569,#9675);
#9675 = DEFINITIONAL_REPRESENTATION('',(#9676),#9680);
#9676 = LINE('',#9677,#9678);
#9677 = CARTESIAN_POINT('',(9.424777960769,0.));
#9678 = VECTOR('',#9679,1.);
#9679 = DIRECTION('',(-1.,0.));
#9680 = ( GEOMETRIC_REPRESENTATION_CONTEXT(2) 
PARAMETRIC_REPRESENTATION_CONTEXT() REPRESENTATION_CONTEXT('2D SPACE',''
  ) );
#9681 = ORIENTED_EDGE('',*,*,#9517,.T.);
#9682 = ADVANCED_FACE('',(#9683),#9569,.T.);
#9683 = FACE_BOUND('',#9684,.T.);
#9684 = EDGE_LOOP('',(#9685,#9686,#9687,#9688));
#9685 = ORIENTED_EDGE('',*,*,#9553,.F.);
#9686 = ORIENTED_EDGE('',*,*,#9660,.F.);
#9687 = ORIENTED_EDGE('',*,*,#9610,.T.);
#9688 = ORIENTED_EDGE('',*,*,#9634,.T.);
#9689 = MANIFOLD_SOLID_BREP('',#9690);
#9690 = CLOSED_SHELL('',(#9691,#9808,#9834,#9860));
#9691 = ADVANCED_FACE('',(#9692),#9707,.T.);
#9692 = FACE_BOUND('',#9693,.T.);
#9693 = EDGE_LOOP('',(#9694,#9730,#9758,#9787));
#9694 = ORIENTED_EDGE('',*,*,#9695,.F.);
#9695 = EDGE_CURVE('',#9696,#9698,#9700,.T.);
#9696 = VERTEX_POINT('',#9697);
#9697 = CARTESIAN_POINT('',(-28.5,5.299954654104,0.75));
#9698 = VERTEX_POINT('',#9699);
#9699 = CARTESIAN_POINT('',(-28.5,5.299954654104,-0.75));
#9700 = SURFACE_CURVE('',#9701,(#9706,#9718),.PCURVE_S1.);
#9701 = CIRCLE('',#9702,0.75);
#9702 = AXIS2_PLACEMENT_3D('',#9703,#9704,#9705);
#9703 = CARTESIAN_POINT('',(-28.5,5.299954654104,0.));
#9704 = DIRECTION('',(-1.,0.,0.));
#9705 = DIRECTION('',(0.,0.,1.));
#9706 = PCURVE('',#9707,#9712);
#9707 = CYLINDRICAL_SURFACE('',#9708,0.75);
#9708 = AXIS2_PLACEMENT_3D('',#9709,#9710,#9711);
#9709 = CARTESIAN_POINT('',(-28.5,5.299954654104,0.));
#9710 = DIRECTION('',(1.,0.,0.));
#9711 = DIRECTION('',(0.,0.,-1.));
#9712 = DEFINITIONAL_REPRESENTATION('',(#9713),#9717);
#9713 = LINE('',#9714,#9715);
#9714 = CARTESIAN_POINT('',(3.14159265359,0.));
#9715 = VECTOR('',#9716,1.);
#9716 = DIRECTION('',(-1.,0.));
#9717 = ( GEOMETRIC_REPRESENTATION_CONTEXT(2) 
PARAMETRIC_REPRESENTATION_CONTEXT() REPRESENTATION_CONTEXT('2D SPACE',''
  ) );
#9718 = PCURVE('',#9719,#9724);
#9719 = PLANE('',#9720);
#9720 = AXIS2_PLACEMENT_3D('',#9721,#9722,#9723);
#9721 = CARTESIAN_POINT('',(-28.5,0.,0.));
#9722 = DIRECTION('',(-1.,0.,0.));
#9723 = DIRECTION('',(0.,0.,1.));
#9724 = DEFINITIONAL_REPRESENTATION('',(#9725),#9729);
#9725 = CIRCLE('',#9726,0.75);
#9726 = AXIS2_PLACEMENT_2D('',#9727,#9728);
#9727 = CARTESIAN_POINT('',(0.,5.299954654104));
#9728 = DIRECTION('',(1.,0.));
#9729 = ( GEOMETRIC_REPRESENTATION_CONTEXT(2) 
PARAMETRIC_REPRESENTATION_CONTEXT() REPRESENTATION_CONTEXT('2D SPACE',''
  ) );
#9730 = ORIENTED_EDGE('',*,*,#9731,.T.);
#9731 = EDGE_CURVE('',#9696,#9732,#9734,.T.);
#9732 = VERTEX_POINT('',#9733);
#9733 = CARTESIAN_POINT('',(-25.5,5.299954654104,0.75));
#9734 = SURFACE_CURVE('',#9735,(#9739,#9746),.PCURVE_S1.);
#9735 = LINE('',#9736,#9737);
#9736 = CARTESIAN_POINT('',(-28.5,5.299954654104,0.75));
#9737 = VECTOR('',#9738,1.);
#9738 = DIRECTION('',(1.,0.,0.));
#9739 = PCURVE('',#9707,#9740);
#9740 = DEFINITIONAL_REPRESENTATION('',(#9741),#9745);
#9741 = LINE('',#9742,#9743);
#9742 = CARTESIAN_POINT('',(3.14159265359,0.));
#9743 = VECTOR('',#9744,1.);
#9744 = DIRECTION('',(0.,1.));
#9745 = ( GEOMETRIC_REPRESENTATION_CONTEXT(2) 
PARAMETRIC_REPRESENTATION_CONTEXT() REPRESENTATION_CONTEXT('2D SPACE',''
  ) );
#9746 = PCURVE('',#9747,#9752);
#9747 = CYLINDRICAL_SURFACE('',#9748,0.75);
#9748 = AXIS2_PLACEMENT_3D('',#9749,#9750,#9751);
#9749 = CARTESIAN_POINT('',(-28.5,5.299954654104,0.));
#9750 = DIRECTION('',(1.,0.,0.));
#9751 = DIRECTION('',(0.,0.,-1.));
#9752 = DEFINITIONAL_REPRESENTATION('',(#9753),#9757);
#9753 = LINE('',#9754,#9755);
#9754 = CARTESIAN_POINT('',(3.14159265359,0.));
#9755 = VECTOR('',#9756,1.);
#9756 = DIRECTION('',(0.,1.));
#9757 = ( GEOMETRIC_REPRESENTATION_CONTEXT(2) 
PARAMETRIC_REPRESENTATION_CONTEXT() REPRESENTATION_CONTEXT('2D SPACE',''
  ) );
#9758 = ORIENTED_EDGE('',*,*,#9759,.T.);
#9759 = EDGE_CURVE('',#9732,#9760,#9762,.T.);
#9760 = VERTEX_POINT('',#9761);
#9761 = CARTESIAN_POINT('',(-25.5,5.299954654104,-0.75));
#9762 = SURFACE_CURVE('',#9763,(#9768,#9775),.PCURVE_S1.);
#9763 = CIRCLE('',#9764,0.75);
#9764 = AXIS2_PLACEMENT_3D('',#9765,#9766,#9767);
#9765 = CARTESIAN_POINT('',(-25.5,5.299954654104,0.));
#9766 = DIRECTION('',(-1.,0.,0.));
#9767 = DIRECTION('',(0.,0.,1.));
#9768 = PCURVE('',#9707,#9769);
#9769 = DEFINITIONAL_REPRESENTATION('',(#9770),#9774);
#9770 = LINE('',#9771,#9772);
#9771 = CARTESIAN_POINT('',(3.14159265359,3.));
#9772 = VECTOR('',#9773,1.);
#9773 = DIRECTION('',(-1.,0.));
#9774 = ( GEOMETRIC_REPRESENTATION_CONTEXT(2) 
PARAMETRIC_REPRESENTATION_CONTEXT() REPRESENTATION_CONTEXT('2D SPACE',''
  ) );
#9775 = PCURVE('',#9776,#9781);
#9776 = PLANE('',#9777);
#9777 = AXIS2_PLACEMENT_3D('',#9778,#9779,#9780);
#9778 = CARTESIAN_POINT('',(-25.5,0.,0.));
#9779 = DIRECTION('',(-1.,0.,0.));
#9780 = DIRECTION('',(0.,0.,1.));
#9781 = DEFINITIONAL_REPRESENTATION('',(#9782),#9786);
#9782 = CIRCLE('',#9783,0.75);
#9783 = AXIS2_PLACEMENT_2D('',#9784,#9785);
#9784 = CARTESIAN_POINT('',(0.,5.299954654104));
#9785 = DIRECTION('',(1.,0.));
#9786 = ( GEOMETRIC_REPRESENTATION_CONTEXT(2) 
PARAMETRIC_REPRESENTATION_CONTEXT() REPRESENTATION_CONTEXT('2D SPACE',''
  ) );
#9787 = ORIENTED_EDGE('',*,*,#9788,.F.);
#9788 = EDGE_CURVE('',#9698,#9760,#9789,.T.);
#9789 = SURFACE_CURVE('',#9790,(#9794,#9801),.PCURVE_S1.);
#9790 = LINE('',#9791,#9792);
#9791 = CARTESIAN_POINT('',(-28.5,5.299954654104,-0.75));
#9792 = VECTOR('',#9793,1.);
#9793 = DIRECTION('',(1.,0.,0.));
#9794 = PCURVE('',#9707,#9795);
#9795 = DEFINITIONAL_REPRESENTATION('',(#9796),#9800);
#9796 = LINE('',#9797,#9798);
#9797 = CARTESIAN_POINT('',(0.,0.));
#9798 = VECTOR('',#9799,1.);
#9799 = DIRECTION('',(0.,1.));
#9800 = ( GEOMETRIC_REPRESENTATION_CONTEXT(2) 
PARAMETRIC_REPRESENTATION_CONTEXT() REPRESENTATION_CONTEXT('2D SPACE',''
  ) );
#9801 = PCURVE('',#9747,#9802);
#9802 = DEFINITIONAL_REPRESENTATION('',(#9803),#9807);
#9803 = LINE('',#9804,#9805);
#9804 = CARTESIAN_POINT('',(6.28318530718,0.));
#9805 = VECTOR('',#9806,1.);
#9806 = DIRECTION('',(0.,1.));
#9807 = ( GEOMETRIC_REPRESENTATION_CONTEXT(2) 
PARAMETRIC_REPRESENTATION_CONTEXT() REPRESENTATION_CONTEXT('2D SPACE',''
  ) );
#9808 = ADVANCED_FACE('',(#9809),#9776,.F.);
#9809 = FACE_BOUND('',#9810,.T.);
#9810 = EDGE_LOOP('',(#9811,#9833));
#9811 = ORIENTED_EDGE('',*,*,#9812,.F.);
#9812 = EDGE_CURVE('',#9760,#9732,#9813,.T.);
#9813 = SURFACE_CURVE('',#9814,(#9819,#9826),.PCURVE_S1.);
#9814 = CIRCLE('',#9815,0.75);
#9815 = AXIS2_PLACEMENT_3D('',#9816,#9817,#9818);
#9816 = CARTESIAN_POINT('',(-25.5,5.299954654104,0.));
#9817 = DIRECTION('',(-1.,0.,0.));
#9818 = DIRECTION('',(0.,0.,1.));
#9819 = PCURVE('',#9776,#9820);
#9820 = DEFINITIONAL_REPRESENTATION('',(#9821),#9825);
#9821 = CIRCLE('',#9822,0.75);
#9822 = AXIS2_PLACEMENT_2D('',#9823,#9824);
#9823 = CARTESIAN_POINT('',(0.,5.299954654104));
#9824 = DIRECTION('',(1.,0.));
#9825 = ( GEOMETRIC_REPRESENTATION_CONTEXT(2) 
PARAMETRIC_REPRESENTATION_CONTEXT() REPRESENTATION_CONTEXT('2D SPACE',''
  ) );
#9826 = PCURVE('',#9747,#9827);
#9827 = DEFINITIONAL_REPRESENTATION('',(#9828),#9832);
#9828 = LINE('',#9829,#9830);
#9829 = CARTESIAN_POINT('',(9.424777960769,3.));
#9830 = VECTOR('',#9831,1.);
#9831 = DIRECTION('',(-1.,0.));
#9832 = ( GEOMETRIC_REPRESENTATION_CONTEXT(2) 
PARAMETRIC_REPRESENTATION_CONTEXT() REPRESENTATION_CONTEXT('2D SPACE',''
  ) );
#9833 = ORIENTED_EDGE('',*,*,#9759,.F.);
#9834 = ADVANCED_FACE('',(#9835),#9719,.T.);
#9835 = FACE_BOUND('',#9836,.T.);
#9836 = EDGE_LOOP('',(#9837,#9859));
#9837 = ORIENTED_EDGE('',*,*,#9838,.T.);
#9838 = EDGE_CURVE('',#9698,#9696,#9839,.T.);
#9839 = SURFACE_CURVE('',#9840,(#9845,#9852),.PCURVE_S1.);
#9840 = CIRCLE('',#9841,0.75);
#9841 = AXIS2_PLACEMENT_3D('',#9842,#9843,#9844);
#9842 = CARTESIAN_POINT('',(-28.5,5.299954654104,0.));
#9843 = DIRECTION('',(-1.,0.,0.));
#9844 = DIRECTION('',(0.,0.,1.));
#9845 = PCURVE('',#9719,#9846);
#9846 = DEFINITIONAL_REPRESENTATION('',(#9847),#9851);
#9847 = CIRCLE('',#9848,0.75);
#9848 = AXIS2_PLACEMENT_2D('',#9849,#9850);
#9849 = CARTESIAN_POINT('',(0.,5.299954654104));
#9850 = DIRECTION('',(1.,0.));
#9851 = ( GEOMETRIC_REPRESENTATION_CONTEXT(2) 
PARAMETRIC_REPRESENTATION_CONTEXT() REPRESENTATION_CONTEXT('2D SPACE',''
  ) );
#9852 = PCURVE('',#9747,#9853);
#9853 = DEFINITIONAL_REPRESENTATION('',(#9854),#9858);
#9854 = LINE('',#9855,#9856);
#9855 = CARTESIAN_POINT('',(9.424777960769,0.));
#9856 = VECTOR('',#9857,1.);
#9857 = DIRECTION('',(-1.,0.));
#9858 = ( GEOMETRIC_REPRESENTATION_CONTEXT(2) 
PARAMETRIC_REPRESENTATION_CONTEXT() REPRESENTATION_CONTEXT('2D SPACE',''
  ) );
#9859 = ORIENTED_EDGE('',*,*,#9695,.T.);
#9860 = ADVANCED_FACE('',(#9861),#9747,.T.);
#9861 = FACE_BOUND('',#9862,.T.);
#9862 = EDGE_LOOP('',(#9863,#9864,#9865,#9866));
#9863 = ORIENTED_EDGE('',*,*,#9731,.F.);
#9864 = ORIENTED_EDGE('',*,*,#9838,.F.);
#9865 = ORIENTED_EDGE('',*,*,#9788,.T.);
#9866 = ORIENTED_EDGE('',*,*,#9812,.T.);
#9867 = MANIFOLD_SOLID_BREP('',#9868);
#9868 = CLOSED_SHELL('',(#9869,#9986,#10012,#10038));
#9869 = ADVANCED_FACE('',(#9870),#9885,.T.);
#9870 = FACE_BOUND('',#9871,.T.);
#9871 = EDGE_LOOP('',(#9872,#9908,#9936,#9965));
#9872 = ORIENTED_EDGE('',*,*,#9873,.F.);
#9873 = EDGE_CURVE('',#9874,#9876,#9878,.T.);
#9874 = VERTEX_POINT('',#9875);
#9875 = CARTESIAN_POINT('',(-28.5,5.299954654104,2.25));
#9876 = VERTEX_POINT('',#9877);
#9877 = CARTESIAN_POINT('',(-28.5,5.299954654104,0.75));
#9878 = SURFACE_CURVE('',#9879,(#9884,#9896),.PCURVE_S1.);
#9879 = CIRCLE('',#9880,0.75);
#9880 = AXIS2_PLACEMENT_3D('',#9881,#9882,#9883);
#9881 = CARTESIAN_POINT('',(-28.5,5.299954654104,1.5));
#9882 = DIRECTION('',(-1.,0.,0.));
#9883 = DIRECTION('',(0.,0.,1.));
#9884 = PCURVE('',#9885,#9890);
#9885 = CYLINDRICAL_SURFACE('',#9886,0.75);
#9886 = AXIS2_PLACEMENT_3D('',#9887,#9888,#9889);
#9887 = CARTESIAN_POINT('',(-28.5,5.299954654104,1.5));
#9888 = DIRECTION('',(1.,0.,0.));
#9889 = DIRECTION('',(0.,0.,-1.));
#9890 = DEFINITIONAL_REPRESENTATION('',(#9891),#9895);
#9891 = LINE('',#9892,#9893);
#9892 = CARTESIAN_POINT('',(3.14159265359,0.));
#9893 = VECTOR('',#9894,1.);
#9894 = DIRECTION('',(-1.,0.));
#9895 = ( GEOMETRIC_REPRESENTATION_CONTEXT(2) 
PARAMETRIC_REPRESENTATION_CONTEXT() REPRESENTATION_CONTEXT('2D SPACE',''
  ) );
#9896 = PCURVE('',#9897,#9902);
#9897 = PLANE('',#9898);
#9898 = AXIS2_PLACEMENT_3D('',#9899,#9900,#9901);
#9899 = CARTESIAN_POINT('',(-28.5,0.,0.));
#9900 = DIRECTION('',(-1.,0.,0.));
#9901 = DIRECTION('',(0.,0.,1.));
#9902 = DEFINITIONAL_REPRESENTATION('',(#9903),#9907);
#9903 = CIRCLE('',#9904,0.75);
#9904 = AXIS2_PLACEMENT_2D('',#9905,#9906);
#9905 = CARTESIAN_POINT('',(1.5,5.299954654104));
#9906 = DIRECTION('',(1.,0.));
#9907 = ( GEOMETRIC_REPRESENTATION_CONTEXT(2) 
PARAMETRIC_REPRESENTATION_CONTEXT() REPRESENTATION_CONTEXT('2D SPACE',''
  ) );
#9908 = ORIENTED_EDGE('',*,*,#9909,.T.);
#9909 = EDGE_CURVE('',#9874,#9910,#9912,.T.);
#9910 = VERTEX_POINT('',#9911);
#9911 = CARTESIAN_POINT('',(-25.5,5.299954654104,2.25));
#9912 = SURFACE_CURVE('',#9913,(#9917,#9924),.PCURVE_S1.);
#9913 = LINE('',#9914,#9915);
#9914 = CARTESIAN_POINT('',(-28.5,5.299954654104,2.25));
#9915 = VECTOR('',#9916,1.);
#9916 = DIRECTION('',(1.,0.,0.));
#9917 = PCURVE('',#9885,#9918);
#9918 = DEFINITIONAL_REPRESENTATION('',(#9919),#9923);
#9919 = LINE('',#9920,#9921);
#9920 = CARTESIAN_POINT('',(3.14159265359,0.));
#9921 = VECTOR('',#9922,1.);
#9922 = DIRECTION('',(0.,1.));
#9923 = ( GEOMETRIC_REPRESENTATION_CONTEXT(2) 
PARAMETRIC_REPRESENTATION_CONTEXT() REPRESENTATION_CONTEXT('2D SPACE',''
  ) );
#9924 = PCURVE('',#9925,#9930);
#9925 = CYLINDRICAL_SURFACE('',#9926,0.75);
#9926 = AXIS2_PLACEMENT_3D('',#9927,#9928,#9929);
#9927 = CARTESIAN_POINT('',(-28.5,5.299954654104,1.5));
#9928 = DIRECTION('',(1.,0.,0.));
#9929 = DIRECTION('',(0.,0.,-1.));
#9930 = DEFINITIONAL_REPRESENTATION('',(#9931),#9935);
#9931 = LINE('',#9932,#9933);
#9932 = CARTESIAN_POINT('',(3.14159265359,0.));
#9933 = VECTOR('',#9934,1.);
#9934 = DIRECTION('',(0.,1.));
#9935 = ( GEOMETRIC_REPRESENTATION_CONTEXT(2) 
PARAMETRIC_REPRESENTATION_CONTEXT() REPRESENTATION_CONTEXT('2D SPACE',''
  ) );
#9936 = ORIENTED_EDGE('',*,*,#9937,.T.);
#9937 = EDGE_CURVE('',#9910,#9938,#9940,.T.);
#9938 = VERTEX_POINT('',#9939);
#9939 = CARTESIAN_POINT('',(-25.5,5.299954654104,0.75));
#9940 = SURFACE_CURVE('',#9941,(#9946,#9953),.PCURVE_S1.);
#9941 = CIRCLE('',#9942,0.75);
#9942 = AXIS2_PLACEMENT_3D('',#9943,#9944,#9945);
#9943 = CARTESIAN_POINT('',(-25.5,5.299954654104,1.5));
#9944 = DIRECTION('',(-1.,0.,0.));
#9945 = DIRECTION('',(0.,0.,1.));
#9946 = PCURVE('',#9885,#9947);
#9947 = DEFINITIONAL_REPRESENTATION('',(#9948),#9952);
#9948 = LINE('',#9949,#9950);
#9949 = CARTESIAN_POINT('',(3.14159265359,3.));
#9950 = VECTOR('',#9951,1.);
#9951 = DIRECTION('',(-1.,0.));
#9952 = ( GEOMETRIC_REPRESENTATION_CONTEXT(2) 
PARAMETRIC_REPRESENTATION_CONTEXT() REPRESENTATION_CONTEXT('2D SPACE',''
  ) );
#9953 = PCURVE('',#9954,#9959);
#9954 = PLANE('',#9955);
#9955 = AXIS2_PLACEMENT_3D('',#9956,#9957,#9958);
#9956 = CARTESIAN_POINT('',(-25.5,0.,0.));
#9957 = DIRECTION('',(-1.,0.,0.));
#9958 = DIRECTION('',(0.,0.,1.));
#9959 = DEFINITIONAL_REPRESENTATION('',(#9960),#9964);
#9960 = CIRCLE('',#9961,0.75);
#9961 = AXIS2_PLACEMENT_2D('',#9962,#9963);
#9962 = CARTESIAN_POINT('',(1.5,5.299954654104));
#9963 = DIRECTION('',(1.,0.));
#9964 = ( GEOMETRIC_REPRESENTATION_CONTEXT(2) 
PARAMETRIC_REPRESENTATION_CONTEXT() REPRESENTATION_CONTEXT('2D SPACE',''
  ) );
#9965 = ORIENTED_EDGE('',*,*,#9966,.F.);
#9966 = EDGE_CURVE('',#9876,#9938,#9967,.T.);
#9967 = SURFACE_CURVE('',#9968,(#9972,#9979),.PCURVE_S1.);
#9968 = LINE('',#9969,#9970);
#9969 = CARTESIAN_POINT('',(-28.5,5.299954654104,0.75));
#9970 = VECTOR('',#9971,1.);
#9971 = DIRECTION('',(1.,0.,0.));
#9972 = PCURVE('',#9885,#9973);
#9973 = DEFINITIONAL_REPRESENTATION('',(#9974),#9978);
#9974 = LINE('',#9975,#9976);
#9975 = CARTESIAN_POINT('',(0.,0.));
#9976 = VECTOR('',#9977,1.);
#9977 = DIRECTION('',(0.,1.));
#9978 = ( GEOMETRIC_REPRESENTATION_CONTEXT(2) 
PARAMETRIC_REPRESENTATION_CONTEXT() REPRESENTATION_CONTEXT('2D SPACE',''
  ) );
#9979 = PCURVE('',#9925,#9980);
#9980 = DEFINITIONAL_REPRESENTATION('',(#9981),#9985);
#9981 = LINE('',#9982,#9983);
#9982 = CARTESIAN_POINT('',(6.28318530718,0.));
#9983 = VECTOR('',#9984,1.);
#9984 = DIRECTION('',(0.,1.));
#9985 = ( GEOMETRIC_REPRESENTATION_CONTEXT(2) 
PARAMETRIC_REPRESENTATION_CONTEXT() REPRESENTATION_CONTEXT('2D SPACE',''
  ) );
#9986 = ADVANCED_FACE('',(#9987),#9954,.F.);
#9987 = FACE_BOUND('',#9988,.T.);
#9988 = EDGE_LOOP('',(#9989,#10011));
#9989 = ORIENTED_EDGE('',*,*,#9990,.F.);
#9990 = EDGE_CURVE('',#9938,#9910,#9991,.T.);
#9991 = SURFACE_CURVE('',#9992,(#9997,#10004),.PCURVE_S1.);
#9992 = CIRCLE('',#9993,0.75);
#9993 = AXIS2_PLACEMENT_3D('',#9994,#9995,#9996);
#9994 = CARTESIAN_POINT('',(-25.5,5.299954654104,1.5));
#9995 = DIRECTION('',(-1.,0.,0.));
#9996 = DIRECTION('',(0.,0.,1.));
#9997 = PCURVE('',#9954,#9998);
#9998 = DEFINITIONAL_REPRESENTATION('',(#9999),#10003);
#9999 = CIRCLE('',#10000,0.75);
#10000 = AXIS2_PLACEMENT_2D('',#10001,#10002);
#10001 = CARTESIAN_POINT('',(1.5,5.299954654104));
#10002 = DIRECTION('',(1.,0.));
#10003 = ( GEOMETRIC_REPRESENTATION_CONTEXT(2) 
PARAMETRIC_REPRESENTATION_CONTEXT() REPRESENTATION_CONTEXT('2D SPACE',''
  ) );
#10004 = PCURVE('',#9925,#10005);
#10005 = DEFINITIONAL_REPRESENTATION('',(#10006),#10010);
#10006 = LINE('',#10007,#10008);
#10007 = CARTESIAN_POINT('',(9.424777960769,3.));
#10008 = VECTOR('',#10009,1.);
#10009 = DIRECTION('',(-1.,0.));
#10010 = ( GEOMETRIC_REPRESENTATION_CONTEXT(2) 
PARAMETRIC_REPRESENTATION_CONTEXT() REPRESENTATION_CONTEXT('2D SPACE',''
  ) );
#10011 = ORIENTED_EDGE('',*,*,#9937,.F.);
#10012 = ADVANCED_FACE('',(#10013),#9897,.T.);
#10013 = FACE_BOUND('',#10014,.T.);
#10014 = EDGE_LOOP('',(#10015,#10037));
#10015 = ORIENTED_EDGE('',*,*,#10016,.T.);
#10016 = EDGE_CURVE('',#9876,#9874,#10017,.T.);
#10017 = SURFACE_CURVE('',#10018,(#10023,#10030),.PCURVE_S1.);
#10018 = CIRCLE('',#10019,0.75);
#10019 = AXIS2_PLACEMENT_3D('',#10020,#10021,#10022);
#10020 = CARTESIAN_POINT('',(-28.5,5.299954654104,1.5));
#10021 = DIRECTION('',(-1.,0.,0.));
#10022 = DIRECTION('',(0.,0.,1.));
#10023 = PCURVE('',#9897,#10024);
#10024 = DEFINITIONAL_REPRESENTATION('',(#10025),#10029);
#10025 = CIRCLE('',#10026,0.75);
#10026 = AXIS2_PLACEMENT_2D('',#10027,#10028);
#10027 = CARTESIAN_POINT('',(1.5,5.299954654104));
#10028 = DIRECTION('',(1.,0.));
#10029 = ( GEOMETRIC_REPRESENTATION_CONTEXT(2) 
PARAMETRIC_REPRESENTATION_CONTEXT() REPRESENTATION_CONTEXT('2D SPACE',''
  ) );
#10030 = PCURVE('',#9925,#10031);
#10031 = DEFINITIONAL_REPRESENTATION('',(#10032),#10036);
#10032 = LINE('',#10033,#10034);
#10033 = CARTESIAN_POINT('',(9.424777960769,0.));
#10034 = VECTOR('',#10035,1.);
#10035 = DIRECTION('',(-1.,0.));
#10036 = ( GEOMETRIC_REPRESENTATION_CONTEXT(2) 
PARAMETRIC_REPRESENTATION_CONTEXT() REPRESENTATION_CONTEXT('2D SPACE',''
  ) );
#10037 = ORIENTED_EDGE('',*,*,#9873,.T.);
#10038 = ADVANCED_FACE('',(#10039),#9925,.T.);
#10039 = FACE_BOUND('',#10040,.T.);
#10040 = EDGE_LOOP('',(#10041,#10042,#10043,#10044));
#10041 = ORIENTED_EDGE('',*,*,#9909,.F.);
#10042 = ORIENTED_EDGE('',*,*,#10016,.F.);
#10043 = ORIENTED_EDGE('',*,*,#9966,.T.);
#10044 = ORIENTED_EDGE('',*,*,#9990,.T.);
#10045 = ( GEOMETRIC_REPRESENTATION_CONTEXT(3) 
GLOBAL_UNCERTAINTY_ASSIGNED_CONTEXT((#10049)) 
GLOBAL_UNIT_ASSIGNED_CONTEXT((#10046,#10047,#10048)) 
REPRESENTATION_CONTEXT('Context #1',
  '3D Context with UNIT and UNCERTAINTY') );
#10046 = ( LENGTH_UNIT() NAMED_UNIT(*) SI_UNIT(.MILLI.,.METRE.) );
#10047 = ( NAMED_UNIT(*) PLANE_ANGLE_UNIT() SI_UNIT($,.RADIAN.) );
#10048 = ( NAMED_UNIT(*) SI_UNIT($,.STERADIAN.) SOLID_ANGLE_UNIT() );
#10049 = UNCERTAINTY_MEASURE_WITH_UNIT(LENGTH_MEASURE(1.E-05),#10046,
  'distance_accuracy_value','confusion accuracy');
#10050 = PRODUCT_RELATED_PRODUCT_CATEGORY('part',$,(#7));

#10051=DESCRIPTIVE_REPRESENTATION_ITEM('cadgen:generator','cadgen');
#10052=REPRESENTATION('cadgen:generator',(#10051),#10045);
#10053=PROPERTY_DEFINITION('cadgen metadata','cadgen:generator',#5);
#10054=PROPERTY_DEFINITION_REPRESENTATION(#10053,#10052);
#10055=DESCRIPTIVE_REPRESENTATION_ITEM('cadgen:entryKind','assembly');
#10056=REPRESENTATION('cadgen:entryKind',(#10055),#10045);
#10057=PROPERTY_DEFINITION('cadgen metadata','cadgen:entryKind',#5);
#10058=PROPERTY_DEFINITION_REPRESENTATION(#10057,#10056);
#10059=DESCRIPTIVE_REPRESENTATION_ITEM('cadgen:sourcePath','mg996r_servo.py');
#10060=REPRESENTATION('cadgen:sourcePath',(#10059),#10045);
#10061=PROPERTY_DEFINITION('cadgen metadata','cadgen:sourcePath',#5);
#10062=PROPERTY_DEFINITION_REPRESENTATION(#10061,#10060);
#10063=DESCRIPTIVE_REPRESENTATION_ITEM('cadgen:sourceHash','841b47322dcf5b02bfe7c06cd0102c3130efb220a8a924f963772e11e889409e');
#10064=REPRESENTATION('cadgen:sourceHash',(#10063),#10045);
#10065=PROPERTY_DEFINITION('cadgen metadata','cadgen:sourceHash',#5);
#10066=PROPERTY_DEFINITION_REPRESENTATION(#10065,#10064);
ENDSEC;
END-ISO-10303-21;
